date,expiry,strike,opt_type,oi,chg_oi,volume,close
2026-06-05,2026-06-30,1440.0,CE,4275,0,0,380.0
2026-06-05,2026-06-30,1440.0,PE,34200,-1900,14,1.2
2026-06-05,2026-06-30,1480.0,CE,475,0,0,325.0
2026-06-05,2026-06-30,1480.0,PE,56050,-11875,99,1.5
2026-06-05,2026-06-30,1500.0,PE,112575,-2375,93,1.65
2026-06-05,2026-06-30,1520.0,CE,5225,0,0,296.0
2026-06-05,2026-06-30,1520.0,PE,9975,-2850,13,1.85
2026-06-05,2026-06-30,1540.0,CE,4750,0,0,279.75
2026-06-05,2026-06-30,1540.0,PE,26125,0,6,2.0
2026-06-05,2026-06-30,1560.0,CE,3325,0,0,275.1
2026-06-05,2026-06-30,1560.0,PE,47025,0,0,2.4
2026-06-05,2026-06-30,1580.0,CE,3800,0,0,225.0
2026-06-05,2026-06-30,1580.0,PE,14725,475,5,2.25
2026-06-05,2026-06-30,1600.0,CE,160550,0,0,211.3
2026-06-05,2026-06-30,1600.0,PE,276450,8075,178,3.3
2026-06-05,2026-06-30,1620.0,CE,6650,0,0,194.0
2026-06-05,2026-06-30,1620.0,PE,39900,4275,23,3.95
2026-06-05,2026-06-30,1640.0,CE,36575,0,0,161.6
2026-06-05,2026-06-30,1640.0,PE,141075,-6650,73,4.9
2026-06-05,2026-06-30,1660.0,CE,23275,0,0,166.05
2026-06-05,2026-06-30,1660.0,PE,92150,23750,154,6.0
2026-06-05,2026-06-30,1680.0,CE,16625,0,0,148.05
2026-06-05,2026-06-30,1680.0,PE,115900,30875,238,7.7
2026-06-05,2026-06-30,1700.0,CE,345800,0,95,138.0
2026-06-05,2026-06-30,1700.0,PE,478325,67450,1304,9.9
2026-06-05,2026-06-30,1720.0,CE,6175,-475,2,115.5
2026-06-05,2026-06-30,1720.0,PE,94525,7125,456,12.9
2026-06-05,2026-06-30,1740.0,CE,42275,1425,20,104.7
2026-06-05,2026-06-30,1740.0,PE,200450,19475,804,16.7
2026-06-05,2026-06-30,1760.0,CE,147725,-8075,116,88.6
2026-06-05,2026-06-30,1760.0,PE,222300,6650,1301,21.4
2026-06-05,2026-06-30,1780.0,CE,135375,-10450,355,75.95
2026-06-05,2026-06-30,1780.0,PE,378575,95950,1114,27.7
2026-06-05,2026-06-30,1800.0,CE,934325,-114000,5333,63.55
2026-06-05,2026-06-30,1800.0,PE,579975,-29925,2990,35.1
2026-06-05,2026-06-30,1820.0,CE,497325,-92150,3646,52.6
2026-06-05,2026-06-30,1820.0,PE,204250,-3325,1156,43.8
2026-06-05,2026-06-30,1840.0,CE,606575,-118750,2705,42.85
2026-06-05,2026-06-30,1840.0,PE,233225,21850,481,53.65
2026-06-05,2026-06-30,1860.0,CE,293550,-80275,1948,34.55
2026-06-05,2026-06-30,1860.0,PE,65075,6175,74,65.45
2026-06-05,2026-06-30,1880.0,CE,164350,-7125,858,27.6
2026-06-05,2026-06-30,1880.0,PE,17100,4750,41,78.65
2026-06-05,2026-06-30,1900.0,CE,1299600,-43225,3461,21.9
2026-06-05,2026-06-30,1900.0,PE,73625,950,67,92.6
2026-06-05,2026-06-30,1920.0,CE,181925,12825,767,17.15
2026-06-05,2026-06-30,1920.0,PE,4275,0,0,123.0
2026-06-05,2026-06-30,1940.0,CE,236550,5225,457,13.55
2026-06-05,2026-06-30,1940.0,PE,0,0,0,309.2
2026-06-05,2026-06-30,1960.0,CE,174325,18525,393,10.6
2026-06-05,2026-06-30,1960.0,PE,0,0,0,364.8
2026-06-05,2026-06-30,1980.0,CE,164350,50350,303,8.3
2026-06-05,2026-06-30,1980.0,PE,1425,0,0,218.0
2026-06-05,2026-06-30,2000.0,CE,500175,37525,689,6.7
2026-06-05,2026-06-30,2000.0,PE,20900,-475,2,175.2
2026-06-05,2026-06-30,2040.0,CE,119225,12825,406,4.3
2026-06-05,2026-06-30,2040.0,PE,0,0,0,396.75
2026-06-05,2026-07-28,1600.0,CE,0,0,0,159.75
2026-06-05,2026-07-28,1600.0,PE,59850,6650,30,9.95
2026-06-05,2026-07-28,1640.0,CE,1900,0,0,192.0
2026-06-05,2026-07-28,1640.0,PE,13775,-475,1,17.3
2026-06-05,2026-07-28,1660.0,CE,0,0,0,216.6
2026-06-05,2026-07-28,1660.0,PE,0,0,0,48.4
2026-06-05,2026-07-28,1680.0,CE,0,0,0,121.4
2026-06-05,2026-07-28,1680.0,PE,0,0,0,139.65
2026-06-05,2026-07-28,1700.0,CE,0,0,0,190.0
2026-06-05,2026-07-28,1700.0,PE,0,0,0,61.4
2026-06-05,2026-07-28,1720.0,CE,0,0,0,105.0
2026-06-05,2026-07-28,1720.0,PE,475,0,0,100.0
2026-06-05,2026-07-28,1740.0,CE,0,0,0,165.65
2026-06-05,2026-07-28,1740.0,PE,0,0,0,76.6
2026-06-05,2026-07-28,1760.0,CE,2850,0,1,112.0
2026-06-05,2026-07-28,1760.0,PE,7600,475,3,40.25
2026-06-05,2026-07-28,1780.0,CE,0,0,0,143.4
2026-06-05,2026-07-28,1780.0,PE,0,0,0,93.95
2026-06-05,2026-07-28,1800.0,CE,82650,2375,29,92.1
2026-06-05,2026-07-28,1800.0,PE,87400,6175,44,54.0
2026-06-05,2026-07-28,1820.0,CE,0,0,0,123.3
2026-06-05,2026-07-28,1820.0,PE,0,0,0,113.45
2026-06-05,2026-07-28,1840.0,CE,3325,475,2,62.8
2026-06-05,2026-07-28,1840.0,PE,0,0,0,242.1
2026-06-05,2026-07-28,1860.0,CE,19475,7125,19,59.0
2026-06-05,2026-07-28,1860.0,PE,0,0,0,135.05
2026-06-05,2026-07-28,1880.0,CE,0,0,0,56.25
2026-06-05,2026-07-28,1880.0,PE,0,0,0,271.7
2026-06-05,2026-07-28,1900.0,CE,0,0,0,89.4
2026-06-05,2026-07-28,1900.0,PE,0,0,0,158.7
2026-06-05,2026-07-28,1920.0,CE,0,0,0,47.65
2026-06-05,2026-07-28,1920.0,PE,0,0,0,302.5
2026-06-05,2026-07-28,1940.0,CE,0,0,0,75.35
2026-06-05,2026-07-28,1940.0,PE,0,0,0,184.25
2026-06-05,2026-07-28,1960.0,CE,0,0,0,40.1
2026-06-05,2026-07-28,1960.0,PE,0,0,0,334.4
2026-06-05,2026-07-28,2000.0,CE,51775,-7125,80,20.15
2026-06-05,2026-07-28,2000.0,PE,1425,0,0,195.0
2026-06-05,2026-07-28,2040.0,CE,9975,0,2,14.0
2026-06-05,2026-07-28,2040.0,PE,0,0,0,381.85
2026-06-05,2026-08-25,1520.0,CE,0,0,0,342.75
2026-06-05,2026-08-25,1520.0,PE,0,0,0,29.1
2026-06-05,2026-08-25,1600.0,CE,0,0,0,282.3
2026-06-05,2026-08-25,1600.0,PE,0,0,0,47.45
2026-06-05,2026-08-25,1680.0,CE,0,0,0,228.25
2026-06-05,2026-08-25,1680.0,PE,0,0,0,72.25
2026-06-05,2026-08-25,1720.0,CE,0,0,0,203.95
2026-06-05,2026-08-25,1720.0,PE,0,0,0,87.35
2026-06-05,2026-08-25,1760.0,CE,0,0,0,181.45
2026-06-05,2026-08-25,1760.0,PE,0,0,0,104.25
2026-06-05,2026-08-25,1800.0,CE,475,0,0,100.0
2026-06-05,2026-08-25,1800.0,PE,950,0,0,80.0
2026-06-05,2026-08-25,1840.0,CE,0,0,0,141.75
2026-06-05,2026-08-25,1840.0,PE,0,0,0,143.4
2026-06-05,2026-08-25,1880.0,CE,0,0,0,124.55
2026-06-05,2026-08-25,1880.0,PE,0,0,0,165.55
2026-06-05,2026-08-25,1920.0,CE,0,0,0,108.95
2026-06-05,2026-08-25,1920.0,PE,0,0,0,189.4
2026-06-05,2026-08-25,1960.0,CE,0,0,0,94.95
2026-06-05,2026-08-25,1960.0,PE,0,0,0,214.8
2026-06-05,2026-08-25,2000.0,CE,0,0,0,82.45
2026-06-05,2026-08-25,2000.0,PE,0,0,0,241.7
2026-06-05,2026-08-25,2080.0,CE,0,0,0,61.55
2026-06-05,2026-08-25,2080.0,PE,0,0,0,299.6
2026-06-08,2026-06-30,1440.0,CE,4275,0,0,380.0
2026-06-08,2026-06-30,1440.0,PE,33250,-950,367,1.2
2026-06-08,2026-06-30,1480.0,CE,475,0,0,325.0
2026-06-08,2026-06-30,1480.0,PE,47975,-8075,290,1.45
2026-06-08,2026-06-30,1500.0,PE,102125,-10450,82,1.6
2026-06-08,2026-06-30,1520.0,CE,5225,0,0,296.0
2026-06-08,2026-06-30,1520.0,PE,9975,0,1,1.85
2026-06-08,2026-06-30,1540.0,CE,4750,0,0,279.75
2026-06-08,2026-06-30,1540.0,PE,26125,0,7,2.0
2026-06-08,2026-06-30,1560.0,CE,3325,0,0,275.1
2026-06-08,2026-06-30,1560.0,PE,46550,-475,1,2.45
2026-06-08,2026-06-30,1580.0,CE,3800,0,0,225.0
2026-06-08,2026-06-30,1580.0,PE,14725,0,0,2.25
2026-06-08,2026-06-30,1600.0,CE,160075,-475,1,232.3
2026-06-08,2026-06-30,1600.0,PE,276925,475,127,4.1
2026-06-08,2026-06-30,1620.0,CE,6650,0,0,194.0
2026-06-08,2026-06-30,1620.0,PE,39900,0,27,5.25
2026-06-08,2026-06-30,1640.0,CE,36575,0,1,195.2
2026-06-08,2026-06-30,1640.0,PE,101175,-39900,213,6.7
2026-06-08,2026-06-30,1660.0,CE,23275,0,0,166.05
2026-06-08,2026-06-30,1660.0,PE,113525,21375,247,8.5
2026-06-08,2026-06-30,1680.0,CE,17100,475,3,125.5
2026-06-08,2026-06-30,1680.0,PE,142975,27075,209,11.2
2026-06-08,2026-06-30,1700.0,CE,345325,-475,67,118.1
2026-06-08,2026-06-30,1700.0,PE,480700,2375,1352,14.3
2026-06-08,2026-06-30,1720.0,CE,6175,0,0,115.5
2026-06-08,2026-06-30,1720.0,PE,101650,7125,409,17.6
2026-06-08,2026-06-30,1740.0,CE,42275,0,13,82.45
2026-06-08,2026-06-30,1740.0,PE,179550,-20900,627,22.95
2026-06-08,2026-06-30,1760.0,CE,118275,-29450,171,72.95
2026-06-08,2026-06-30,1760.0,PE,206150,-16150,760,29.25
2026-06-08,2026-06-30,1780.0,CE,136800,1425,153,59.65
2026-06-08,2026-06-30,1780.0,PE,362900,-15675,653,38.2
2026-06-08,2026-06-30,1800.0,CE,932900,-1425,1800,48.8
2026-06-08,2026-06-30,1800.0,PE,550050,-29925,2329,45.4
2026-06-08,2026-06-30,1820.0,CE,531050,33725,3149,40.0
2026-06-08,2026-06-30,1820.0,PE,212325,8075,1364,55.45
2026-06-08,2026-06-30,1840.0,CE,709175,102600,3122,32.05
2026-06-08,2026-06-30,1840.0,PE,246050,12825,468,69.3
2026-06-08,2026-06-30,1860.0,CE,275025,-18525,1268,25.1
2026-06-08,2026-06-30,1860.0,PE,64600,-475,71,83.45
2026-06-08,2026-06-30,1880.0,CE,159600,-4750,556,19.9
2026-06-08,2026-06-30,1880.0,PE,19475,2375,40,94.65
2026-06-08,2026-06-30,1900.0,CE,1384625,85025,3380,15.35
2026-06-08,2026-06-30,1900.0,PE,73625,0,33,111.25
2026-06-08,2026-06-30,1920.0,CE,186675,4750,544,12.35
2026-06-08,2026-06-30,1920.0,PE,4275,0,0,123.0
2026-06-08,2026-06-30,1940.0,CE,237500,950,358,9.35
2026-06-08,2026-06-30,1940.0,PE,0,0,0,309.2
2026-06-08,2026-06-30,1960.0,CE,168625,-5700,281,7.45
2026-06-08,2026-06-30,1960.0,PE,0,0,0,364.8
2026-06-08,2026-06-30,1980.0,CE,169100,4750,232,5.95
2026-06-08,2026-06-30,1980.0,PE,1425,0,0,218.0
2026-06-08,2026-06-30,2000.0,CE,534375,34200,1009,4.9
2026-06-08,2026-06-30,2000.0,PE,20900,0,1,210.0
2026-06-08,2026-06-30,2040.0,CE,111625,-7600,300,3.05
2026-06-08,2026-06-30,2040.0,PE,0,0,0,396.75
2026-06-08,2026-07-28,1600.0,CE,0,0,0,159.75
2026-06-08,2026-07-28,1600.0,PE,71250,11400,278,13.15
2026-06-08,2026-07-28,1640.0,CE,1900,0,0,192.0
2026-06-08,2026-07-28,1640.0,PE,12825,-950,5,14.1
2026-06-08,2026-07-28,1660.0,CE,1425,1425,3,168.15
2026-06-08,2026-07-28,1660.0,PE,0,0,0,48.4
2026-06-08,2026-07-28,1680.0,CE,950,950,2,176.3
2026-06-08,2026-07-28,1680.0,PE,0,0,0,139.65
2026-06-08,2026-07-28,1700.0,CE,0,0,0,190.0
2026-06-08,2026-07-28,1700.0,PE,0,0,0,61.4
2026-06-08,2026-07-28,1720.0,CE,0,0,0,105.0
2026-06-08,2026-07-28,1720.0,PE,475,0,0,100.0
2026-06-08,2026-07-28,1740.0,CE,0,0,0,165.65
2026-06-08,2026-07-28,1740.0,PE,0,0,0,76.6
2026-06-08,2026-07-28,1760.0,CE,2850,0,0,112.0
2026-06-08,2026-07-28,1760.0,PE,7600,0,2,40.0
2026-06-08,2026-07-28,1780.0,CE,0,0,0,143.4
2026-06-08,2026-07-28,1780.0,PE,0,0,0,93.95
2026-06-08,2026-07-28,1800.0,CE,82175,-475,29,79.0
2026-06-08,2026-07-28,1800.0,PE,91200,3800,21,63.3
2026-06-08,2026-07-28,1820.0,CE,0,0,0,123.3
2026-06-08,2026-07-28,1820.0,PE,0,0,0,113.45
2026-06-08,2026-07-28,1840.0,CE,3325,0,1,62.8
2026-06-08,2026-07-28,1840.0,PE,0,0,0,242.1
2026-06-08,2026-07-28,1860.0,CE,20425,950,5,50.25
2026-06-08,2026-07-28,1860.0,PE,0,0,0,135.05
2026-06-08,2026-07-28,1880.0,CE,0,0,0,56.25
2026-06-08,2026-07-28,1880.0,PE,0,0,0,271.7
2026-06-08,2026-07-28,1900.0,CE,0,0,0,89.4
2026-06-08,2026-07-28,1900.0,PE,0,0,0,158.7
2026-06-08,2026-07-28,1920.0,CE,0,0,0,47.65
2026-06-08,2026-07-28,1920.0,PE,0,0,0,302.5
2026-06-08,2026-07-28,1940.0,CE,0,0,0,75.35
2026-06-08,2026-07-28,1940.0,PE,0,0,0,184.25
2026-06-08,2026-07-28,1960.0,CE,0,0,0,40.1
2026-06-08,2026-07-28,1960.0,PE,0,0,0,334.4
2026-06-08,2026-07-28,2000.0,CE,71725,19950,107,17.25
2026-06-08,2026-07-28,2000.0,PE,1425,0,0,195.0
2026-06-08,2026-07-28,2040.0,CE,9975,0,1,12.2
2026-06-08,2026-07-28,2040.0,PE,0,0,0,381.85
2026-06-08,2026-08-25,1520.0,CE,0,0,0,342.75
2026-06-08,2026-08-25,1520.0,PE,0,0,0,29.1
2026-06-08,2026-08-25,1600.0,CE,0,0,0,282.3
2026-06-08,2026-08-25,1600.0,PE,0,0,0,47.45
2026-06-08,2026-08-25,1680.0,CE,0,0,0,228.25
2026-06-08,2026-08-25,1680.0,PE,0,0,0,72.25
2026-06-08,2026-08-25,1720.0,CE,0,0,0,203.95
2026-06-08,2026-08-25,1720.0,PE,0,0,0,87.35
2026-06-08,2026-08-25,1760.0,CE,0,0,0,181.45
2026-06-08,2026-08-25,1760.0,PE,0,0,0,104.25
2026-06-08,2026-08-25,1800.0,CE,475,0,0,100.0
2026-06-08,2026-08-25,1800.0,PE,950,0,0,80.0
2026-06-08,2026-08-25,1840.0,CE,0,0,0,141.75
2026-06-08,2026-08-25,1840.0,PE,0,0,0,143.4
2026-06-08,2026-08-25,1880.0,CE,0,0,0,124.55
2026-06-08,2026-08-25,1880.0,PE,0,0,0,165.55
2026-06-08,2026-08-25,1920.0,CE,0,0,0,108.95
2026-06-08,2026-08-25,1920.0,PE,0,0,0,189.4
2026-06-08,2026-08-25,1960.0,CE,0,0,0,94.95
2026-06-08,2026-08-25,1960.0,PE,0,0,0,214.8
2026-06-08,2026-08-25,2000.0,CE,0,0,0,82.45
2026-06-08,2026-08-25,2000.0,PE,0,0,0,241.7
2026-06-08,2026-08-25,2080.0,CE,0,0,0,61.55
2026-06-08,2026-08-25,2080.0,PE,0,0,0,299.6
2026-06-09,2026-06-30,1440.0,CE,4275,0,0,380.0
2026-06-09,2026-06-30,1440.0,PE,45125,11875,550,0.95
2026-06-09,2026-06-30,1480.0,CE,475,0,0,325.0
2026-06-09,2026-06-30,1480.0,PE,31825,-16150,1339,1.0
2026-06-09,2026-06-30,1500.0,PE,90725,-11400,62,1.05
2026-06-09,2026-06-30,1520.0,CE,5225,0,0,296.0
2026-06-09,2026-06-30,1520.0,PE,9025,-950,2,1.1
2026-06-09,2026-06-30,1540.0,CE,4750,0,0,279.75
2026-06-09,2026-06-30,1540.0,PE,26125,0,1,1.9
2026-06-09,2026-06-30,1560.0,CE,3325,0,0,275.1
2026-06-09,2026-06-30,1560.0,PE,46075,-475,3,1.7
2026-06-09,2026-06-30,1580.0,CE,3800,0,0,225.0
2026-06-09,2026-06-30,1580.0,PE,13775,-950,19,2.85
2026-06-09,2026-06-30,1600.0,CE,160075,0,0,232.3
2026-06-09,2026-06-30,1600.0,PE,287375,10450,519,2.25
2026-06-09,2026-06-30,1620.0,CE,6650,0,0,194.0
2026-06-09,2026-06-30,1620.0,PE,38475,-1425,18,2.7
2026-06-09,2026-06-30,1640.0,CE,36575,0,0,195.2
2026-06-09,2026-06-30,1640.0,PE,114950,13775,284,3.45
2026-06-09,2026-06-30,1660.0,CE,23275,0,0,166.05
2026-06-09,2026-06-30,1660.0,PE,156275,42750,295,4.45
2026-06-09,2026-06-30,1680.0,CE,17100,0,0,125.5
2026-06-09,2026-06-30,1680.0,PE,112575,-30400,374,6.0
2026-06-09,2026-06-30,1700.0,CE,343900,-1425,26,138.6
2026-06-09,2026-06-30,1700.0,PE,530100,49400,1292,7.75
2026-06-09,2026-06-30,1720.0,CE,8550,2375,24,119.8
2026-06-09,2026-06-30,1720.0,PE,115425,13775,331,10.5
2026-06-09,2026-06-30,1740.0,CE,41800,-475,43,103.2
2026-06-09,2026-06-30,1740.0,PE,161975,-17575,531,13.75
2026-06-09,2026-06-30,1760.0,CE,111625,-6650,92,87.35
2026-06-09,2026-06-30,1760.0,PE,201400,-4750,694,18.05
2026-06-09,2026-06-30,1780.0,CE,150100,13300,250,73.05
2026-06-09,2026-06-30,1780.0,PE,373350,10450,476,23.8
2026-06-09,2026-06-30,1800.0,CE,887300,-45600,3824,59.85
2026-06-09,2026-06-30,1800.0,PE,573800,23750,1641,30.5
2026-06-09,2026-06-30,1820.0,CE,508250,-22800,2121,48.75
2026-06-09,2026-06-30,1820.0,PE,206625,-5700,655,39.45
2026-06-09,2026-06-30,1840.0,CE,712025,2850,2259,38.95
2026-06-09,2026-06-30,1840.0,PE,231800,-14250,293,49.4
2026-06-09,2026-06-30,1860.0,CE,274075,-950,1155,30.85
2026-06-09,2026-06-30,1860.0,PE,64600,0,150,60.8
2026-06-09,2026-06-30,1880.0,CE,305900,146300,1278,23.55
2026-06-09,2026-06-30,1880.0,PE,19475,0,0,94.65
2026-06-09,2026-06-30,1900.0,CE,1402200,17575,2938,18.4
2026-06-09,2026-06-30,1900.0,PE,78850,5225,78,88.25
2026-06-09,2026-06-30,1920.0,CE,201400,14725,490,13.75
2026-06-09,2026-06-30,1920.0,PE,4275,0,0,123.0
2026-06-09,2026-06-30,1940.0,CE,230850,-6650,690,10.55
2026-06-09,2026-06-30,1940.0,PE,0,0,0,309.2
2026-06-09,2026-06-30,1960.0,CE,208525,39900,312,8.0
2026-06-09,2026-06-30,1960.0,PE,0,0,0,364.8
2026-06-09,2026-06-30,1980.0,CE,175275,6175,135,6.2
2026-06-09,2026-06-30,1980.0,PE,1425,0,0,218.0
2026-06-09,2026-06-30,2000.0,CE,566200,31825,912,4.75
2026-06-09,2026-06-30,2000.0,PE,17575,-3325,23,173.65
2026-06-09,2026-06-30,2040.0,CE,114950,3325,214,3.0
2026-06-09,2026-06-30,2040.0,PE,0,0,0,396.75
2026-06-09,2026-07-28,1600.0,CE,0,0,0,159.75
2026-06-09,2026-07-28,1600.0,PE,68400,-2850,129,8.55
2026-06-09,2026-07-28,1640.0,CE,1900,0,0,192.0
2026-06-09,2026-07-28,1640.0,PE,12825,0,0,14.1
2026-06-09,2026-07-28,1660.0,CE,1425,0,0,168.15
2026-06-09,2026-07-28,1660.0,PE,0,0,0,48.4
2026-06-09,2026-07-28,1680.0,CE,950,0,0,176.3
2026-06-09,2026-07-28,1680.0,PE,0,0,0,139.65
2026-06-09,2026-07-28,1700.0,CE,0,0,0,190.0
2026-06-09,2026-07-28,1700.0,PE,6175,6175,18,21.15
2026-06-09,2026-07-28,1720.0,CE,0,0,0,105.0
2026-06-09,2026-07-28,1720.0,PE,475,0,0,100.0
2026-06-09,2026-07-28,1740.0,CE,0,0,0,165.65
2026-06-09,2026-07-28,1740.0,PE,0,0,0,76.6
2026-06-09,2026-07-28,1760.0,CE,2850,0,1,115.0
2026-06-09,2026-07-28,1760.0,PE,10925,3325,11,38.65
2026-06-09,2026-07-28,1780.0,CE,0,0,0,143.4
2026-06-09,2026-07-28,1780.0,PE,0,0,0,93.95
2026-06-09,2026-07-28,1800.0,CE,85025,2850,17,89.0
2026-06-09,2026-07-28,1800.0,PE,127775,36575,124,50.3
2026-06-09,2026-07-28,1820.0,CE,0,0,0,123.3
2026-06-09,2026-07-28,1820.0,PE,0,0,0,113.45
2026-06-09,2026-07-28,1840.0,CE,4275,950,3,70.0
2026-06-09,2026-07-28,1840.0,PE,0,0,0,242.1
2026-06-09,2026-07-28,1860.0,CE,23750,3325,19,61.65
2026-06-09,2026-07-28,1860.0,PE,0,0,0,135.05
2026-06-09,2026-07-28,1880.0,CE,0,0,0,56.25
2026-06-09,2026-07-28,1880.0,PE,0,0,0,271.7
2026-06-09,2026-07-28,1900.0,CE,0,0,0,89.4
2026-06-09,2026-07-28,1900.0,PE,0,0,0,158.7
2026-06-09,2026-07-28,1920.0,CE,0,0,0,47.65
2026-06-09,2026-07-28,1920.0,PE,0,0,0,302.5
2026-06-09,2026-07-28,1940.0,CE,0,0,0,75.35
2026-06-09,2026-07-28,1940.0,PE,0,0,0,184.25
2026-06-09,2026-07-28,1960.0,CE,0,0,0,40.1
2026-06-09,2026-07-28,1960.0,PE,0,0,0,334.4
2026-06-09,2026-07-28,2000.0,CE,73625,1900,28,19.05
2026-06-09,2026-07-28,2000.0,PE,1425,0,0,195.0
2026-06-09,2026-07-28,2040.0,CE,9975,0,0,12.2
2026-06-09,2026-07-28,2040.0,PE,0,0,0,381.85
2026-06-09,2026-08-25,1520.0,CE,0,0,0,342.75
2026-06-09,2026-08-25,1520.0,PE,0,0,0,29.1
2026-06-09,2026-08-25,1600.0,CE,0,0,0,282.3
2026-06-09,2026-08-25,1600.0,PE,0,0,0,47.45
2026-06-09,2026-08-25,1680.0,CE,0,0,0,228.25
2026-06-09,2026-08-25,1680.0,PE,0,0,0,72.25
2026-06-09,2026-08-25,1720.0,CE,0,0,0,203.95
2026-06-09,2026-08-25,1720.0,PE,0,0,0,87.35
2026-06-09,2026-08-25,1760.0,CE,0,0,0,181.45
2026-06-09,2026-08-25,1760.0,PE,0,0,0,104.25
2026-06-09,2026-08-25,1800.0,CE,475,0,0,100.0
2026-06-09,2026-08-25,1800.0,PE,950,0,0,80.0
2026-06-09,2026-08-25,1840.0,CE,0,0,0,141.75
2026-06-09,2026-08-25,1840.0,PE,0,0,0,143.4
2026-06-09,2026-08-25,1880.0,CE,0,0,0,124.55
2026-06-09,2026-08-25,1880.0,PE,0,0,0,165.55
2026-06-09,2026-08-25,1920.0,CE,0,0,0,108.95
2026-06-09,2026-08-25,1920.0,PE,0,0,0,189.4
2026-06-09,2026-08-25,1960.0,CE,0,0,0,94.95
2026-06-09,2026-08-25,1960.0,PE,0,0,0,214.8
2026-06-09,2026-08-25,2000.0,CE,0,0,0,82.45
2026-06-09,2026-08-25,2000.0,PE,0,0,0,241.7
2026-06-09,2026-08-25,2080.0,CE,0,0,0,61.55
2026-06-09,2026-08-25,2080.0,PE,0,0,0,299.6
2026-06-10,2026-06-30,1440.0,CE,4275,0,0,380.0
2026-06-10,2026-06-30,1440.0,PE,32300,-12825,53,0.65
2026-06-10,2026-06-30,1480.0,CE,475,0,0,325.0
2026-06-10,2026-06-30,1480.0,PE,28025,-3800,148,0.9
2026-06-10,2026-06-30,1500.0,PE,85975,-4750,42,1.15
2026-06-10,2026-06-30,1520.0,CE,6650,1425,4,306.5
2026-06-10,2026-06-30,1520.0,PE,15200,6175,2610,1.3
2026-06-10,2026-06-30,1540.0,CE,4275,-475,1,298.0
2026-06-10,2026-06-30,1540.0,PE,24700,-1425,51,1.55
2026-06-10,2026-06-30,1560.0,CE,3325,0,0,275.1
2026-06-10,2026-06-30,1560.0,PE,46075,0,15,1.55
2026-06-10,2026-06-30,1580.0,CE,3800,0,0,225.0
2026-06-10,2026-06-30,1580.0,PE,13775,0,0,2.85
2026-06-10,2026-06-30,1600.0,CE,153900,-6175,17,222.65
2026-06-10,2026-06-30,1600.0,PE,288325,950,126,2.7
2026-06-10,2026-06-30,1620.0,CE,6650,0,0,194.0
2026-06-10,2026-06-30,1620.0,PE,40375,1900,27,3.4
2026-06-10,2026-06-30,1640.0,CE,33250,-3325,12,199.35
2026-06-10,2026-06-30,1640.0,PE,118750,3800,221,4.2
2026-06-10,2026-06-30,1660.0,CE,23275,0,0,166.05
2026-06-10,2026-06-30,1660.0,PE,181450,25175,487,5.3
2026-06-10,2026-06-30,1680.0,CE,17100,0,0,125.5
2026-06-10,2026-06-30,1680.0,PE,114475,1900,421,7.0
2026-06-10,2026-06-30,1700.0,CE,341525,-2375,197,127.95
2026-06-10,2026-06-30,1700.0,PE,573325,43225,1611,9.1
2026-06-10,2026-06-30,1720.0,CE,9025,475,1,110.5
2026-06-10,2026-06-30,1720.0,PE,128250,12825,660,12.0
2026-06-10,2026-06-30,1740.0,CE,43225,1425,32,94.65
2026-06-10,2026-06-30,1740.0,PE,161975,0,728,16.05
2026-06-10,2026-06-30,1760.0,CE,109725,-1900,85,80.7
2026-06-10,2026-06-30,1760.0,PE,218500,17100,1454,20.65
2026-06-10,2026-06-30,1780.0,CE,142500,-7600,191,65.4
2026-06-10,2026-06-30,1780.0,PE,375250,1900,958,27.1
2026-06-10,2026-06-30,1800.0,CE,813675,-73625,2561,53.75
2026-06-10,2026-06-30,1800.0,PE,603250,29450,3464,34.55
2026-06-10,2026-06-30,1820.0,CE,397575,-110675,3037,43.25
2026-06-10,2026-06-30,1820.0,PE,218500,11875,1976,43.65
2026-06-10,2026-06-30,1840.0,CE,599450,-112575,6493,34.0
2026-06-10,2026-06-30,1840.0,PE,236550,4750,1683,54.1
2026-06-10,2026-06-30,1860.0,CE,484500,210425,5337,26.25
2026-06-10,2026-06-30,1860.0,PE,118750,54150,855,66.35
2026-06-10,2026-06-30,1880.0,CE,348175,42275,1472,20.5
2026-06-10,2026-06-30,1880.0,PE,41800,22325,177,79.5
2026-06-10,2026-06-30,1900.0,CE,1502900,100700,8491,15.25
2026-06-10,2026-06-30,1900.0,PE,85975,7125,219,93.8
2026-06-10,2026-06-30,1920.0,CE,223725,22325,1273,11.65
2026-06-10,2026-06-30,1920.0,PE,4275,0,0,123.0
2026-06-10,2026-06-30,1940.0,CE,271225,40375,1312,8.7
2026-06-10,2026-06-30,1940.0,PE,0,0,0,309.2
2026-06-10,2026-06-30,1960.0,CE,175750,-32775,825,6.7
2026-06-10,2026-06-30,1960.0,PE,0,0,0,364.8
2026-06-10,2026-06-30,1980.0,CE,210425,35150,398,5.05
2026-06-10,2026-06-30,1980.0,PE,1425,0,0,218.0
2026-06-10,2026-06-30,2000.0,CE,599925,33725,2008,4.1
2026-06-10,2026-06-30,2000.0,PE,17575,0,6,176.05
2026-06-10,2026-06-30,2040.0,CE,137275,22325,435,2.4
2026-06-10,2026-06-30,2040.0,PE,0,0,0,396.75
2026-06-10,2026-07-28,1600.0,CE,0,0,0,159.75
2026-06-10,2026-07-28,1600.0,PE,75050,6650,928,9.15
2026-06-10,2026-07-28,1640.0,CE,1900,0,0,192.0
2026-06-10,2026-07-28,1640.0,PE,13300,475,672,12.0
2026-06-10,2026-07-28,1660.0,CE,1425,0,0,168.15
2026-06-10,2026-07-28,1660.0,PE,0,0,0,48.4
2026-06-10,2026-07-28,1680.0,CE,950,0,0,176.3
2026-06-10,2026-07-28,1680.0,PE,4750,4750,16,15.95
2026-06-10,2026-07-28,1700.0,CE,2850,2850,7,162.0
2026-06-10,2026-07-28,1700.0,PE,12350,6175,26,22.3
2026-06-10,2026-07-28,1720.0,CE,0,0,0,105.0
2026-06-10,2026-07-28,1720.0,PE,1425,950,3,27.15
2026-06-10,2026-07-28,1740.0,CE,0,0,0,165.65
2026-06-10,2026-07-28,1740.0,PE,0,0,0,76.6
2026-06-10,2026-07-28,1760.0,CE,2850,0,0,115.0
2026-06-10,2026-07-28,1760.0,PE,10925,0,10,38.65
2026-06-10,2026-07-28,1780.0,CE,950,950,2,118.2
2026-06-10,2026-07-28,1780.0,PE,475,475,1,45.0
2026-06-10,2026-07-28,1800.0,CE,67450,-17575,64,81.05
2026-06-10,2026-07-28,1800.0,PE,131575,3800,100,53.2
2026-06-10,2026-07-28,1820.0,CE,0,0,0,123.3
2026-06-10,2026-07-28,1820.0,PE,2375,2375,5,57.0
2026-06-10,2026-07-28,1840.0,CE,6650,2375,16,64.45
2026-06-10,2026-07-28,1840.0,PE,1425,1425,6,68.5
2026-06-10,2026-07-28,1860.0,CE,52725,28975,72,55.4
2026-06-10,2026-07-28,1860.0,PE,0,0,0,135.05
2026-06-10,2026-07-28,1880.0,CE,0,0,0,56.25
2026-06-10,2026-07-28,1880.0,PE,0,0,0,271.7
2026-06-10,2026-07-28,1900.0,CE,0,0,0,89.4
2026-06-10,2026-07-28,1900.0,PE,0,0,0,158.7
2026-06-10,2026-07-28,1920.0,CE,0,0,0,47.65
2026-06-10,2026-07-28,1920.0,PE,0,0,0,302.5
2026-06-10,2026-07-28,1940.0,CE,0,0,0,75.35
2026-06-10,2026-07-28,1940.0,PE,0,0,0,184.25
2026-06-10,2026-07-28,1960.0,CE,0,0,0,40.1
2026-06-10,2026-07-28,1960.0,PE,0,0,0,334.4
2026-06-10,2026-07-28,2000.0,CE,85500,11875,72,16.75
2026-06-10,2026-07-28,2000.0,PE,1425,0,0,195.0
2026-06-10,2026-07-28,2040.0,CE,9975,0,0,12.2
2026-06-10,2026-07-28,2040.0,PE,0,0,0,381.85
2026-06-10,2026-08-25,1520.0,CE,0,0,0,342.75
2026-06-10,2026-08-25,1520.0,PE,0,0,0,29.1
2026-06-10,2026-08-25,1600.0,CE,0,0,0,282.3
2026-06-10,2026-08-25,1600.0,PE,0,0,0,47.45
2026-06-10,2026-08-25,1680.0,CE,0,0,0,228.25
2026-06-10,2026-08-25,1680.0,PE,0,0,0,72.25
2026-06-10,2026-08-25,1720.0,CE,0,0,0,203.95
2026-06-10,2026-08-25,1720.0,PE,0,0,0,87.35
2026-06-10,2026-08-25,1760.0,CE,0,0,0,181.45
2026-06-10,2026-08-25,1760.0,PE,0,0,0,104.25
2026-06-10,2026-08-25,1800.0,CE,475,0,0,100.0
2026-06-10,2026-08-25,1800.0,PE,950,0,0,80.0
2026-06-10,2026-08-25,1840.0,CE,0,0,0,141.75
2026-06-10,2026-08-25,1840.0,PE,0,0,0,143.4
2026-06-10,2026-08-25,1880.0,CE,0,0,0,124.55
2026-06-10,2026-08-25,1880.0,PE,0,0,0,165.55
2026-06-10,2026-08-25,1920.0,CE,0,0,0,108.95
2026-06-10,2026-08-25,1920.0,PE,0,0,0,189.4
2026-06-10,2026-08-25,1960.0,CE,0,0,0,94.95
2026-06-10,2026-08-25,1960.0,PE,0,0,0,214.8
2026-06-10,2026-08-25,2000.0,CE,0,0,0,82.45
2026-06-10,2026-08-25,2000.0,PE,0,0,0,241.7
2026-06-10,2026-08-25,2080.0,CE,0,0,0,61.55
2026-06-10,2026-08-25,2080.0,PE,0,0,0,299.6
2026-06-11,2026-06-30,1440.0,CE,4275,0,0,380.0
2026-06-11,2026-06-30,1440.0,PE,31825,-475,6,0.7
2026-06-11,2026-06-30,1480.0,CE,475,0,0,325.0
2026-06-11,2026-06-30,1480.0,PE,25650,-2375,45,1.05
2026-06-11,2026-06-30,1500.0,PE,89775,3800,74,1.1
2026-06-11,2026-06-30,1520.0,CE,6175,-475,2,270.5
2026-06-11,2026-06-30,1520.0,PE,20425,5225,837,1.2
2026-06-11,2026-06-30,1540.0,CE,4275,0,0,298.0
2026-06-11,2026-06-30,1540.0,PE,24225,-475,30,1.35
2026-06-11,2026-06-30,1560.0,CE,3325,0,0,275.1
2026-06-11,2026-06-30,1560.0,PE,45600,-475,4,1.8
2026-06-11,2026-06-30,1580.0,CE,3800,0,0,225.0
2026-06-11,2026-06-30,1580.0,PE,13775,0,4,2.85
2026-06-11,2026-06-30,1600.0,CE,152950,-950,4,201.1
2026-06-11,2026-06-30,1600.0,PE,309700,21375,330,2.9
2026-06-11,2026-06-30,1620.0,CE,6650,0,0,194.0
2026-06-11,2026-06-30,1620.0,PE,40375,0,73,3.45
2026-06-11,2026-06-30,1640.0,CE,33250,0,0,199.35
2026-06-11,2026-06-30,1640.0,PE,151050,32300,326,4.75
2026-06-11,2026-06-30,1660.0,CE,22800,-475,7,133.0
2026-06-11,2026-06-30,1660.0,PE,199975,18525,413,6.3
2026-06-11,2026-06-30,1680.0,CE,17100,0,9,118.1
2026-06-11,2026-06-30,1680.0,PE,92150,-22325,307,8.75
2026-06-11,2026-06-30,1700.0,CE,350075,8550,53,99.95
2026-06-11,2026-06-30,1700.0,PE,567150,-6175,1236,12.1
2026-06-11,2026-06-30,1720.0,CE,12825,3800,41,86.4
2026-06-11,2026-06-30,1720.0,PE,127300,-950,329,15.75
2026-06-11,2026-06-30,1740.0,CE,40850,-2375,80,71.2
2026-06-11,2026-06-30,1740.0,PE,160075,-1900,787,21.6
2026-06-11,2026-06-30,1760.0,CE,115425,5700,199,57.6
2026-06-11,2026-06-30,1760.0,PE,207575,-10925,1084,28.35
2026-06-11,2026-06-30,1780.0,CE,149625,7125,414,45.8
2026-06-11,2026-06-30,1780.0,PE,382850,7600,1290,37.25
2026-06-11,2026-06-30,1800.0,CE,934325,120650,3804,35.8
2026-06-11,2026-06-30,1800.0,PE,557175,-46075,2536,46.7
2026-06-11,2026-06-30,1820.0,CE,504450,106875,2028,27.75
2026-06-11,2026-06-30,1820.0,PE,199500,-19000,655,57.75
2026-06-11,2026-06-30,1840.0,CE,634600,35150,2197,21.05
2026-06-11,2026-06-30,1840.0,PE,220400,-16150,302,70.35
2026-06-11,2026-06-30,1860.0,CE,449350,-35150,1496,15.5
2026-06-11,2026-06-30,1860.0,PE,110200,-8550,155,87.3
2026-06-11,2026-06-30,1880.0,CE,367650,19475,771,11.6
2026-06-11,2026-06-30,1880.0,PE,41800,0,0,79.5
2026-06-11,2026-06-30,1900.0,CE,1599800,96900,3209,8.75
2026-06-11,2026-06-30,1900.0,PE,80750,-5225,80,119.25
2026-06-11,2026-06-30,1920.0,CE,261250,37525,729,6.3
2026-06-11,2026-06-30,1920.0,PE,4275,0,0,123.0
2026-06-11,2026-06-30,1940.0,CE,373350,102125,981,4.6
2026-06-11,2026-06-30,1940.0,PE,0,0,0,309.2
2026-06-11,2026-06-30,1960.0,CE,229425,53675,473,3.55
2026-06-11,2026-06-30,1960.0,PE,0,0,0,364.8
2026-06-11,2026-06-30,1980.0,CE,190950,-19475,221,3.0
2026-06-11,2026-06-30,1980.0,PE,1425,0,0,218.0
2026-06-11,2026-06-30,2000.0,CE,572375,-27550,732,2.6
2026-06-11,2026-06-30,2000.0,PE,17575,0,0,176.05
2026-06-11,2026-06-30,2040.0,CE,134425,-2850,100,1.65
2026-06-11,2026-06-30,2040.0,PE,0,0,0,396.75
2026-06-11,2026-07-28,1600.0,CE,0,0,0,159.75
2026-06-11,2026-07-28,1600.0,PE,73150,-1900,54,10.15
2026-06-11,2026-07-28,1640.0,CE,1900,0,0,192.0
2026-06-11,2026-07-28,1640.0,PE,12825,-475,15,15.25
2026-06-11,2026-07-28,1660.0,CE,1425,0,0,168.15
2026-06-11,2026-07-28,1660.0,PE,0,0,0,48.4
2026-06-11,2026-07-28,1680.0,CE,1425,475,1,149.5
2026-06-11,2026-07-28,1680.0,PE,5225,475,1,23.5
2026-06-11,2026-07-28,1700.0,CE,3800,950,3,126.0
2026-06-11,2026-07-28,1700.0,PE,16625,4275,15,26.55
2026-06-11,2026-07-28,1720.0,CE,0,0,0,105.0
2026-06-11,2026-07-28,1720.0,PE,1425,0,0,27.15
2026-06-11,2026-07-28,1740.0,CE,0,0,0,165.65
2026-06-11,2026-07-28,1740.0,PE,0,0,0,76.6
2026-06-11,2026-07-28,1760.0,CE,2850,0,0,115.0
2026-06-11,2026-07-28,1760.0,PE,11875,950,6,46.6
2026-06-11,2026-07-28,1780.0,CE,950,0,0,118.2
2026-06-11,2026-07-28,1780.0,PE,950,475,1,57.0
2026-06-11,2026-07-28,1800.0,CE,69350,1900,28,65.95
2026-06-11,2026-07-28,1800.0,PE,132525,950,111,65.15
2026-06-11,2026-07-28,1820.0,CE,475,475,1,73.7
2026-06-11,2026-07-28,1820.0,PE,7600,5225,15,67.0
2026-06-11,2026-07-28,1840.0,CE,6650,0,1,58.0
2026-06-11,2026-07-28,1840.0,PE,1425,0,0,68.5
2026-06-11,2026-07-28,1860.0,CE,57475,4750,38,41.45
2026-06-11,2026-07-28,1860.0,PE,0,0,0,135.05
2026-06-11,2026-07-28,1880.0,CE,0,0,0,56.25
2026-06-11,2026-07-28,1880.0,PE,0,0,0,271.7
2026-06-11,2026-07-28,1900.0,CE,0,0,0,89.4
2026-06-11,2026-07-28,1900.0,PE,0,0,0,158.7
2026-06-11,2026-07-28,1920.0,CE,0,0,0,47.65
2026-06-11,2026-07-28,1920.0,PE,0,0,0,302.5
2026-06-11,2026-07-28,1940.0,CE,0,0,0,75.35
2026-06-11,2026-07-28,1940.0,PE,0,0,0,184.25
2026-06-11,2026-07-28,1960.0,CE,0,0,0,40.1
2026-06-11,2026-07-28,1960.0,PE,0,0,0,334.4
2026-06-11,2026-07-28,2000.0,CE,80750,-4750,76,12.6
2026-06-11,2026-07-28,2000.0,PE,1425,0,0,195.0
2026-06-11,2026-07-28,2040.0,CE,9975,0,0,12.2
2026-06-11,2026-07-28,2040.0,PE,0,0,0,381.85
2026-06-11,2026-08-25,1520.0,CE,0,0,0,342.75
2026-06-11,2026-08-25,1520.0,PE,0,0,0,29.1
2026-06-11,2026-08-25,1600.0,CE,0,0,0,282.3
2026-06-11,2026-08-25,1600.0,PE,0,0,0,47.45
2026-06-11,2026-08-25,1680.0,CE,0,0,0,228.25
2026-06-11,2026-08-25,1680.0,PE,0,0,0,72.25
2026-06-11,2026-08-25,1720.0,CE,0,0,0,203.95
2026-06-11,2026-08-25,1720.0,PE,0,0,0,87.35
2026-06-11,2026-08-25,1760.0,CE,0,0,0,181.45
2026-06-11,2026-08-25,1760.0,PE,0,0,0,104.25
2026-06-11,2026-08-25,1800.0,CE,475,0,0,100.0
2026-06-11,2026-08-25,1800.0,PE,950,0,0,80.0
2026-06-11,2026-08-25,1840.0,CE,0,0,0,141.75
2026-06-11,2026-08-25,1840.0,PE,0,0,0,143.4
2026-06-11,2026-08-25,1880.0,CE,0,0,0,124.55
2026-06-11,2026-08-25,1880.0,PE,0,0,0,165.55
2026-06-11,2026-08-25,1920.0,CE,0,0,0,108.95
2026-06-11,2026-08-25,1920.0,PE,0,0,0,189.4
2026-06-11,2026-08-25,1960.0,CE,0,0,0,94.95
2026-06-11,2026-08-25,1960.0,PE,0,0,0,214.8
2026-06-11,2026-08-25,2000.0,CE,0,0,0,82.45
2026-06-11,2026-08-25,2000.0,PE,0,0,0,241.7
2026-06-11,2026-08-25,2080.0,CE,0,0,0,61.55
2026-06-11,2026-08-25,2080.0,PE,0,0,0,299.6
2026-06-12,2026-06-30,1440.0,CE,4275,0,0,380.0
2026-06-12,2026-06-30,1440.0,PE,31825,0,55,0.7
2026-06-12,2026-06-30,1480.0,CE,475,0,0,325.0
2026-06-12,2026-06-30,1480.0,PE,25175,-475,358,0.75
2026-06-12,2026-06-30,1500.0,PE,92150,2375,803,0.9
2026-06-12,2026-06-30,1520.0,CE,6175,0,0,270.5
2026-06-12,2026-06-30,1520.0,PE,12350,-8075,596,0.85
2026-06-12,2026-06-30,1540.0,CE,4275,0,0,298.0
2026-06-12,2026-06-30,1540.0,PE,23275,-950,67,1.0
2026-06-12,2026-06-30,1560.0,CE,3325,0,0,275.1
2026-06-12,2026-06-30,1560.0,PE,44650,-950,13,1.35
2026-06-12,2026-06-30,1580.0,CE,3800,0,0,225.0
2026-06-12,2026-06-30,1580.0,PE,13775,0,0,2.85
2026-06-12,2026-06-30,1600.0,CE,152950,0,0,201.1
2026-06-12,2026-06-30,1600.0,PE,303050,-6650,551,1.75
2026-06-12,2026-06-30,1620.0,CE,6650,0,0,194.0
2026-06-12,2026-06-30,1620.0,PE,38950,-1425,30,2.1
2026-06-12,2026-06-30,1640.0,CE,33250,0,0,199.35
2026-06-12,2026-06-30,1640.0,PE,106400,-44650,858,3.05
2026-06-12,2026-06-30,1660.0,CE,22800,0,0,133.0
2026-06-12,2026-06-30,1660.0,PE,228475,28500,547,3.65
2026-06-12,2026-06-30,1680.0,CE,17100,0,0,118.1
2026-06-12,2026-06-30,1680.0,PE,165300,73150,1096,4.95
2026-06-12,2026-06-30,1700.0,CE,354350,4275,123,128.6
2026-06-12,2026-06-30,1700.0,PE,655975,88825,2080,6.75
2026-06-12,2026-06-30,1720.0,CE,14250,1425,50,111.45
2026-06-12,2026-06-30,1720.0,PE,126825,-475,491,8.9
2026-06-12,2026-06-30,1740.0,CE,41800,950,93,93.0
2026-06-12,2026-06-30,1740.0,PE,180025,19950,784,12.1
2026-06-12,2026-06-30,1760.0,CE,120650,5225,209,79.2
2026-06-12,2026-06-30,1760.0,PE,253650,46075,1431,16.4
2026-06-12,2026-06-30,1780.0,CE,128725,-20900,798,64.45
2026-06-12,2026-06-30,1780.0,PE,365750,-17100,1309,21.8
2026-06-12,2026-06-30,1800.0,CE,821750,-112575,6720,51.55
2026-06-12,2026-06-30,1800.0,PE,638875,81700,2791,28.8
2026-06-12,2026-06-30,1820.0,CE,464075,-40375,3194,40.65
2026-06-12,2026-06-30,1820.0,PE,238450,38950,834,37.35
2026-06-12,2026-06-30,1840.0,CE,584725,-49875,3538,30.8
2026-06-12,2026-06-30,1840.0,PE,205675,-14725,397,47.45
2026-06-12,2026-06-30,1860.0,CE,387600,-61750,1698,23.15
2026-06-12,2026-06-30,1860.0,PE,99750,-10450,153,59.35
2026-06-12,2026-06-30,1880.0,CE,369075,1425,1143,16.9
2026-06-12,2026-06-30,1880.0,PE,41800,0,0,79.5
2026-06-12,2026-06-30,1900.0,CE,1536150,-63650,3691,12.4
2026-06-12,2026-06-30,1900.0,PE,83600,2850,55,87.95
2026-06-12,2026-06-30,1920.0,CE,221350,-39900,1175,8.75
2026-06-12,2026-06-30,1920.0,PE,4275,0,0,123.0
2026-06-12,2026-06-30,1940.0,CE,308275,-65075,947,6.35
2026-06-12,2026-06-30,1940.0,PE,0,0,0,309.2
2026-06-12,2026-06-30,1960.0,CE,363850,134425,868,4.4
2026-06-12,2026-06-30,1960.0,PE,0,0,0,364.8
2026-06-12,2026-06-30,1980.0,CE,185250,-5700,98,3.6
2026-06-12,2026-06-30,1980.0,PE,1425,0,0,218.0
2026-06-12,2026-06-30,2000.0,CE,605150,32775,387,3.0
2026-06-12,2026-06-30,2000.0,PE,18050,475,1,207.0
2026-06-12,2026-06-30,2040.0,CE,136800,2375,65,1.85
2026-06-12,2026-06-30,2040.0,PE,0,0,0,396.75
2026-06-12,2026-07-28,1600.0,CE,0,0,0,159.75
2026-06-12,2026-07-28,1600.0,PE,65075,-8075,59,7.35
2026-06-12,2026-07-28,1640.0,CE,1900,0,0,192.0
2026-06-12,2026-07-28,1640.0,PE,15200,2375,10,11.2
2026-06-12,2026-07-28,1660.0,CE,1425,0,0,168.15
2026-06-12,2026-07-28,1660.0,PE,0,0,0,48.4
2026-06-12,2026-07-28,1680.0,CE,1425,0,0,149.5
2026-06-12,2026-07-28,1680.0,PE,5225,0,0,23.5
2026-06-12,2026-07-28,1700.0,CE,3800,0,0,126.0
2026-06-12,2026-07-28,1700.0,PE,23750,7125,52,19.55
2026-06-12,2026-07-28,1720.0,CE,0,0,0,105.0
2026-06-12,2026-07-28,1720.0,PE,1425,0,0,27.15
2026-06-12,2026-07-28,1740.0,CE,0,0,0,165.65
2026-06-12,2026-07-28,1740.0,PE,0,0,0,76.6
2026-06-12,2026-07-28,1760.0,CE,4275,1425,4,98.2
2026-06-12,2026-07-28,1760.0,PE,11400,-475,1,38.5
2026-06-12,2026-07-28,1780.0,CE,2850,1900,9,90.0
2026-06-12,2026-07-28,1780.0,PE,950,0,0,57.0
2026-06-12,2026-07-28,1800.0,CE,80750,11400,53,81.65
2026-06-12,2026-07-28,1800.0,PE,141550,9025,80,49.7
2026-06-12,2026-07-28,1820.0,CE,475,0,0,73.7
2026-06-12,2026-07-28,1820.0,PE,7600,0,0,67.0
2026-06-12,2026-07-28,1840.0,CE,9500,2850,18,61.75
2026-06-12,2026-07-28,1840.0,PE,1425,0,0,68.5
2026-06-12,2026-07-28,1860.0,CE,51300,-6175,49,54.25
2026-06-12,2026-07-28,1860.0,PE,0,0,0,135.05
2026-06-12,2026-07-28,1880.0,CE,0,0,0,56.25
2026-06-12,2026-07-28,1880.0,PE,0,0,0,271.7
2026-06-12,2026-07-28,1900.0,CE,0,0,0,89.4
2026-06-12,2026-07-28,1900.0,PE,0,0,0,158.7
2026-06-12,2026-07-28,1920.0,CE,0,0,0,47.65
2026-06-12,2026-07-28,1920.0,PE,0,0,0,302.5
2026-06-12,2026-07-28,1940.0,CE,0,0,0,75.35
2026-06-12,2026-07-28,1940.0,PE,0,0,0,184.25
2026-06-12,2026-07-28,1960.0,CE,0,0,0,40.1
2026-06-12,2026-07-28,1960.0,PE,0,0,0,334.4
2026-06-12,2026-07-28,2000.0,CE,85975,5225,120,15.9
2026-06-12,2026-07-28,2000.0,PE,1425,0,0,195.0
2026-06-12,2026-07-28,2040.0,CE,12350,2375,13,11.05
2026-06-12,2026-07-28,2040.0,PE,0,0,0,381.85
2026-06-12,2026-08-25,1520.0,CE,0,0,0,342.75
2026-06-12,2026-08-25,1520.0,PE,0,0,0,29.1
2026-06-12,2026-08-25,1600.0,CE,0,0,0,282.3
2026-06-12,2026-08-25,1600.0,PE,0,0,0,47.45
2026-06-12,2026-08-25,1680.0,CE,0,0,0,228.25
2026-06-12,2026-08-25,1680.0,PE,0,0,0,72.25
2026-06-12,2026-08-25,1720.0,CE,0,0,0,203.95
2026-06-12,2026-08-25,1720.0,PE,0,0,0,87.35
2026-06-12,2026-08-25,1760.0,CE,0,0,0,181.45
2026-06-12,2026-08-25,1760.0,PE,0,0,0,104.25
2026-06-12,2026-08-25,1800.0,CE,475,0,0,100.0
2026-06-12,2026-08-25,1800.0,PE,950,0,0,80.0
2026-06-12,2026-08-25,1840.0,CE,0,0,0,141.75
2026-06-12,2026-08-25,1840.0,PE,0,0,0,143.4
2026-06-12,2026-08-25,1880.0,CE,0,0,0,124.55
2026-06-12,2026-08-25,1880.0,PE,0,0,0,165.55
2026-06-12,2026-08-25,1920.0,CE,0,0,0,108.95
2026-06-12,2026-08-25,1920.0,PE,0,0,0,189.4
2026-06-12,2026-08-25,1960.0,CE,0,0,0,94.95
2026-06-12,2026-08-25,1960.0,PE,0,0,0,214.8
2026-06-12,2026-08-25,2000.0,CE,0,0,0,82.45
2026-06-12,2026-08-25,2000.0,PE,0,0,0,241.7
2026-06-12,2026-08-25,2080.0,CE,0,0,0,61.55
2026-06-12,2026-08-25,2080.0,PE,0,0,0,299.6
2026-06-15,2026-06-30,1440.0,CE,4275,0,0,380.0
2026-06-15,2026-06-30,1440.0,PE,31350,-475,3,0.65
2026-06-15,2026-06-30,1480.0,CE,475,0,0,325.0
2026-06-15,2026-06-30,1480.0,PE,24700,-475,4,0.65
2026-06-15,2026-06-30,1500.0,PE,86450,-5700,33,0.85
2026-06-15,2026-06-30,1520.0,CE,6175,0,0,270.5
2026-06-15,2026-06-30,1520.0,PE,11875,-475,1,0.65
2026-06-15,2026-06-30,1540.0,CE,4275,0,0,298.0
2026-06-15,2026-06-30,1540.0,PE,22800,-475,3,0.85
2026-06-15,2026-06-30,1560.0,CE,3325,0,0,275.1
2026-06-15,2026-06-30,1560.0,PE,40375,-4275,16,1.0
2026-06-15,2026-06-30,1580.0,CE,3800,0,0,225.0
2026-06-15,2026-06-30,1580.0,PE,13300,-475,1,1.5
2026-06-15,2026-06-30,1600.0,CE,152950,0,0,201.1
2026-06-15,2026-06-30,1600.0,PE,323000,19950,158,1.7
2026-06-15,2026-06-30,1620.0,CE,6650,0,0,194.0
2026-06-15,2026-06-30,1620.0,PE,38950,0,33,1.95
2026-06-15,2026-06-30,1640.0,CE,33250,0,0,199.35
2026-06-15,2026-06-30,1640.0,PE,86925,-19475,108,2.4
2026-06-15,2026-06-30,1660.0,CE,22800,0,0,133.0
2026-06-15,2026-06-30,1660.0,PE,235125,6650,382,3.25
2026-06-15,2026-06-30,1680.0,CE,17100,0,0,118.1
2026-06-15,2026-06-30,1680.0,PE,142975,-22325,340,4.55
2026-06-15,2026-06-30,1700.0,CE,354350,0,69,122.7
2026-06-15,2026-06-30,1700.0,PE,641725,-14250,1938,6.35
2026-06-15,2026-06-30,1720.0,CE,9975,-4275,26,112.25
2026-06-15,2026-06-30,1720.0,PE,127300,475,580,8.9
2026-06-15,2026-06-30,1740.0,CE,45600,3800,46,89.0
2026-06-15,2026-06-30,1740.0,PE,180975,950,930,12.35
2026-06-15,2026-06-30,1760.0,CE,120650,0,69,71.55
2026-06-15,2026-06-30,1760.0,PE,262200,8550,888,17.4
2026-06-15,2026-06-30,1780.0,CE,127300,-1425,213,57.6
2026-06-15,2026-06-30,1780.0,PE,351975,-13775,736,23.4
2026-06-15,2026-06-30,1800.0,CE,862125,40375,2030,45.6
2026-06-15,2026-06-30,1800.0,PE,606575,-32300,1999,31.25
2026-06-15,2026-06-30,1820.0,CE,613700,149625,2510,35.55
2026-06-15,2026-06-30,1820.0,PE,232275,-6175,1325,40.7
2026-06-15,2026-06-30,1840.0,CE,822700,237975,3720,26.55
2026-06-15,2026-06-30,1840.0,PE,203775,-1900,1728,52.15
2026-06-15,2026-06-30,1860.0,CE,471675,84075,2078,19.7
2026-06-15,2026-06-30,1860.0,PE,99750,0,247,65.05
2026-06-15,2026-06-30,1880.0,CE,362425,-6650,1101,14.3
2026-06-15,2026-06-30,1880.0,PE,41800,0,0,79.5
2026-06-15,2026-06-30,1900.0,CE,1462525,-73625,3304,10.5
2026-06-15,2026-06-30,1900.0,PE,85975,2375,95,95.5
2026-06-15,2026-06-30,1920.0,CE,227525,6175,647,7.65
2026-06-15,2026-06-30,1920.0,PE,4275,0,0,123.0
2026-06-15,2026-06-30,1940.0,CE,290225,-18050,707,5.55
2026-06-15,2026-06-30,1940.0,PE,0,0,0,309.2
2026-06-15,2026-06-30,1960.0,CE,307325,-56525,622,4.05
2026-06-15,2026-06-30,1960.0,PE,475,475,2,148.95
2026-06-15,2026-06-30,1980.0,CE,180500,-4750,222,3.3
2026-06-15,2026-06-30,1980.0,PE,1425,0,0,218.0
2026-06-15,2026-06-30,2000.0,CE,613225,8075,583,2.8
2026-06-15,2026-06-30,2000.0,PE,18050,0,0,207.0
2026-06-15,2026-06-30,2040.0,CE,138700,1900,73,1.65
2026-06-15,2026-06-30,2040.0,PE,0,0,0,396.75
2026-06-15,2026-07-28,1600.0,CE,0,0,0,159.75
2026-06-15,2026-07-28,1600.0,PE,65075,0,18,7.05
2026-06-15,2026-07-28,1640.0,CE,1900,0,0,192.0
2026-06-15,2026-07-28,1640.0,PE,18050,2850,27,9.9
2026-06-15,2026-07-28,1660.0,CE,1425,0,0,168.15
2026-06-15,2026-07-28,1660.0,PE,0,0,0,48.4
2026-06-15,2026-07-28,1680.0,CE,1425,0,0,149.5
2026-06-15,2026-07-28,1680.0,PE,5225,0,0,23.5
2026-06-15,2026-07-28,1700.0,CE,3800,0,1,142.0
2026-06-15,2026-07-28,1700.0,PE,116850,93100,263,19.25
2026-06-15,2026-07-28,1720.0,CE,0,0,0,105.0
2026-06-15,2026-07-28,1720.0,PE,1425,0,0,27.15
2026-06-15,2026-07-28,1740.0,CE,0,0,0,165.65
2026-06-15,2026-07-28,1740.0,PE,0,0,0,76.6
2026-06-15,2026-07-28,1760.0,CE,4275,0,0,98.2
2026-06-15,2026-07-28,1760.0,PE,11400,0,11,34.9
2026-06-15,2026-07-28,1780.0,CE,2850,0,0,90.0
2026-06-15,2026-07-28,1780.0,PE,950,0,0,57.0
2026-06-15,2026-07-28,1800.0,CE,81225,475,23,76.2
2026-06-15,2026-07-28,1800.0,PE,144400,2850,40,50.25
2026-06-15,2026-07-28,1820.0,CE,950,475,3,71.8
2026-06-15,2026-07-28,1820.0,PE,7600,0,0,67.0
2026-06-15,2026-07-28,1840.0,CE,11400,1900,19,56.0
2026-06-15,2026-07-28,1840.0,PE,1425,0,2,70.65
2026-06-15,2026-07-28,1860.0,CE,54150,2850,26,47.45
2026-06-15,2026-07-28,1860.0,PE,1425,1425,3,81.2
2026-06-15,2026-07-28,1880.0,CE,0,0,0,56.25
2026-06-15,2026-07-28,1880.0,PE,0,0,0,271.7
2026-06-15,2026-07-28,1900.0,CE,0,0,0,89.4
2026-06-15,2026-07-28,1900.0,PE,0,0,0,158.7
2026-06-15,2026-07-28,1920.0,CE,0,0,0,47.65
2026-06-15,2026-07-28,1920.0,PE,0,0,0,302.5
2026-06-15,2026-07-28,1940.0,CE,0,0,0,75.35
2026-06-15,2026-07-28,1940.0,PE,0,0,0,184.25
2026-06-15,2026-07-28,1960.0,CE,0,0,0,40.1
2026-06-15,2026-07-28,1960.0,PE,0,0,0,334.4
2026-06-15,2026-07-28,2000.0,CE,93100,7125,57,14.35
2026-06-15,2026-07-28,2000.0,PE,1425,0,0,195.0
2026-06-15,2026-07-28,2040.0,CE,16150,3800,17,10.1
2026-06-15,2026-07-28,2040.0,PE,0,0,0,381.85
2026-06-15,2026-08-25,1520.0,CE,0,0,0,342.75
2026-06-15,2026-08-25,1520.0,PE,0,0,0,29.1
2026-06-15,2026-08-25,1600.0,CE,0,0,0,282.3
2026-06-15,2026-08-25,1600.0,PE,475,475,1,14.45
2026-06-15,2026-08-25,1680.0,CE,0,0,0,228.25
2026-06-15,2026-08-25,1680.0,PE,0,0,0,72.25
2026-06-15,2026-08-25,1720.0,CE,0,0,0,203.95
2026-06-15,2026-08-25,1720.0,PE,0,0,0,87.35
2026-06-15,2026-08-25,1760.0,CE,0,0,0,181.45
2026-06-15,2026-08-25,1760.0,PE,0,0,0,104.25
2026-06-15,2026-08-25,1800.0,CE,475,0,0,100.0
2026-06-15,2026-08-25,1800.0,PE,950,0,0,80.0
2026-06-15,2026-08-25,1840.0,CE,0,0,0,141.75
2026-06-15,2026-08-25,1840.0,PE,0,0,0,143.4
2026-06-15,2026-08-25,1880.0,CE,0,0,0,124.55
2026-06-15,2026-08-25,1880.0,PE,0,0,0,165.55
2026-06-15,2026-08-25,1920.0,CE,0,0,0,108.95
2026-06-15,2026-08-25,1920.0,PE,0,0,0,189.4
2026-06-15,2026-08-25,1960.0,CE,0,0,0,94.95
2026-06-15,2026-08-25,1960.0,PE,0,0,0,214.8
2026-06-15,2026-08-25,2000.0,CE,0,0,0,82.45
2026-06-15,2026-08-25,2000.0,PE,0,0,0,241.7
2026-06-15,2026-08-25,2080.0,CE,0,0,0,61.55
2026-06-15,2026-08-25,2080.0,PE,0,0,0,299.6
2026-06-16,2026-06-30,1440.0,CE,4275,0,0,380.0
2026-06-16,2026-06-30,1440.0,PE,36100,4750,482,0.65
2026-06-16,2026-06-30,1480.0,CE,475,0,0,325.0
2026-06-16,2026-06-30,1480.0,PE,23750,-950,103,0.75
2026-06-16,2026-06-30,1500.0,PE,85975,-475,5,0.8
2026-06-16,2026-06-30,1520.0,CE,6175,0,0,270.5
2026-06-16,2026-06-30,1520.0,PE,11400,-475,1,0.75
2026-06-16,2026-06-30,1540.0,CE,4275,0,0,298.0
2026-06-16,2026-06-30,1540.0,PE,21375,-1425,25,0.65
2026-06-16,2026-06-30,1560.0,CE,3325,0,0,275.1
2026-06-16,2026-06-30,1560.0,PE,36100,-4275,32,1.05
2026-06-16,2026-06-30,1580.0,CE,3800,0,0,225.0
2026-06-16,2026-06-30,1580.0,PE,14725,1425,11,0.85
2026-06-16,2026-06-30,1600.0,CE,150100,-2850,6,233.5
2026-06-16,2026-06-30,1600.0,PE,408975,85975,592,1.3
2026-06-16,2026-06-30,1620.0,CE,6650,0,0,194.0
2026-06-16,2026-06-30,1620.0,PE,39900,950,29,1.05
2026-06-16,2026-06-30,1640.0,CE,32300,-950,3,192.2
2026-06-16,2026-06-30,1640.0,PE,90250,3325,38,1.7
2026-06-16,2026-06-30,1660.0,CE,22800,0,0,133.0
2026-06-16,2026-06-30,1660.0,PE,134425,-100700,398,2.1
2026-06-16,2026-06-30,1680.0,CE,17100,0,0,118.1
2026-06-16,2026-06-30,1680.0,PE,157225,14250,187,2.75
2026-06-16,2026-06-30,1700.0,CE,355775,1425,124,133.0
2026-06-16,2026-06-30,1700.0,PE,639350,-2375,1159,3.75
2026-06-16,2026-06-30,1720.0,CE,10450,475,24,116.65
2026-06-16,2026-06-30,1720.0,PE,153425,26125,755,5.25
2026-06-16,2026-06-30,1740.0,CE,45600,0,40,98.95
2026-06-16,2026-06-30,1740.0,PE,181925,950,933,7.45
2026-06-16,2026-06-30,1760.0,CE,117800,-2850,133,82.05
2026-06-16,2026-06-30,1760.0,PE,270275,8075,1321,10.7
2026-06-16,2026-06-30,1780.0,CE,126350,-950,329,65.5
2026-06-16,2026-06-30,1780.0,PE,403275,51300,1273,15.3
2026-06-16,2026-06-30,1800.0,CE,907250,45125,2685,52.8
2026-06-16,2026-06-30,1800.0,PE,699675,93100,3840,21.45
2026-06-16,2026-06-30,1820.0,CE,583300,-30400,3528,40.75
2026-06-16,2026-06-30,1820.0,PE,359100,126825,2103,29.4
2026-06-16,2026-06-30,1840.0,CE,797525,-25175,4122,30.9
2026-06-16,2026-06-30,1840.0,PE,222300,18525,620,39.5
2026-06-16,2026-06-30,1860.0,CE,415625,-56050,2564,23.1
2026-06-16,2026-06-30,1860.0,PE,105450,5700,349,51.25
2026-06-16,2026-06-30,1880.0,CE,384750,22325,1347,16.8
2026-06-16,2026-06-30,1880.0,PE,41800,0,0,79.5
2026-06-16,2026-06-30,1900.0,CE,1426900,-35625,2917,12.1
2026-06-16,2026-06-30,1900.0,PE,99275,13300,79,80.75
2026-06-16,2026-06-30,1920.0,CE,214700,-12825,1013,8.85
2026-06-16,2026-06-30,1920.0,PE,4275,0,0,123.0
2026-06-16,2026-06-30,1940.0,CE,263150,-27075,1155,6.4
2026-06-16,2026-06-30,1940.0,PE,0,0,0,309.2
2026-06-16,2026-06-30,1960.0,CE,215650,-91675,734,4.85
2026-06-16,2026-06-30,1960.0,PE,475,0,0,148.95
2026-06-16,2026-06-30,1980.0,CE,231325,50825,269,3.65
2026-06-16,2026-06-30,1980.0,PE,1425,0,0,218.0
2026-06-16,2026-06-30,2000.0,CE,760000,146775,1362,2.95
2026-06-16,2026-06-30,2000.0,PE,18050,0,0,207.0
2026-06-16,2026-06-30,2040.0,CE,134425,-4275,99,1.9
2026-06-16,2026-06-30,2040.0,PE,0,0,0,396.75
2026-06-16,2026-07-28,1600.0,CE,2375,2375,5,243.0
2026-06-16,2026-07-28,1600.0,PE,62225,-2850,24,4.95
2026-06-16,2026-07-28,1640.0,CE,1900,0,0,192.0
2026-06-16,2026-07-28,1640.0,PE,17100,-950,34,7.15
2026-06-16,2026-07-28,1660.0,CE,1425,0,0,168.15
2026-06-16,2026-07-28,1660.0,PE,0,0,0,48.4
2026-06-16,2026-07-28,1680.0,CE,1425,0,0,149.5
2026-06-16,2026-07-28,1680.0,PE,5225,0,0,23.5
2026-06-16,2026-07-28,1700.0,CE,3800,0,1,157.0
2026-06-16,2026-07-28,1700.0,PE,114000,-2850,119,13.65
2026-06-16,2026-07-28,1720.0,CE,0,0,0,105.0
2026-06-16,2026-07-28,1720.0,PE,1425,0,0,27.15
2026-06-16,2026-07-28,1740.0,CE,0,0,0,165.65
2026-06-16,2026-07-28,1740.0,PE,0,0,0,76.6
2026-06-16,2026-07-28,1760.0,CE,4275,0,0,98.2
2026-06-16,2026-07-28,1760.0,PE,29925,18525,61,28.15
2026-06-16,2026-07-28,1780.0,CE,2850,0,0,90.0
2026-06-16,2026-07-28,1780.0,PE,950,0,0,57.0
2026-06-16,2026-07-28,1800.0,CE,187625,106400,417,82.1
2026-06-16,2026-07-28,1800.0,PE,116850,-27550,154,41.15
2026-06-16,2026-07-28,1820.0,CE,4750,3800,17,69.3
2026-06-16,2026-07-28,1820.0,PE,7600,0,0,67.0
2026-06-16,2026-07-28,1840.0,CE,174800,163400,405,60.1
2026-06-16,2026-07-28,1840.0,PE,30875,29450,74,57.3
2026-06-16,2026-07-28,1860.0,CE,56525,2375,33,44.6
2026-06-16,2026-07-28,1860.0,PE,2375,950,6,72.0
2026-06-16,2026-07-28,1880.0,CE,0,0,0,56.25
2026-06-16,2026-07-28,1880.0,PE,0,0,0,271.7
2026-06-16,2026-07-28,1900.0,CE,18525,18525,57,35.25
2026-06-16,2026-07-28,1900.0,PE,0,0,0,158.7
2026-06-16,2026-07-28,1920.0,CE,0,0,0,47.65
2026-06-16,2026-07-28,1920.0,PE,0,0,0,302.5
2026-06-16,2026-07-28,1940.0,CE,0,0,0,75.35
2026-06-16,2026-07-28,1940.0,PE,0,0,0,184.25
2026-06-16,2026-07-28,1960.0,CE,0,0,0,40.1
2026-06-16,2026-07-28,1960.0,PE,0,0,0,334.4
2026-06-16,2026-07-28,2000.0,CE,104500,11400,128,14.3
2026-06-16,2026-07-28,2000.0,PE,1425,0,0,195.0
2026-06-16,2026-07-28,2040.0,CE,18050,1900,12,10.05
2026-06-16,2026-07-28,2040.0,PE,0,0,0,381.85
2026-06-16,2026-08-25,1520.0,CE,0,0,0,342.75
2026-06-16,2026-08-25,1520.0,PE,0,0,0,29.1
2026-06-16,2026-08-25,1600.0,CE,0,0,0,282.3
2026-06-16,2026-08-25,1600.0,PE,475,0,0,14.45
2026-06-16,2026-08-25,1680.0,CE,0,0,0,228.25
2026-06-16,2026-08-25,1680.0,PE,0,0,0,72.25
2026-06-16,2026-08-25,1720.0,CE,0,0,0,203.95
2026-06-16,2026-08-25,1720.0,PE,0,0,0,87.35
2026-06-16,2026-08-25,1760.0,CE,0,0,0,181.45
2026-06-16,2026-08-25,1760.0,PE,0,0,0,104.25
2026-06-16,2026-08-25,1800.0,CE,475,0,0,100.0
2026-06-16,2026-08-25,1800.0,PE,950,0,0,80.0
2026-06-16,2026-08-25,1840.0,CE,0,0,0,141.75
2026-06-16,2026-08-25,1840.0,PE,0,0,0,143.4
2026-06-16,2026-08-25,1880.0,CE,0,0,0,124.55
2026-06-16,2026-08-25,1880.0,PE,0,0,0,165.55
2026-06-16,2026-08-25,1920.0,CE,0,0,0,108.95
2026-06-16,2026-08-25,1920.0,PE,0,0,0,189.4
2026-06-16,2026-08-25,1960.0,CE,0,0,0,94.95
2026-06-16,2026-08-25,1960.0,PE,0,0,0,214.8
2026-06-16,2026-08-25,2000.0,CE,0,0,0,82.45
2026-06-16,2026-08-25,2000.0,PE,0,0,0,241.7
2026-06-16,2026-08-25,2080.0,CE,0,0,0,61.55
2026-06-16,2026-08-25,2080.0,PE,0,0,0,299.6
2026-06-17,2026-06-30,1440.0,CE,4275,0,0,380.0
2026-06-17,2026-06-30,1440.0,PE,37525,1425,1756,0.55
2026-06-17,2026-06-30,1480.0,CE,475,0,0,325.0
2026-06-17,2026-06-30,1480.0,PE,23275,-475,7,0.9
2026-06-17,2026-06-30,1500.0,PE,85975,0,2,0.8
2026-06-17,2026-06-30,1520.0,CE,6175,0,0,270.5
2026-06-17,2026-06-30,1520.0,PE,11400,0,0,0.75
2026-06-17,2026-06-30,1540.0,CE,4275,0,0,298.0
2026-06-17,2026-06-30,1540.0,PE,20900,-475,2,0.7
2026-06-17,2026-06-30,1560.0,CE,3325,0,0,275.1
2026-06-17,2026-06-30,1560.0,PE,36575,475,5,1.0
2026-06-17,2026-06-30,1580.0,CE,3800,0,0,225.0
2026-06-17,2026-06-30,1580.0,PE,13775,-950,4,0.8
2026-06-17,2026-06-30,1600.0,CE,140125,-9975,22,237.0
2026-06-17,2026-06-30,1600.0,PE,416100,7125,87,1.1
2026-06-17,2026-06-30,1620.0,CE,6650,0,0,194.0
2026-06-17,2026-06-30,1620.0,PE,36575,-3325,10,0.95
2026-06-17,2026-06-30,1640.0,CE,32300,0,0,192.2
2026-06-17,2026-06-30,1640.0,PE,89300,-950,20,1.35
2026-06-17,2026-06-30,1660.0,CE,22800,0,0,133.0
2026-06-17,2026-06-30,1660.0,PE,104025,-30400,114,1.6
2026-06-17,2026-06-30,1680.0,CE,17100,0,0,118.1
2026-06-17,2026-06-30,1680.0,PE,164350,7125,241,2.15
2026-06-17,2026-06-30,1700.0,CE,351025,-4750,89,137.9
2026-06-17,2026-06-30,1700.0,PE,659775,20425,827,2.85
2026-06-17,2026-06-30,1720.0,CE,10450,0,0,116.65
2026-06-17,2026-06-30,1720.0,PE,196650,43225,764,4.1
2026-06-17,2026-06-30,1740.0,CE,47975,2375,35,103.2
2026-06-17,2026-06-30,1740.0,PE,185725,3800,687,5.8
2026-06-17,2026-06-30,1760.0,CE,122075,4275,90,83.95
2026-06-17,2026-06-30,1760.0,PE,256500,-13775,1067,8.45
2026-06-17,2026-06-30,1780.0,CE,116850,-9500,181,67.8
2026-06-17,2026-06-30,1780.0,PE,366700,-36575,759,12.25
2026-06-17,2026-06-30,1800.0,CE,877800,-29450,2127,54.65
2026-06-17,2026-06-30,1800.0,PE,720100,20425,2747,17.6
2026-06-17,2026-06-30,1820.0,CE,601825,18525,2828,41.8
2026-06-17,2026-06-30,1820.0,PE,406600,47500,1471,25.0
2026-06-17,2026-06-30,1840.0,CE,793725,-3800,3157,30.95
2026-06-17,2026-06-30,1840.0,PE,255550,33250,723,34.4
2026-06-17,2026-06-30,1860.0,CE,442700,27075,2007,22.45
2026-06-17,2026-06-30,1860.0,PE,110675,5225,273,45.8
2026-06-17,2026-06-30,1880.0,CE,393300,8550,895,15.95
2026-06-17,2026-06-30,1880.0,PE,41800,0,0,79.5
2026-06-17,2026-06-30,1900.0,CE,1443050,16150,2065,11.25
2026-06-17,2026-06-30,1900.0,PE,108775,9500,58,74.35
2026-06-17,2026-06-30,1920.0,CE,221825,7125,463,7.95
2026-06-17,2026-06-30,1920.0,PE,4275,0,0,123.0
2026-06-17,2026-06-30,1940.0,CE,266475,3325,541,5.6
2026-06-17,2026-06-30,1940.0,PE,0,0,0,309.2
2026-06-17,2026-06-30,1960.0,CE,288325,72675,562,4.15
2026-06-17,2026-06-30,1960.0,PE,475,0,0,148.95
2026-06-17,2026-06-30,1980.0,CE,234175,2850,32,2.9
2026-06-17,2026-06-30,1980.0,PE,1425,0,0,218.0
2026-06-17,2026-06-30,2000.0,CE,814625,54625,557,2.5
2026-06-17,2026-06-30,2000.0,PE,18050,0,0,207.0
2026-06-17,2026-06-30,2040.0,CE,165775,31350,845,1.65
2026-06-17,2026-06-30,2040.0,PE,0,0,0,396.75
2026-06-17,2026-07-28,1600.0,CE,2375,0,0,243.0
2026-06-17,2026-07-28,1600.0,PE,61275,-950,62,4.15
2026-06-17,2026-07-28,1640.0,CE,1900,0,0,192.0
2026-06-17,2026-07-28,1640.0,PE,20425,3325,72,6.45
2026-06-17,2026-07-28,1660.0,CE,1425,0,0,168.15
2026-06-17,2026-07-28,1660.0,PE,0,0,0,48.4
2026-06-17,2026-07-28,1680.0,CE,1425,0,0,149.5
2026-06-17,2026-07-28,1680.0,PE,5225,0,0,23.5
2026-06-17,2026-07-28,1700.0,CE,15200,11400,25,157.0
2026-06-17,2026-07-28,1700.0,PE,124925,10925,147,12.5
2026-06-17,2026-07-28,1720.0,CE,0,0,0,105.0
2026-06-17,2026-07-28,1720.0,PE,1425,0,0,27.15
2026-06-17,2026-07-28,1740.0,CE,0,0,0,165.65
2026-06-17,2026-07-28,1740.0,PE,0,0,0,76.6
2026-06-17,2026-07-28,1760.0,CE,4275,0,0,98.2
2026-06-17,2026-07-28,1760.0,PE,46075,16150,68,23.9
2026-06-17,2026-07-28,1780.0,CE,2850,0,0,90.0
2026-06-17,2026-07-28,1780.0,PE,950,0,0,57.0
2026-06-17,2026-07-28,1800.0,CE,275975,88350,267,84.55
2026-06-17,2026-07-28,1800.0,PE,132050,15200,108,36.65
2026-06-17,2026-07-28,1820.0,CE,10450,5700,33,72.0
2026-06-17,2026-07-28,1820.0,PE,7600,0,0,67.0
2026-06-17,2026-07-28,1840.0,CE,218025,43225,160,59.35
2026-06-17,2026-07-28,1840.0,PE,30875,0,0,57.3
2026-06-17,2026-07-28,1860.0,CE,58900,2375,20,50.7
2026-06-17,2026-07-28,1860.0,PE,2375,0,0,72.0
2026-06-17,2026-07-28,1880.0,CE,0,0,0,56.25
2026-06-17,2026-07-28,1880.0,PE,0,0,0,271.7
2026-06-17,2026-07-28,1900.0,CE,25175,6650,30,35.9
2026-06-17,2026-07-28,1900.0,PE,0,0,0,158.7
2026-06-17,2026-07-28,1920.0,CE,0,0,0,47.65
2026-06-17,2026-07-28,1920.0,PE,0,0,0,302.5
2026-06-17,2026-07-28,1940.0,CE,0,0,0,75.35
2026-06-17,2026-07-28,1940.0,PE,0,0,0,184.25
2026-06-17,2026-07-28,1960.0,CE,0,0,0,40.1
2026-06-17,2026-07-28,1960.0,PE,0,0,0,334.4
2026-06-17,2026-07-28,2000.0,CE,115900,11400,222,14.05
2026-06-17,2026-07-28,2000.0,PE,1425,0,0,195.0
2026-06-17,2026-07-28,2040.0,CE,21375,3325,30,9.3
2026-06-17,2026-07-28,2040.0,PE,0,0,0,381.85
2026-06-17,2026-08-25,1520.0,CE,0,0,0,342.75
2026-06-17,2026-08-25,1520.0,PE,0,0,0,29.1
2026-06-17,2026-08-25,1600.0,CE,0,0,0,282.3
2026-06-17,2026-08-25,1600.0,PE,475,0,0,14.45
2026-06-17,2026-08-25,1680.0,CE,0,0,0,228.25
2026-06-17,2026-08-25,1680.0,PE,0,0,0,72.25
2026-06-17,2026-08-25,1720.0,CE,0,0,0,203.95
2026-06-17,2026-08-25,1720.0,PE,0,0,0,87.35
2026-06-17,2026-08-25,1760.0,CE,0,0,0,181.45
2026-06-17,2026-08-25,1760.0,PE,0,0,0,104.25
2026-06-17,2026-08-25,1800.0,CE,475,0,0,100.0
2026-06-17,2026-08-25,1800.0,PE,950,0,0,80.0
2026-06-17,2026-08-25,1840.0,CE,0,0,0,141.75
2026-06-17,2026-08-25,1840.0,PE,0,0,0,143.4
2026-06-17,2026-08-25,1880.0,CE,0,0,0,124.55
2026-06-17,2026-08-25,1880.0,PE,0,0,0,165.55
2026-06-17,2026-08-25,1920.0,CE,0,0,0,108.95
2026-06-17,2026-08-25,1920.0,PE,0,0,0,189.4
2026-06-17,2026-08-25,1960.0,CE,0,0,0,94.95
2026-06-17,2026-08-25,1960.0,PE,0,0,0,214.8
2026-06-17,2026-08-25,2000.0,CE,0,0,0,82.45
2026-06-17,2026-08-25,2000.0,PE,0,0,0,241.7
2026-06-17,2026-08-25,2080.0,CE,0,0,0,61.55
2026-06-17,2026-08-25,2080.0,PE,0,0,0,299.6
2026-06-18,2026-06-30,1440.0,CE,4275,0,0,380.0
2026-06-18,2026-06-30,1440.0,PE,38475,950,35,0.4
2026-06-18,2026-06-30,1480.0,CE,475,0,0,325.0
2026-06-18,2026-06-30,1480.0,PE,23275,0,2,0.5
2026-06-18,2026-06-30,1500.0,PE,81700,-4275,18,0.75
2026-06-18,2026-06-30,1520.0,CE,7125,950,2,322.5
2026-06-18,2026-06-30,1520.0,PE,10925,-475,3,0.5
2026-06-18,2026-06-30,1540.0,CE,4750,475,2,302.5
2026-06-18,2026-06-30,1540.0,PE,20900,0,0,0.7
2026-06-18,2026-06-30,1560.0,CE,3325,0,0,275.1
2026-06-18,2026-06-30,1560.0,PE,36575,0,0,1.0
2026-06-18,2026-06-30,1580.0,CE,3800,0,0,225.0
2026-06-18,2026-06-30,1580.0,PE,12350,-1425,6,0.7
2026-06-18,2026-06-30,1600.0,CE,140125,0,0,237.0
2026-06-18,2026-06-30,1600.0,PE,414675,-1425,59,0.95
2026-06-18,2026-06-30,1620.0,CE,6650,0,0,194.0
2026-06-18,2026-06-30,1620.0,PE,36100,-475,7,0.75
2026-06-18,2026-06-30,1640.0,CE,32300,0,0,192.2
2026-06-18,2026-06-30,1640.0,PE,86450,-2850,38,1.1
2026-06-18,2026-06-30,1660.0,CE,22800,0,0,133.0
2026-06-18,2026-06-30,1660.0,PE,98800,-5225,99,1.2
2026-06-18,2026-06-30,1680.0,CE,17100,0,0,118.1
2026-06-18,2026-06-30,1680.0,PE,161500,-2850,55,1.55
2026-06-18,2026-06-30,1700.0,CE,345325,-5700,97,149.8
2026-06-18,2026-06-30,1700.0,PE,632700,-27075,733,2.05
2026-06-18,2026-06-30,1720.0,CE,10450,0,0,116.65
2026-06-18,2026-06-30,1720.0,PE,228475,31825,492,3.1
2026-06-18,2026-06-30,1740.0,CE,47025,-950,21,113.5
2026-06-18,2026-06-30,1740.0,PE,205675,19950,649,4.0
2026-06-18,2026-06-30,1760.0,CE,116375,-5700,46,95.25
2026-06-18,2026-06-30,1760.0,PE,287850,31350,1309,5.9
2026-06-18,2026-06-30,1780.0,CE,115425,-1425,155,76.2
2026-06-18,2026-06-30,1780.0,PE,339150,-27550,1100,8.5
2026-06-18,2026-06-30,1800.0,CE,808450,-69350,1836,61.25
2026-06-18,2026-06-30,1800.0,PE,714400,-5700,3125,12.75
2026-06-18,2026-06-30,1820.0,CE,588525,-13300,3389,46.6
2026-06-18,2026-06-30,1820.0,PE,423700,17100,1775,18.4
2026-06-18,2026-06-30,1840.0,CE,785175,-8550,5434,35.05
2026-06-18,2026-06-30,1840.0,PE,367175,111625,2093,26.3
2026-06-18,2026-06-30,1860.0,CE,485450,42750,3528,25.4
2026-06-18,2026-06-30,1860.0,PE,135850,25175,606,36.4
2026-06-18,2026-06-30,1880.0,CE,376200,-17100,1597,18.35
2026-06-18,2026-06-30,1880.0,PE,52250,10450,160,48.65
2026-06-18,2026-06-30,1900.0,CE,1442100,-950,3559,12.6
2026-06-18,2026-06-30,1900.0,PE,123025,14250,155,62.85
2026-06-18,2026-06-30,1920.0,CE,255075,33250,1062,8.55
2026-06-18,2026-06-30,1920.0,PE,4275,0,0,123.0
2026-06-18,2026-06-30,1940.0,CE,237500,-28975,1128,5.9
2026-06-18,2026-06-30,1940.0,PE,0,0,0,309.2
2026-06-18,2026-06-30,1960.0,CE,204250,-84075,773,3.85
2026-06-18,2026-06-30,1960.0,PE,475,0,0,148.95
2026-06-18,2026-06-30,1980.0,CE,209000,-25175,163,3.2
2026-06-18,2026-06-30,1980.0,PE,1425,0,0,218.0
2026-06-18,2026-06-30,2000.0,CE,595175,-219450,1655,2.2
2026-06-18,2026-06-30,2000.0,PE,18050,0,0,207.0
2026-06-18,2026-06-30,2040.0,CE,142025,-23750,452,1.1
2026-06-18,2026-06-30,2040.0,PE,0,0,0,396.75
2026-06-18,2026-07-28,1600.0,CE,2375,0,0,243.0
2026-06-18,2026-07-28,1600.0,PE,45125,-16150,80,4.45
2026-06-18,2026-07-28,1640.0,CE,1900,0,0,192.0
2026-06-18,2026-07-28,1640.0,PE,22325,1900,12,5.6
2026-06-18,2026-07-28,1660.0,CE,1425,0,3,193.0
2026-06-18,2026-07-28,1660.0,PE,3325,3325,7,7.1
2026-06-18,2026-07-28,1680.0,CE,1425,0,0,149.5
2026-06-18,2026-07-28,1680.0,PE,6175,950,18,9.5
2026-06-18,2026-07-28,1700.0,CE,15200,0,1,157.0
2026-06-18,2026-07-28,1700.0,PE,120650,-4275,164,11.25
2026-06-18,2026-07-28,1720.0,CE,0,0,0,105.0
2026-06-18,2026-07-28,1720.0,PE,950,-475,5,15.05
2026-06-18,2026-07-28,1740.0,CE,0,0,0,165.65
2026-06-18,2026-07-28,1740.0,PE,0,0,0,76.6
2026-06-18,2026-07-28,1760.0,CE,4275,0,0,98.2
2026-06-18,2026-07-28,1760.0,PE,60325,14250,45,21.2
2026-06-18,2026-07-28,1780.0,CE,2850,0,0,90.0
2026-06-18,2026-07-28,1780.0,PE,950,0,0,57.0
2026-06-18,2026-07-28,1800.0,CE,306850,30875,173,92.05
2026-06-18,2026-07-28,1800.0,PE,131100,-950,202,32.35
2026-06-18,2026-07-28,1820.0,CE,7600,-2850,38,79.1
2026-06-18,2026-07-28,1820.0,PE,7600,0,0,67.0
2026-06-18,2026-07-28,1840.0,CE,223725,5700,64,66.35
2026-06-18,2026-07-28,1840.0,PE,32300,1425,38,47.7
2026-06-18,2026-07-28,1860.0,CE,64600,5700,43,57.95
2026-06-18,2026-07-28,1860.0,PE,26125,23750,90,56.55
2026-06-18,2026-07-28,1880.0,CE,0,0,0,56.25
2026-06-18,2026-07-28,1880.0,PE,0,0,0,271.7
2026-06-18,2026-07-28,1900.0,CE,65075,39900,156,41.35
2026-06-18,2026-07-28,1900.0,PE,950,950,2,87.0
2026-06-18,2026-07-28,1920.0,CE,0,0,0,47.65
2026-06-18,2026-07-28,1920.0,PE,0,0,0,302.5
2026-06-18,2026-07-28,1940.0,CE,0,0,0,75.35
2026-06-18,2026-07-28,1940.0,PE,0,0,0,184.25
2026-06-18,2026-07-28,1960.0,CE,0,0,0,40.1
2026-06-18,2026-07-28,1960.0,PE,0,0,0,334.4
2026-06-18,2026-07-28,2000.0,CE,138700,22800,201,15.65
2026-06-18,2026-07-28,2000.0,PE,1425,0,0,195.0
2026-06-18,2026-07-28,2040.0,CE,47500,26125,78,10.05
2026-06-18,2026-07-28,2040.0,PE,0,0,0,381.85
2026-06-18,2026-08-25,1520.0,CE,0,0,0,342.75
2026-06-18,2026-08-25,1520.0,PE,0,0,0,29.1
2026-06-18,2026-08-25,1600.0,CE,0,0,0,282.3
2026-06-18,2026-08-25,1600.0,PE,475,0,0,14.45
2026-06-18,2026-08-25,1680.0,CE,0,0,0,228.25
2026-06-18,2026-08-25,1680.0,PE,0,0,0,72.25
2026-06-18,2026-08-25,1720.0,CE,0,0,0,203.95
2026-06-18,2026-08-25,1720.0,PE,0,0,0,87.35
2026-06-18,2026-08-25,1760.0,CE,0,0,0,181.45
2026-06-18,2026-08-25,1760.0,PE,0,0,0,104.25
2026-06-18,2026-08-25,1800.0,CE,475,0,0,100.0
2026-06-18,2026-08-25,1800.0,PE,950,0,0,80.0
2026-06-18,2026-08-25,1840.0,CE,0,0,0,141.75
2026-06-18,2026-08-25,1840.0,PE,0,0,0,143.4
2026-06-18,2026-08-25,1880.0,CE,0,0,0,124.55
2026-06-18,2026-08-25,1880.0,PE,0,0,0,165.55
2026-06-18,2026-08-25,1920.0,CE,0,0,0,108.95
2026-06-18,2026-08-25,1920.0,PE,0,0,0,189.4
2026-06-18,2026-08-25,1960.0,CE,0,0,0,94.95
2026-06-18,2026-08-25,1960.0,PE,0,0,0,214.8
2026-06-18,2026-08-25,2000.0,CE,475,475,1,45.0
2026-06-18,2026-08-25,2000.0,PE,0,0,0,241.7
2026-06-18,2026-08-25,2080.0,CE,0,0,0,61.55
2026-06-18,2026-08-25,2080.0,PE,0,0,0,299.6
2026-06-19,2026-06-30,1440.0,CE,4275,0,0,380.0
2026-06-19,2026-06-30,1440.0,PE,38000,-475,2,0.3
2026-06-19,2026-06-30,1480.0,CE,475,0,0,325.0
2026-06-19,2026-06-30,1480.0,PE,23275,0,0,0.5
2026-06-19,2026-06-30,1500.0,PE,81700,0,1,0.9
2026-06-19,2026-06-30,1520.0,CE,7600,475,1,323.0
2026-06-19,2026-06-30,1520.0,PE,10925,0,0,0.5
2026-06-19,2026-06-30,1540.0,CE,4750,0,0,302.5
2026-06-19,2026-06-30,1540.0,PE,20900,0,0,0.7
2026-06-19,2026-06-30,1560.0,CE,3325,0,0,275.1
2026-06-19,2026-06-30,1560.0,PE,36575,0,0,1.0
2026-06-19,2026-06-30,1580.0,CE,3325,-475,1,262.0
2026-06-19,2026-06-30,1580.0,PE,13775,1425,13,0.4
2026-06-19,2026-06-30,1600.0,CE,140125,0,1,240.0
2026-06-19,2026-06-30,1600.0,PE,438425,23750,155,0.8
2026-06-19,2026-06-30,1620.0,CE,6650,0,0,194.0
2026-06-19,2026-06-30,1620.0,PE,29450,-6650,27,1.1
2026-06-19,2026-06-30,1640.0,CE,32775,475,2,205.0
2026-06-19,2026-06-30,1640.0,PE,84075,-2375,8,1.2
2026-06-19,2026-06-30,1660.0,CE,22800,0,0,133.0
2026-06-19,2026-06-30,1660.0,PE,97375,-1425,21,1.15
2026-06-19,2026-06-30,1680.0,CE,17100,0,0,118.1
2026-06-19,2026-06-30,1680.0,PE,103075,-58425,377,1.5
2026-06-19,2026-06-30,1700.0,CE,342950,-2375,73,143.8
2026-06-19,2026-06-30,1700.0,PE,554325,-78375,682,1.9
2026-06-19,2026-06-30,1720.0,CE,10450,0,1,127.5
2026-06-19,2026-06-30,1720.0,PE,234650,6175,550,2.55
2026-06-19,2026-06-30,1740.0,CE,45600,-1425,56,104.6
2026-06-19,2026-06-30,1740.0,PE,228475,22800,417,3.35
2026-06-19,2026-06-30,1760.0,CE,115425,-950,10,87.6
2026-06-19,2026-06-30,1760.0,PE,283575,-4275,866,5.1
2026-06-19,2026-06-30,1780.0,CE,112575,-2850,156,69.85
2026-06-19,2026-06-30,1780.0,PE,279300,-59850,1878,7.8
2026-06-19,2026-06-30,1800.0,CE,789925,-18525,992,54.05
2026-06-19,2026-06-30,1800.0,PE,708700,-5700,2731,12.05
2026-06-19,2026-06-30,1820.0,CE,554800,-33725,2184,41.05
2026-06-19,2026-06-30,1820.0,PE,553375,129675,3625,19.0
2026-06-19,2026-06-30,1840.0,CE,941450,156275,5705,29.8
2026-06-19,2026-06-30,1840.0,PE,411350,44175,2905,27.5
2026-06-19,2026-06-30,1860.0,CE,638875,153425,3805,21.1
2026-06-19,2026-06-30,1860.0,PE,192375,56525,1009,38.8
2026-06-19,2026-06-30,1880.0,CE,373825,-2375,1742,14.45
2026-06-19,2026-06-30,1880.0,PE,56050,3800,204,52.15
2026-06-19,2026-06-30,1900.0,CE,1436875,-5225,3510,10.1
2026-06-19,2026-06-30,1900.0,PE,120175,-2850,179,68.05
2026-06-19,2026-06-30,1920.0,CE,255075,0,913,6.8
2026-06-19,2026-06-30,1920.0,PE,4275,0,0,123.0
2026-06-19,2026-06-30,1940.0,CE,247475,9975,1389,4.7
2026-06-19,2026-06-30,1940.0,PE,0,0,0,309.2
2026-06-19,2026-06-30,1960.0,CE,168625,-35625,608,3.35
2026-06-19,2026-06-30,1960.0,PE,475,0,0,148.95
2026-06-19,2026-06-30,1980.0,CE,222300,13300,96,2.35
2026-06-19,2026-06-30,1980.0,PE,1425,0,0,218.0
2026-06-19,2026-06-30,2000.0,CE,595650,475,525,2.0
2026-06-19,2026-06-30,2000.0,PE,18525,475,2,156.1
2026-06-19,2026-06-30,2040.0,CE,131100,-10925,224,1.2
2026-06-19,2026-06-30,2040.0,PE,0,0,0,396.75
2026-06-19,2026-07-28,1600.0,CE,2850,475,1,252.0
2026-06-19,2026-07-28,1600.0,PE,43700,-1425,44,4.25
2026-06-19,2026-07-28,1640.0,CE,1900,0,0,192.0
2026-06-19,2026-07-28,1640.0,PE,23275,950,23,6.4
2026-06-19,2026-07-28,1660.0,CE,1425,0,0,193.0
2026-06-19,2026-07-28,1660.0,PE,5225,1900,8,8.0
2026-06-19,2026-07-28,1680.0,CE,1900,475,1,182.0
2026-06-19,2026-07-28,1680.0,PE,6175,0,0,9.5
2026-06-19,2026-07-28,1700.0,CE,15675,475,2,154.0
2026-06-19,2026-07-28,1700.0,PE,138700,18050,154,12.05
2026-06-19,2026-07-28,1720.0,CE,0,0,0,105.0
2026-06-19,2026-07-28,1720.0,PE,950,0,0,15.05
2026-06-19,2026-07-28,1740.0,CE,0,0,0,165.65
2026-06-19,2026-07-28,1740.0,PE,0,0,0,76.6
2026-06-19,2026-07-28,1760.0,CE,4750,475,1,113.5
2026-06-19,2026-07-28,1760.0,PE,57000,-3325,30,23.7
2026-06-19,2026-07-28,1780.0,CE,2850,0,0,90.0
2026-06-19,2026-07-28,1780.0,PE,950,0,0,57.0
2026-06-19,2026-07-28,1800.0,CE,309700,2850,104,88.35
2026-06-19,2026-07-28,1800.0,PE,131100,0,127,35.3
2026-06-19,2026-07-28,1820.0,CE,7125,-475,15,75.9
2026-06-19,2026-07-28,1820.0,PE,7600,0,0,67.0
2026-06-19,2026-07-28,1840.0,CE,224675,950,43,61.3
2026-06-19,2026-07-28,1840.0,PE,32775,475,21,50.75
2026-06-19,2026-07-28,1860.0,CE,66500,1900,51,52.5
2026-06-19,2026-07-28,1860.0,PE,29450,3325,9,62.3
2026-06-19,2026-07-28,1880.0,CE,0,0,0,56.25
2026-06-19,2026-07-28,1880.0,PE,0,0,0,271.7
2026-06-19,2026-07-28,1900.0,CE,117325,52250,265,38.3
2026-06-19,2026-07-28,1900.0,PE,950,0,0,87.0
2026-06-19,2026-07-28,1920.0,CE,0,0,0,47.65
2026-06-19,2026-07-28,1920.0,PE,0,0,0,302.5
2026-06-19,2026-07-28,1940.0,CE,0,0,0,75.35
2026-06-19,2026-07-28,1940.0,PE,0,0,0,184.25
2026-06-19,2026-07-28,1960.0,CE,0,0,0,40.1
2026-06-19,2026-07-28,1960.0,PE,0,0,0,334.4
2026-06-19,2026-07-28,1980.0,CE,0,0,0,63.15
2026-06-19,2026-07-28,1980.0,PE,0,0,0,211.65
2026-06-19,2026-07-28,2000.0,CE,155325,16625,111,14.7
2026-06-19,2026-07-28,2000.0,PE,2375,950,2,163.0
2026-06-19,2026-07-28,2040.0,CE,50825,3325,35,9.95
2026-06-19,2026-07-28,2040.0,PE,0,0,0,381.85
2026-06-19,2026-08-25,1520.0,CE,0,0,0,342.75
2026-06-19,2026-08-25,1520.0,PE,0,0,0,29.1
2026-06-19,2026-08-25,1600.0,CE,0,0,0,282.3
2026-06-19,2026-08-25,1600.0,PE,475,0,0,14.45
2026-06-19,2026-08-25,1680.0,CE,0,0,0,228.25
2026-06-19,2026-08-25,1680.0,PE,0,0,0,72.25
2026-06-19,2026-08-25,1720.0,CE,0,0,0,203.95
2026-06-19,2026-08-25,1720.0,PE,0,0,0,87.35
2026-06-19,2026-08-25,1760.0,CE,0,0,0,181.45
2026-06-19,2026-08-25,1760.0,PE,0,0,0,104.25
2026-06-19,2026-08-25,1800.0,CE,475,0,0,100.0
2026-06-19,2026-08-25,1800.0,PE,950,0,0,80.0
2026-06-19,2026-08-25,1840.0,CE,0,0,0,141.75
2026-06-19,2026-08-25,1840.0,PE,0,0,0,143.4
2026-06-19,2026-08-25,1880.0,CE,0,0,0,124.55
2026-06-19,2026-08-25,1880.0,PE,0,0,0,165.55
2026-06-19,2026-08-25,1920.0,CE,0,0,0,108.95
2026-06-19,2026-08-25,1920.0,PE,0,0,0,189.4
2026-06-19,2026-08-25,1960.0,CE,0,0,0,94.95
2026-06-19,2026-08-25,1960.0,PE,0,0,0,214.8
2026-06-19,2026-08-25,2000.0,CE,0,-475,1,30.0
2026-06-19,2026-08-25,2000.0,PE,0,0,0,241.7
2026-06-19,2026-08-25,2080.0,CE,0,0,0,61.55
2026-06-19,2026-08-25,2080.0,PE,0,0,0,299.6
2026-06-22,2026-06-30,1440.0,CE,4275,0,0,380.0
2026-06-22,2026-06-30,1440.0,PE,38950,950,6,0.35
2026-06-22,2026-06-30,1480.0,CE,475,0,0,325.0
2026-06-22,2026-06-30,1480.0,PE,23275,0,1,0.3
2026-06-22,2026-06-30,1500.0,PE,81700,0,0,0.9
2026-06-22,2026-06-30,1520.0,CE,7600,0,0,323.0
2026-06-22,2026-06-30,1520.0,PE,10925,0,1,0.55
2026-06-22,2026-06-30,1540.0,CE,4750,0,5,280.0
2026-06-22,2026-06-30,1540.0,PE,19950,-950,5,0.5
2026-06-22,2026-06-30,1560.0,CE,3325,0,0,275.1
2026-06-22,2026-06-30,1560.0,PE,21850,-14725,63,0.65
2026-06-22,2026-06-30,1580.0,CE,3325,0,0,262.0
2026-06-22,2026-06-30,1580.0,PE,13775,0,0,0.4
2026-06-22,2026-06-30,1600.0,CE,123975,-16150,34,233.25
2026-06-22,2026-06-30,1600.0,PE,439375,950,204,0.8
2026-06-22,2026-06-30,1620.0,CE,6650,0,0,194.0
2026-06-22,2026-06-30,1620.0,PE,28975,-475,13,0.75
2026-06-22,2026-06-30,1640.0,CE,32300,-475,1,187.2
2026-06-22,2026-06-30,1640.0,PE,85025,950,11,0.7
2026-06-22,2026-06-30,1660.0,CE,22325,-475,1,172.25
2026-06-22,2026-06-30,1660.0,PE,92625,-4750,109,0.8
2026-06-22,2026-06-30,1680.0,CE,17100,0,0,118.1
2026-06-22,2026-06-30,1680.0,PE,125400,22325,195,1.0
2026-06-22,2026-06-30,1700.0,CE,340100,-2850,42,133.9
2026-06-22,2026-06-30,1700.0,PE,561450,7125,579,1.5
2026-06-22,2026-06-30,1720.0,CE,10450,0,0,127.5
2026-06-22,2026-06-30,1720.0,PE,191425,-43225,649,1.8
2026-06-22,2026-06-30,1740.0,CE,41325,-4275,31,94.25
2026-06-22,2026-06-30,1740.0,PE,236550,8075,652,2.6
2026-06-22,2026-06-30,1760.0,CE,114475,-950,100,75.85
2026-06-22,2026-06-30,1760.0,PE,329175,45600,1331,4.2
2026-06-22,2026-06-30,1780.0,CE,103550,-9025,316,59.5
2026-06-22,2026-06-30,1780.0,PE,260775,-18525,1995,7.05
2026-06-22,2026-06-30,1800.0,CE,843125,53200,2029,44.0
2026-06-22,2026-06-30,1800.0,PE,782800,74100,3642,11.95
2026-06-22,2026-06-30,1820.0,CE,798000,243200,5191,31.7
2026-06-22,2026-06-30,1820.0,PE,572375,19000,3945,19.6
2026-06-22,2026-06-30,1840.0,CE,1098675,157225,7031,22.35
2026-06-22,2026-06-30,1840.0,PE,474050,62700,1629,29.85
2026-06-22,2026-06-30,1860.0,CE,656450,17575,2737,15.05
2026-06-22,2026-06-30,1860.0,PE,166725,-25650,458,42.6
2026-06-22,2026-06-30,1880.0,CE,427025,53200,2073,10.0
2026-06-22,2026-06-30,1880.0,PE,55575,-475,87,57.5
2026-06-22,2026-06-30,1900.0,CE,1471075,34200,4508,6.6
2026-06-22,2026-06-30,1900.0,PE,113525,-6650,93,73.55
2026-06-22,2026-06-30,1920.0,CE,241775,-13300,1470,4.3
2026-06-22,2026-06-30,1920.0,PE,4275,0,0,123.0
2026-06-22,2026-06-30,1940.0,CE,293075,45600,1101,2.85
2026-06-22,2026-06-30,1940.0,PE,0,0,0,309.2
2026-06-22,2026-06-30,1960.0,CE,228000,59375,495,1.9
2026-06-22,2026-06-30,1960.0,PE,475,0,0,148.95
2026-06-22,2026-06-30,1980.0,CE,193325,-28975,307,1.5
2026-06-22,2026-06-30,1980.0,PE,1425,0,0,218.0
2026-06-22,2026-06-30,2000.0,CE,552900,-42750,1460,1.25
2026-06-22,2026-06-30,2000.0,PE,18525,0,0,156.1
2026-06-22,2026-06-30,2040.0,CE,134900,3800,442,0.8
2026-06-22,2026-06-30,2040.0,PE,0,0,0,396.75
2026-06-22,2026-07-28,1600.0,CE,18525,15675,33,224.0
2026-06-22,2026-07-28,1600.0,PE,48450,4750,30,4.15
2026-06-22,2026-07-28,1640.0,CE,1900,0,0,192.0
2026-06-22,2026-07-28,1640.0,PE,28975,5700,26,6.35
2026-06-22,2026-07-28,1660.0,CE,1425,0,0,193.0
2026-06-22,2026-07-28,1660.0,PE,19475,14250,38,7.9
2026-06-22,2026-07-28,1680.0,CE,1900,0,0,182.0
2026-06-22,2026-07-28,1680.0,PE,6650,475,3,10.3
2026-06-22,2026-07-28,1700.0,CE,17575,1900,5,154.5
2026-06-22,2026-07-28,1700.0,PE,145350,6650,106,12.15
2026-06-22,2026-07-28,1720.0,CE,0,0,0,105.0
2026-06-22,2026-07-28,1720.0,PE,950,0,0,15.05
2026-06-22,2026-07-28,1740.0,CE,0,0,0,165.65
2026-06-22,2026-07-28,1740.0,PE,0,0,0,76.6
2026-06-22,2026-07-28,1760.0,CE,4275,-475,1,109.2
2026-06-22,2026-07-28,1760.0,PE,85025,28025,96,24.35
2026-06-22,2026-07-28,1780.0,CE,3325,475,1,90.0
2026-06-22,2026-07-28,1780.0,PE,950,0,0,57.0
2026-06-22,2026-07-28,1800.0,CE,308275,-1425,106,80.0
2026-06-22,2026-07-28,1800.0,PE,145350,14250,168,37.2
2026-06-22,2026-07-28,1820.0,CE,14725,7600,86,69.5
2026-06-22,2026-07-28,1820.0,PE,12825,5225,23,45.5
2026-06-22,2026-07-28,1840.0,CE,254600,29925,216,58.0
2026-06-22,2026-07-28,1840.0,PE,32775,0,13,57.8
2026-06-22,2026-07-28,1860.0,CE,68400,1900,54,48.6
2026-06-22,2026-07-28,1860.0,PE,30875,1425,4,66.0
2026-06-22,2026-07-28,1880.0,CE,0,0,0,56.25
2026-06-22,2026-07-28,1880.0,PE,0,0,0,271.7
2026-06-22,2026-07-28,1900.0,CE,117800,475,244,33.75
2026-06-22,2026-07-28,1900.0,PE,2850,1900,4,89.5
2026-06-22,2026-07-28,1920.0,CE,0,0,0,47.65
2026-06-22,2026-07-28,1920.0,PE,0,0,0,302.5
2026-06-22,2026-07-28,1940.0,CE,0,0,0,75.35
2026-06-22,2026-07-28,1940.0,PE,0,0,0,184.25
2026-06-22,2026-07-28,1960.0,CE,0,0,0,40.1
2026-06-22,2026-07-28,1960.0,PE,0,0,0,334.4
2026-06-22,2026-07-28,1980.0,CE,0,0,0,63.15
2026-06-22,2026-07-28,1980.0,PE,0,0,0,211.65
2026-06-22,2026-07-28,2000.0,CE,196650,41325,214,12.7
2026-06-22,2026-07-28,2000.0,PE,2850,475,1,168.0
2026-06-22,2026-07-28,2040.0,CE,57000,6175,96,8.4
2026-06-22,2026-07-28,2040.0,PE,0,0,0,381.85
2026-06-22,2026-08-25,1520.0,CE,0,0,0,342.75
2026-06-22,2026-08-25,1520.0,PE,0,0,0,29.1
2026-06-22,2026-08-25,1600.0,CE,0,0,0,282.3
2026-06-22,2026-08-25,1600.0,PE,475,0,0,14.45
2026-06-22,2026-08-25,1680.0,CE,0,0,0,228.25
2026-06-22,2026-08-25,1680.0,PE,0,0,0,72.25
2026-06-22,2026-08-25,1720.0,CE,0,0,0,203.95
2026-06-22,2026-08-25,1720.0,PE,0,0,0,87.35
2026-06-22,2026-08-25,1760.0,CE,0,0,0,181.45
2026-06-22,2026-08-25,1760.0,PE,0,0,0,104.25
2026-06-22,2026-08-25,1800.0,CE,475,0,0,100.0
2026-06-22,2026-08-25,1800.0,PE,950,0,0,80.0
2026-06-22,2026-08-25,1840.0,CE,0,0,0,141.75
2026-06-22,2026-08-25,1840.0,PE,0,0,0,143.4
2026-06-22,2026-08-25,1880.0,CE,0,0,0,124.55
2026-06-22,2026-08-25,1880.0,PE,0,0,0,165.55
2026-06-22,2026-08-25,1920.0,CE,475,475,1,56.0
2026-06-22,2026-08-25,1920.0,PE,0,0,0,189.4
2026-06-22,2026-08-25,1960.0,CE,0,0,0,94.95
2026-06-22,2026-08-25,1960.0,PE,0,0,0,214.8
2026-06-22,2026-08-25,2000.0,CE,0,0,0,30.0
2026-06-22,2026-08-25,2000.0,PE,0,0,0,241.7
2026-06-22,2026-08-25,2080.0,CE,0,0,0,61.55
2026-06-22,2026-08-25,2080.0,PE,0,0,0,299.6
2026-06-23,2026-06-30,1440.0,CE,4275,0,0,380.0
2026-06-23,2026-06-30,1440.0,PE,31350,-7600,69,0.25
2026-06-23,2026-06-30,1480.0,CE,475,0,0,325.0
2026-06-23,2026-06-30,1480.0,PE,23275,0,0,0.3
2026-06-23,2026-06-30,1500.0,PE,77425,-4275,14,0.55
2026-06-23,2026-06-30,1520.0,CE,7600,0,2,282.1
2026-06-23,2026-06-30,1520.0,PE,10925,0,0,0.55
2026-06-23,2026-06-30,1540.0,CE,4750,0,0,280.0
2026-06-23,2026-06-30,1540.0,PE,19000,-950,2,0.3
2026-06-23,2026-06-30,1560.0,CE,3325,0,0,275.1
2026-06-23,2026-06-30,1560.0,PE,20425,-1425,12,0.85
2026-06-23,2026-06-30,1580.0,CE,3325,0,0,262.0
2026-06-23,2026-06-30,1580.0,PE,13775,0,0,0.4
2026-06-23,2026-06-30,1600.0,CE,121125,-2850,7,198.0
2026-06-23,2026-06-30,1600.0,PE,460275,20900,488,1.1
2026-06-23,2026-06-30,1620.0,CE,6650,0,0,194.0
2026-06-23,2026-06-30,1620.0,PE,32775,3800,25,1.0
2026-06-23,2026-06-30,1640.0,CE,31825,-475,2,146.5
2026-06-23,2026-06-30,1640.0,PE,84550,-475,9,1.4
2026-06-23,2026-06-30,1660.0,CE,17100,-5225,17,132.3
2026-06-23,2026-06-30,1660.0,PE,90250,-2375,206,1.65
2026-06-23,2026-06-30,1680.0,CE,16150,-950,6,112.7
2026-06-23,2026-06-30,1680.0,PE,150575,25175,389,2.15
2026-06-23,2026-06-30,1700.0,CE,303050,-37050,148,92.3
2026-06-23,2026-06-30,1700.0,PE,485450,-76000,1820,3.25
2026-06-23,2026-06-30,1720.0,CE,11400,950,51,75.5
2026-06-23,2026-06-30,1720.0,PE,117325,-74100,1478,5.1
2026-06-23,2026-06-30,1740.0,CE,40850,-475,121,55.7
2026-06-23,2026-06-30,1740.0,PE,223250,-13300,1638,8.3
2026-06-23,2026-06-30,1760.0,CE,163400,48925,470,41.2
2026-06-23,2026-06-30,1760.0,PE,258875,-70300,2102,13.9
2026-06-23,2026-06-30,1780.0,CE,192375,88825,1283,29.75
2026-06-23,2026-06-30,1780.0,PE,545300,284525,3750,22.25
2026-06-23,2026-06-30,1800.0,CE,1027425,184300,5320,20.75
2026-06-23,2026-06-30,1800.0,PE,780900,-1900,3677,33.25
2026-06-23,2026-06-30,1820.0,CE,911525,113525,5225,14.45
2026-06-23,2026-06-30,1820.0,PE,433200,-139175,3553,46.4
2026-06-23,2026-06-30,1840.0,CE,1332850,234175,6251,10.05
2026-06-23,2026-06-30,1840.0,PE,532950,58900,1584,61.05
2026-06-23,2026-06-30,1860.0,CE,695400,38950,3156,7.1
2026-06-23,2026-06-30,1860.0,PE,186675,19950,471,79.15
2026-06-23,2026-06-30,1880.0,CE,448400,21375,2501,4.9
2026-06-23,2026-06-30,1880.0,PE,52725,-2850,115,95.1
2026-06-23,2026-06-30,1900.0,CE,1413125,-57950,3925,3.65
2026-06-23,2026-06-30,1900.0,PE,110675,-2850,66,115.9
2026-06-23,2026-06-30,1920.0,CE,232750,-9025,839,2.7
2026-06-23,2026-06-30,1920.0,PE,4275,0,0,123.0
2026-06-23,2026-06-30,1940.0,CE,281675,-11400,601,2.1
2026-06-23,2026-06-30,1940.0,PE,0,0,0,309.2
2026-06-23,2026-06-30,1960.0,CE,167675,-60325,307,1.65
2026-06-23,2026-06-30,1960.0,PE,475,0,0,148.95
2026-06-23,2026-06-30,1980.0,CE,126825,-66500,369,1.35
2026-06-23,2026-06-30,1980.0,PE,1425,0,0,218.0
2026-06-23,2026-06-30,2000.0,CE,465500,-87400,836,1.1
2026-06-23,2026-06-30,2000.0,PE,18525,0,0,156.1
2026-06-23,2026-06-30,2040.0,CE,130150,-4750,186,0.7
2026-06-23,2026-06-30,2040.0,PE,0,0,0,396.75
2026-06-23,2026-07-28,1600.0,CE,19000,475,4,211.0
2026-06-23,2026-07-28,1600.0,PE,66975,18525,172,6.85
2026-06-23,2026-07-28,1640.0,CE,2375,475,1,166.0
2026-06-23,2026-07-28,1640.0,PE,33250,4275,52,11.0
2026-06-23,2026-07-28,1660.0,CE,2850,1425,4,149.0
2026-06-23,2026-07-28,1660.0,PE,28500,9025,64,13.65
2026-06-23,2026-07-28,1680.0,CE,4750,2850,6,145.0
2026-06-23,2026-07-28,1680.0,PE,9975,3325,21,17.3
2026-06-23,2026-07-28,1700.0,CE,24700,7125,26,121.85
2026-06-23,2026-07-28,1700.0,PE,192850,47500,546,21.8
2026-06-23,2026-07-28,1720.0,CE,0,0,0,105.0
2026-06-23,2026-07-28,1720.0,PE,950,0,0,15.05
2026-06-23,2026-07-28,1740.0,CE,0,0,0,165.65
2026-06-23,2026-07-28,1740.0,PE,0,0,0,76.6
2026-06-23,2026-07-28,1760.0,CE,6650,2375,32,78.0
2026-06-23,2026-07-28,1760.0,PE,95000,9975,121,40.95
2026-06-23,2026-07-28,1780.0,CE,13775,10450,38,69.15
2026-06-23,2026-07-28,1780.0,PE,28025,27075,62,49.5
2026-06-23,2026-07-28,1800.0,CE,355775,47500,569,58.9
2026-06-23,2026-07-28,1800.0,PE,160550,15200,301,59.7
2026-06-23,2026-07-28,1820.0,CE,37525,22800,106,50.45
2026-06-23,2026-07-28,1820.0,PE,10925,-1900,63,68.35
2026-06-23,2026-07-28,1840.0,CE,259350,4750,409,42.2
2026-06-23,2026-07-28,1840.0,PE,35150,2375,53,82.35
2026-06-23,2026-07-28,1860.0,CE,76000,7600,132,36.25
2026-06-23,2026-07-28,1860.0,PE,32775,1900,7,81.0
2026-06-23,2026-07-28,1880.0,CE,0,0,0,56.25
2026-06-23,2026-07-28,1880.0,PE,0,0,0,271.7
2026-06-23,2026-07-28,1900.0,CE,225625,107825,1046,24.9
2026-06-23,2026-07-28,1900.0,PE,5225,2375,6,121.05
2026-06-23,2026-07-28,1920.0,CE,0,0,0,47.65
2026-06-23,2026-07-28,1920.0,PE,0,0,0,302.5
2026-06-23,2026-07-28,1940.0,CE,0,0,0,75.35
2026-06-23,2026-07-28,1940.0,PE,0,0,0,184.25
2026-06-23,2026-07-28,1960.0,CE,19950,19950,77,14.2
2026-06-23,2026-07-28,1960.0,PE,0,0,0,334.4
2026-06-23,2026-07-28,1980.0,CE,950,950,2,13.8
2026-06-23,2026-07-28,1980.0,PE,0,0,0,211.65
2026-06-23,2026-07-28,2000.0,CE,218025,21375,315,9.75
2026-06-23,2026-07-28,2000.0,PE,3325,475,1,175.0
2026-06-23,2026-07-28,2040.0,CE,63650,6650,91,6.95
2026-06-23,2026-07-28,2040.0,PE,0,0,0,381.85
2026-06-23,2026-08-25,1520.0,CE,0,0,0,342.75
2026-06-23,2026-08-25,1520.0,PE,0,0,0,29.1
2026-06-23,2026-08-25,1600.0,CE,0,0,0,282.3
2026-06-23,2026-08-25,1600.0,PE,475,0,0,14.45
2026-06-23,2026-08-25,1680.0,CE,0,0,0,228.25
2026-06-23,2026-08-25,1680.0,PE,0,0,0,72.25
2026-06-23,2026-08-25,1720.0,CE,0,0,0,203.95
2026-06-23,2026-08-25,1720.0,PE,0,0,0,87.35
2026-06-23,2026-08-25,1760.0,CE,0,0,0,181.45
2026-06-23,2026-08-25,1760.0,PE,0,0,0,104.25
2026-06-23,2026-08-25,1800.0,CE,475,0,0,100.0
2026-06-23,2026-08-25,1800.0,PE,950,0,0,80.0
2026-06-23,2026-08-25,1840.0,CE,0,0,0,141.75
2026-06-23,2026-08-25,1840.0,PE,0,0,0,143.4
2026-06-23,2026-08-25,1880.0,CE,0,0,0,124.55
2026-06-23,2026-08-25,1880.0,PE,0,0,0,165.55
2026-06-23,2026-08-25,1920.0,CE,475,0,0,56.0
2026-06-23,2026-08-25,1920.0,PE,0,0,0,189.4
2026-06-23,2026-08-25,1960.0,CE,0,0,0,94.95
2026-06-23,2026-08-25,1960.0,PE,0,0,0,214.8
2026-06-23,2026-08-25,2000.0,CE,0,0,0,30.0
2026-06-23,2026-08-25,2000.0,PE,0,0,0,241.7
2026-06-23,2026-08-25,2080.0,CE,0,0,0,61.55
2026-06-23,2026-08-25,2080.0,PE,0,0,0,299.6
2026-06-24,2026-06-30,1440.0,CE,4275,0,0,380.0
2026-06-24,2026-06-30,1440.0,PE,28500,-2850,14,0.1
2026-06-24,2026-06-30,1480.0,CE,475,0,0,325.0
2026-06-24,2026-06-30,1480.0,PE,19000,-4275,11,0.25
2026-06-24,2026-06-30,1500.0,PE,59375,-18050,56,0.25
2026-06-24,2026-06-30,1520.0,CE,7600,0,0,282.1
2026-06-24,2026-06-30,1520.0,PE,8075,-2850,16,0.3
2026-06-24,2026-06-30,1540.0,CE,4750,0,0,280.0
2026-06-24,2026-06-30,1540.0,PE,19000,0,0,0.3
2026-06-24,2026-06-30,1560.0,CE,3325,0,0,275.1
2026-06-24,2026-06-30,1560.0,PE,20425,0,0,0.85
2026-06-24,2026-06-30,1580.0,CE,3325,0,0,262.0
2026-06-24,2026-06-30,1580.0,PE,13775,0,1,0.45
2026-06-24,2026-06-30,1600.0,CE,120650,-475,9,208.0
2026-06-24,2026-06-30,1600.0,PE,620825,160550,693,0.75
2026-06-24,2026-06-30,1620.0,CE,6650,0,0,194.0
2026-06-24,2026-06-30,1620.0,PE,32775,0,5,0.65
2026-06-24,2026-06-30,1640.0,CE,27075,-4750,29,180.05
2026-06-24,2026-06-30,1640.0,PE,81225,-3325,24,0.95
2026-06-24,2026-06-30,1660.0,CE,18050,950,10,152.25
2026-06-24,2026-06-30,1660.0,PE,95000,4750,231,1.0
2026-06-24,2026-06-30,1680.0,CE,9025,-7125,27,138.95
2026-06-24,2026-06-30,1680.0,PE,140600,-9975,530,1.2
2026-06-24,2026-06-30,1700.0,CE,301625,-1425,43,121.0
2026-06-24,2026-06-30,1700.0,PE,417525,-67925,1215,1.45
2026-06-24,2026-06-30,1720.0,CE,8075,-3325,43,98.35
2026-06-24,2026-06-30,1720.0,PE,147250,29925,655,1.9
2026-06-24,2026-06-30,1740.0,CE,42750,1900,123,82.8
2026-06-24,2026-06-30,1740.0,PE,311125,87875,1868,2.85
2026-06-24,2026-06-30,1760.0,CE,161025,-2375,693,61.3
2026-06-24,2026-06-30,1760.0,PE,287850,28975,2512,4.5
2026-06-24,2026-06-30,1780.0,CE,180975,-11400,1498,45.1
2026-06-24,2026-06-30,1780.0,PE,407550,-137750,3829,8.0
2026-06-24,2026-06-30,1800.0,CE,891575,-135850,8285,30.6
2026-06-24,2026-06-30,1800.0,PE,674500,-106400,3346,13.9
2026-06-24,2026-06-30,1820.0,CE,752875,-158650,7772,20.45
2026-06-24,2026-06-30,1820.0,PE,411825,-21375,1488,22.85
2026-06-24,2026-06-30,1840.0,CE,1090125,-242725,5344,12.45
2026-06-24,2026-06-30,1840.0,PE,504450,-28500,600,35.35
2026-06-24,2026-06-30,1860.0,CE,538650,-156750,2798,7.65
2026-06-24,2026-06-30,1860.0,PE,184300,-2375,176,49.55
2026-06-24,2026-06-30,1880.0,CE,476900,28500,1902,4.85
2026-06-24,2026-06-30,1880.0,PE,52250,-475,1,67.0
2026-06-24,2026-06-30,1900.0,CE,1366100,-47025,2695,3.0
2026-06-24,2026-06-30,1900.0,PE,108775,-1900,28,83.6
2026-06-24,2026-06-30,1920.0,CE,278350,45600,693,2.0
2026-06-24,2026-06-30,1920.0,PE,4275,0,0,123.0
2026-06-24,2026-06-30,1940.0,CE,258875,-22800,493,1.4
2026-06-24,2026-06-30,1940.0,PE,0,0,0,309.2
2026-06-24,2026-06-30,1960.0,CE,135375,-32300,543,1.1
2026-06-24,2026-06-30,1960.0,PE,475,0,0,148.95
2026-06-24,2026-06-30,1980.0,CE,129200,2375,133,0.85
2026-06-24,2026-06-30,1980.0,PE,1425,0,0,218.0
2026-06-24,2026-06-30,2000.0,CE,407075,-58425,595,0.7
2026-06-24,2026-06-30,2000.0,PE,18050,-475,1,181.0
2026-06-24,2026-06-30,2040.0,CE,124925,-5225,79,0.45
2026-06-24,2026-06-30,2040.0,PE,0,0,0,396.75
2026-06-24,2026-07-28,1600.0,CE,19950,950,2,220.0
2026-06-24,2026-07-28,1600.0,PE,69350,2375,310,4.95
2026-06-24,2026-07-28,1640.0,CE,2375,0,0,166.0
2026-06-24,2026-07-28,1640.0,PE,35150,1900,68,7.85
2026-06-24,2026-07-28,1660.0,CE,3325,475,2,153.25
2026-06-24,2026-07-28,1660.0,PE,32300,3800,53,9.85
2026-06-24,2026-07-28,1680.0,CE,5225,475,1,136.0
2026-06-24,2026-07-28,1680.0,PE,19950,9975,47,12.55
2026-06-24,2026-07-28,1700.0,CE,44175,19475,73,143.0
2026-06-24,2026-07-28,1700.0,PE,228000,35150,333,15.55
2026-06-24,2026-07-28,1720.0,CE,0,0,0,105.0
2026-06-24,2026-07-28,1720.0,PE,950,0,0,15.05
2026-06-24,2026-07-28,1740.0,CE,0,0,0,165.65
2026-06-24,2026-07-28,1740.0,PE,0,0,0,76.6
2026-06-24,2026-07-28,1760.0,CE,9975,3325,17,100.05
2026-06-24,2026-07-28,1760.0,PE,114000,19000,119,29.75
2026-06-24,2026-07-28,1780.0,CE,11400,-2375,49,83.65
2026-06-24,2026-07-28,1780.0,PE,48925,20900,187,36.75
2026-06-24,2026-07-28,1800.0,CE,404700,48925,1089,72.95
2026-06-24,2026-07-28,1800.0,PE,198075,37525,388,44.95
2026-06-24,2026-07-28,1820.0,CE,64600,27075,264,62.85
2026-06-24,2026-07-28,1820.0,PE,28975,18050,58,55.0
2026-06-24,2026-07-28,1840.0,CE,256975,-2375,239,52.85
2026-06-24,2026-07-28,1840.0,PE,36100,950,4,66.8
2026-06-24,2026-07-28,1860.0,CE,89775,13775,189,45.7
2026-06-24,2026-07-28,1860.0,PE,32775,0,0,81.0
2026-06-24,2026-07-28,1880.0,CE,0,0,0,56.25
2026-06-24,2026-07-28,1880.0,PE,0,0,0,271.7
2026-06-24,2026-07-28,1900.0,CE,329650,104025,936,30.95
2026-06-24,2026-07-28,1900.0,PE,7125,1900,6,101.0
2026-06-24,2026-07-28,1920.0,CE,0,0,0,47.65
2026-06-24,2026-07-28,1920.0,PE,0,0,0,302.5
2026-06-24,2026-07-28,1940.0,CE,14250,14250,87,21.25
2026-06-24,2026-07-28,1940.0,PE,0,0,0,184.25
2026-06-24,2026-07-28,1960.0,CE,25650,5700,55,17.3
2026-06-24,2026-07-28,1960.0,PE,0,0,0,334.4
2026-06-24,2026-07-28,1980.0,CE,2375,1425,5,14.4
2026-06-24,2026-07-28,1980.0,PE,0,0,0,211.65
2026-06-24,2026-07-28,2000.0,CE,210900,-7125,383,11.8
2026-06-24,2026-07-28,2000.0,PE,3800,475,1,179.0
2026-06-24,2026-07-28,2040.0,CE,73625,9975,135,7.7
2026-06-24,2026-07-28,2040.0,PE,0,0,0,381.85
2026-06-24,2026-08-25,1520.0,CE,0,0,0,342.75
2026-06-24,2026-08-25,1520.0,PE,0,0,0,29.1
2026-06-24,2026-08-25,1600.0,CE,0,0,0,282.3
2026-06-24,2026-08-25,1600.0,PE,475,0,0,14.45
2026-06-24,2026-08-25,1680.0,CE,0,0,0,228.25
2026-06-24,2026-08-25,1680.0,PE,0,0,0,72.25
2026-06-24,2026-08-25,1720.0,CE,0,0,0,203.95
2026-06-24,2026-08-25,1720.0,PE,0,0,0,87.35
2026-06-24,2026-08-25,1760.0,CE,0,0,0,181.45
2026-06-24,2026-08-25,1760.0,PE,0,0,0,104.25
2026-06-24,2026-08-25,1800.0,CE,950,475,1,90.0
2026-06-24,2026-08-25,1800.0,PE,950,0,0,80.0
2026-06-24,2026-08-25,1840.0,CE,0,0,0,141.75
2026-06-24,2026-08-25,1840.0,PE,0,0,0,143.4
2026-06-24,2026-08-25,1880.0,CE,0,0,0,124.55
2026-06-24,2026-08-25,1880.0,PE,0,0,0,165.55
2026-06-24,2026-08-25,1920.0,CE,475,0,0,56.0
2026-06-24,2026-08-25,1920.0,PE,0,0,0,189.4
2026-06-24,2026-08-25,1960.0,CE,0,0,0,94.95
2026-06-24,2026-08-25,1960.0,PE,0,0,0,214.8
2026-06-24,2026-08-25,2000.0,CE,0,0,0,30.0
2026-06-24,2026-08-25,2000.0,PE,0,0,0,241.7
2026-06-24,2026-08-25,2080.0,CE,0,0,0,61.55
2026-06-24,2026-08-25,2080.0,PE,0,0,0,299.6
2026-06-25,2026-06-30,1440.0,CE,4275,0,0,380.0
2026-06-25,2026-06-30,1440.0,PE,27550,-950,7,0.25
2026-06-25,2026-06-30,1480.0,CE,475,0,0,325.0
2026-06-25,2026-06-30,1480.0,PE,17575,-1425,6,0.25
2026-06-25,2026-06-30,1500.0,PE,58900,-475,6,0.4
2026-06-25,2026-06-30,1520.0,CE,7600,0,0,282.1
2026-06-25,2026-06-30,1520.0,PE,7600,-475,11,0.3
2026-06-25,2026-06-30,1540.0,CE,4750,0,0,280.0
2026-06-25,2026-06-30,1540.0,PE,19000,0,0,0.3
2026-06-25,2026-06-30,1560.0,CE,3325,0,1,266.35
2026-06-25,2026-06-30,1560.0,PE,20900,475,1,0.5
2026-06-25,2026-06-30,1580.0,CE,3325,0,0,262.0
2026-06-25,2026-06-30,1580.0,PE,13775,0,0,0.45
2026-06-25,2026-06-30,1600.0,CE,116375,-4275,13,206.0
2026-06-25,2026-06-30,1600.0,PE,630800,9975,243,0.7
2026-06-25,2026-06-30,1620.0,CE,6650,0,0,194.0
2026-06-25,2026-06-30,1620.0,PE,32775,0,0,0.65
2026-06-25,2026-06-30,1640.0,CE,27075,0,0,180.05
2026-06-25,2026-06-30,1640.0,PE,75525,-5700,24,0.75
2026-06-25,2026-06-30,1660.0,CE,18050,0,0,152.25
2026-06-25,2026-06-30,1660.0,PE,90250,-4750,51,0.7
2026-06-25,2026-06-30,1680.0,CE,7600,-1425,5,134.95
2026-06-25,2026-06-30,1680.0,PE,140600,0,57,0.95
2026-06-25,2026-06-30,1700.0,CE,275500,-26125,92,97.35
2026-06-25,2026-06-30,1700.0,PE,344375,-73150,404,1.15
2026-06-25,2026-06-30,1720.0,CE,7600,-475,4,78.3
2026-06-25,2026-06-30,1720.0,PE,68400,-78850,429,1.6
2026-06-25,2026-06-30,1740.0,CE,41800,-950,9,61.75
2026-06-25,2026-06-30,1740.0,PE,285950,-25175,732,2.45
2026-06-25,2026-06-30,1760.0,CE,75525,-85500,368,41.55
2026-06-25,2026-06-30,1760.0,PE,245575,-42275,1052,4.0
2026-06-25,2026-06-30,1780.0,CE,156275,-24700,541,25.65
2026-06-25,2026-06-30,1780.0,PE,375725,-31825,1891,8.3
2026-06-25,2026-06-30,1800.0,CE,776625,-114950,2435,13.25
2026-06-25,2026-06-30,1800.0,PE,581875,-92625,3515,16.15
2026-06-25,2026-06-30,1820.0,CE,779000,26125,5248,7.1
2026-06-25,2026-06-30,1820.0,PE,406125,-5700,2079,29.55
2026-06-25,2026-06-30,1840.0,CE,976125,-114000,6470,3.85
2026-06-25,2026-06-30,1840.0,PE,425125,-79325,910,46.1
2026-06-25,2026-06-30,1860.0,CE,522025,-16625,2601,2.45
2026-06-25,2026-06-30,1860.0,PE,179550,-4750,106,62.8
2026-06-25,2026-06-30,1880.0,CE,397575,-79325,2136,1.7
2026-06-25,2026-06-30,1880.0,PE,52250,0,0,67.0
2026-06-25,2026-06-30,1900.0,CE,972800,-393300,4666,1.25
2026-06-25,2026-06-30,1900.0,PE,81700,-27075,94,103.7
2026-06-25,2026-06-30,1920.0,CE,196175,-82175,774,1.0
2026-06-25,2026-06-30,1920.0,PE,4275,0,0,123.0
2026-06-25,2026-06-30,1940.0,CE,218025,-40850,599,0.8
2026-06-25,2026-06-30,1940.0,PE,0,0,0,309.2
2026-06-25,2026-06-30,1960.0,CE,116375,-19000,97,0.65
2026-06-25,2026-06-30,1960.0,PE,475,0,0,148.95
2026-06-25,2026-06-30,1980.0,CE,102600,-26600,127,0.45
2026-06-25,2026-06-30,1980.0,PE,1425,0,0,218.0
2026-06-25,2026-06-30,2000.0,CE,334400,-72675,289,0.4
2026-06-25,2026-06-30,2000.0,PE,15675,-2375,10,181.5
2026-06-25,2026-06-30,2040.0,CE,110200,-14725,121,0.2
2026-06-25,2026-06-30,2040.0,PE,0,0,0,396.75
2026-06-25,2026-07-28,1600.0,CE,20900,950,2,230.45
2026-06-25,2026-07-28,1600.0,PE,95000,25650,132,5.25
2026-06-25,2026-07-28,1640.0,CE,2375,0,0,166.0
2026-06-25,2026-07-28,1640.0,PE,41325,6175,60,8.35
2026-06-25,2026-07-28,1660.0,CE,4275,950,4,160.0
2026-06-25,2026-07-28,1660.0,PE,17100,-15200,86,10.5
2026-06-25,2026-07-28,1680.0,CE,5225,0,0,136.0
2026-06-25,2026-07-28,1680.0,PE,24700,4750,28,13.3
2026-06-25,2026-07-28,1700.0,CE,57475,13300,44,132.0
2026-06-25,2026-07-28,1700.0,PE,259825,31825,260,16.95
2026-06-25,2026-07-28,1720.0,CE,0,0,0,105.0
2026-06-25,2026-07-28,1720.0,PE,7125,6175,19,21.15
2026-06-25,2026-07-28,1740.0,CE,0,0,0,165.65
2026-06-25,2026-07-28,1740.0,PE,7600,7600,35,27.0
2026-06-25,2026-07-28,1760.0,CE,26600,16625,55,84.1
2026-06-25,2026-07-28,1760.0,PE,134900,20900,190,33.3
2026-06-25,2026-07-28,1780.0,CE,11400,0,15,70.35
2026-06-25,2026-07-28,1780.0,PE,22800,-26125,138,41.7
2026-06-25,2026-07-28,1800.0,CE,466450,61750,670,60.3
2026-06-25,2026-07-28,1800.0,PE,221825,23750,489,49.8
2026-06-25,2026-07-28,1820.0,CE,122075,57475,515,50.7
2026-06-25,2026-07-28,1820.0,PE,28500,-475,47,61.65
2026-06-25,2026-07-28,1840.0,CE,285475,28500,602,42.4
2026-06-25,2026-07-28,1840.0,PE,59850,23750,117,71.35
2026-06-25,2026-07-28,1860.0,CE,115425,25650,224,34.8
2026-06-25,2026-07-28,1860.0,PE,32775,0,1,76.0
2026-06-25,2026-07-28,1880.0,CE,950,950,2,42.0
2026-06-25,2026-07-28,1880.0,PE,0,0,0,271.7
2026-06-25,2026-07-28,1900.0,CE,380950,51300,557,22.95
2026-06-25,2026-07-28,1900.0,PE,46075,38950,111,112.8
2026-06-25,2026-07-28,1920.0,CE,0,0,0,47.65
2026-06-25,2026-07-28,1920.0,PE,0,0,0,302.5
2026-06-25,2026-07-28,1940.0,CE,26125,11875,89,15.2
2026-06-25,2026-07-28,1940.0,PE,0,0,0,184.25
2026-06-25,2026-07-28,1960.0,CE,33250,7600,112,12.05
2026-06-25,2026-07-28,1960.0,PE,0,0,0,334.4
2026-06-25,2026-07-28,1980.0,CE,8075,5700,32,9.8
2026-06-25,2026-07-28,1980.0,PE,0,0,0,211.65
2026-06-25,2026-07-28,2000.0,CE,239875,28975,307,7.85
2026-06-25,2026-07-28,2000.0,PE,8075,4275,10,185.0
2026-06-25,2026-07-28,2040.0,CE,77425,3800,129,5.1
2026-06-25,2026-07-28,2040.0,PE,475,475,1,212.0
2026-06-25,2026-08-25,1520.0,CE,0,0,0,342.75
2026-06-25,2026-08-25,1520.0,PE,0,0,0,29.1
2026-06-25,2026-08-25,1600.0,CE,0,0,0,282.3
2026-06-25,2026-08-25,1600.0,PE,1425,950,2,12.5
2026-06-25,2026-08-25,1680.0,CE,0,0,0,228.25
2026-06-25,2026-08-25,1680.0,PE,0,0,0,72.25
2026-06-25,2026-08-25,1720.0,CE,0,0,0,203.95
2026-06-25,2026-08-25,1720.0,PE,0,0,0,87.35
2026-06-25,2026-08-25,1760.0,CE,0,0,0,181.45
2026-06-25,2026-08-25,1760.0,PE,0,0,0,104.25
2026-06-25,2026-08-25,1800.0,CE,1900,950,2,100.0
2026-06-25,2026-08-25,1800.0,PE,10925,9975,22,64.0
2026-06-25,2026-08-25,1840.0,CE,0,0,0,141.75
2026-06-25,2026-08-25,1840.0,PE,0,0,0,143.4
2026-06-25,2026-08-25,1880.0,CE,0,0,0,124.55
2026-06-25,2026-08-25,1880.0,PE,0,0,0,165.55
2026-06-25,2026-08-25,1920.0,CE,0,-475,1,48.0
2026-06-25,2026-08-25,1920.0,PE,0,0,0,189.4
2026-06-25,2026-08-25,1960.0,CE,0,0,0,94.95
2026-06-25,2026-08-25,1960.0,PE,0,0,0,214.8
2026-06-25,2026-08-25,2000.0,CE,0,0,0,30.0
2026-06-25,2026-08-25,2000.0,PE,0,0,0,241.7
2026-06-25,2026-08-25,2080.0,CE,0,0,0,61.55
2026-06-25,2026-08-25,2080.0,PE,0,0,0,299.6
2026-06-29,2026-06-30,1440.0,CE,4275,0,0,380.0
2026-06-29,2026-06-30,1440.0,PE,27550,0,0,0.25
2026-06-29,2026-06-30,1480.0,CE,0,-475,1,302.0
2026-06-29,2026-06-30,1480.0,PE,14250,-3325,8,0.05
2026-06-29,2026-06-30,1500.0,PE,39900,-19000,56,0.1
2026-06-29,2026-06-30,1520.0,CE,7125,-475,1,266.0
2026-06-29,2026-06-30,1520.0,PE,6650,-950,11,0.8
2026-06-29,2026-06-30,1540.0,CE,4275,-475,4,248.0
2026-06-29,2026-06-30,1540.0,PE,17575,-1425,3,0.15
2026-06-29,2026-06-30,1560.0,CE,1425,-1900,4,221.5
2026-06-29,2026-06-30,1560.0,PE,26125,5225,67,0.2
2026-06-29,2026-06-30,1580.0,CE,2850,-475,1,206.0
2026-06-29,2026-06-30,1580.0,PE,13775,0,2,0.45
2026-06-29,2026-06-30,1600.0,CE,80750,-35625,83,180.0
2026-06-29,2026-06-30,1600.0,PE,556700,-74100,464,0.35
2026-06-29,2026-06-30,1620.0,CE,6650,0,0,194.0
2026-06-29,2026-06-30,1620.0,PE,24225,-8550,29,0.4
2026-06-29,2026-06-30,1640.0,CE,19475,-7600,18,141.0
2026-06-29,2026-06-30,1640.0,PE,61750,-13775,129,0.2
2026-06-29,2026-06-30,1660.0,CE,4275,-13775,36,122.8
2026-06-29,2026-06-30,1660.0,PE,79800,-10450,75,0.3
2026-06-29,2026-06-30,1680.0,CE,6650,-950,6,99.8
2026-06-29,2026-06-30,1680.0,PE,96425,-44175,169,0.4
2026-06-29,2026-06-30,1700.0,CE,202825,-72675,216,79.05
2026-06-29,2026-06-30,1700.0,PE,234650,-109725,708,0.6
2026-06-29,2026-06-30,1720.0,CE,9025,1425,31,62.0
2026-06-29,2026-06-30,1720.0,PE,57000,-11400,195,0.85
2026-06-29,2026-06-30,1740.0,CE,38950,-2850,372,41.5
2026-06-29,2026-06-30,1740.0,PE,242725,-43225,1637,1.65
2026-06-29,2026-06-30,1760.0,CE,68400,-7125,608,23.05
2026-06-29,2026-06-30,1760.0,PE,255550,9975,3012,3.95
2026-06-29,2026-06-30,1780.0,CE,248900,92625,2489,10.05
2026-06-29,2026-06-30,1780.0,PE,341525,-34200,3031,10.3
2026-06-29,2026-06-30,1800.0,CE,763800,-12825,4384,2.55
2026-06-29,2026-06-30,1800.0,PE,329175,-252700,2011,22.1
2026-06-29,2026-06-30,1820.0,CE,752400,-26600,3782,0.9
2026-06-29,2026-06-30,1820.0,PE,332975,-73150,668,41.3
2026-06-29,2026-06-30,1840.0,CE,752875,-223250,2971,0.55
2026-06-29,2026-06-30,1840.0,PE,392350,-32775,323,60.25
2026-06-29,2026-06-30,1860.0,CE,396150,-125875,1323,0.5
2026-06-29,2026-06-30,1860.0,PE,179075,-475,6,79.0
2026-06-29,2026-06-30,1880.0,CE,291175,-106400,887,0.35
2026-06-29,2026-06-30,1880.0,PE,52250,0,0,67.0
2026-06-29,2026-06-30,1900.0,CE,645525,-327275,2027,0.35
2026-06-29,2026-06-30,1900.0,PE,54625,-27075,123,116.45
2026-06-29,2026-06-30,1920.0,CE,156275,-39900,858,0.4
2026-06-29,2026-06-30,1920.0,PE,4275,0,0,123.0
2026-06-29,2026-06-30,1940.0,CE,181925,-36100,221,0.25
2026-06-29,2026-06-30,1940.0,PE,0,0,0,309.2
2026-06-29,2026-06-30,1960.0,CE,112575,-3800,47,0.25
2026-06-29,2026-06-30,1960.0,PE,475,0,0,148.95
2026-06-29,2026-06-30,1980.0,CE,80750,-21850,107,0.1
2026-06-29,2026-06-30,1980.0,PE,1425,0,0,218.0
2026-06-29,2026-06-30,2000.0,CE,241775,-92625,262,0.15
2026-06-29,2026-06-30,2000.0,PE,15675,0,2,218.25
2026-06-29,2026-06-30,2040.0,CE,95475,-14725,48,0.1
2026-06-29,2026-06-30,2040.0,PE,0,0,0,396.75
2026-06-29,2026-07-28,1600.0,CE,37525,16625,88,193.0
2026-06-29,2026-07-28,1600.0,PE,135375,40375,205,7.1
2026-06-29,2026-07-28,1640.0,CE,2850,475,1,160.0
2026-06-29,2026-07-28,1640.0,PE,57000,15675,135,10.55
2026-06-29,2026-07-28,1660.0,CE,9025,4750,14,149.0
2026-06-29,2026-07-28,1660.0,PE,71725,54625,205,12.6
2026-06-29,2026-07-28,1680.0,CE,6175,950,2,125.0
2026-06-29,2026-07-28,1680.0,PE,31350,6650,112,16.7
2026-06-29,2026-07-28,1700.0,CE,83600,26125,119,109.45
2026-06-29,2026-07-28,1700.0,PE,397575,137750,669,20.5
2026-06-29,2026-07-28,1720.0,CE,475,475,2,99.0
2026-06-29,2026-07-28,1720.0,PE,32775,25650,116,25.0
2026-06-29,2026-07-28,1740.0,CE,2375,2375,6,84.65
2026-06-29,2026-07-28,1740.0,PE,40375,32775,147,31.9
2026-06-29,2026-07-28,1760.0,CE,62225,35625,123,69.45
2026-06-29,2026-07-28,1760.0,PE,144400,9500,264,38.75
2026-06-29,2026-07-28,1780.0,CE,58900,47500,227,59.05
2026-06-29,2026-07-28,1780.0,PE,83125,60325,420,48.3
2026-06-29,2026-07-28,1800.0,CE,592325,125875,1132,48.9
2026-06-29,2026-07-28,1800.0,PE,295925,74100,687,57.65
2026-06-29,2026-07-28,1820.0,CE,136325,14250,369,40.05
2026-06-29,2026-07-28,1820.0,PE,38000,9500,68,69.85
2026-06-29,2026-07-28,1840.0,CE,579025,293550,988,32.55
2026-06-29,2026-07-28,1840.0,PE,62700,2850,78,81.55
2026-06-29,2026-07-28,1860.0,CE,135850,20425,256,26.45
2026-06-29,2026-07-28,1860.0,PE,32775,0,0,76.0
2026-06-29,2026-07-28,1880.0,CE,3800,2850,13,22.3
2026-06-29,2026-07-28,1880.0,PE,0,0,0,271.7
2026-06-29,2026-07-28,1900.0,CE,409925,28975,644,18.0
2026-06-29,2026-07-28,1900.0,PE,88825,42750,102,122.0
2026-06-29,2026-07-28,1920.0,CE,44175,44175,104,13.6
2026-06-29,2026-07-28,1920.0,PE,0,0,0,302.5
2026-06-29,2026-07-28,1940.0,CE,33250,7125,112,11.3
2026-06-29,2026-07-28,1940.0,PE,0,0,0,184.25
2026-06-29,2026-07-28,1960.0,CE,39900,6650,141,8.95
2026-06-29,2026-07-28,1960.0,PE,0,0,0,334.4
2026-06-29,2026-07-28,1980.0,CE,14725,6650,41,7.7
2026-06-29,2026-07-28,1980.0,PE,0,0,0,211.65
2026-06-29,2026-07-28,2000.0,CE,253175,13300,365,6.05
2026-06-29,2026-07-28,2000.0,PE,8075,0,0,185.0
2026-06-29,2026-07-28,2040.0,CE,79800,2375,80,3.95
2026-06-29,2026-07-28,2040.0,PE,8075,7600,16,247.0
2026-06-29,2026-08-25,1520.0,CE,0,0,0,342.75
2026-06-29,2026-08-25,1520.0,PE,0,0,0,29.1
2026-06-29,2026-08-25,1600.0,CE,0,0,0,282.3
2026-06-29,2026-08-25,1600.0,PE,1425,0,0,12.5
2026-06-29,2026-08-25,1680.0,CE,0,0,0,228.25
2026-06-29,2026-08-25,1680.0,PE,0,0,0,72.25
2026-06-29,2026-08-25,1720.0,CE,0,0,0,203.95
2026-06-29,2026-08-25,1720.0,PE,0,0,0,87.35
2026-06-29,2026-08-25,1760.0,CE,0,0,0,181.45
2026-06-29,2026-08-25,1760.0,PE,0,0,0,104.25
2026-06-29,2026-08-25,1800.0,CE,1900,0,0,100.0
2026-06-29,2026-08-25,1800.0,PE,11875,950,8,72.0
2026-06-29,2026-08-25,1840.0,CE,0,0,0,141.75
2026-06-29,2026-08-25,1840.0,PE,0,0,0,143.4
2026-06-29,2026-08-25,1880.0,CE,0,0,0,124.55
2026-06-29,2026-08-25,1880.0,PE,0,0,0,165.55
2026-06-29,2026-08-25,1920.0,CE,0,0,0,48.0
2026-06-29,2026-08-25,1920.0,PE,0,0,0,189.4
2026-06-29,2026-08-25,1960.0,CE,0,0,0,94.95
2026-06-29,2026-08-25,1960.0,PE,0,0,0,214.8
2026-06-29,2026-08-25,2000.0,CE,0,0,0,30.0
2026-06-29,2026-08-25,2000.0,PE,0,0,0,241.7
2026-06-29,2026-08-25,2080.0,CE,0,0,0,61.55
2026-06-29,2026-08-25,2080.0,PE,0,0,0,299.6
2026-06-30,2026-06-30,1440.0,CE,475,-3800,8,360.25
2026-06-30,2026-06-30,1440.0,PE,22800,-4750,10,0.05
2026-06-30,2026-06-30,1480.0,CE,0,0,0,302.0
2026-06-30,2026-06-30,1480.0,PE,6650,-7600,28,0.05
2026-06-30,2026-06-30,1500.0,PE,28500,-11400,35,0.05
2026-06-30,2026-06-30,1520.0,CE,6175,-950,2,288.0
2026-06-30,2026-06-30,1520.0,PE,5700,-950,7,0.05
2026-06-30,2026-06-30,1540.0,CE,4275,0,0,248.0
2026-06-30,2026-06-30,1540.0,PE,17575,0,10,0.25
2026-06-30,2026-06-30,1560.0,CE,1425,0,0,221.5
2026-06-30,2026-06-30,1560.0,PE,31350,5225,77,0.05
2026-06-30,2026-06-30,1580.0,CE,2375,-475,1,230.0
2026-06-30,2026-06-30,1580.0,PE,14250,475,3,0.1
2026-06-30,2026-06-30,1600.0,CE,54150,-26600,199,214.5
2026-06-30,2026-06-30,1600.0,PE,571900,15200,609,0.1
2026-06-30,2026-06-30,1620.0,CE,0,-6650,14,188.9
2026-06-30,2026-06-30,1620.0,PE,19475,-4750,17,0.05
2026-06-30,2026-06-30,1640.0,CE,17575,-1900,5,174.15
2026-06-30,2026-06-30,1640.0,PE,49875,-11875,82,0.05
2026-06-30,2026-06-30,1660.0,CE,4275,0,0,122.8
2026-06-30,2026-06-30,1660.0,PE,71250,-8550,44,0.05
2026-06-30,2026-06-30,1680.0,CE,5225,-1425,5,116.85
2026-06-30,2026-06-30,1680.0,PE,84550,-11875,50,0.05
2026-06-30,2026-06-30,1700.0,CE,134900,-67925,398,112.0
2026-06-30,2026-06-30,1700.0,PE,276450,41800,996,0.15
2026-06-30,2026-06-30,1720.0,CE,4275,-4750,16,86.0
2026-06-30,2026-06-30,1720.0,PE,47025,-9975,158,0.05
2026-06-30,2026-06-30,1740.0,CE,36575,-2375,22,64.5
2026-06-30,2026-06-30,1740.0,PE,200925,-41800,419,0.1
2026-06-30,2026-06-30,1760.0,CE,58900,-9500,52,52.5
2026-06-30,2026-06-30,1760.0,PE,149150,-106400,724,0.05
2026-06-30,2026-06-30,1780.0,CE,132525,-116375,819,24.15
2026-06-30,2026-06-30,1780.0,PE,179075,-162450,1937,0.05
2026-06-30,2026-06-30,1800.0,CE,428450,-335350,3727,7.4
2026-06-30,2026-06-30,1800.0,PE,284525,-44650,1769,0.05
2026-06-30,2026-06-30,1820.0,CE,393300,-359100,3109,0.35
2026-06-30,2026-06-30,1820.0,PE,311125,-21850,150,11.55
2026-06-30,2026-06-30,1840.0,CE,508725,-244150,1404,0.05
2026-06-30,2026-06-30,1840.0,PE,365750,-26600,109,31.8
2026-06-30,2026-06-30,1860.0,CE,272650,-123500,562,0.05
2026-06-30,2026-06-30,1860.0,PE,176700,-2375,22,50.0
2026-06-30,2026-06-30,1880.0,CE,258875,-32300,164,0.05
2026-06-30,2026-06-30,1880.0,PE,49875,-2375,9,69.7
2026-06-30,2026-06-30,1900.0,CE,499225,-146300,593,0.05
2026-06-30,2026-06-30,1900.0,PE,54150,-475,27,85.8
2026-06-30,2026-06-30,1920.0,CE,111150,-45125,203,0.05
2026-06-30,2026-06-30,1920.0,PE,4275,0,0,123.0
2026-06-30,2026-06-30,1940.0,CE,152000,-29925,170,0.05
2026-06-30,2026-06-30,1940.0,PE,0,0,0,309.2
2026-06-30,2026-06-30,1960.0,CE,85975,-26600,79,0.05
2026-06-30,2026-06-30,1960.0,PE,475,0,0,148.95
2026-06-30,2026-06-30,1980.0,CE,79800,-950,2,0.05
2026-06-30,2026-06-30,1980.0,PE,1425,0,0,218.0
2026-06-30,2026-06-30,2000.0,CE,175750,-66025,181,0.1
2026-06-30,2026-06-30,2000.0,PE,15675,0,12,192.0
2026-06-30,2026-06-30,2040.0,CE,90725,-4750,16,0.05
2026-06-30,2026-06-30,2040.0,PE,0,0,0,396.75
2026-06-30,2026-07-28,1560.0,CE,3325,3325,7,243.0
2026-06-30,2026-07-28,1560.0,PE,0,0,0,81.9
2026-06-30,2026-07-28,1600.0,CE,48450,10925,50,229.95
2026-06-30,2026-07-28,1600.0,PE,148675,13300,387,6.1
2026-06-30,2026-07-28,1640.0,CE,2850,0,0,160.0
2026-06-30,2026-07-28,1640.0,PE,106875,49875,202,8.3
2026-06-30,2026-07-28,1660.0,CE,13775,4750,11,175.0
2026-06-30,2026-07-28,1660.0,PE,102125,30400,165,10.0
2026-06-30,2026-07-28,1680.0,CE,6175,0,0,125.0
2026-06-30,2026-07-28,1680.0,PE,54150,22800,129,12.05
2026-06-30,2026-07-28,1700.0,CE,196650,113050,285,135.6
2026-06-30,2026-07-28,1700.0,PE,858800,461225,2474,14.6
2026-06-30,2026-07-28,1720.0,CE,9025,8550,28,113.85
2026-06-30,2026-07-28,1720.0,PE,76000,43225,249,17.45
2026-06-30,2026-07-28,1740.0,CE,11400,9025,25,107.0
2026-06-30,2026-07-28,1740.0,PE,76475,36100,279,21.1
2026-06-30,2026-07-28,1760.0,CE,85500,23275,211,87.9
2026-06-30,2026-07-28,1760.0,PE,167200,22800,717,25.8
2026-06-30,2026-07-28,1780.0,CE,66025,7125,460,75.15
2026-06-30,2026-07-28,1780.0,PE,93575,10450,567,31.75
2026-06-30,2026-07-28,1800.0,CE,603725,11400,2760,62.1
2026-06-30,2026-07-28,1800.0,PE,375250,79325,1754,38.7
2026-06-30,2026-07-28,1820.0,CE,302575,166250,1493,50.55
2026-06-30,2026-07-28,1820.0,PE,83600,45600,366,47.15
2026-06-30,2026-07-28,1840.0,CE,974700,395675,2147,40.8
2026-06-30,2026-07-28,1840.0,PE,113050,50350,463,57.1
2026-06-30,2026-07-28,1860.0,CE,206625,70775,573,32.4
2026-06-30,2026-07-28,1860.0,PE,41325,8550,159,68.8
2026-06-30,2026-07-28,1880.0,CE,59850,56050,320,25.9
2026-06-30,2026-07-28,1880.0,PE,0,0,0,271.7
2026-06-30,2026-07-28,1900.0,CE,689700,279775,2005,20.55
2026-06-30,2026-07-28,1900.0,PE,108300,19475,86,96.1
2026-06-30,2026-07-28,1920.0,CE,68875,24700,269,15.85
2026-06-30,2026-07-28,1920.0,PE,0,0,0,302.5
2026-06-30,2026-07-28,1940.0,CE,84075,50825,302,12.65
2026-06-30,2026-07-28,1940.0,PE,0,0,0,184.25
2026-06-30,2026-07-28,1960.0,CE,70300,30400,186,10.0
2026-06-30,2026-07-28,1960.0,PE,0,0,0,334.4
2026-06-30,2026-07-28,1980.0,CE,24700,9975,59,7.8
2026-06-30,2026-07-28,1980.0,PE,0,0,0,211.65
2026-06-30,2026-07-28,2000.0,CE,335825,82650,452,6.3
2026-06-30,2026-07-28,2000.0,PE,14250,6175,18,180.0
2026-06-30,2026-07-28,2040.0,CE,76950,-2850,206,3.7
2026-06-30,2026-07-28,2040.0,PE,7125,-950,11,221.3
2026-06-30,2026-08-25,1520.0,CE,0,0,0,342.75
2026-06-30,2026-08-25,1520.0,PE,0,0,0,29.1
2026-06-30,2026-08-25,1600.0,CE,0,0,0,282.3
2026-06-30,2026-08-25,1600.0,PE,1425,0,0,12.5
2026-06-30,2026-08-25,1640.0,CE,0,0,0,254.45
2026-06-30,2026-08-25,1640.0,PE,0,0,0,59.0
2026-06-30,2026-08-25,1680.0,CE,0,0,0,228.25
2026-06-30,2026-08-25,1680.0,PE,0,0,0,72.25
2026-06-30,2026-08-25,1720.0,CE,0,0,0,203.95
2026-06-30,2026-08-25,1720.0,PE,0,0,0,87.35
2026-06-30,2026-08-25,1760.0,CE,0,0,0,181.45
2026-06-30,2026-08-25,1760.0,PE,0,0,0,104.25
2026-06-30,2026-08-25,1800.0,CE,1900,0,0,100.0
2026-06-30,2026-08-25,1800.0,PE,11875,0,13,55.6
2026-06-30,2026-08-25,1840.0,CE,0,0,0,141.75
2026-06-30,2026-08-25,1840.0,PE,0,0,0,143.4
2026-06-30,2026-08-25,1880.0,CE,0,0,0,124.55
2026-06-30,2026-08-25,1880.0,PE,0,0,0,165.55
2026-06-30,2026-08-25,1920.0,CE,0,0,0,48.0
2026-06-30,2026-08-25,1920.0,PE,0,0,0,189.4
2026-06-30,2026-08-25,1960.0,CE,0,0,0,94.95
2026-06-30,2026-08-25,1960.0,PE,0,0,0,214.8
2026-06-30,2026-08-25,2000.0,CE,0,0,0,30.0
2026-06-30,2026-08-25,2000.0,PE,0,0,0,241.7
2026-06-30,2026-08-25,2080.0,CE,0,0,0,61.55
2026-06-30,2026-08-25,2080.0,PE,0,0,0,299.6
2026-07-01,2026-07-28,1520.0,CE,0,0,0,206.0
2026-07-01,2026-07-28,1520.0,PE,1425,1425,3,1.8
2026-07-01,2026-07-28,1560.0,CE,3325,0,0,243.0
2026-07-01,2026-07-28,1560.0,PE,0,0,0,81.9
2026-07-01,2026-07-28,1600.0,CE,47975,-475,3,270.0
2026-07-01,2026-07-28,1600.0,PE,191900,43225,314,2.9
2026-07-01,2026-07-28,1640.0,CE,2850,0,0,160.0
2026-07-01,2026-07-28,1640.0,PE,66975,-39900,185,3.95
2026-07-01,2026-07-28,1660.0,CE,16625,2850,12,223.7
2026-07-01,2026-07-28,1660.0,PE,110675,8550,568,4.8
2026-07-01,2026-07-28,1680.0,CE,6175,0,0,125.0
2026-07-01,2026-07-28,1680.0,PE,66975,12825,294,5.75
2026-07-01,2026-07-28,1700.0,CE,256025,59375,500,166.45
2026-07-01,2026-07-28,1700.0,PE,1079675,220875,2078,7.8
2026-07-01,2026-07-28,1720.0,CE,9025,0,0,113.85
2026-07-01,2026-07-28,1720.0,PE,82175,6175,678,9.6
2026-07-01,2026-07-28,1740.0,CE,11400,0,0,107.0
2026-07-01,2026-07-28,1740.0,PE,183825,107350,919,12.0
2026-07-01,2026-07-28,1760.0,CE,84550,-950,92,115.0
2026-07-01,2026-07-28,1760.0,PE,387600,220400,2315,15.5
2026-07-01,2026-07-28,1780.0,CE,54625,-11400,290,100.35
2026-07-01,2026-07-28,1780.0,PE,112575,19000,1028,19.85
2026-07-01,2026-07-28,1800.0,CE,548150,-55575,2739,85.05
2026-07-01,2026-07-28,1800.0,PE,505400,130150,3608,25.45
2026-07-01,2026-07-28,1820.0,CE,289275,-13300,2386,72.15
2026-07-01,2026-07-28,1820.0,PE,183825,100225,2076,32.25
2026-07-01,2026-07-28,1840.0,CE,880175,-94525,6247,59.9
2026-07-01,2026-07-28,1840.0,PE,272175,159125,3842,40.3
2026-07-01,2026-07-28,1860.0,CE,552425,345800,7749,49.9
2026-07-01,2026-07-28,1860.0,PE,201400,160075,3063,50.0
2026-07-01,2026-07-28,1880.0,CE,409450,349600,5567,40.95
2026-07-01,2026-07-28,1880.0,PE,114000,114000,975,60.45
2026-07-01,2026-07-28,1900.0,CE,1032175,342475,9388,33.3
2026-07-01,2026-07-28,1900.0,PE,248425,140125,1177,72.6
2026-07-01,2026-07-28,1920.0,CE,140125,71250,1894,26.6
2026-07-01,2026-07-28,1920.0,PE,3800,3800,34,86.85
2026-07-01,2026-07-28,1940.0,CE,207575,123500,2199,21.3
2026-07-01,2026-07-28,1940.0,PE,0,0,0,184.25
2026-07-01,2026-07-28,1960.0,CE,155325,85025,1712,16.95
2026-07-01,2026-07-28,1960.0,PE,0,0,0,334.4
2026-07-01,2026-07-28,1980.0,CE,76950,52250,1156,13.4
2026-07-01,2026-07-28,1980.0,PE,0,0,0,211.65
2026-07-01,2026-07-28,2000.0,CE,724375,388550,5981,10.75
2026-07-01,2026-07-28,2000.0,PE,18050,3800,27,147.35
2026-07-01,2026-07-28,2040.0,CE,178600,101650,1690,6.8
2026-07-01,2026-07-28,2040.0,PE,7125,0,0,221.3
2026-07-01,2026-07-28,2080.0,CE,110200,110200,751,4.45
2026-07-01,2026-07-28,2080.0,PE,5225,5225,16,220.85
2026-07-01,2026-08-25,1520.0,CE,0,0,0,342.75
2026-07-01,2026-08-25,1520.0,PE,0,0,0,29.1
2026-07-01,2026-08-25,1560.0,CE,0,0,0,311.7
2026-07-01,2026-08-25,1560.0,PE,0,0,0,37.45
2026-07-01,2026-08-25,1600.0,CE,0,0,0,282.3
2026-07-01,2026-08-25,1600.0,PE,1425,0,0,12.5
2026-07-01,2026-08-25,1640.0,CE,0,0,0,254.45
2026-07-01,2026-08-25,1640.0,PE,0,0,0,59.0
2026-07-01,2026-08-25,1660.0,CE,0,0,0,206.4
2026-07-01,2026-08-25,1660.0,PE,0,0,0,40.45
2026-07-01,2026-08-25,1680.0,CE,0,0,0,228.25
2026-07-01,2026-08-25,1680.0,PE,0,0,0,72.25
2026-07-01,2026-08-25,1700.0,CE,0,0,0,179.05
2026-07-01,2026-08-25,1700.0,PE,0,0,0,52.75
2026-07-01,2026-08-25,1720.0,CE,0,0,0,203.95
2026-07-01,2026-08-25,1720.0,PE,0,0,0,87.35
2026-07-01,2026-08-25,1740.0,CE,0,0,0,154.1
2026-07-01,2026-08-25,1740.0,PE,0,0,0,67.45
2026-07-01,2026-08-25,1760.0,CE,0,0,0,181.45
2026-07-01,2026-08-25,1760.0,PE,0,0,0,104.25
2026-07-01,2026-08-25,1780.0,CE,0,0,0,131.5
2026-07-01,2026-08-25,1780.0,PE,0,0,0,84.45
2026-07-01,2026-08-25,1800.0,CE,2850,950,4,114.0
2026-07-01,2026-08-25,1800.0,PE,14725,2850,12,43.35
2026-07-01,2026-08-25,1820.0,CE,0,0,0,111.25
2026-07-01,2026-08-25,1820.0,PE,0,0,0,103.8
2026-07-01,2026-08-25,1840.0,CE,0,0,0,141.75
2026-07-01,2026-08-25,1840.0,PE,0,0,0,143.4
2026-07-01,2026-08-25,1860.0,CE,0,0,0,93.35
2026-07-01,2026-08-25,1860.0,PE,0,0,0,125.55
2026-07-01,2026-08-25,1880.0,CE,0,0,0,124.55
2026-07-01,2026-08-25,1880.0,PE,0,0,0,165.55
2026-07-01,2026-08-25,1900.0,CE,1900,1900,6,60.95
2026-07-01,2026-08-25,1900.0,PE,0,0,0,149.45
2026-07-01,2026-08-25,1920.0,CE,0,0,0,48.0
2026-07-01,2026-08-25,1920.0,PE,0,0,0,189.4
2026-07-01,2026-08-25,1940.0,CE,0,0,0,64.05
2026-07-01,2026-08-25,1940.0,PE,0,0,0,175.5
2026-07-01,2026-08-25,1960.0,CE,0,0,0,94.95
2026-07-01,2026-08-25,1960.0,PE,0,0,0,214.8
2026-07-01,2026-08-25,1980.0,CE,0,0,0,52.45
2026-07-01,2026-08-25,1980.0,PE,0,0,0,203.5
2026-07-01,2026-08-25,2000.0,CE,0,0,0,30.0
2026-07-01,2026-08-25,2000.0,PE,0,0,0,241.7
2026-07-01,2026-08-25,2040.0,CE,0,0,0,71.3
2026-07-01,2026-08-25,2040.0,PE,0,0,0,269.95
2026-07-01,2026-08-25,2080.0,CE,0,0,0,61.55
2026-07-01,2026-08-25,2080.0,PE,0,0,0,299.6
2026-07-01,2026-09-29,1600.0,CE,0,0,0,278.4
2026-07-01,2026-09-29,1600.0,PE,0,0,0,43.65
2026-07-01,2026-09-29,1640.0,CE,0,0,0,250.2
2026-07-01,2026-09-29,1640.0,PE,0,0,0,54.85
2026-07-01,2026-09-29,1680.0,CE,0,0,0,223.7
2026-07-01,2026-09-29,1680.0,PE,0,0,0,67.75
2026-07-01,2026-09-29,1720.0,CE,0,0,0,199.1
2026-07-01,2026-09-29,1720.0,PE,0,0,0,82.55
2026-07-01,2026-09-29,1760.0,CE,0,0,0,176.4
2026-07-01,2026-09-29,1760.0,PE,0,0,0,99.2
2026-07-01,2026-09-29,1800.0,CE,0,0,0,155.55
2026-07-01,2026-09-29,1800.0,PE,0,0,0,117.75
2026-07-01,2026-09-29,1840.0,CE,0,0,0,136.5
2026-07-01,2026-09-29,1840.0,PE,0,0,0,138.1
2026-07-01,2026-09-29,1880.0,CE,0,0,0,119.25
2026-07-01,2026-09-29,1880.0,PE,0,0,0,160.2
2026-07-01,2026-09-29,1920.0,CE,0,0,0,103.7
2026-07-01,2026-09-29,1920.0,PE,0,0,0,184.05
2026-07-01,2026-09-29,1960.0,CE,0,0,0,89.8
2026-07-01,2026-09-29,1960.0,PE,0,0,0,209.55
2026-07-01,2026-09-29,2000.0,CE,0,0,0,77.45
2026-07-01,2026-09-29,2000.0,PE,0,0,0,236.6
2026-07-01,2026-09-29,2080.0,CE,0,0,0,57.0
2026-07-01,2026-09-29,2080.0,PE,0,0,0,294.9
2026-07-02,2026-07-28,1520.0,PE,3800,2375,8,1.45
2026-07-02,2026-07-28,1560.0,CE,3325,0,0,243.0
2026-07-02,2026-07-28,1560.0,PE,0,0,0,81.9
2026-07-02,2026-07-28,1600.0,CE,47975,0,1,276.65
2026-07-02,2026-07-28,1600.0,PE,182875,-9025,199,2.75
2026-07-02,2026-07-28,1640.0,CE,2850,0,0,160.0
2026-07-02,2026-07-28,1640.0,PE,57475,-9500,42,3.75
2026-07-02,2026-07-28,1660.0,CE,16625,0,0,223.7
2026-07-02,2026-07-28,1660.0,PE,118750,8075,157,4.4
2026-07-02,2026-07-28,1680.0,CE,6175,0,0,125.0
2026-07-02,2026-07-28,1680.0,PE,106400,39425,259,5.5
2026-07-02,2026-07-28,1700.0,CE,255075,-950,19,182.5
2026-07-02,2026-07-28,1700.0,PE,1068750,-10925,713,6.7
2026-07-02,2026-07-28,1720.0,CE,9025,0,0,113.85
2026-07-02,2026-07-28,1720.0,PE,88825,6650,272,8.0
2026-07-02,2026-07-28,1740.0,CE,11400,0,0,107.0
2026-07-02,2026-07-28,1740.0,PE,183350,-475,384,9.7
2026-07-02,2026-07-28,1760.0,CE,84075,-475,32,138.0
2026-07-02,2026-07-28,1760.0,PE,378575,-9025,731,12.0
2026-07-02,2026-07-28,1780.0,CE,52725,-1900,73,123.05
2026-07-02,2026-07-28,1780.0,PE,123975,11400,627,14.95
2026-07-02,2026-07-28,1800.0,CE,646950,98800,805,107.5
2026-07-02,2026-07-28,1800.0,PE,579975,74575,2241,18.9
2026-07-02,2026-07-28,1820.0,CE,284525,-4750,587,91.9
2026-07-02,2026-07-28,1820.0,PE,183825,0,901,23.65
2026-07-02,2026-07-28,1840.0,CE,878275,-1900,1472,78.1
2026-07-02,2026-07-28,1840.0,PE,356725,84550,1671,29.85
2026-07-02,2026-07-28,1860.0,CE,362900,-189525,4567,65.5
2026-07-02,2026-07-28,1860.0,PE,324900,123500,2506,37.15
2026-07-02,2026-07-28,1880.0,CE,336775,-72675,4354,54.5
2026-07-02,2026-07-28,1880.0,PE,237500,123500,1318,45.95
2026-07-02,2026-07-28,1900.0,CE,1871975,839800,7679,45.7
2026-07-02,2026-07-28,1900.0,PE,339625,91200,942,55.95
2026-07-02,2026-07-28,1920.0,CE,219925,79800,1270,36.7
2026-07-02,2026-07-28,1920.0,PE,51300,47500,221,67.2
2026-07-02,2026-07-28,1940.0,CE,218500,10925,1329,29.35
2026-07-02,2026-07-28,1940.0,PE,0,0,0,184.25
2026-07-02,2026-07-28,1960.0,CE,173375,18050,887,23.35
2026-07-02,2026-07-28,1960.0,PE,0,0,0,334.4
2026-07-02,2026-07-28,1980.0,CE,112575,35625,593,18.75
2026-07-02,2026-07-28,1980.0,PE,0,0,0,211.65
2026-07-02,2026-07-28,2000.0,CE,690650,-33725,3022,14.6
2026-07-02,2026-07-28,2000.0,PE,18050,0,1,125.0
2026-07-02,2026-07-28,2020.0,CE,950,950,2,12.3
2026-07-02,2026-07-28,2020.0,PE,0,0,0,240.75
2026-07-02,2026-07-28,2040.0,CE,205675,27075,897,8.95
2026-07-02,2026-07-28,2040.0,PE,7125,0,0,221.3
2026-07-02,2026-07-28,2080.0,CE,156275,46075,821,5.4
2026-07-02,2026-07-28,2080.0,PE,5225,0,0,220.85
2026-07-02,2026-07-28,2120.0,CE,14725,14725,39,3.3
2026-07-02,2026-07-28,2120.0,PE,0,0,0,382.9
2026-07-02,2026-08-25,1560.0,CE,0,0,0,311.7
2026-07-02,2026-08-25,1560.0,PE,0,0,0,37.45
2026-07-02,2026-08-25,1600.0,CE,0,0,0,282.3
2026-07-02,2026-08-25,1600.0,PE,1900,475,1,12.5
2026-07-02,2026-08-25,1640.0,CE,0,0,0,254.45
2026-07-02,2026-08-25,1640.0,PE,0,0,0,59.0
2026-07-02,2026-08-25,1660.0,CE,0,0,0,206.4
2026-07-02,2026-08-25,1660.0,PE,0,0,0,40.45
2026-07-02,2026-08-25,1680.0,CE,0,0,0,228.25
2026-07-02,2026-08-25,1680.0,PE,0,0,0,72.25
2026-07-02,2026-08-25,1700.0,CE,0,0,0,179.05
2026-07-02,2026-08-25,1700.0,PE,0,0,0,52.75
2026-07-02,2026-08-25,1720.0,CE,0,0,0,203.95
2026-07-02,2026-08-25,1720.0,PE,0,0,0,87.35
2026-07-02,2026-08-25,1740.0,CE,0,0,0,154.1
2026-07-02,2026-08-25,1740.0,PE,0,0,0,67.45
2026-07-02,2026-08-25,1760.0,CE,0,0,0,181.45
2026-07-02,2026-08-25,1760.0,PE,0,0,0,104.25
2026-07-02,2026-08-25,1780.0,CE,0,0,0,131.5
2026-07-02,2026-08-25,1780.0,PE,0,0,0,84.45
2026-07-02,2026-08-25,1800.0,CE,2850,0,0,114.0
2026-07-02,2026-08-25,1800.0,PE,15200,475,15,33.0
2026-07-02,2026-08-25,1820.0,CE,0,0,0,111.25
2026-07-02,2026-08-25,1820.0,PE,0,0,0,103.8
2026-07-02,2026-08-25,1840.0,CE,0,0,0,141.75
2026-07-02,2026-08-25,1840.0,PE,0,0,0,143.4
2026-07-02,2026-08-25,1860.0,CE,0,0,0,93.35
2026-07-02,2026-08-25,1860.0,PE,0,0,0,125.55
2026-07-02,2026-08-25,1880.0,CE,0,0,0,124.55
2026-07-02,2026-08-25,1880.0,PE,0,0,0,165.55
2026-07-02,2026-08-25,1900.0,CE,7600,5700,20,75.0
2026-07-02,2026-08-25,1900.0,PE,0,0,0,149.45
2026-07-02,2026-08-25,1920.0,CE,0,0,0,48.0
2026-07-02,2026-08-25,1920.0,PE,0,0,0,189.4
2026-07-02,2026-08-25,1940.0,CE,0,0,0,64.05
2026-07-02,2026-08-25,1940.0,PE,0,0,0,175.5
2026-07-02,2026-08-25,1960.0,CE,0,0,0,94.95
2026-07-02,2026-08-25,1960.0,PE,0,0,0,214.8
2026-07-02,2026-08-25,1980.0,CE,0,0,0,52.45
2026-07-02,2026-08-25,1980.0,PE,0,0,0,203.5
2026-07-02,2026-08-25,2000.0,CE,0,0,0,30.0
2026-07-02,2026-08-25,2000.0,PE,0,0,0,241.7
2026-07-02,2026-08-25,2020.0,CE,0,0,0,42.7
2026-07-02,2026-08-25,2020.0,PE,0,0,0,233.35
2026-07-02,2026-08-25,2040.0,CE,0,0,0,71.3
2026-07-02,2026-08-25,2040.0,PE,0,0,0,269.95
2026-07-02,2026-08-25,2080.0,CE,0,0,0,61.55
2026-07-02,2026-08-25,2080.0,PE,0,0,0,299.6
2026-07-02,2026-08-25,2120.0,CE,0,0,0,52.9
2026-07-02,2026-08-25,2120.0,PE,0,0,0,330.4
2026-07-02,2026-09-29,1600.0,CE,0,0,0,278.4
2026-07-02,2026-09-29,1600.0,PE,0,0,0,43.65
2026-07-02,2026-09-29,1640.0,CE,0,0,0,250.2
2026-07-02,2026-09-29,1640.0,PE,0,0,0,54.85
2026-07-02,2026-09-29,1680.0,CE,0,0,0,223.7
2026-07-02,2026-09-29,1680.0,PE,0,0,0,67.75
2026-07-02,2026-09-29,1720.0,CE,0,0,0,199.1
2026-07-02,2026-09-29,1720.0,PE,0,0,0,82.55
2026-07-02,2026-09-29,1760.0,CE,0,0,0,176.4
2026-07-02,2026-09-29,1760.0,PE,0,0,0,99.2
2026-07-02,2026-09-29,1800.0,CE,0,0,0,155.55
2026-07-02,2026-09-29,1800.0,PE,0,0,0,117.75
2026-07-02,2026-09-29,1840.0,CE,0,0,0,136.5
2026-07-02,2026-09-29,1840.0,PE,0,0,0,138.1
2026-07-02,2026-09-29,1880.0,CE,0,0,0,119.25
2026-07-02,2026-09-29,1880.0,PE,0,0,0,160.2
2026-07-02,2026-09-29,1920.0,CE,0,0,0,103.7
2026-07-02,2026-09-29,1920.0,PE,0,0,0,184.05
2026-07-02,2026-09-29,1960.0,CE,0,0,0,89.8
2026-07-02,2026-09-29,1960.0,PE,0,0,0,209.55
2026-07-02,2026-09-29,2000.0,CE,0,0,0,77.45
2026-07-02,2026-09-29,2000.0,PE,0,0,0,236.6
2026-07-02,2026-09-29,2040.0,CE,0,0,0,66.55
2026-07-02,2026-09-29,2040.0,PE,0,0,0,265.05
2026-07-02,2026-09-29,2080.0,CE,0,0,0,57.0
2026-07-02,2026-09-29,2080.0,PE,0,0,0,294.9
2026-07-03,2026-07-28,1520.0,PE,3800,0,1,1.45
2026-07-03,2026-07-28,1560.0,CE,3325,0,0,243.0
2026-07-03,2026-07-28,1560.0,PE,0,0,0,81.9
2026-07-03,2026-07-28,1600.0,CE,47500,-475,1,283.0
2026-07-03,2026-07-28,1600.0,PE,185250,2375,174,2.2
2026-07-03,2026-07-28,1640.0,CE,2850,0,0,160.0
2026-07-03,2026-07-28,1640.0,PE,57000,-475,15,3.0
2026-07-03,2026-07-28,1660.0,CE,16625,0,0,223.7
2026-07-03,2026-07-28,1660.0,PE,107825,-10925,55,4.0
2026-07-03,2026-07-28,1680.0,CE,6175,0,0,125.0
2026-07-03,2026-07-28,1680.0,PE,106400,0,91,4.95
2026-07-03,2026-07-28,1700.0,CE,256025,950,32,193.95
2026-07-03,2026-07-28,1700.0,PE,1059725,-9025,314,6.3
2026-07-03,2026-07-28,1720.0,CE,23275,14250,59,172.95
2026-07-03,2026-07-28,1720.0,PE,115900,27075,200,7.8
2026-07-03,2026-07-28,1740.0,CE,11400,0,0,107.0
2026-07-03,2026-07-28,1740.0,PE,185250,1900,263,9.65
2026-07-03,2026-07-28,1760.0,CE,88825,4750,58,133.35
2026-07-03,2026-07-28,1760.0,PE,388550,9975,382,12.25
2026-07-03,2026-07-28,1780.0,CE,49875,-2850,75,115.4
2026-07-03,2026-07-28,1780.0,PE,142975,19000,541,15.5
2026-07-03,2026-07-28,1800.0,CE,641725,-5225,208,99.5
2026-07-03,2026-07-28,1800.0,PE,599925,19950,1711,19.75
2026-07-03,2026-07-28,1820.0,CE,289750,5225,358,84.6
2026-07-03,2026-07-28,1820.0,PE,200925,17100,737,24.95
2026-07-03,2026-07-28,1840.0,CE,871150,-7125,654,71.65
2026-07-03,2026-07-28,1840.0,PE,338675,-18050,1100,31.65
2026-07-03,2026-07-28,1860.0,CE,247475,-115425,1724,60.15
2026-07-03,2026-07-28,1860.0,PE,288325,-36575,1378,40.0
2026-07-03,2026-07-28,1880.0,CE,377150,40375,3454,50.0
2026-07-03,2026-07-28,1880.0,PE,207575,-29925,2051,49.5
2026-07-03,2026-07-28,1900.0,CE,2194025,322050,4679,41.0
2026-07-03,2026-07-28,1900.0,PE,333925,-5700,897,60.2
2026-07-03,2026-07-28,1920.0,CE,249850,29925,1083,32.95
2026-07-03,2026-07-28,1920.0,PE,52725,1425,415,72.65
2026-07-03,2026-07-28,1940.0,CE,226100,7600,1101,26.3
2026-07-03,2026-07-28,1940.0,PE,0,0,0,184.25
2026-07-03,2026-07-28,1960.0,CE,208050,34675,843,20.9
2026-07-03,2026-07-28,1960.0,PE,0,0,0,334.4
2026-07-03,2026-07-28,1980.0,CE,143925,31350,626,16.25
2026-07-03,2026-07-28,1980.0,PE,0,0,0,211.65
2026-07-03,2026-07-28,2000.0,CE,689225,-1425,1765,12.85
2026-07-03,2026-07-28,2000.0,PE,24225,6175,38,133.8
2026-07-03,2026-07-28,2020.0,CE,48450,47500,205,10.0
2026-07-03,2026-07-28,2020.0,PE,0,0,0,240.75
2026-07-03,2026-07-28,2040.0,CE,202825,-2850,359,7.65
2026-07-03,2026-07-28,2040.0,PE,7125,0,0,221.3
2026-07-03,2026-07-28,2060.0,CE,32300,32300,131,6.0
2026-07-03,2026-07-28,2060.0,PE,0,0,0,271.35
2026-07-03,2026-07-28,2080.0,CE,145825,-10450,397,4.6
2026-07-03,2026-07-28,2080.0,PE,17100,11875,30,195.65
2026-07-03,2026-07-28,2120.0,CE,21850,7125,119,2.7
2026-07-03,2026-07-28,2120.0,PE,0,0,0,382.9
2026-07-03,2026-07-28,2160.0,CE,0,0,0,16.2
2026-07-03,2026-07-28,2160.0,PE,0,0,0,507.55
2026-07-03,2026-08-25,1560.0,CE,0,0,0,311.7
2026-07-03,2026-08-25,1560.0,PE,0,0,0,37.45
2026-07-03,2026-08-25,1600.0,CE,0,0,0,282.3
2026-07-03,2026-08-25,1600.0,PE,2375,475,1,10.95
2026-07-03,2026-08-25,1640.0,CE,0,0,0,254.45
2026-07-03,2026-08-25,1640.0,PE,0,0,0,59.0
2026-07-03,2026-08-25,1660.0,CE,0,0,0,206.4
2026-07-03,2026-08-25,1660.0,PE,0,0,0,40.45
2026-07-03,2026-08-25,1680.0,CE,0,0,0,228.25
2026-07-03,2026-08-25,1680.0,PE,0,0,0,72.25
2026-07-03,2026-08-25,1700.0,CE,0,0,0,179.05
2026-07-03,2026-08-25,1700.0,PE,0,0,0,52.75
2026-07-03,2026-08-25,1720.0,CE,0,0,0,203.95
2026-07-03,2026-08-25,1720.0,PE,0,0,0,87.35
2026-07-03,2026-08-25,1740.0,CE,0,0,0,154.1
2026-07-03,2026-08-25,1740.0,PE,0,0,0,67.45
2026-07-03,2026-08-25,1760.0,CE,0,0,0,181.45
2026-07-03,2026-08-25,1760.0,PE,0,0,0,104.25
2026-07-03,2026-08-25,1780.0,CE,0,0,0,131.5
2026-07-03,2026-08-25,1780.0,PE,0,0,0,84.45
2026-07-03,2026-08-25,1800.0,CE,2850,0,0,114.0
2026-07-03,2026-08-25,1800.0,PE,58425,43225,135,41.9
2026-07-03,2026-08-25,1820.0,CE,0,0,0,111.25
2026-07-03,2026-08-25,1820.0,PE,13775,13775,29,48.6
2026-07-03,2026-08-25,1840.0,CE,0,0,0,141.75
2026-07-03,2026-08-25,1840.0,PE,950,950,2,54.7
2026-07-03,2026-08-25,1860.0,CE,0,0,0,93.35
2026-07-03,2026-08-25,1860.0,PE,0,0,0,125.55
2026-07-03,2026-08-25,1880.0,CE,950,950,2,87.6
2026-07-03,2026-08-25,1880.0,PE,0,0,0,165.55
2026-07-03,2026-08-25,1900.0,CE,42750,35150,93,70.15
2026-07-03,2026-08-25,1900.0,PE,1425,1425,3,78.95
2026-07-03,2026-08-25,1920.0,CE,475,475,1,66.05
2026-07-03,2026-08-25,1920.0,PE,0,0,0,189.4
2026-07-03,2026-08-25,1940.0,CE,0,0,0,64.05
2026-07-03,2026-08-25,1940.0,PE,0,0,0,175.5
2026-07-03,2026-08-25,1960.0,CE,0,0,0,94.95
2026-07-03,2026-08-25,1960.0,PE,0,0,0,214.8
2026-07-03,2026-08-25,1980.0,CE,0,0,0,52.45
2026-07-03,2026-08-25,1980.0,PE,0,0,0,203.5
2026-07-03,2026-08-25,2000.0,CE,0,0,0,30.0
2026-07-03,2026-08-25,2000.0,PE,0,0,0,241.7
2026-07-03,2026-08-25,2020.0,CE,0,0,0,42.7
2026-07-03,2026-08-25,2020.0,PE,0,0,0,233.35
2026-07-03,2026-08-25,2040.0,CE,0,0,0,71.3
2026-07-03,2026-08-25,2040.0,PE,0,0,0,269.95
2026-07-03,2026-08-25,2060.0,CE,0,0,0,34.35
2026-07-03,2026-08-25,2060.0,PE,0,0,0,264.65
2026-07-03,2026-08-25,2080.0,CE,0,0,0,61.55
2026-07-03,2026-08-25,2080.0,PE,0,0,0,299.6
2026-07-03,2026-08-25,2120.0,CE,0,0,0,52.9
2026-07-03,2026-08-25,2120.0,PE,0,0,0,330.4
2026-07-03,2026-08-25,2160.0,CE,0,0,0,45.25
2026-07-03,2026-08-25,2160.0,PE,0,0,0,362.15
2026-07-03,2026-09-29,1600.0,CE,0,0,0,278.4
2026-07-03,2026-09-29,1600.0,PE,0,0,0,43.65
2026-07-03,2026-09-29,1640.0,CE,0,0,0,250.2
2026-07-03,2026-09-29,1640.0,PE,0,0,0,54.85
2026-07-03,2026-09-29,1680.0,CE,0,0,0,223.7
2026-07-03,2026-09-29,1680.0,PE,0,0,0,67.75
2026-07-03,2026-09-29,1720.0,CE,0,0,0,199.1
2026-07-03,2026-09-29,1720.0,PE,0,0,0,82.55
2026-07-03,2026-09-29,1760.0,CE,0,0,0,176.4
2026-07-03,2026-09-29,1760.0,PE,0,0,0,99.2
2026-07-03,2026-09-29,1800.0,CE,0,0,0,155.55
2026-07-03,2026-09-29,1800.0,PE,0,0,0,117.75
2026-07-03,2026-09-29,1840.0,CE,0,0,0,136.5
2026-07-03,2026-09-29,1840.0,PE,0,0,0,138.1
2026-07-03,2026-09-29,1880.0,CE,950,950,2,100.0
2026-07-03,2026-09-29,1880.0,PE,0,0,0,160.2
2026-07-03,2026-09-29,1920.0,CE,0,0,0,103.7
2026-07-03,2026-09-29,1920.0,PE,0,0,0,184.05
2026-07-03,2026-09-29,1960.0,CE,0,0,0,89.8
2026-07-03,2026-09-29,1960.0,PE,0,0,0,209.55
2026-07-03,2026-09-29,2000.0,CE,0,0,0,77.45
2026-07-03,2026-09-29,2000.0,PE,0,0,0,236.6
2026-07-03,2026-09-29,2040.0,CE,0,0,0,66.55
2026-07-03,2026-09-29,2040.0,PE,0,0,0,265.05
2026-07-03,2026-09-29,2080.0,CE,0,0,0,57.0
2026-07-03,2026-09-29,2080.0,PE,0,0,0,294.9
2026-07-03,2026-09-29,2160.0,CE,0,0,0,41.25
2026-07-03,2026-09-29,2160.0,PE,0,0,0,357.9
