date,expiry,strike,opt_type,oi,chg_oi,volume,close
2026-06-05,2026-06-30,1100.0,CE,17400,0,0,327.0
2026-06-05,2026-06-30,1100.0,PE,474000,28200,2091,2.15
2026-06-05,2026-06-30,1110.0,PE,4800,0,0,5.05
2026-06-05,2026-06-30,1120.0,CE,50400,0,0,339.25
2026-06-05,2026-06-30,1130.0,PE,16200,0,0,5.0
2026-06-05,2026-06-30,1140.0,PE,15600,0,1,3.0
2026-06-05,2026-06-30,1150.0,PE,10800,0,0,3.55
2026-06-05,2026-06-30,1160.0,PE,31800,0,1,3.2
2026-06-05,2026-06-30,1170.0,PE,1200,0,0,16.45
2026-06-05,2026-06-30,1180.0,PE,12600,-600,1,3.2
2026-06-05,2026-06-30,1200.0,CE,13200,1800,3,335.0
2026-06-05,2026-06-30,1200.0,PE,266400,27600,199,3.5
2026-06-05,2026-06-30,1220.0,CE,600,0,0,234.9
2026-06-05,2026-06-30,1220.0,PE,17400,2400,62,3.7
2026-06-05,2026-06-30,1230.0,PE,5400,-2400,16,5.05
2026-06-05,2026-06-30,1240.0,PE,8400,1800,50,4.8
2026-06-05,2026-06-30,1250.0,CE,600,0,0,130.15
2026-06-05,2026-06-30,1250.0,PE,147000,7800,168,4.8
2026-06-05,2026-06-30,1260.0,PE,17400,-10800,49,5.1
2026-06-05,2026-06-30,1270.0,PE,3000,0,0,13.15
2026-06-05,2026-06-30,1280.0,PE,21600,1200,56,4.75
2026-06-05,2026-06-30,1290.0,PE,11400,-9600,70,6.95
2026-06-05,2026-06-30,1300.0,CE,273000,-12000,97,238.8
2026-06-05,2026-06-30,1300.0,PE,424800,-13200,802,7.55
2026-06-05,2026-06-30,1310.0,CE,600,0,0,100.85
2026-06-05,2026-06-30,1320.0,CE,1800,0,0,119.35
2026-06-05,2026-06-30,1320.0,PE,52800,-1800,251,9.15
2026-06-05,2026-06-30,1330.0,CE,0,0,0,93.1
2026-06-05,2026-06-30,1330.0,PE,223800,4800,157,10.1
2026-06-05,2026-06-30,1340.0,CE,4200,0,0,126.45
2026-06-05,2026-06-30,1340.0,PE,24000,-9000,117,11.2
2026-06-05,2026-06-30,1350.0,CE,155400,-7200,19,193.05
2026-06-05,2026-06-30,1350.0,PE,99000,27600,321,12.2
2026-06-05,2026-06-30,1360.0,CE,25200,600,4,152.15
2026-06-05,2026-06-30,1360.0,PE,93000,2400,172,13.6
2026-06-05,2026-06-30,1370.0,CE,13800,0,0,147.0
2026-06-05,2026-06-30,1370.0,PE,10800,600,54,14.8
2026-06-05,2026-06-30,1380.0,CE,66600,1800,16,166.15
2026-06-05,2026-06-30,1380.0,PE,112800,-14400,225,16.7
2026-06-05,2026-06-30,1390.0,CE,48000,-2400,6,127.7
2026-06-05,2026-06-30,1390.0,PE,101400,18600,91,18.5
2026-06-05,2026-06-30,1400.0,CE,491400,-181200,1386,152.4
2026-06-05,2026-06-30,1400.0,PE,776400,70800,1717,20.25
2026-06-05,2026-06-30,1410.0,CE,29400,-3000,37,145.0
2026-06-05,2026-06-30,1410.0,PE,90000,-5400,127,22.35
2026-06-05,2026-06-30,1420.0,CE,160800,-30000,179,136.65
2026-06-05,2026-06-30,1420.0,PE,136800,-40200,569,24.7
2026-06-05,2026-06-30,1430.0,CE,78600,-10800,161,128.75
2026-06-05,2026-06-30,1430.0,PE,69000,0,241,27.3
2026-06-05,2026-06-30,1440.0,CE,119400,-28200,850,121.75
2026-06-05,2026-06-30,1440.0,PE,102600,13800,826,30.05
2026-06-05,2026-06-30,1450.0,CE,460800,-132000,2634,115.45
2026-06-05,2026-06-30,1450.0,PE,331800,-54000,1545,33.2
2026-06-05,2026-06-30,1460.0,CE,153600,-3000,5593,108.35
2026-06-05,2026-06-30,1460.0,PE,142200,25200,1146,36.55
2026-06-05,2026-06-30,1470.0,CE,228000,57000,2029,102.1
2026-06-05,2026-06-30,1470.0,PE,124800,22200,671,40.1
2026-06-05,2026-06-30,1480.0,CE,198600,22200,2188,94.75
2026-06-05,2026-06-30,1480.0,PE,229800,112800,1136,43.9
2026-06-05,2026-06-30,1490.0,CE,80400,-8400,975,89.9
2026-06-05,2026-06-30,1490.0,PE,117600,41400,694,47.9
2026-06-05,2026-06-30,1500.0,CE,1249800,-359400,9094,84.45
2026-06-05,2026-06-30,1500.0,PE,574800,96600,1732,52.3
2026-06-05,2026-06-30,1510.0,CE,98400,-35400,987,78.6
2026-06-05,2026-06-30,1510.0,PE,75000,21600,499,57.2
2026-06-05,2026-06-30,1520.0,CE,259200,72600,2354,73.85
2026-06-05,2026-06-30,1520.0,PE,70800,42600,429,61.6
2026-06-05,2026-06-30,1530.0,CE,171000,48600,986,69.05
2026-06-05,2026-06-30,1530.0,PE,55200,30600,173,66.5
2026-06-05,2026-06-30,1540.0,CE,178800,89400,1706,64.55
2026-06-05,2026-06-30,1540.0,PE,27000,0,0,133.55
2026-06-05,2026-06-30,1550.0,CE,237600,68400,1831,59.8
2026-06-05,2026-06-30,1550.0,PE,53400,-4200,136,77.25
2026-06-05,2026-06-30,1560.0,CE,72000,15600,440,55.2
2026-06-05,2026-06-30,1560.0,PE,0,0,0,373.55
2026-06-05,2026-06-30,1570.0,CE,40200,-5400,218,51.8
2026-06-05,2026-06-30,1570.0,PE,0,0,0,272.8
2026-06-05,2026-06-30,1580.0,CE,299400,20400,880,47.9
2026-06-05,2026-06-30,1580.0,PE,600,0,0,123.7
2026-06-05,2026-06-30,1590.0,CE,16800,10800,102,44.1
2026-06-05,2026-06-30,1590.0,PE,0,0,0,288.6
2026-06-05,2026-06-30,1600.0,CE,944400,202800,6238,41.15
2026-06-05,2026-06-30,1600.0,PE,44400,1200,50,109.3
2026-06-05,2026-06-30,1610.0,CE,64800,4200,212,37.95
2026-06-05,2026-06-30,1610.0,PE,0,0,0,287.75
2026-06-05,2026-06-30,1620.0,CE,136800,30600,421,35.2
2026-06-05,2026-06-30,1620.0,PE,600,600,2,122.6
2026-06-05,2026-06-30,1630.0,CE,82800,-33600,373,32.5
2026-06-05,2026-06-30,1630.0,PE,0,0,0,293.95
2026-06-05,2026-06-30,1640.0,CE,556200,144000,3062,29.9
2026-06-05,2026-06-30,1640.0,PE,600,600,1,135.35
2026-06-05,2026-06-30,1650.0,CE,0,0,0,40.8
2026-06-05,2026-06-30,1650.0,PE,0,0,0,289.8
2026-06-05,2026-06-30,1660.0,CE,0,0,0,25.25
2026-06-05,2026-06-30,1660.0,PE,0,0,0,379.4
2026-06-05,2026-06-30,1670.0,CE,39000,39000,83,23.85
2026-06-05,2026-06-30,1670.0,PE,0,0,0,284.4
2026-06-05,2026-06-30,1680.0,CE,0,0,0,29.45
2026-06-05,2026-06-30,1680.0,PE,0,0,0,362.95
2026-06-05,2026-06-30,1690.0,CE,600,600,1,21.0
2026-06-05,2026-06-30,1690.0,PE,0,0,0,256.9
2026-06-05,2026-06-30,1700.0,CE,144000,144000,513,18.8
2026-06-05,2026-06-30,1700.0,PE,0,0,0,380.15
2026-06-05,2026-07-28,1300.0,CE,0,0,0,131.25
2026-06-05,2026-07-28,1300.0,PE,9600,9600,18,23.35
2026-06-05,2026-07-28,1320.0,CE,1200,0,1,205.0
2026-06-05,2026-07-28,1320.0,PE,9600,1800,5,28.0
2026-06-05,2026-07-28,1330.0,CE,0,0,0,214.75
2026-06-05,2026-07-28,1330.0,PE,0,0,0,73.75
2026-06-05,2026-07-28,1340.0,CE,0,0,0,115.95
2026-06-05,2026-07-28,1340.0,PE,600,600,1,41.0
2026-06-05,2026-07-28,1350.0,CE,0,0,0,202.75
2026-06-05,2026-07-28,1350.0,PE,0,0,0,81.5
2026-06-05,2026-07-28,1360.0,CE,600,-1800,5,174.0
2026-06-05,2026-07-28,1360.0,PE,11400,5400,9,41.15
2026-06-05,2026-07-28,1370.0,CE,0,0,0,191.2
2026-06-05,2026-07-28,1370.0,PE,0,0,0,89.75
2026-06-05,2026-07-28,1380.0,CE,0,0,0,102.15
2026-06-05,2026-07-28,1380.0,PE,0,0,0,212.4
2026-06-05,2026-07-28,1390.0,CE,0,0,0,180.1
2026-06-05,2026-07-28,1390.0,PE,0,0,0,98.45
2026-06-05,2026-07-28,1400.0,CE,1200,0,2,182.0
2026-06-05,2026-07-28,1400.0,PE,1200,600,3,53.4
2026-06-05,2026-07-28,1410.0,CE,0,0,0,169.5
2026-06-05,2026-07-28,1410.0,PE,0,0,0,107.65
2026-06-05,2026-07-28,1420.0,CE,0,0,0,89.8
2026-06-05,2026-07-28,1420.0,PE,7800,0,1,60.0
2026-06-05,2026-07-28,1430.0,CE,0,0,0,159.35
2026-06-05,2026-07-28,1430.0,PE,0,0,0,117.3
2026-06-05,2026-07-28,1440.0,CE,1800,0,0,90.2
2026-06-05,2026-07-28,1440.0,PE,0,0,0,253.45
2026-06-05,2026-07-28,1450.0,CE,1200,1200,2,121.85
2026-06-05,2026-07-28,1450.0,PE,0,0,0,127.4
2026-06-05,2026-07-28,1460.0,CE,0,0,0,78.75
2026-06-05,2026-07-28,1460.0,PE,0,0,0,267.8
2026-06-05,2026-07-28,1470.0,CE,0,0,0,140.45
2026-06-05,2026-07-28,1470.0,PE,0,0,0,137.95
2026-06-05,2026-07-28,1480.0,CE,0,0,0,73.75
2026-06-05,2026-07-28,1480.0,PE,0,0,0,282.55
2026-06-05,2026-07-28,1490.0,CE,0,0,0,131.65
2026-06-05,2026-07-28,1490.0,PE,0,0,0,149.0
2026-06-05,2026-07-28,1500.0,CE,109200,29400,149,125.15
2026-06-05,2026-07-28,1500.0,PE,54600,42600,85,80.2
2026-06-05,2026-07-28,1510.0,CE,0,0,0,123.3
2026-06-05,2026-07-28,1510.0,PE,0,0,0,160.45
2026-06-05,2026-07-28,1520.0,CE,0,0,0,64.5
2026-06-05,2026-07-28,1520.0,PE,0,0,0,312.7
2026-06-05,2026-07-28,1530.0,CE,0,0,0,115.4
2026-06-05,2026-07-28,1530.0,PE,600,0,0,148.0
2026-06-05,2026-07-28,1540.0,CE,0,0,0,68.45
2026-06-05,2026-07-28,1540.0,PE,0,0,0,296.8
2026-06-05,2026-07-28,1550.0,CE,600,0,0,55.0
2026-06-05,2026-07-28,1550.0,PE,0,0,0,184.6
2026-06-05,2026-07-28,1560.0,CE,0,0,0,56.3
2026-06-05,2026-07-28,1560.0,PE,0,0,0,343.95
2026-06-05,2026-07-28,1570.0,CE,0,0,0,100.75
2026-06-05,2026-07-28,1570.0,PE,0,0,0,197.25
2026-06-05,2026-07-28,1580.0,CE,0,0,0,71.8
2026-06-05,2026-07-28,1580.0,PE,600,0,0,178.6
2026-06-05,2026-07-28,1590.0,CE,0,0,0,94.05
2026-06-05,2026-07-28,1590.0,PE,0,0,0,210.35
2026-06-05,2026-07-28,1600.0,CE,17400,17400,46,75.6
2026-06-05,2026-07-28,1600.0,PE,0,0,0,376.15
2026-06-05,2026-07-28,1610.0,CE,0,0,0,87.7
2026-06-05,2026-07-28,1610.0,PE,0,0,0,223.8
2026-06-05,2026-07-28,1620.0,CE,0,0,0,74.75
2026-06-05,2026-07-28,1620.0,PE,0,0,0,286.75
2026-06-05,2026-07-28,1630.0,CE,0,0,0,81.7
2026-06-05,2026-07-28,1630.0,PE,0,0,0,237.6
2026-06-05,2026-07-28,1640.0,CE,22800,3000,17,63.85
2026-06-05,2026-07-28,1640.0,PE,0,0,0,375.5
2026-06-05,2026-07-28,1650.0,CE,0,0,0,76.05
2026-06-05,2026-07-28,1650.0,PE,0,0,0,251.75
2026-06-05,2026-07-28,1660.0,CE,0,0,0,72.7
2026-06-05,2026-07-28,1660.0,PE,0,0,0,297.95
2026-06-05,2026-07-28,1670.0,CE,0,0,0,70.75
2026-06-05,2026-07-28,1670.0,PE,0,0,0,266.25
2026-06-05,2026-07-28,1680.0,CE,0,0,0,51.3
2026-06-05,2026-07-28,1680.0,PE,0,0,0,377.3
2026-06-05,2026-07-28,1690.0,CE,0,0,0,65.85
2026-06-05,2026-07-28,1690.0,PE,0,0,0,281.1
2026-06-05,2026-07-28,1700.0,CE,0,0,0,63.5
2026-06-05,2026-07-28,1700.0,PE,0,0,0,288.65
2026-06-05,2026-08-25,1320.0,CE,0,0,0,248.8
2026-06-05,2026-08-25,1320.0,PE,0,0,0,91.9
2026-06-05,2026-08-25,1340.0,CE,0,0,0,237.2
2026-06-05,2026-08-25,1340.0,PE,0,0,0,100.0
2026-06-05,2026-08-25,1360.0,CE,0,0,0,226.0
2026-06-05,2026-08-25,1360.0,PE,0,0,0,108.5
2026-06-05,2026-08-25,1380.0,CE,0,0,0,215.2
2026-06-05,2026-08-25,1380.0,PE,0,0,0,117.4
2026-06-05,2026-08-25,1400.0,CE,0,0,0,204.75
2026-06-05,2026-08-25,1400.0,PE,0,0,0,126.7
2026-06-05,2026-08-25,1420.0,CE,0,0,0,194.75
2026-06-05,2026-08-25,1420.0,PE,0,0,0,136.35
2026-06-05,2026-08-25,1440.0,CE,0,0,0,185.1
2026-06-05,2026-08-25,1440.0,PE,0,0,0,146.4
2026-06-05,2026-08-25,1460.0,CE,0,0,0,175.85
2026-06-05,2026-08-25,1460.0,PE,0,0,0,156.85
2026-06-05,2026-08-25,1480.0,CE,0,0,0,166.95
2026-06-05,2026-08-25,1480.0,PE,0,0,0,167.7
2026-06-05,2026-08-25,1500.0,CE,0,0,0,158.4
2026-06-05,2026-08-25,1500.0,PE,0,0,0,178.85
2026-06-05,2026-08-25,1520.0,CE,0,0,0,150.25
2026-06-05,2026-08-25,1520.0,PE,0,0,0,190.4
2026-06-05,2026-08-25,1540.0,CE,0,0,0,142.4
2026-06-05,2026-08-25,1540.0,PE,0,0,0,202.25
2026-06-05,2026-08-25,1560.0,CE,0,0,0,134.95
2026-06-05,2026-08-25,1560.0,PE,0,0,0,214.5
2026-06-05,2026-08-25,1580.0,CE,0,0,0,127.8
2026-06-05,2026-08-25,1580.0,PE,0,0,0,227.05
2026-06-05,2026-08-25,1600.0,CE,0,0,0,120.95
2026-06-05,2026-08-25,1600.0,PE,0,0,0,239.9
2026-06-05,2026-08-25,1620.0,CE,0,0,0,114.45
2026-06-05,2026-08-25,1620.0,PE,0,0,0,253.1
2026-06-05,2026-08-25,1640.0,CE,0,0,0,108.2
2026-06-05,2026-08-25,1640.0,PE,0,0,0,266.6
2026-06-05,2026-08-25,1660.0,CE,0,0,0,102.3
2026-06-05,2026-08-25,1660.0,PE,0,0,0,280.35
2026-06-05,2026-08-25,1680.0,CE,0,0,0,96.65
2026-06-05,2026-08-25,1680.0,PE,0,0,0,294.45
2026-06-05,2026-08-25,1700.0,CE,0,0,0,91.3
2026-06-05,2026-08-25,1700.0,PE,0,0,0,308.8
2026-06-08,2026-06-30,1100.0,CE,17400,0,0,327.0
2026-06-08,2026-06-30,1100.0,PE,429000,-45000,2446,1.6
2026-06-08,2026-06-30,1110.0,PE,4800,0,0,5.05
2026-06-08,2026-06-30,1120.0,CE,50400,0,0,339.25
2026-06-08,2026-06-30,1130.0,PE,16200,0,1,1.8
2026-06-08,2026-06-30,1140.0,PE,16200,600,51,2.0
2026-06-08,2026-06-30,1150.0,PE,10200,-600,1,3.65
2026-06-08,2026-06-30,1160.0,PE,31800,0,1,2.5
2026-06-08,2026-06-30,1170.0,PE,1200,0,0,16.45
2026-06-08,2026-06-30,1180.0,PE,13800,1200,25,2.5
2026-06-08,2026-06-30,1200.0,CE,13800,600,4,314.9
2026-06-08,2026-06-30,1200.0,PE,231000,-35400,287,3.05
2026-06-08,2026-06-30,1220.0,CE,600,0,0,234.9
2026-06-08,2026-06-30,1220.0,PE,18000,600,5,3.0
2026-06-08,2026-06-30,1230.0,PE,5400,0,0,5.05
2026-06-08,2026-06-30,1240.0,PE,6000,-2400,9,3.95
2026-06-08,2026-06-30,1250.0,CE,600,0,0,130.15
2026-06-08,2026-06-30,1250.0,PE,145800,-1200,148,4.9
2026-06-08,2026-06-30,1260.0,PE,16200,-1200,2,5.1
2026-06-08,2026-06-30,1270.0,PE,3000,0,0,13.15
2026-06-08,2026-06-30,1280.0,PE,19800,-1800,14,6.9
2026-06-08,2026-06-30,1290.0,PE,13200,1800,10,8.05
2026-06-08,2026-06-30,1300.0,CE,264000,-9000,55,202.3
2026-06-08,2026-06-30,1300.0,PE,387000,-37800,527,8.75
2026-06-08,2026-06-30,1310.0,CE,600,0,0,100.85
2026-06-08,2026-06-30,1320.0,CE,1800,0,0,119.35
2026-06-08,2026-06-30,1320.0,PE,56400,3600,122,10.8
2026-06-08,2026-06-30,1330.0,CE,0,0,0,93.1
2026-06-08,2026-06-30,1330.0,PE,217800,-6000,70,12.5
2026-06-08,2026-06-30,1340.0,CE,4200,0,0,126.45
2026-06-08,2026-06-30,1340.0,PE,36600,12600,56,14.2
2026-06-08,2026-06-30,1350.0,CE,151800,-3600,8,193.0
2026-06-08,2026-06-30,1350.0,PE,128400,29400,164,15.9
2026-06-08,2026-06-30,1360.0,CE,25200,0,0,152.15
2026-06-08,2026-06-30,1360.0,PE,96000,3000,98,17.75
2026-06-08,2026-06-30,1370.0,CE,13800,0,0,147.0
2026-06-08,2026-06-30,1370.0,PE,20400,9600,50,19.3
2026-06-08,2026-06-30,1380.0,CE,66600,0,0,166.15
2026-06-08,2026-06-30,1380.0,PE,138600,25800,171,21.6
2026-06-08,2026-06-30,1390.0,CE,48000,0,0,127.7
2026-06-08,2026-06-30,1390.0,PE,90600,-10800,63,24.1
2026-06-08,2026-06-30,1400.0,CE,483600,-7800,85,119.75
2026-06-08,2026-06-30,1400.0,PE,853200,76800,1152,25.65
2026-06-08,2026-06-30,1410.0,CE,29400,0,0,145.0
2026-06-08,2026-06-30,1410.0,PE,89400,-600,42,28.6
2026-06-08,2026-06-30,1420.0,CE,159600,-1200,4,121.5
2026-06-08,2026-06-30,1420.0,PE,123000,-13800,201,31.3
2026-06-08,2026-06-30,1430.0,CE,75600,-3000,12,97.75
2026-06-08,2026-06-30,1430.0,PE,55200,-13800,87,35.75
2026-06-08,2026-06-30,1440.0,CE,119400,0,0,121.75
2026-06-08,2026-06-30,1440.0,PE,94800,-7800,226,39.3
2026-06-08,2026-06-30,1450.0,CE,441000,-19800,222,89.65
2026-06-08,2026-06-30,1450.0,PE,311400,-20400,603,43.3
2026-06-08,2026-06-30,1460.0,CE,123600,-30000,152,81.85
2026-06-08,2026-06-30,1460.0,PE,124800,-17400,515,47.35
2026-06-08,2026-06-30,1470.0,CE,220200,-7800,159,77.05
2026-06-08,2026-06-30,1470.0,PE,106200,-18600,257,52.15
2026-06-08,2026-06-30,1480.0,CE,180000,-18600,264,70.35
2026-06-08,2026-06-30,1480.0,PE,192000,-37800,541,56.7
2026-06-08,2026-06-30,1490.0,CE,82200,1800,194,66.3
2026-06-08,2026-06-30,1490.0,PE,114600,-3000,390,61.85
2026-06-08,2026-06-30,1500.0,CE,1277400,27600,4145,62.9
2026-06-08,2026-06-30,1500.0,PE,570600,-4200,1867,67.25
2026-06-08,2026-06-30,1510.0,CE,132000,33600,1022,58.2
2026-06-08,2026-06-30,1510.0,PE,69600,-5400,365,72.3
2026-06-08,2026-06-30,1520.0,CE,497400,238200,2922,54.2
2026-06-08,2026-06-30,1520.0,PE,66600,-4200,720,78.4
2026-06-08,2026-06-30,1530.0,CE,163200,-7800,774,49.85
2026-06-08,2026-06-30,1530.0,PE,48600,-6600,174,82.45
2026-06-08,2026-06-30,1540.0,CE,163200,-15600,966,46.3
2026-06-08,2026-06-30,1540.0,PE,91200,64200,279,91.3
2026-06-08,2026-06-30,1550.0,CE,293400,55800,1382,43.25
2026-06-08,2026-06-30,1550.0,PE,52800,-600,85,98.95
2026-06-08,2026-06-30,1560.0,CE,118200,46200,430,39.7
2026-06-08,2026-06-30,1560.0,PE,3600,3600,20,105.05
2026-06-08,2026-06-30,1570.0,CE,47400,7200,138,37.0
2026-06-08,2026-06-30,1570.0,PE,0,0,0,272.8
2026-06-08,2026-06-30,1580.0,CE,300000,600,314,32.85
2026-06-08,2026-06-30,1580.0,PE,600,0,0,123.7
2026-06-08,2026-06-30,1590.0,CE,13800,-3000,53,31.7
2026-06-08,2026-06-30,1590.0,PE,0,0,0,288.6
2026-06-08,2026-06-30,1600.0,CE,987600,43200,3749,28.85
2026-06-08,2026-06-30,1600.0,PE,50400,6000,42,133.3
2026-06-08,2026-06-30,1610.0,CE,43200,-21600,131,25.95
2026-06-08,2026-06-30,1610.0,PE,0,0,0,287.75
2026-06-08,2026-06-30,1620.0,CE,124200,-12600,250,24.95
2026-06-08,2026-06-30,1620.0,PE,600,0,0,122.6
2026-06-08,2026-06-30,1630.0,CE,54600,-28200,163,22.5
2026-06-08,2026-06-30,1630.0,PE,0,0,0,293.95
2026-06-08,2026-06-30,1640.0,CE,328800,-227400,999,20.9
2026-06-08,2026-06-30,1640.0,PE,600,0,0,135.35
2026-06-08,2026-06-30,1650.0,CE,0,0,0,40.8
2026-06-08,2026-06-30,1650.0,PE,0,0,0,289.8
2026-06-08,2026-06-30,1660.0,CE,13800,13800,35,17.75
2026-06-08,2026-06-30,1660.0,PE,0,0,0,379.4
2026-06-08,2026-06-30,1670.0,CE,65400,26400,141,16.5
2026-06-08,2026-06-30,1670.0,PE,0,0,0,284.4
2026-06-08,2026-06-30,1680.0,CE,0,0,0,29.45
2026-06-08,2026-06-30,1680.0,PE,0,0,0,362.95
2026-06-08,2026-06-30,1690.0,CE,55800,55200,138,13.8
2026-06-08,2026-06-30,1690.0,PE,0,0,0,256.9
2026-06-08,2026-06-30,1700.0,CE,240000,96000,1270,13.05
2026-06-08,2026-06-30,1700.0,PE,0,0,0,380.15
2026-06-08,2026-07-28,1300.0,CE,600,600,1,241.2
2026-06-08,2026-07-28,1300.0,PE,36000,26400,60,25.45
2026-06-08,2026-07-28,1320.0,CE,1200,0,0,205.0
2026-06-08,2026-07-28,1320.0,PE,10200,600,16,26.5
2026-06-08,2026-07-28,1330.0,CE,0,0,0,214.75
2026-06-08,2026-07-28,1330.0,PE,2400,2400,5,35.6
2026-06-08,2026-07-28,1340.0,CE,0,0,0,115.95
2026-06-08,2026-07-28,1340.0,PE,600,0,0,41.0
2026-06-08,2026-07-28,1350.0,CE,0,0,0,202.75
2026-06-08,2026-07-28,1350.0,PE,0,0,0,81.5
2026-06-08,2026-07-28,1360.0,CE,600,0,0,174.0
2026-06-08,2026-07-28,1360.0,PE,11400,0,0,41.15
2026-06-08,2026-07-28,1370.0,CE,0,0,0,191.2
2026-06-08,2026-07-28,1370.0,PE,0,0,0,89.75
2026-06-08,2026-07-28,1380.0,CE,0,0,0,102.15
2026-06-08,2026-07-28,1380.0,PE,0,0,0,212.4
2026-06-08,2026-07-28,1390.0,CE,0,0,0,180.1
2026-06-08,2026-07-28,1390.0,PE,0,0,0,98.45
2026-06-08,2026-07-28,1400.0,CE,1200,0,0,182.0
2026-06-08,2026-07-28,1400.0,PE,3000,1800,3,53.75
2026-06-08,2026-07-28,1410.0,CE,0,0,0,169.5
2026-06-08,2026-07-28,1410.0,PE,0,0,0,107.65
2026-06-08,2026-07-28,1420.0,CE,0,0,0,89.8
2026-06-08,2026-07-28,1420.0,PE,7800,0,0,60.0
2026-06-08,2026-07-28,1430.0,CE,0,0,0,159.35
2026-06-08,2026-07-28,1430.0,PE,0,0,0,117.3
2026-06-08,2026-07-28,1440.0,CE,1800,0,0,90.2
2026-06-08,2026-07-28,1440.0,PE,0,0,0,253.45
2026-06-08,2026-07-28,1450.0,CE,1200,0,4,135.5
2026-06-08,2026-07-28,1450.0,PE,7200,7200,14,63.9
2026-06-08,2026-07-28,1460.0,CE,0,0,0,78.75
2026-06-08,2026-07-28,1460.0,PE,0,0,0,267.8
2026-06-08,2026-07-28,1470.0,CE,0,0,0,140.45
2026-06-08,2026-07-28,1470.0,PE,0,0,0,137.95
2026-06-08,2026-07-28,1480.0,CE,0,0,0,73.75
2026-06-08,2026-07-28,1480.0,PE,0,0,0,282.55
2026-06-08,2026-07-28,1490.0,CE,0,0,0,131.65
2026-06-08,2026-07-28,1490.0,PE,0,0,0,149.0
2026-06-08,2026-07-28,1500.0,CE,109800,600,45,99.5
2026-06-08,2026-07-28,1500.0,PE,57600,3000,9,96.15
2026-06-08,2026-07-28,1510.0,CE,3000,3000,7,110.3
2026-06-08,2026-07-28,1510.0,PE,0,0,0,160.45
2026-06-08,2026-07-28,1520.0,CE,600,600,1,98.0
2026-06-08,2026-07-28,1520.0,PE,3600,3600,9,91.5
2026-06-08,2026-07-28,1530.0,CE,0,0,0,115.4
2026-06-08,2026-07-28,1530.0,PE,600,0,0,148.0
2026-06-08,2026-07-28,1540.0,CE,0,0,0,68.45
2026-06-08,2026-07-28,1540.0,PE,0,0,0,296.8
2026-06-08,2026-07-28,1550.0,CE,1800,1200,2,80.45
2026-06-08,2026-07-28,1550.0,PE,0,0,0,184.6
2026-06-08,2026-07-28,1560.0,CE,0,0,0,56.3
2026-06-08,2026-07-28,1560.0,PE,0,0,0,343.95
2026-06-08,2026-07-28,1570.0,CE,0,0,0,100.75
2026-06-08,2026-07-28,1570.0,PE,0,0,0,197.25
2026-06-08,2026-07-28,1580.0,CE,0,0,0,71.8
2026-06-08,2026-07-28,1580.0,PE,600,0,0,178.6
2026-06-08,2026-07-28,1590.0,CE,0,0,0,94.05
2026-06-08,2026-07-28,1590.0,PE,0,0,0,210.35
2026-06-08,2026-07-28,1600.0,CE,19800,2400,30,61.2
2026-06-08,2026-07-28,1600.0,PE,600,600,1,142.15
2026-06-08,2026-07-28,1610.0,CE,0,0,0,87.7
2026-06-08,2026-07-28,1610.0,PE,0,0,0,223.8
2026-06-08,2026-07-28,1620.0,CE,0,0,0,74.75
2026-06-08,2026-07-28,1620.0,PE,0,0,0,286.75
2026-06-08,2026-07-28,1630.0,CE,0,0,0,81.7
2026-06-08,2026-07-28,1630.0,PE,0,0,0,237.6
2026-06-08,2026-07-28,1640.0,CE,28200,5400,40,49.8
2026-06-08,2026-07-28,1640.0,PE,0,0,0,375.5
2026-06-08,2026-07-28,1650.0,CE,0,0,0,76.05
2026-06-08,2026-07-28,1650.0,PE,0,0,0,251.75
2026-06-08,2026-07-28,1660.0,CE,0,0,0,72.7
2026-06-08,2026-07-28,1660.0,PE,0,0,0,297.95
2026-06-08,2026-07-28,1670.0,CE,0,0,0,70.75
2026-06-08,2026-07-28,1670.0,PE,0,0,0,266.25
2026-06-08,2026-07-28,1680.0,CE,0,0,0,51.3
2026-06-08,2026-07-28,1680.0,PE,0,0,0,377.3
2026-06-08,2026-07-28,1690.0,CE,0,0,0,65.85
2026-06-08,2026-07-28,1690.0,PE,0,0,0,281.1
2026-06-08,2026-07-28,1700.0,CE,8400,8400,29,38.5
2026-06-08,2026-07-28,1700.0,PE,0,0,0,288.65
2026-06-08,2026-08-25,1320.0,CE,0,0,0,248.8
2026-06-08,2026-08-25,1320.0,PE,0,0,0,91.9
2026-06-08,2026-08-25,1340.0,CE,0,0,0,237.2
2026-06-08,2026-08-25,1340.0,PE,0,0,0,100.0
2026-06-08,2026-08-25,1360.0,CE,0,0,0,226.0
2026-06-08,2026-08-25,1360.0,PE,0,0,0,108.5
2026-06-08,2026-08-25,1380.0,CE,0,0,0,215.2
2026-06-08,2026-08-25,1380.0,PE,0,0,0,117.4
2026-06-08,2026-08-25,1400.0,CE,0,0,0,204.75
2026-06-08,2026-08-25,1400.0,PE,0,0,0,126.7
2026-06-08,2026-08-25,1420.0,CE,0,0,0,194.75
2026-06-08,2026-08-25,1420.0,PE,0,0,0,136.35
2026-06-08,2026-08-25,1440.0,CE,0,0,0,185.1
2026-06-08,2026-08-25,1440.0,PE,0,0,0,146.4
2026-06-08,2026-08-25,1460.0,CE,0,0,0,175.85
2026-06-08,2026-08-25,1460.0,PE,0,0,0,156.85
2026-06-08,2026-08-25,1480.0,CE,0,0,0,166.95
2026-06-08,2026-08-25,1480.0,PE,0,0,0,167.7
2026-06-08,2026-08-25,1500.0,CE,0,0,0,158.4
2026-06-08,2026-08-25,1500.0,PE,0,0,0,178.85
2026-06-08,2026-08-25,1520.0,CE,0,0,0,150.25
2026-06-08,2026-08-25,1520.0,PE,0,0,0,190.4
2026-06-08,2026-08-25,1540.0,CE,0,0,0,142.4
2026-06-08,2026-08-25,1540.0,PE,0,0,0,202.25
2026-06-08,2026-08-25,1560.0,CE,0,0,0,134.95
2026-06-08,2026-08-25,1560.0,PE,0,0,0,214.5
2026-06-08,2026-08-25,1580.0,CE,0,0,0,127.8
2026-06-08,2026-08-25,1580.0,PE,0,0,0,227.05
2026-06-08,2026-08-25,1600.0,CE,0,0,0,120.95
2026-06-08,2026-08-25,1600.0,PE,0,0,0,239.9
2026-06-08,2026-08-25,1620.0,CE,0,0,0,114.45
2026-06-08,2026-08-25,1620.0,PE,0,0,0,253.1
2026-06-08,2026-08-25,1640.0,CE,0,0,0,108.2
2026-06-08,2026-08-25,1640.0,PE,0,0,0,266.6
2026-06-08,2026-08-25,1660.0,CE,0,0,0,102.3
2026-06-08,2026-08-25,1660.0,PE,0,0,0,280.35
2026-06-08,2026-08-25,1680.0,CE,0,0,0,96.65
2026-06-08,2026-08-25,1680.0,PE,0,0,0,294.45
2026-06-08,2026-08-25,1700.0,CE,0,0,0,91.3
2026-06-08,2026-08-25,1700.0,PE,0,0,0,308.8
2026-06-09,2026-06-30,1100.0,CE,17400,0,0,327.0
2026-06-09,2026-06-30,1100.0,PE,436200,7200,3449,1.45
2026-06-09,2026-06-30,1110.0,PE,4800,0,0,5.05
2026-06-09,2026-06-30,1120.0,CE,50400,0,0,339.25
2026-06-09,2026-06-30,1130.0,PE,15600,-600,1,1.7
2026-06-09,2026-06-30,1140.0,PE,12600,-3600,21,1.65
2026-06-09,2026-06-30,1150.0,PE,10200,0,0,3.65
2026-06-09,2026-06-30,1160.0,PE,31800,0,1,2.25
2026-06-09,2026-06-30,1170.0,PE,1200,0,0,16.45
2026-06-09,2026-06-30,1180.0,PE,10800,-3000,6,1.95
2026-06-09,2026-06-30,1200.0,CE,16800,3000,6,342.2
2026-06-09,2026-06-30,1200.0,PE,238200,7200,674,2.25
2026-06-09,2026-06-30,1220.0,CE,600,0,0,234.9
2026-06-09,2026-06-30,1220.0,PE,17400,-600,3,2.5
2026-06-09,2026-06-30,1230.0,PE,5400,0,0,5.05
2026-06-09,2026-06-30,1240.0,PE,6000,0,0,3.95
2026-06-09,2026-06-30,1250.0,CE,600,0,0,130.15
2026-06-09,2026-06-30,1250.0,PE,94200,-51600,174,3.0
2026-06-09,2026-06-30,1260.0,PE,15600,-600,6,3.0
2026-06-09,2026-06-30,1270.0,PE,3000,0,0,13.15
2026-06-09,2026-06-30,1280.0,PE,20400,600,16,5.1
2026-06-09,2026-06-30,1290.0,PE,13200,0,0,8.05
2026-06-09,2026-06-30,1300.0,CE,259200,-4800,36,246.0
2026-06-09,2026-06-30,1300.0,PE,311400,-75600,599,4.95
2026-06-09,2026-06-30,1310.0,CE,600,0,0,100.85
2026-06-09,2026-06-30,1320.0,CE,1800,0,0,119.35
2026-06-09,2026-06-30,1320.0,PE,51600,-4800,29,6.05
2026-06-09,2026-06-30,1330.0,CE,0,0,0,93.1
2026-06-09,2026-06-30,1330.0,PE,214800,-3000,32,6.25
2026-06-09,2026-06-30,1340.0,CE,4200,0,0,126.45
2026-06-09,2026-06-30,1340.0,PE,19200,-17400,89,7.15
2026-06-09,2026-06-30,1350.0,CE,147000,-4800,28,203.7
2026-06-09,2026-06-30,1350.0,PE,84000,-44400,135,8.0
2026-06-09,2026-06-30,1360.0,CE,25200,0,0,152.15
2026-06-09,2026-06-30,1360.0,PE,74400,-21600,118,9.0
2026-06-09,2026-06-30,1370.0,CE,13800,0,0,147.0
2026-06-09,2026-06-30,1370.0,PE,18600,-1800,13,10.1
2026-06-09,2026-06-30,1380.0,CE,66000,-600,1,152.0
2026-06-09,2026-06-30,1380.0,PE,154200,15600,176,11.35
2026-06-09,2026-06-30,1390.0,CE,48000,0,0,127.7
2026-06-09,2026-06-30,1390.0,PE,89400,-1200,48,12.8
2026-06-09,2026-06-30,1400.0,CE,450600,-33000,87,156.05
2026-06-09,2026-06-30,1400.0,PE,960000,106800,1324,14.1
2026-06-09,2026-06-30,1410.0,CE,29400,0,0,145.0
2026-06-09,2026-06-30,1410.0,PE,90600,1200,46,16.05
2026-06-09,2026-06-30,1420.0,CE,158400,-1200,9,145.0
2026-06-09,2026-06-30,1420.0,PE,103200,-19800,198,17.5
2026-06-09,2026-06-30,1430.0,CE,75600,0,0,97.75
2026-06-09,2026-06-30,1430.0,PE,60000,4800,125,19.85
2026-06-09,2026-06-30,1440.0,CE,116400,-3000,8,121.0
2026-06-09,2026-06-30,1440.0,PE,90000,-4800,108,22.3
2026-06-09,2026-06-30,1450.0,CE,420000,-21000,181,115.9
2026-06-09,2026-06-30,1450.0,PE,298200,-13200,311,24.95
2026-06-09,2026-06-30,1460.0,CE,114600,-9000,67,110.65
2026-06-09,2026-06-30,1460.0,PE,127200,2400,145,27.7
2026-06-09,2026-06-30,1470.0,CE,215400,-4800,130,101.7
2026-06-09,2026-06-30,1470.0,PE,104400,-1800,140,31.05
2026-06-09,2026-06-30,1480.0,CE,186000,6000,162,94.55
2026-06-09,2026-06-30,1480.0,PE,181800,-10200,375,33.75
2026-06-09,2026-06-30,1490.0,CE,78600,-3600,160,88.55
2026-06-09,2026-06-30,1490.0,PE,109800,-4800,313,37.9
2026-06-09,2026-06-30,1500.0,CE,1111800,-165600,3473,83.35
2026-06-09,2026-06-30,1500.0,PE,655800,85200,1922,41.65
2026-06-09,2026-06-30,1510.0,CE,123000,-9000,869,77.0
2026-06-09,2026-06-30,1510.0,PE,81600,12000,505,46.05
2026-06-09,2026-06-30,1520.0,CE,297000,-200400,2785,72.1
2026-06-09,2026-06-30,1520.0,PE,78000,11400,527,50.4
2026-06-09,2026-06-30,1530.0,CE,189600,26400,964,66.5
2026-06-09,2026-06-30,1530.0,PE,66000,17400,283,55.55
2026-06-09,2026-06-30,1540.0,CE,246600,83400,1417,62.2
2026-06-09,2026-06-30,1540.0,PE,120600,29400,369,60.35
2026-06-09,2026-06-30,1550.0,CE,324600,31200,1409,57.55
2026-06-09,2026-06-30,1550.0,PE,58800,6000,149,65.6
2026-06-09,2026-06-30,1560.0,CE,138600,20400,357,53.0
2026-06-09,2026-06-30,1560.0,PE,21000,17400,89,71.0
2026-06-09,2026-06-30,1570.0,CE,44400,-3000,147,49.55
2026-06-09,2026-06-30,1570.0,PE,0,0,0,272.8
2026-06-09,2026-06-30,1580.0,CE,296400,-3600,266,45.4
2026-06-09,2026-06-30,1580.0,PE,600,0,0,123.7
2026-06-09,2026-06-30,1590.0,CE,13200,-600,64,41.8
2026-06-09,2026-06-30,1590.0,PE,0,0,0,288.6
2026-06-09,2026-06-30,1600.0,CE,958800,-28800,3137,38.65
2026-06-09,2026-06-30,1600.0,PE,55200,4800,78,96.35
2026-06-09,2026-06-30,1610.0,CE,44400,1200,133,35.5
2026-06-09,2026-06-30,1610.0,PE,0,0,0,287.75
2026-06-09,2026-06-30,1620.0,CE,128400,4200,265,32.35
2026-06-09,2026-06-30,1620.0,PE,600,0,0,122.6
2026-06-09,2026-06-30,1630.0,CE,62400,7800,129,29.6
2026-06-09,2026-06-30,1630.0,PE,0,0,0,293.95
2026-06-09,2026-06-30,1640.0,CE,335400,6600,705,27.7
2026-06-09,2026-06-30,1640.0,PE,600,0,0,135.35
2026-06-09,2026-06-30,1650.0,CE,0,0,0,40.8
2026-06-09,2026-06-30,1650.0,PE,0,0,0,289.8
2026-06-09,2026-06-30,1660.0,CE,49200,35400,179,23.45
2026-06-09,2026-06-30,1660.0,PE,0,0,0,379.4
2026-06-09,2026-06-30,1670.0,CE,70200,4800,72,21.7
2026-06-09,2026-06-30,1670.0,PE,0,0,0,284.4
2026-06-09,2026-06-30,1680.0,CE,0,0,0,29.45
2026-06-09,2026-06-30,1680.0,PE,0,0,0,362.95
2026-06-09,2026-06-30,1690.0,CE,60000,4200,113,18.25
2026-06-09,2026-06-30,1690.0,PE,0,0,0,256.9
2026-06-09,2026-06-30,1700.0,CE,389400,149400,1916,16.55
2026-06-09,2026-06-30,1700.0,PE,0,0,0,380.15
2026-06-09,2026-07-28,1300.0,CE,600,0,0,241.2
2026-06-09,2026-07-28,1300.0,PE,42600,6600,65,17.5
2026-06-09,2026-07-28,1320.0,CE,1200,0,0,205.0
2026-06-09,2026-07-28,1320.0,PE,12000,1800,3,27.65
2026-06-09,2026-07-28,1330.0,CE,0,0,0,214.75
2026-06-09,2026-07-28,1330.0,PE,2400,0,0,35.6
2026-06-09,2026-07-28,1340.0,CE,0,0,0,115.95
2026-06-09,2026-07-28,1340.0,PE,600,0,0,41.0
2026-06-09,2026-07-28,1350.0,CE,0,0,0,202.75
2026-06-09,2026-07-28,1350.0,PE,0,0,0,81.5
2026-06-09,2026-07-28,1360.0,CE,600,0,0,174.0
2026-06-09,2026-07-28,1360.0,PE,11400,0,0,41.15
2026-06-09,2026-07-28,1370.0,CE,0,0,0,191.2
2026-06-09,2026-07-28,1370.0,PE,0,0,0,89.75
2026-06-09,2026-07-28,1380.0,CE,0,0,0,102.15
2026-06-09,2026-07-28,1380.0,PE,0,0,0,212.4
2026-06-09,2026-07-28,1390.0,CE,0,0,0,180.1
2026-06-09,2026-07-28,1390.0,PE,0,0,0,98.45
2026-06-09,2026-07-28,1400.0,CE,1200,0,0,182.0
2026-06-09,2026-07-28,1400.0,PE,5400,2400,9,40.7
2026-06-09,2026-07-28,1410.0,CE,0,0,0,169.5
2026-06-09,2026-07-28,1410.0,PE,0,0,0,107.65
2026-06-09,2026-07-28,1420.0,CE,0,0,0,89.8
2026-06-09,2026-07-28,1420.0,PE,7800,0,0,60.0
2026-06-09,2026-07-28,1430.0,CE,0,0,0,159.35
2026-06-09,2026-07-28,1430.0,PE,0,0,0,117.3
2026-06-09,2026-07-28,1440.0,CE,1800,0,0,90.2
2026-06-09,2026-07-28,1440.0,PE,0,0,0,253.45
2026-06-09,2026-07-28,1450.0,CE,1800,600,2,140.65
2026-06-09,2026-07-28,1450.0,PE,7800,600,3,55.0
2026-06-09,2026-07-28,1460.0,CE,0,0,0,78.75
2026-06-09,2026-07-28,1460.0,PE,0,0,0,267.8
2026-06-09,2026-07-28,1470.0,CE,0,0,0,140.45
2026-06-09,2026-07-28,1470.0,PE,0,0,0,137.95
2026-06-09,2026-07-28,1480.0,CE,0,0,0,73.75
2026-06-09,2026-07-28,1480.0,PE,0,0,0,282.55
2026-06-09,2026-07-28,1490.0,CE,0,0,0,131.65
2026-06-09,2026-07-28,1490.0,PE,0,0,0,149.0
2026-06-09,2026-07-28,1500.0,CE,120000,10200,75,124.8
2026-06-09,2026-07-28,1500.0,PE,77400,19800,47,70.95
2026-06-09,2026-07-28,1510.0,CE,1200,-1800,6,94.85
2026-06-09,2026-07-28,1510.0,PE,0,0,0,160.45
2026-06-09,2026-07-28,1520.0,CE,3000,2400,14,113.0
2026-06-09,2026-07-28,1520.0,PE,12000,8400,15,98.45
2026-06-09,2026-07-28,1530.0,CE,0,0,0,115.4
2026-06-09,2026-07-28,1530.0,PE,600,0,0,148.0
2026-06-09,2026-07-28,1540.0,CE,3000,3000,7,104.05
2026-06-09,2026-07-28,1540.0,PE,0,0,0,296.8
2026-06-09,2026-07-28,1550.0,CE,3600,1800,9,104.3
2026-06-09,2026-07-28,1550.0,PE,0,0,0,184.6
2026-06-09,2026-07-28,1560.0,CE,600,600,1,77.0
2026-06-09,2026-07-28,1560.0,PE,0,0,0,343.95
2026-06-09,2026-07-28,1570.0,CE,0,0,0,100.75
2026-06-09,2026-07-28,1570.0,PE,0,0,0,197.25
2026-06-09,2026-07-28,1580.0,CE,0,0,0,71.8
2026-06-09,2026-07-28,1580.0,PE,600,0,0,178.6
2026-06-09,2026-07-28,1590.0,CE,0,0,0,94.05
2026-06-09,2026-07-28,1590.0,PE,0,0,0,210.35
2026-06-09,2026-07-28,1600.0,CE,36000,16200,53,77.3
2026-06-09,2026-07-28,1600.0,PE,1200,600,2,122.0
2026-06-09,2026-07-28,1610.0,CE,0,0,0,87.7
2026-06-09,2026-07-28,1610.0,PE,0,0,0,223.8
2026-06-09,2026-07-28,1620.0,CE,0,0,0,74.75
2026-06-09,2026-07-28,1620.0,PE,0,0,0,286.75
2026-06-09,2026-07-28,1630.0,CE,0,0,0,81.7
2026-06-09,2026-07-28,1630.0,PE,0,0,0,237.6
2026-06-09,2026-07-28,1640.0,CE,28800,600,17,66.0
2026-06-09,2026-07-28,1640.0,PE,0,0,0,375.5
2026-06-09,2026-07-28,1650.0,CE,0,0,0,76.05
2026-06-09,2026-07-28,1650.0,PE,0,0,0,251.75
2026-06-09,2026-07-28,1660.0,CE,0,0,0,72.7
2026-06-09,2026-07-28,1660.0,PE,0,0,0,297.95
2026-06-09,2026-07-28,1670.0,CE,0,0,0,70.75
2026-06-09,2026-07-28,1670.0,PE,0,0,0,266.25
2026-06-09,2026-07-28,1680.0,CE,0,0,0,51.3
2026-06-09,2026-07-28,1680.0,PE,0,0,0,377.3
2026-06-09,2026-07-28,1690.0,CE,0,0,0,65.85
2026-06-09,2026-07-28,1690.0,PE,0,0,0,281.1
2026-06-09,2026-07-28,1700.0,CE,19800,11400,37,45.75
2026-06-09,2026-07-28,1700.0,PE,0,0,0,288.65
2026-06-09,2026-08-25,1320.0,CE,0,0,0,248.8
2026-06-09,2026-08-25,1320.0,PE,0,0,0,91.9
2026-06-09,2026-08-25,1340.0,CE,0,0,0,237.2
2026-06-09,2026-08-25,1340.0,PE,0,0,0,100.0
2026-06-09,2026-08-25,1360.0,CE,0,0,0,226.0
2026-06-09,2026-08-25,1360.0,PE,0,0,0,108.5
2026-06-09,2026-08-25,1380.0,CE,0,0,0,215.2
2026-06-09,2026-08-25,1380.0,PE,0,0,0,117.4
2026-06-09,2026-08-25,1400.0,CE,0,0,0,204.75
2026-06-09,2026-08-25,1400.0,PE,0,0,0,126.7
2026-06-09,2026-08-25,1420.0,CE,0,0,0,194.75
2026-06-09,2026-08-25,1420.0,PE,0,0,0,136.35
2026-06-09,2026-08-25,1440.0,CE,0,0,0,185.1
2026-06-09,2026-08-25,1440.0,PE,0,0,0,146.4
2026-06-09,2026-08-25,1460.0,CE,0,0,0,175.85
2026-06-09,2026-08-25,1460.0,PE,0,0,0,156.85
2026-06-09,2026-08-25,1480.0,CE,0,0,0,166.95
2026-06-09,2026-08-25,1480.0,PE,0,0,0,167.7
2026-06-09,2026-08-25,1500.0,CE,0,0,0,158.4
2026-06-09,2026-08-25,1500.0,PE,0,0,0,178.85
2026-06-09,2026-08-25,1520.0,CE,0,0,0,150.25
2026-06-09,2026-08-25,1520.0,PE,0,0,0,190.4
2026-06-09,2026-08-25,1540.0,CE,0,0,0,142.4
2026-06-09,2026-08-25,1540.0,PE,0,0,0,202.25
2026-06-09,2026-08-25,1560.0,CE,0,0,0,134.95
2026-06-09,2026-08-25,1560.0,PE,0,0,0,214.5
2026-06-09,2026-08-25,1580.0,CE,0,0,0,127.8
2026-06-09,2026-08-25,1580.0,PE,0,0,0,227.05
2026-06-09,2026-08-25,1600.0,CE,0,0,0,120.95
2026-06-09,2026-08-25,1600.0,PE,0,0,0,239.9
2026-06-09,2026-08-25,1620.0,CE,0,0,0,114.45
2026-06-09,2026-08-25,1620.0,PE,0,0,0,253.1
2026-06-09,2026-08-25,1640.0,CE,0,0,0,108.2
2026-06-09,2026-08-25,1640.0,PE,0,0,0,266.6
2026-06-09,2026-08-25,1660.0,CE,0,0,0,102.3
2026-06-09,2026-08-25,1660.0,PE,0,0,0,280.35
2026-06-09,2026-08-25,1680.0,CE,0,0,0,96.65
2026-06-09,2026-08-25,1680.0,PE,0,0,0,294.45
2026-06-09,2026-08-25,1700.0,CE,0,0,0,91.3
2026-06-09,2026-08-25,1700.0,PE,0,0,0,308.8
2026-06-10,2026-06-30,1100.0,CE,17400,0,0,327.0
2026-06-10,2026-06-30,1100.0,PE,448200,12000,2574,1.5
2026-06-10,2026-06-30,1110.0,PE,4800,0,0,5.05
2026-06-10,2026-06-30,1120.0,CE,50400,0,0,339.25
2026-06-10,2026-06-30,1130.0,PE,15600,0,0,1.7
2026-06-10,2026-06-30,1140.0,PE,12600,0,0,1.65
2026-06-10,2026-06-30,1150.0,PE,10200,0,0,3.65
2026-06-10,2026-06-30,1160.0,PE,31800,0,0,2.25
2026-06-10,2026-06-30,1170.0,PE,1200,0,0,16.45
2026-06-10,2026-06-30,1180.0,PE,10800,0,0,1.95
2026-06-10,2026-06-30,1200.0,CE,17400,600,1,297.0
2026-06-10,2026-06-30,1200.0,PE,211800,-26400,106,2.7
2026-06-10,2026-06-30,1220.0,CE,600,0,0,234.9
2026-06-10,2026-06-30,1220.0,PE,17400,0,3,4.5
2026-06-10,2026-06-30,1230.0,PE,5400,0,0,5.05
2026-06-10,2026-06-30,1240.0,PE,6000,0,1,3.0
2026-06-10,2026-06-30,1250.0,CE,600,0,0,130.15
2026-06-10,2026-06-30,1250.0,PE,102000,7800,56,4.35
2026-06-10,2026-06-30,1260.0,PE,24000,8400,27,5.0
2026-06-10,2026-06-30,1270.0,PE,3000,0,0,13.15
2026-06-10,2026-06-30,1280.0,PE,22800,2400,11,6.15
2026-06-10,2026-06-30,1290.0,PE,13200,0,1,5.0
2026-06-10,2026-06-30,1300.0,CE,266400,7200,49,198.6
2026-06-10,2026-06-30,1300.0,PE,297600,-13800,263,7.65
2026-06-10,2026-06-30,1310.0,CE,1200,600,2,206.8
2026-06-10,2026-06-30,1320.0,CE,1800,0,0,119.35
2026-06-10,2026-06-30,1320.0,PE,52200,600,7,9.65
2026-06-10,2026-06-30,1330.0,CE,0,0,0,93.1
2026-06-10,2026-06-30,1330.0,PE,214800,0,113,10.6
2026-06-10,2026-06-30,1340.0,CE,4200,0,0,126.45
2026-06-10,2026-06-30,1340.0,PE,34800,15600,74,11.5
2026-06-10,2026-06-30,1350.0,CE,145800,-1200,24,156.6
2026-06-10,2026-06-30,1350.0,PE,85800,1800,135,12.75
2026-06-10,2026-06-30,1360.0,CE,25200,0,3,166.1
2026-06-10,2026-06-30,1360.0,PE,81000,6600,75,14.75
2026-06-10,2026-06-30,1370.0,CE,13800,0,0,147.0
2026-06-10,2026-06-30,1370.0,PE,18600,0,0,10.1
2026-06-10,2026-06-30,1380.0,CE,66000,0,0,152.0
2026-06-10,2026-06-30,1380.0,PE,142200,-12000,89,18.05
2026-06-10,2026-06-30,1390.0,CE,48000,0,2,141.6
2026-06-10,2026-06-30,1390.0,PE,83400,-6000,67,20.3
2026-06-10,2026-06-30,1400.0,CE,451200,600,60,107.5
2026-06-10,2026-06-30,1400.0,PE,951000,-9000,840,23.25
2026-06-10,2026-06-30,1410.0,CE,29400,0,3,106.5
2026-06-10,2026-06-30,1410.0,PE,85800,-4800,63,25.1
2026-06-10,2026-06-30,1420.0,CE,123600,-34800,134,98.85
2026-06-10,2026-06-30,1420.0,PE,105600,2400,101,28.8
2026-06-10,2026-06-30,1430.0,CE,75600,0,0,97.75
2026-06-10,2026-06-30,1430.0,PE,70200,10200,43,32.1
2026-06-10,2026-06-30,1440.0,CE,116400,0,1,85.85
2026-06-10,2026-06-30,1440.0,PE,95400,5400,124,35.25
2026-06-10,2026-06-30,1450.0,CE,347400,-72600,388,78.55
2026-06-10,2026-06-30,1450.0,PE,291000,-7200,451,39.75
2026-06-10,2026-06-30,1460.0,CE,109800,-4800,60,72.55
2026-06-10,2026-06-30,1460.0,PE,144000,16800,247,43.9
2026-06-10,2026-06-30,1470.0,CE,211800,-3600,85,67.1
2026-06-10,2026-06-30,1470.0,PE,102000,-2400,104,48.7
2026-06-10,2026-06-30,1480.0,CE,189000,3000,149,60.8
2026-06-10,2026-06-30,1480.0,PE,184800,3000,330,53.4
2026-06-10,2026-06-30,1490.0,CE,102000,23400,243,56.8
2026-06-10,2026-06-30,1490.0,PE,127800,18000,377,57.85
2026-06-10,2026-06-30,1500.0,CE,1239600,127800,2696,52.25
2026-06-10,2026-06-30,1500.0,PE,642000,-13800,1788,63.3
2026-06-10,2026-06-30,1510.0,CE,150600,27600,645,47.8
2026-06-10,2026-06-30,1510.0,PE,81600,0,355,69.7
2026-06-10,2026-06-30,1520.0,CE,407400,110400,1484,44.15
2026-06-10,2026-06-30,1520.0,PE,76800,-1200,334,75.05
2026-06-10,2026-06-30,1530.0,CE,190800,1200,700,40.0
2026-06-10,2026-06-30,1530.0,PE,60600,-5400,203,81.8
2026-06-10,2026-06-30,1540.0,CE,290400,43800,1135,36.75
2026-06-10,2026-06-30,1540.0,PE,101400,-19200,208,87.0
2026-06-10,2026-06-30,1550.0,CE,332400,7800,860,33.7
2026-06-10,2026-06-30,1550.0,PE,64800,6000,125,93.6
2026-06-10,2026-06-30,1560.0,CE,133200,-5400,386,30.65
2026-06-10,2026-06-30,1560.0,PE,19200,-1800,54,101.3
2026-06-10,2026-06-30,1570.0,CE,46800,2400,126,28.0
2026-06-10,2026-06-30,1570.0,PE,0,0,0,272.8
2026-06-10,2026-06-30,1580.0,CE,293400,-3000,280,25.15
2026-06-10,2026-06-30,1580.0,PE,600,0,0,123.7
2026-06-10,2026-06-30,1590.0,CE,16800,3600,58,23.15
2026-06-10,2026-06-30,1590.0,PE,0,0,0,288.6
2026-06-10,2026-06-30,1600.0,CE,1021800,63000,1659,21.05
2026-06-10,2026-06-30,1600.0,PE,54600,-600,21,129.9
2026-06-10,2026-06-30,1610.0,CE,48600,4200,57,19.0
2026-06-10,2026-06-30,1610.0,PE,0,0,0,287.75
2026-06-10,2026-06-30,1620.0,CE,115200,-13200,193,17.25
2026-06-10,2026-06-30,1620.0,PE,600,0,0,122.6
2026-06-10,2026-06-30,1630.0,CE,58200,-4200,55,16.1
2026-06-10,2026-06-30,1630.0,PE,0,0,0,293.95
2026-06-10,2026-06-30,1640.0,CE,342600,7200,520,14.2
2026-06-10,2026-06-30,1640.0,PE,600,0,0,135.35
2026-06-10,2026-06-30,1650.0,CE,95400,95400,230,13.1
2026-06-10,2026-06-30,1650.0,PE,0,0,0,289.8
2026-06-10,2026-06-30,1660.0,CE,46800,-2400,82,12.1
2026-06-10,2026-06-30,1660.0,PE,0,0,0,379.4
2026-06-10,2026-06-30,1670.0,CE,61200,-9000,65,10.85
2026-06-10,2026-06-30,1670.0,PE,0,0,0,284.4
2026-06-10,2026-06-30,1680.0,CE,0,0,0,29.45
2026-06-10,2026-06-30,1680.0,PE,0,0,0,362.95
2026-06-10,2026-06-30,1690.0,CE,43800,-16200,111,9.05
2026-06-10,2026-06-30,1690.0,PE,0,0,0,256.9
2026-06-10,2026-06-30,1700.0,CE,337800,-51600,1180,8.25
2026-06-10,2026-06-30,1700.0,PE,0,0,0,380.15
2026-06-10,2026-07-28,1300.0,CE,600,0,0,241.2
2026-06-10,2026-07-28,1300.0,PE,36600,-6000,18,25.05
2026-06-10,2026-07-28,1320.0,CE,1200,0,0,205.0
2026-06-10,2026-07-28,1320.0,PE,12000,0,0,27.65
2026-06-10,2026-07-28,1330.0,CE,0,0,0,214.75
2026-06-10,2026-07-28,1330.0,PE,2400,0,0,35.6
2026-06-10,2026-07-28,1340.0,CE,0,0,0,115.95
2026-06-10,2026-07-28,1340.0,PE,600,0,0,41.0
2026-06-10,2026-07-28,1350.0,CE,0,0,0,202.75
2026-06-10,2026-07-28,1350.0,PE,0,0,0,81.5
2026-06-10,2026-07-28,1360.0,CE,600,0,0,174.0
2026-06-10,2026-07-28,1360.0,PE,11400,0,0,41.15
2026-06-10,2026-07-28,1370.0,CE,0,0,0,191.2
2026-06-10,2026-07-28,1370.0,PE,0,0,0,89.75
2026-06-10,2026-07-28,1380.0,CE,0,0,0,102.15
2026-06-10,2026-07-28,1380.0,PE,0,0,0,212.4
2026-06-10,2026-07-28,1390.0,CE,0,0,0,180.1
2026-06-10,2026-07-28,1390.0,PE,0,0,0,98.45
2026-06-10,2026-07-28,1400.0,CE,1200,0,0,182.0
2026-06-10,2026-07-28,1400.0,PE,6600,1200,3,47.85
2026-06-10,2026-07-28,1410.0,CE,0,0,0,169.5
2026-06-10,2026-07-28,1410.0,PE,0,0,0,107.65
2026-06-10,2026-07-28,1420.0,CE,0,0,0,89.8
2026-06-10,2026-07-28,1420.0,PE,7800,0,0,60.0
2026-06-10,2026-07-28,1430.0,CE,0,0,0,159.35
2026-06-10,2026-07-28,1430.0,PE,0,0,0,117.3
2026-06-10,2026-07-28,1440.0,CE,1800,0,0,90.2
2026-06-10,2026-07-28,1440.0,PE,600,600,1,66.0
2026-06-10,2026-07-28,1450.0,CE,3000,1200,6,132.5
2026-06-10,2026-07-28,1450.0,PE,7800,0,0,55.0
2026-06-10,2026-07-28,1460.0,CE,0,0,0,78.75
2026-06-10,2026-07-28,1460.0,PE,0,0,0,267.8
2026-06-10,2026-07-28,1470.0,CE,0,0,0,140.45
2026-06-10,2026-07-28,1470.0,PE,0,0,0,137.95
2026-06-10,2026-07-28,1480.0,CE,0,0,0,73.75
2026-06-10,2026-07-28,1480.0,PE,0,0,0,282.55
2026-06-10,2026-07-28,1490.0,CE,0,0,0,131.65
2026-06-10,2026-07-28,1490.0,PE,0,0,0,149.0
2026-06-10,2026-07-28,1500.0,CE,115800,-4200,45,91.5
2026-06-10,2026-07-28,1500.0,PE,90600,13200,40,97.0
2026-06-10,2026-07-28,1510.0,CE,2400,1200,3,103.25
2026-06-10,2026-07-28,1510.0,PE,0,0,0,160.45
2026-06-10,2026-07-28,1520.0,CE,4800,1800,5,86.55
2026-06-10,2026-07-28,1520.0,PE,12600,600,2,91.55
2026-06-10,2026-07-28,1530.0,CE,0,0,0,115.4
2026-06-10,2026-07-28,1530.0,PE,600,0,0,148.0
2026-06-10,2026-07-28,1540.0,CE,3600,600,1,75.8
2026-06-10,2026-07-28,1540.0,PE,0,0,0,296.8
2026-06-10,2026-07-28,1550.0,CE,4200,600,5,74.0
2026-06-10,2026-07-28,1550.0,PE,0,0,0,184.6
2026-06-10,2026-07-28,1560.0,CE,600,0,0,77.0
2026-06-10,2026-07-28,1560.0,PE,0,0,0,343.95
2026-06-10,2026-07-28,1570.0,CE,0,0,0,100.75
2026-06-10,2026-07-28,1570.0,PE,0,0,0,197.25
2026-06-10,2026-07-28,1580.0,CE,0,0,0,71.8
2026-06-10,2026-07-28,1580.0,PE,600,0,0,178.6
2026-06-10,2026-07-28,1590.0,CE,0,0,0,94.05
2026-06-10,2026-07-28,1590.0,PE,0,0,0,210.35
2026-06-10,2026-07-28,1600.0,CE,66000,30000,73,54.5
2026-06-10,2026-07-28,1600.0,PE,3000,1800,3,139.4
2026-06-10,2026-07-28,1610.0,CE,0,0,0,87.7
2026-06-10,2026-07-28,1610.0,PE,0,0,0,223.8
2026-06-10,2026-07-28,1620.0,CE,0,0,0,74.75
2026-06-10,2026-07-28,1620.0,PE,0,0,0,286.75
2026-06-10,2026-07-28,1630.0,CE,0,0,0,81.7
2026-06-10,2026-07-28,1630.0,PE,0,0,0,237.6
2026-06-10,2026-07-28,1640.0,CE,28200,-600,12,43.85
2026-06-10,2026-07-28,1640.0,PE,0,0,0,375.5
2026-06-10,2026-07-28,1650.0,CE,0,0,0,76.05
2026-06-10,2026-07-28,1650.0,PE,0,0,0,251.75
2026-06-10,2026-07-28,1660.0,CE,0,0,0,72.7
2026-06-10,2026-07-28,1660.0,PE,0,0,0,297.95
2026-06-10,2026-07-28,1670.0,CE,0,0,0,70.75
2026-06-10,2026-07-28,1670.0,PE,0,0,0,266.25
2026-06-10,2026-07-28,1680.0,CE,0,0,0,51.3
2026-06-10,2026-07-28,1680.0,PE,0,0,0,377.3
2026-06-10,2026-07-28,1690.0,CE,0,0,0,65.85
2026-06-10,2026-07-28,1690.0,PE,0,0,0,281.1
2026-06-10,2026-07-28,1700.0,CE,27000,7200,27,30.85
2026-06-10,2026-07-28,1700.0,PE,0,0,0,288.65
2026-06-10,2026-08-25,1320.0,CE,0,0,0,248.8
2026-06-10,2026-08-25,1320.0,PE,0,0,0,91.9
2026-06-10,2026-08-25,1340.0,CE,0,0,0,237.2
2026-06-10,2026-08-25,1340.0,PE,0,0,0,100.0
2026-06-10,2026-08-25,1360.0,CE,0,0,0,226.0
2026-06-10,2026-08-25,1360.0,PE,0,0,0,108.5
2026-06-10,2026-08-25,1380.0,CE,0,0,0,215.2
2026-06-10,2026-08-25,1380.0,PE,0,0,0,117.4
2026-06-10,2026-08-25,1400.0,CE,0,0,0,204.75
2026-06-10,2026-08-25,1400.0,PE,0,0,0,126.7
2026-06-10,2026-08-25,1420.0,CE,0,0,0,194.75
2026-06-10,2026-08-25,1420.0,PE,0,0,0,136.35
2026-06-10,2026-08-25,1440.0,CE,0,0,0,185.1
2026-06-10,2026-08-25,1440.0,PE,0,0,0,146.4
2026-06-10,2026-08-25,1460.0,CE,0,0,0,175.85
2026-06-10,2026-08-25,1460.0,PE,0,0,0,156.85
2026-06-10,2026-08-25,1480.0,CE,0,0,0,166.95
2026-06-10,2026-08-25,1480.0,PE,0,0,0,167.7
2026-06-10,2026-08-25,1500.0,CE,0,0,0,158.4
2026-06-10,2026-08-25,1500.0,PE,0,0,0,178.85
2026-06-10,2026-08-25,1520.0,CE,0,0,0,150.25
2026-06-10,2026-08-25,1520.0,PE,0,0,0,190.4
2026-06-10,2026-08-25,1540.0,CE,0,0,0,142.4
2026-06-10,2026-08-25,1540.0,PE,0,0,0,202.25
2026-06-10,2026-08-25,1560.0,CE,0,0,0,134.95
2026-06-10,2026-08-25,1560.0,PE,0,0,0,214.5
2026-06-10,2026-08-25,1580.0,CE,0,0,0,127.8
2026-06-10,2026-08-25,1580.0,PE,0,0,0,227.05
2026-06-10,2026-08-25,1600.0,CE,0,0,0,120.95
2026-06-10,2026-08-25,1600.0,PE,0,0,0,239.9
2026-06-10,2026-08-25,1620.0,CE,0,0,0,114.45
2026-06-10,2026-08-25,1620.0,PE,0,0,0,253.1
2026-06-10,2026-08-25,1640.0,CE,0,0,0,108.2
2026-06-10,2026-08-25,1640.0,PE,0,0,0,266.6
2026-06-10,2026-08-25,1660.0,CE,0,0,0,102.3
2026-06-10,2026-08-25,1660.0,PE,0,0,0,280.35
2026-06-10,2026-08-25,1680.0,CE,0,0,0,96.65
2026-06-10,2026-08-25,1680.0,PE,0,0,0,294.45
2026-06-10,2026-08-25,1700.0,CE,0,0,0,91.3
2026-06-10,2026-08-25,1700.0,PE,0,0,0,308.8
2026-06-11,2026-06-30,1100.0,CE,17400,0,0,327.0
2026-06-11,2026-06-30,1100.0,PE,480600,32400,3716,1.65
2026-06-11,2026-06-30,1110.0,PE,4800,0,0,5.05
2026-06-11,2026-06-30,1120.0,CE,50400,0,0,339.25
2026-06-11,2026-06-30,1130.0,PE,15600,0,0,1.7
2026-06-11,2026-06-30,1140.0,PE,12600,0,2,1.6
2026-06-11,2026-06-30,1150.0,PE,10800,600,4,1.7
2026-06-11,2026-06-30,1160.0,PE,31800,0,0,2.25
2026-06-11,2026-06-30,1170.0,PE,1200,0,0,16.45
2026-06-11,2026-06-30,1180.0,PE,10800,0,0,1.95
2026-06-11,2026-06-30,1200.0,CE,13800,-3600,17,264.3
2026-06-11,2026-06-30,1200.0,PE,217800,6000,90,2.75
2026-06-11,2026-06-30,1220.0,CE,600,0,0,234.9
2026-06-11,2026-06-30,1220.0,PE,17400,0,0,4.5
2026-06-11,2026-06-30,1230.0,PE,5400,0,0,5.05
2026-06-11,2026-06-30,1240.0,PE,6000,0,0,3.0
2026-06-11,2026-06-30,1250.0,CE,600,0,0,130.15
2026-06-11,2026-06-30,1250.0,PE,102000,0,41,4.6
2026-06-11,2026-06-30,1260.0,PE,21600,-2400,13,4.75
2026-06-11,2026-06-30,1270.0,PE,3000,0,0,13.15
2026-06-11,2026-06-30,1280.0,PE,29400,6600,32,6.55
2026-06-11,2026-06-30,1290.0,PE,13200,0,0,5.0
2026-06-11,2026-06-30,1300.0,CE,266400,0,27,169.45
2026-06-11,2026-06-30,1300.0,PE,289800,-7800,434,8.25
2026-06-11,2026-06-30,1310.0,CE,1200,0,0,206.8
2026-06-11,2026-06-30,1320.0,CE,1800,0,0,119.35
2026-06-11,2026-06-30,1320.0,PE,52200,0,31,10.85
2026-06-11,2026-06-30,1330.0,CE,0,0,0,93.1
2026-06-11,2026-06-30,1330.0,PE,213000,-1800,33,12.2
2026-06-11,2026-06-30,1340.0,CE,4200,0,0,126.45
2026-06-11,2026-06-30,1340.0,PE,30000,-4800,39,13.1
2026-06-11,2026-06-30,1350.0,CE,143400,-2400,8,126.5
2026-06-11,2026-06-30,1350.0,PE,82200,-3600,72,15.35
2026-06-11,2026-06-30,1360.0,CE,25200,0,0,166.1
2026-06-11,2026-06-30,1360.0,PE,108000,27000,93,17.15
2026-06-11,2026-06-30,1370.0,CE,13800,0,0,147.0
2026-06-11,2026-06-30,1370.0,PE,18600,0,0,10.1
2026-06-11,2026-06-30,1380.0,CE,64800,-1200,2,105.0
2026-06-11,2026-06-30,1380.0,PE,153000,10800,127,21.7
2026-06-11,2026-06-30,1390.0,CE,48000,0,0,141.6
2026-06-11,2026-06-30,1390.0,PE,84000,600,43,24.35
2026-06-11,2026-06-30,1400.0,CE,465600,14400,182,89.7
2026-06-11,2026-06-30,1400.0,PE,904200,-46800,934,27.65
2026-06-11,2026-06-30,1410.0,CE,29400,0,0,106.5
2026-06-11,2026-06-30,1410.0,PE,85800,0,78,31.2
2026-06-11,2026-06-30,1420.0,CE,123000,-600,15,77.6
2026-06-11,2026-06-30,1420.0,PE,104400,-1200,73,34.25
2026-06-11,2026-06-30,1430.0,CE,76800,1200,19,71.4
2026-06-11,2026-06-30,1430.0,PE,67800,-2400,62,38.0
2026-06-11,2026-06-30,1440.0,CE,123600,7200,67,65.5
2026-06-11,2026-06-30,1440.0,PE,93000,-2400,150,42.15
2026-06-11,2026-06-30,1450.0,CE,375000,27600,517,59.85
2026-06-11,2026-06-30,1450.0,PE,286200,-4800,530,47.05
2026-06-11,2026-06-30,1460.0,CE,230400,120600,606,54.85
2026-06-11,2026-06-30,1460.0,PE,224400,80400,616,51.6
2026-06-11,2026-06-30,1470.0,CE,225600,13800,267,50.1
2026-06-11,2026-06-30,1470.0,PE,106800,4800,213,57.05
2026-06-11,2026-06-30,1480.0,CE,288000,99000,1169,45.5
2026-06-11,2026-06-30,1480.0,PE,219000,34200,824,62.75
2026-06-11,2026-06-30,1490.0,CE,132000,30000,437,41.25
2026-06-11,2026-06-30,1490.0,PE,119400,-8400,201,68.0
2026-06-11,2026-06-30,1500.0,CE,1345800,106200,2536,37.7
2026-06-11,2026-06-30,1500.0,PE,577800,-64200,739,74.85
2026-06-11,2026-06-30,1510.0,CE,148200,-2400,241,33.7
2026-06-11,2026-06-30,1510.0,PE,75600,-6000,74,80.95
2026-06-11,2026-06-30,1520.0,CE,413400,6000,581,30.45
2026-06-11,2026-06-30,1520.0,PE,71400,-5400,82,87.9
2026-06-11,2026-06-30,1530.0,CE,189000,-1800,277,27.35
2026-06-11,2026-06-30,1530.0,PE,55800,-4800,18,94.95
2026-06-11,2026-06-30,1540.0,CE,271800,-18600,321,25.25
2026-06-11,2026-06-30,1540.0,PE,94200,-7200,29,103.3
2026-06-11,2026-06-30,1550.0,CE,327000,-5400,559,22.6
2026-06-11,2026-06-30,1550.0,PE,58200,-6600,24,109.2
2026-06-11,2026-06-30,1560.0,CE,256800,123600,631,19.75
2026-06-11,2026-06-30,1560.0,PE,16800,-2400,16,117.05
2026-06-11,2026-06-30,1570.0,CE,54600,7800,53,17.95
2026-06-11,2026-06-30,1570.0,PE,0,0,0,272.8
2026-06-11,2026-06-30,1580.0,CE,299400,6000,118,16.55
2026-06-11,2026-06-30,1580.0,PE,600,0,0,123.7
2026-06-11,2026-06-30,1590.0,CE,21600,4800,27,14.85
2026-06-11,2026-06-30,1590.0,PE,0,0,0,288.6
2026-06-11,2026-06-30,1600.0,CE,975000,-46800,964,13.35
2026-06-11,2026-06-30,1600.0,PE,54600,0,0,129.9
2026-06-11,2026-06-30,1610.0,CE,47400,-1200,3,12.55
2026-06-11,2026-06-30,1610.0,PE,0,0,0,287.75
2026-06-11,2026-06-30,1620.0,CE,120600,5400,117,11.05
2026-06-11,2026-06-30,1620.0,PE,600,0,0,122.6
2026-06-11,2026-06-30,1630.0,CE,61200,3000,38,10.2
2026-06-11,2026-06-30,1630.0,PE,0,0,0,293.95
2026-06-11,2026-06-30,1640.0,CE,327600,-15000,328,9.0
2026-06-11,2026-06-30,1640.0,PE,600,0,0,135.35
2026-06-11,2026-06-30,1650.0,CE,126000,30600,124,8.3
2026-06-11,2026-06-30,1650.0,PE,0,0,0,289.8
2026-06-11,2026-06-30,1660.0,CE,51000,4200,97,7.6
2026-06-11,2026-06-30,1660.0,PE,0,0,0,379.4
2026-06-11,2026-06-30,1670.0,CE,36000,-25200,103,6.9
2026-06-11,2026-06-30,1670.0,PE,0,0,0,284.4
2026-06-11,2026-06-30,1680.0,CE,0,0,0,29.45
2026-06-11,2026-06-30,1680.0,PE,0,0,0,362.95
2026-06-11,2026-06-30,1690.0,CE,23400,-20400,104,5.9
2026-06-11,2026-06-30,1690.0,PE,0,0,0,256.9
2026-06-11,2026-06-30,1700.0,CE,318600,-19200,489,5.45
2026-06-11,2026-06-30,1700.0,PE,0,0,0,380.15
2026-06-11,2026-07-28,1300.0,CE,600,0,0,241.2
2026-06-11,2026-07-28,1300.0,PE,43800,7200,51,28.6
2026-06-11,2026-07-28,1320.0,CE,1200,0,0,205.0
2026-06-11,2026-07-28,1320.0,PE,12000,0,0,27.65
2026-06-11,2026-07-28,1330.0,CE,0,0,0,214.75
2026-06-11,2026-07-28,1330.0,PE,2400,0,0,35.6
2026-06-11,2026-07-28,1340.0,CE,0,0,0,115.95
2026-06-11,2026-07-28,1340.0,PE,600,0,0,41.0
2026-06-11,2026-07-28,1350.0,CE,0,0,0,202.75
2026-06-11,2026-07-28,1350.0,PE,0,0,0,81.5
2026-06-11,2026-07-28,1360.0,CE,600,0,0,174.0
2026-06-11,2026-07-28,1360.0,PE,11400,0,0,41.15
2026-06-11,2026-07-28,1370.0,CE,0,0,0,191.2
2026-06-11,2026-07-28,1370.0,PE,0,0,0,89.75
2026-06-11,2026-07-28,1380.0,CE,0,0,0,102.15
2026-06-11,2026-07-28,1380.0,PE,0,0,0,212.4
2026-06-11,2026-07-28,1390.0,CE,0,0,0,180.1
2026-06-11,2026-07-28,1390.0,PE,0,0,0,98.45
2026-06-11,2026-07-28,1400.0,CE,1200,0,0,182.0
2026-06-11,2026-07-28,1400.0,PE,9600,3000,10,58.25
2026-06-11,2026-07-28,1410.0,CE,0,0,0,169.5
2026-06-11,2026-07-28,1410.0,PE,0,0,0,107.65
2026-06-11,2026-07-28,1420.0,CE,0,0,0,89.8
2026-06-11,2026-07-28,1420.0,PE,7800,0,0,60.0
2026-06-11,2026-07-28,1430.0,CE,0,0,0,159.35
2026-06-11,2026-07-28,1430.0,PE,0,0,0,117.3
2026-06-11,2026-07-28,1440.0,CE,1800,0,0,90.2
2026-06-11,2026-07-28,1440.0,PE,600,0,0,66.0
2026-06-11,2026-07-28,1450.0,CE,3000,0,0,132.5
2026-06-11,2026-07-28,1450.0,PE,7800,0,0,55.0
2026-06-11,2026-07-28,1460.0,CE,1200,1200,3,103.65
2026-06-11,2026-07-28,1460.0,PE,0,0,0,267.8
2026-06-11,2026-07-28,1470.0,CE,0,0,0,140.45
2026-06-11,2026-07-28,1470.0,PE,0,0,0,137.95
2026-06-11,2026-07-28,1480.0,CE,600,600,1,85.0
2026-06-11,2026-07-28,1480.0,PE,0,0,0,282.55
2026-06-11,2026-07-28,1490.0,CE,0,0,0,131.65
2026-06-11,2026-07-28,1490.0,PE,0,0,0,149.0
2026-06-11,2026-07-28,1500.0,CE,127800,12000,54,77.5
2026-06-11,2026-07-28,1500.0,PE,93000,2400,18,104.4
2026-06-11,2026-07-28,1510.0,CE,2400,0,0,103.25
2026-06-11,2026-07-28,1510.0,PE,0,0,0,160.45
2026-06-11,2026-07-28,1520.0,CE,4200,-600,1,86.3
2026-06-11,2026-07-28,1520.0,PE,12600,0,0,91.55
2026-06-11,2026-07-28,1530.0,CE,0,0,0,115.4
2026-06-11,2026-07-28,1530.0,PE,600,0,0,148.0
2026-06-11,2026-07-28,1540.0,CE,3600,0,0,75.8
2026-06-11,2026-07-28,1540.0,PE,0,0,0,296.8
2026-06-11,2026-07-28,1550.0,CE,2400,-1800,3,67.1
2026-06-11,2026-07-28,1550.0,PE,0,0,0,184.6
2026-06-11,2026-07-28,1560.0,CE,600,0,0,77.0
2026-06-11,2026-07-28,1560.0,PE,0,0,0,343.95
2026-06-11,2026-07-28,1570.0,CE,0,0,0,100.75
2026-06-11,2026-07-28,1570.0,PE,0,0,0,197.25
2026-06-11,2026-07-28,1580.0,CE,0,0,0,71.8
2026-06-11,2026-07-28,1580.0,PE,600,0,0,178.6
2026-06-11,2026-07-28,1590.0,CE,0,0,0,94.05
2026-06-11,2026-07-28,1590.0,PE,0,0,0,210.35
2026-06-11,2026-07-28,1600.0,CE,76200,10200,24,42.7
2026-06-11,2026-07-28,1600.0,PE,3000,0,0,139.4
2026-06-11,2026-07-28,1610.0,CE,0,0,0,87.7
2026-06-11,2026-07-28,1610.0,PE,0,0,0,223.8
2026-06-11,2026-07-28,1620.0,CE,0,0,0,74.75
2026-06-11,2026-07-28,1620.0,PE,0,0,0,286.75
2026-06-11,2026-07-28,1630.0,CE,0,0,0,81.7
2026-06-11,2026-07-28,1630.0,PE,0,0,0,237.6
2026-06-11,2026-07-28,1640.0,CE,26400,-1800,9,44.5
2026-06-11,2026-07-28,1640.0,PE,0,0,0,375.5
2026-06-11,2026-07-28,1650.0,CE,0,0,0,76.05
2026-06-11,2026-07-28,1650.0,PE,0,0,0,251.75
2026-06-11,2026-07-28,1660.0,CE,0,0,0,72.7
2026-06-11,2026-07-28,1660.0,PE,0,0,0,297.95
2026-06-11,2026-07-28,1670.0,CE,0,0,0,70.75
2026-06-11,2026-07-28,1670.0,PE,0,0,0,266.25
2026-06-11,2026-07-28,1680.0,CE,0,0,0,51.3
2026-06-11,2026-07-28,1680.0,PE,0,0,0,377.3
2026-06-11,2026-07-28,1690.0,CE,0,0,0,65.85
2026-06-11,2026-07-28,1690.0,PE,0,0,0,281.1
2026-06-11,2026-07-28,1700.0,CE,41400,14400,33,24.1
2026-06-11,2026-07-28,1700.0,PE,0,0,0,288.65
2026-06-11,2026-08-25,1320.0,CE,0,0,0,248.8
2026-06-11,2026-08-25,1320.0,PE,0,0,0,91.9
2026-06-11,2026-08-25,1340.0,CE,0,0,0,237.2
2026-06-11,2026-08-25,1340.0,PE,0,0,0,100.0
2026-06-11,2026-08-25,1360.0,CE,0,0,0,226.0
2026-06-11,2026-08-25,1360.0,PE,0,0,0,108.5
2026-06-11,2026-08-25,1380.0,CE,0,0,0,215.2
2026-06-11,2026-08-25,1380.0,PE,0,0,0,117.4
2026-06-11,2026-08-25,1400.0,CE,0,0,0,204.75
2026-06-11,2026-08-25,1400.0,PE,0,0,0,126.7
2026-06-11,2026-08-25,1420.0,CE,0,0,0,194.75
2026-06-11,2026-08-25,1420.0,PE,0,0,0,136.35
2026-06-11,2026-08-25,1440.0,CE,0,0,0,185.1
2026-06-11,2026-08-25,1440.0,PE,0,0,0,146.4
2026-06-11,2026-08-25,1460.0,CE,0,0,0,175.85
2026-06-11,2026-08-25,1460.0,PE,0,0,0,156.85
2026-06-11,2026-08-25,1480.0,CE,0,0,0,166.95
2026-06-11,2026-08-25,1480.0,PE,0,0,0,167.7
2026-06-11,2026-08-25,1500.0,CE,0,0,0,158.4
2026-06-11,2026-08-25,1500.0,PE,0,0,0,178.85
2026-06-11,2026-08-25,1520.0,CE,0,0,0,150.25
2026-06-11,2026-08-25,1520.0,PE,0,0,0,190.4
2026-06-11,2026-08-25,1540.0,CE,0,0,0,142.4
2026-06-11,2026-08-25,1540.0,PE,0,0,0,202.25
2026-06-11,2026-08-25,1560.0,CE,0,0,0,134.95
2026-06-11,2026-08-25,1560.0,PE,0,0,0,214.5
2026-06-11,2026-08-25,1580.0,CE,0,0,0,127.8
2026-06-11,2026-08-25,1580.0,PE,0,0,0,227.05
2026-06-11,2026-08-25,1600.0,CE,0,0,0,120.95
2026-06-11,2026-08-25,1600.0,PE,0,0,0,239.9
2026-06-11,2026-08-25,1620.0,CE,0,0,0,114.45
2026-06-11,2026-08-25,1620.0,PE,0,0,0,253.1
2026-06-11,2026-08-25,1640.0,CE,0,0,0,108.2
2026-06-11,2026-08-25,1640.0,PE,0,0,0,266.6
2026-06-11,2026-08-25,1660.0,CE,0,0,0,102.3
2026-06-11,2026-08-25,1660.0,PE,0,0,0,280.35
2026-06-11,2026-08-25,1680.0,CE,0,0,0,96.65
2026-06-11,2026-08-25,1680.0,PE,0,0,0,294.45
2026-06-11,2026-08-25,1700.0,CE,0,0,0,91.3
2026-06-11,2026-08-25,1700.0,PE,0,0,0,308.8
2026-06-12,2026-06-30,1100.0,CE,17400,0,0,327.0
2026-06-12,2026-06-30,1100.0,PE,456600,-24000,363,1.4
2026-06-12,2026-06-30,1110.0,PE,6000,1200,3,1.6
2026-06-12,2026-06-30,1120.0,CE,50400,0,1,322.3
2026-06-12,2026-06-30,1130.0,PE,15600,0,0,1.7
2026-06-12,2026-06-30,1140.0,PE,12600,0,0,1.6
2026-06-12,2026-06-30,1150.0,PE,10800,0,0,1.7
2026-06-12,2026-06-30,1160.0,PE,31800,0,0,2.25
2026-06-12,2026-06-30,1170.0,PE,1200,0,0,16.45
2026-06-12,2026-06-30,1180.0,PE,10800,0,0,1.95
2026-06-12,2026-06-30,1200.0,CE,13800,0,0,264.3
2026-06-12,2026-06-30,1200.0,PE,219600,1800,171,2.05
2026-06-12,2026-06-30,1220.0,CE,600,0,0,234.9
2026-06-12,2026-06-30,1220.0,PE,16200,-1200,11,2.65
2026-06-12,2026-06-30,1230.0,PE,5400,0,0,5.05
2026-06-12,2026-06-30,1240.0,PE,6000,0,0,3.0
2026-06-12,2026-06-30,1250.0,CE,600,0,0,130.15
2026-06-12,2026-06-30,1250.0,PE,93600,-8400,61,2.9
2026-06-12,2026-06-30,1260.0,PE,21600,0,0,4.75
2026-06-12,2026-06-30,1270.0,PE,1800,-1200,4,3.7
2026-06-12,2026-06-30,1280.0,PE,18600,-10800,31,3.7
2026-06-12,2026-06-30,1290.0,PE,10200,-3000,7,4.65
2026-06-12,2026-06-30,1300.0,CE,264000,-2400,14,200.0
2026-06-12,2026-06-30,1300.0,PE,330600,40800,360,5.1
2026-06-12,2026-06-30,1310.0,CE,1200,0,0,206.8
2026-06-12,2026-06-30,1320.0,CE,1800,0,0,119.35
2026-06-12,2026-06-30,1320.0,PE,54000,1800,54,5.95
2026-06-12,2026-06-30,1330.0,CE,0,0,0,93.1
2026-06-12,2026-06-30,1330.0,PE,213600,600,130,6.75
2026-06-12,2026-06-30,1340.0,CE,4200,0,0,126.45
2026-06-12,2026-06-30,1340.0,PE,37800,7800,66,7.65
2026-06-12,2026-06-30,1350.0,CE,139200,-4200,11,152.0
2026-06-12,2026-06-30,1350.0,PE,84600,2400,97,8.65
2026-06-12,2026-06-30,1360.0,CE,25200,0,0,166.1
2026-06-12,2026-06-30,1360.0,PE,91200,-16800,137,9.9
2026-06-12,2026-06-30,1370.0,CE,13800,0,0,147.0
2026-06-12,2026-06-30,1370.0,PE,12000,-6600,40,11.15
2026-06-12,2026-06-30,1380.0,CE,64800,0,0,105.0
2026-06-12,2026-06-30,1380.0,PE,176400,23400,192,12.85
2026-06-12,2026-06-30,1390.0,CE,48000,0,0,141.6
2026-06-12,2026-06-30,1390.0,PE,85200,1200,36,14.45
2026-06-12,2026-06-30,1400.0,CE,453600,-12000,88,110.35
2026-06-12,2026-06-30,1400.0,PE,866400,-37800,767,16.35
2026-06-12,2026-06-30,1410.0,CE,28800,-600,3,101.1
2026-06-12,2026-06-30,1410.0,PE,83400,-2400,99,18.7
2026-06-12,2026-06-30,1420.0,CE,150600,27600,122,95.15
2026-06-12,2026-06-30,1420.0,PE,105600,1200,161,21.25
2026-06-12,2026-06-30,1430.0,CE,79200,2400,16,87.15
2026-06-12,2026-06-30,1430.0,PE,70800,3000,136,24.1
2026-06-12,2026-06-30,1440.0,CE,123000,-600,62,82.05
2026-06-12,2026-06-30,1440.0,PE,103200,10200,173,27.35
2026-06-12,2026-06-30,1450.0,CE,364200,-10800,442,74.1
2026-06-12,2026-06-30,1450.0,PE,280800,-5400,481,30.95
2026-06-12,2026-06-30,1460.0,CE,218400,-12000,446,68.9
2026-06-12,2026-06-30,1460.0,PE,220800,-3600,412,34.5
2026-06-12,2026-06-30,1470.0,CE,207000,-18600,612,62.3
2026-06-12,2026-06-30,1470.0,PE,190200,83400,536,39.15
2026-06-12,2026-06-30,1480.0,CE,228600,-59400,1701,56.95
2026-06-12,2026-06-30,1480.0,PE,235800,16800,488,43.75
2026-06-12,2026-06-30,1490.0,CE,238800,106800,1227,52.6
2026-06-12,2026-06-30,1490.0,PE,136800,17400,433,48.35
2026-06-12,2026-06-30,1500.0,CE,1667400,321600,4762,48.0
2026-06-12,2026-06-30,1500.0,PE,618600,40800,1873,53.45
2026-06-12,2026-06-30,1510.0,CE,142200,-6000,310,42.75
2026-06-12,2026-06-30,1510.0,PE,79800,4200,87,59.75
2026-06-12,2026-06-30,1520.0,CE,408000,-5400,691,38.95
2026-06-12,2026-06-30,1520.0,PE,75000,3600,56,64.4
2026-06-12,2026-06-30,1530.0,CE,192000,3000,380,35.55
2026-06-12,2026-06-30,1530.0,PE,51600,-4200,42,71.5
2026-06-12,2026-06-30,1540.0,CE,282600,10800,675,31.35
2026-06-12,2026-06-30,1540.0,PE,94200,0,0,103.3
2026-06-12,2026-06-30,1550.0,CE,327600,600,468,28.65
2026-06-12,2026-06-30,1550.0,PE,55800,-2400,13,85.95
2026-06-12,2026-06-30,1560.0,CE,328200,71400,356,25.65
2026-06-12,2026-06-30,1560.0,PE,16800,0,0,117.05
2026-06-12,2026-06-30,1570.0,CE,56400,1800,71,23.0
2026-06-12,2026-06-30,1570.0,PE,0,0,0,272.8
2026-06-12,2026-06-30,1580.0,CE,299400,0,46,20.95
2026-06-12,2026-06-30,1580.0,PE,600,0,0,123.7
2026-06-12,2026-06-30,1590.0,CE,27000,5400,64,18.7
2026-06-12,2026-06-30,1590.0,PE,0,0,0,288.6
2026-06-12,2026-06-30,1600.0,CE,944400,-30600,1297,17.1
2026-06-12,2026-06-30,1600.0,PE,54600,0,3,122.35
2026-06-12,2026-06-30,1610.0,CE,50400,3000,25,15.05
2026-06-12,2026-06-30,1610.0,PE,0,0,0,287.75
2026-06-12,2026-06-30,1620.0,CE,102600,-18000,162,13.55
2026-06-12,2026-06-30,1620.0,PE,600,0,1,160.0
2026-06-12,2026-06-30,1630.0,CE,56400,-4800,51,12.3
2026-06-12,2026-06-30,1630.0,PE,0,0,0,293.95
2026-06-12,2026-06-30,1640.0,CE,333000,5400,548,11.0
2026-06-12,2026-06-30,1640.0,PE,600,0,0,135.35
2026-06-12,2026-06-30,1650.0,CE,97800,-28200,119,10.05
2026-06-12,2026-06-30,1650.0,PE,0,0,0,289.8
2026-06-12,2026-06-30,1660.0,CE,65400,14400,93,8.85
2026-06-12,2026-06-30,1660.0,PE,0,0,0,379.4
2026-06-12,2026-06-30,1670.0,CE,42000,6000,75,7.9
2026-06-12,2026-06-30,1670.0,PE,0,0,0,284.4
2026-06-12,2026-06-30,1680.0,CE,0,0,0,29.45
2026-06-12,2026-06-30,1680.0,PE,0,0,0,362.95
2026-06-12,2026-06-30,1690.0,CE,19200,-4200,77,6.2
2026-06-12,2026-06-30,1690.0,PE,0,0,0,256.9
2026-06-12,2026-06-30,1700.0,CE,306600,-12000,445,6.05
2026-06-12,2026-06-30,1700.0,PE,0,0,0,380.15
2026-06-12,2026-07-28,1300.0,CE,600,0,0,241.2
2026-06-12,2026-07-28,1300.0,PE,46200,2400,87,21.2
2026-06-12,2026-07-28,1320.0,CE,1200,0,0,205.0
2026-06-12,2026-07-28,1320.0,PE,12000,0,0,27.65
2026-06-12,2026-07-28,1330.0,CE,0,0,0,214.75
2026-06-12,2026-07-28,1330.0,PE,2400,0,0,35.6
2026-06-12,2026-07-28,1340.0,CE,0,0,0,115.95
2026-06-12,2026-07-28,1340.0,PE,600,0,0,41.0
2026-06-12,2026-07-28,1350.0,CE,0,0,0,202.75
2026-06-12,2026-07-28,1350.0,PE,0,0,0,81.5
2026-06-12,2026-07-28,1360.0,CE,2400,1800,3,169.5
2026-06-12,2026-07-28,1360.0,PE,12600,1200,2,37.75
2026-06-12,2026-07-28,1370.0,CE,0,0,0,191.2
2026-06-12,2026-07-28,1370.0,PE,1800,1800,3,39.0
2026-06-12,2026-07-28,1380.0,CE,0,0,0,102.15
2026-06-12,2026-07-28,1380.0,PE,1200,1200,2,42.95
2026-06-12,2026-07-28,1390.0,CE,0,0,0,180.1
2026-06-12,2026-07-28,1390.0,PE,1200,1200,2,46.05
2026-06-12,2026-07-28,1400.0,CE,1200,0,0,182.0
2026-06-12,2026-07-28,1400.0,PE,16800,7200,30,45.3
2026-06-12,2026-07-28,1410.0,CE,0,0,0,169.5
2026-06-12,2026-07-28,1410.0,PE,0,0,0,107.65
2026-06-12,2026-07-28,1420.0,CE,0,0,0,89.8
2026-06-12,2026-07-28,1420.0,PE,7800,0,0,60.0
2026-06-12,2026-07-28,1430.0,CE,0,0,0,159.35
2026-06-12,2026-07-28,1430.0,PE,0,0,0,117.3
2026-06-12,2026-07-28,1440.0,CE,1800,0,0,90.2
2026-06-12,2026-07-28,1440.0,PE,600,0,0,66.0
2026-06-12,2026-07-28,1450.0,CE,3000,0,0,132.5
2026-06-12,2026-07-28,1450.0,PE,7800,0,1,61.05
2026-06-12,2026-07-28,1460.0,CE,1800,600,2,98.9
2026-06-12,2026-07-28,1460.0,PE,0,0,0,267.8
2026-06-12,2026-07-28,1470.0,CE,0,0,0,140.45
2026-06-12,2026-07-28,1470.0,PE,0,0,0,137.95
2026-06-12,2026-07-28,1480.0,CE,1200,600,2,83.5
2026-06-12,2026-07-28,1480.0,PE,0,0,0,282.55
2026-06-12,2026-07-28,1490.0,CE,0,0,0,131.65
2026-06-12,2026-07-28,1490.0,PE,0,0,0,149.0
2026-06-12,2026-07-28,1500.0,CE,146400,18600,59,89.85
2026-06-12,2026-07-28,1500.0,PE,91800,-1200,7,85.6
2026-06-12,2026-07-28,1510.0,CE,2400,0,0,103.25
2026-06-12,2026-07-28,1510.0,PE,0,0,0,160.45
2026-06-12,2026-07-28,1520.0,CE,4200,0,1,75.0
2026-06-12,2026-07-28,1520.0,PE,12600,0,0,91.55
2026-06-12,2026-07-28,1530.0,CE,0,0,0,115.4
2026-06-12,2026-07-28,1530.0,PE,600,0,0,148.0
2026-06-12,2026-07-28,1540.0,CE,3600,0,0,75.8
2026-06-12,2026-07-28,1540.0,PE,0,0,0,296.8
2026-06-12,2026-07-28,1550.0,CE,2400,0,0,67.1
2026-06-12,2026-07-28,1550.0,PE,0,0,0,184.6
2026-06-12,2026-07-28,1560.0,CE,600,0,0,77.0
2026-06-12,2026-07-28,1560.0,PE,0,0,0,343.95
2026-06-12,2026-07-28,1570.0,CE,0,0,0,100.75
2026-06-12,2026-07-28,1570.0,PE,0,0,0,197.25
2026-06-12,2026-07-28,1580.0,CE,0,0,0,71.8
2026-06-12,2026-07-28,1580.0,PE,600,0,0,178.6
2026-06-12,2026-07-28,1590.0,CE,0,0,0,94.05
2026-06-12,2026-07-28,1590.0,PE,0,0,0,210.35
2026-06-12,2026-07-28,1600.0,CE,73800,-2400,52,50.1
2026-06-12,2026-07-28,1600.0,PE,4200,1200,5,146.65
2026-06-12,2026-07-28,1610.0,CE,0,0,0,87.7
2026-06-12,2026-07-28,1610.0,PE,0,0,0,223.8
2026-06-12,2026-07-28,1620.0,CE,0,0,0,74.75
2026-06-12,2026-07-28,1620.0,PE,0,0,0,286.75
2026-06-12,2026-07-28,1630.0,CE,0,0,0,81.7
2026-06-12,2026-07-28,1630.0,PE,0,0,0,237.6
2026-06-12,2026-07-28,1640.0,CE,26400,0,3,40.1
2026-06-12,2026-07-28,1640.0,PE,0,0,0,375.5
2026-06-12,2026-07-28,1650.0,CE,0,0,0,76.05
2026-06-12,2026-07-28,1650.0,PE,0,0,0,251.75
2026-06-12,2026-07-28,1660.0,CE,0,0,0,72.7
2026-06-12,2026-07-28,1660.0,PE,0,0,0,297.95
2026-06-12,2026-07-28,1670.0,CE,0,0,0,70.75
2026-06-12,2026-07-28,1670.0,PE,0,0,0,266.25
2026-06-12,2026-07-28,1680.0,CE,0,0,0,51.3
2026-06-12,2026-07-28,1680.0,PE,0,0,0,377.3
2026-06-12,2026-07-28,1690.0,CE,0,0,0,65.85
2026-06-12,2026-07-28,1690.0,PE,0,0,0,281.1
2026-06-12,2026-07-28,1700.0,CE,51600,10200,26,28.15
2026-06-12,2026-07-28,1700.0,PE,0,0,0,288.65
2026-06-12,2026-08-25,1320.0,CE,0,0,0,248.8
2026-06-12,2026-08-25,1320.0,PE,0,0,0,91.9
2026-06-12,2026-08-25,1340.0,CE,0,0,0,237.2
2026-06-12,2026-08-25,1340.0,PE,0,0,0,100.0
2026-06-12,2026-08-25,1360.0,CE,0,0,0,226.0
2026-06-12,2026-08-25,1360.0,PE,0,0,0,108.5
2026-06-12,2026-08-25,1380.0,CE,0,0,0,215.2
2026-06-12,2026-08-25,1380.0,PE,0,0,0,117.4
2026-06-12,2026-08-25,1400.0,CE,0,0,0,204.75
2026-06-12,2026-08-25,1400.0,PE,0,0,0,126.7
2026-06-12,2026-08-25,1420.0,CE,0,0,0,194.75
2026-06-12,2026-08-25,1420.0,PE,0,0,0,136.35
2026-06-12,2026-08-25,1440.0,CE,0,0,0,185.1
2026-06-12,2026-08-25,1440.0,PE,0,0,0,146.4
2026-06-12,2026-08-25,1460.0,CE,0,0,0,175.85
2026-06-12,2026-08-25,1460.0,PE,0,0,0,156.85
2026-06-12,2026-08-25,1480.0,CE,0,0,0,166.95
2026-06-12,2026-08-25,1480.0,PE,0,0,0,167.7
2026-06-12,2026-08-25,1500.0,CE,0,0,0,158.4
2026-06-12,2026-08-25,1500.0,PE,0,0,0,178.85
2026-06-12,2026-08-25,1520.0,CE,0,0,0,150.25
2026-06-12,2026-08-25,1520.0,PE,0,0,0,190.4
2026-06-12,2026-08-25,1540.0,CE,0,0,0,142.4
2026-06-12,2026-08-25,1540.0,PE,0,0,0,202.25
2026-06-12,2026-08-25,1560.0,CE,0,0,0,134.95
2026-06-12,2026-08-25,1560.0,PE,0,0,0,214.5
2026-06-12,2026-08-25,1580.0,CE,0,0,0,127.8
2026-06-12,2026-08-25,1580.0,PE,0,0,0,227.05
2026-06-12,2026-08-25,1600.0,CE,0,0,0,120.95
2026-06-12,2026-08-25,1600.0,PE,0,0,0,239.9
2026-06-12,2026-08-25,1620.0,CE,0,0,0,114.45
2026-06-12,2026-08-25,1620.0,PE,0,0,0,253.1
2026-06-12,2026-08-25,1640.0,CE,0,0,0,108.2
2026-06-12,2026-08-25,1640.0,PE,0,0,0,266.6
2026-06-12,2026-08-25,1660.0,CE,0,0,0,102.3
2026-06-12,2026-08-25,1660.0,PE,0,0,0,280.35
2026-06-12,2026-08-25,1680.0,CE,0,0,0,96.65
2026-06-12,2026-08-25,1680.0,PE,0,0,0,294.45
2026-06-12,2026-08-25,1700.0,CE,0,0,0,91.3
2026-06-12,2026-08-25,1700.0,PE,0,0,0,308.8
2026-06-15,2026-06-30,1100.0,CE,17400,0,0,327.0
2026-06-15,2026-06-30,1100.0,PE,482400,25800,1186,1.4
2026-06-15,2026-06-30,1110.0,PE,6000,0,0,1.6
2026-06-15,2026-06-30,1120.0,CE,50400,0,0,322.3
2026-06-15,2026-06-30,1130.0,PE,15600,0,0,1.7
2026-06-15,2026-06-30,1140.0,PE,12600,0,0,1.6
2026-06-15,2026-06-30,1150.0,PE,10800,0,0,1.7
2026-06-15,2026-06-30,1160.0,PE,31800,0,0,2.25
2026-06-15,2026-06-30,1170.0,PE,1200,0,0,16.45
2026-06-15,2026-06-30,1180.0,PE,10800,0,0,1.95
2026-06-15,2026-06-30,1200.0,CE,14400,600,7,298.25
2026-06-15,2026-06-30,1200.0,PE,220800,1200,16,2.0
2026-06-15,2026-06-30,1220.0,CE,600,0,0,234.9
2026-06-15,2026-06-30,1220.0,PE,16200,0,0,2.65
2026-06-15,2026-06-30,1230.0,PE,5400,0,0,5.05
2026-06-15,2026-06-30,1240.0,PE,6000,0,1,1.2
2026-06-15,2026-06-30,1250.0,CE,600,0,0,130.15
2026-06-15,2026-06-30,1250.0,PE,96000,2400,43,2.5
2026-06-15,2026-06-30,1260.0,PE,21600,0,2,2.25
2026-06-15,2026-06-30,1270.0,PE,1800,0,0,3.7
2026-06-15,2026-06-30,1280.0,PE,19200,600,1,2.3
2026-06-15,2026-06-30,1290.0,PE,10200,0,0,4.65
2026-06-15,2026-06-30,1300.0,CE,264600,600,14,194.7
2026-06-15,2026-06-30,1300.0,PE,333000,2400,74,4.45
2026-06-15,2026-06-30,1310.0,CE,1200,0,0,206.8
2026-06-15,2026-06-30,1320.0,CE,1800,0,0,119.35
2026-06-15,2026-06-30,1320.0,PE,51000,-3000,20,5.2
2026-06-15,2026-06-30,1330.0,CE,0,0,0,93.1
2026-06-15,2026-06-30,1330.0,PE,213000,-600,70,5.75
2026-06-15,2026-06-30,1340.0,CE,4200,0,0,126.45
2026-06-15,2026-06-30,1340.0,PE,36000,-1800,46,6.55
2026-06-15,2026-06-30,1350.0,CE,139800,600,5,158.45
2026-06-15,2026-06-30,1350.0,PE,88800,4200,134,7.45
2026-06-15,2026-06-30,1360.0,CE,25200,0,0,166.1
2026-06-15,2026-06-30,1360.0,PE,76200,-15000,83,8.4
2026-06-15,2026-06-30,1370.0,CE,13800,0,0,147.0
2026-06-15,2026-06-30,1370.0,PE,21000,9000,28,9.1
2026-06-15,2026-06-30,1380.0,CE,64800,0,0,105.0
2026-06-15,2026-06-30,1380.0,PE,174600,-1800,63,10.35
2026-06-15,2026-06-30,1390.0,CE,48600,600,6,125.5
2026-06-15,2026-06-30,1390.0,PE,90000,4800,57,12.75
2026-06-15,2026-06-30,1400.0,CE,453000,-600,131,105.3
2026-06-15,2026-06-30,1400.0,PE,832200,-34200,705,14.6
2026-06-15,2026-06-30,1410.0,CE,30000,1200,12,100.0
2026-06-15,2026-06-30,1410.0,PE,83400,0,49,16.55
2026-06-15,2026-06-30,1420.0,CE,150600,0,3,91.25
2026-06-15,2026-06-30,1420.0,PE,109200,3600,151,19.0
2026-06-15,2026-06-30,1430.0,CE,79200,0,0,87.15
2026-06-15,2026-06-30,1430.0,PE,66000,-4800,55,21.95
2026-06-15,2026-06-30,1440.0,CE,123000,0,0,82.05
2026-06-15,2026-06-30,1440.0,PE,176400,73200,406,24.8
2026-06-15,2026-06-30,1450.0,CE,394800,30600,417,69.15
2026-06-15,2026-06-30,1450.0,PE,285600,4800,450,28.35
2026-06-15,2026-06-30,1460.0,CE,214200,-4200,159,64.0
2026-06-15,2026-06-30,1460.0,PE,227400,6600,346,31.9
2026-06-15,2026-06-30,1470.0,CE,190200,-16800,232,58.6
2026-06-15,2026-06-30,1470.0,PE,177000,-13200,791,35.95
2026-06-15,2026-06-30,1480.0,CE,250200,21600,943,52.8
2026-06-15,2026-06-30,1480.0,PE,240000,4200,871,40.75
2026-06-15,2026-06-30,1490.0,CE,298800,60000,1114,47.9
2026-06-15,2026-06-30,1490.0,PE,166200,29400,548,45.6
2026-06-15,2026-06-30,1500.0,CE,1983000,315600,4341,42.6
2026-06-15,2026-06-30,1500.0,PE,707400,88800,1080,51.05
2026-06-15,2026-06-30,1510.0,CE,171000,28800,820,38.65
2026-06-15,2026-06-30,1510.0,PE,99600,19800,315,56.45
2026-06-15,2026-06-30,1520.0,CE,448800,40800,926,34.8
2026-06-15,2026-06-30,1520.0,PE,97800,22800,222,62.55
2026-06-15,2026-06-30,1530.0,CE,189000,-3000,449,30.7
2026-06-15,2026-06-30,1530.0,PE,61200,9600,112,68.4
2026-06-15,2026-06-30,1540.0,CE,258000,-24600,834,27.5
2026-06-15,2026-06-30,1540.0,PE,96600,2400,52,75.85
2026-06-15,2026-06-30,1550.0,CE,303000,-24600,736,24.5
2026-06-15,2026-06-30,1550.0,PE,63000,7200,111,81.6
2026-06-15,2026-06-30,1560.0,CE,289200,-39000,249,21.65
2026-06-15,2026-06-30,1560.0,PE,25800,9000,67,88.45
2026-06-15,2026-06-30,1570.0,CE,67200,10800,81,19.35
2026-06-15,2026-06-30,1570.0,PE,0,0,0,272.8
2026-06-15,2026-06-30,1580.0,CE,312600,13200,168,17.1
2026-06-15,2026-06-30,1580.0,PE,600,0,0,123.7
2026-06-15,2026-06-30,1590.0,CE,25800,-1200,30,15.75
2026-06-15,2026-06-30,1590.0,PE,0,0,0,288.6
2026-06-15,2026-06-30,1600.0,CE,964200,19800,805,13.65
2026-06-15,2026-06-30,1600.0,PE,54600,0,0,122.35
2026-06-15,2026-06-30,1610.0,CE,44400,-6000,62,12.4
2026-06-15,2026-06-30,1610.0,PE,0,0,0,287.75
2026-06-15,2026-06-30,1620.0,CE,114600,12000,97,11.0
2026-06-15,2026-06-30,1620.0,PE,600,0,0,160.0
2026-06-15,2026-06-30,1630.0,CE,56400,0,49,9.8
2026-06-15,2026-06-30,1630.0,PE,0,0,0,293.95
2026-06-15,2026-06-30,1640.0,CE,267000,-66000,336,8.75
2026-06-15,2026-06-30,1640.0,PE,600,0,0,135.35
2026-06-15,2026-06-30,1650.0,CE,98400,600,62,7.75
2026-06-15,2026-06-30,1650.0,PE,0,0,0,289.8
2026-06-15,2026-06-30,1660.0,CE,64800,-600,51,6.7
2026-06-15,2026-06-30,1660.0,PE,0,0,0,379.4
2026-06-15,2026-06-30,1670.0,CE,37800,-4200,65,6.0
2026-06-15,2026-06-30,1670.0,PE,0,0,0,284.4
2026-06-15,2026-06-30,1680.0,CE,0,0,0,29.45
2026-06-15,2026-06-30,1680.0,PE,0,0,0,362.95
2026-06-15,2026-06-30,1690.0,CE,14400,-4800,47,4.9
2026-06-15,2026-06-30,1690.0,PE,0,0,0,256.9
2026-06-15,2026-06-30,1700.0,CE,330600,24000,327,4.6
2026-06-15,2026-06-30,1700.0,PE,0,0,0,380.15
2026-06-15,2026-07-28,1300.0,CE,600,0,0,241.2
2026-06-15,2026-07-28,1300.0,PE,48600,2400,37,18.75
2026-06-15,2026-07-28,1320.0,CE,1200,0,0,205.0
2026-06-15,2026-07-28,1320.0,PE,12000,0,0,27.65
2026-06-15,2026-07-28,1330.0,CE,0,0,0,214.75
2026-06-15,2026-07-28,1330.0,PE,2400,0,0,35.6
2026-06-15,2026-07-28,1340.0,CE,0,0,0,115.95
2026-06-15,2026-07-28,1340.0,PE,600,0,0,41.0
2026-06-15,2026-07-28,1350.0,CE,0,0,0,202.75
2026-06-15,2026-07-28,1350.0,PE,0,0,0,81.5
2026-06-15,2026-07-28,1360.0,CE,2400,0,0,169.5
2026-06-15,2026-07-28,1360.0,PE,13200,600,14,29.55
2026-06-15,2026-07-28,1370.0,CE,0,0,0,191.2
2026-06-15,2026-07-28,1370.0,PE,67200,65400,155,32.9
2026-06-15,2026-07-28,1380.0,CE,0,0,0,102.15
2026-06-15,2026-07-28,1380.0,PE,600,-600,1,33.65
2026-06-15,2026-07-28,1390.0,CE,0,0,0,180.1
2026-06-15,2026-07-28,1390.0,PE,1200,0,0,46.05
2026-06-15,2026-07-28,1400.0,CE,1200,0,0,182.0
2026-06-15,2026-07-28,1400.0,PE,29400,12600,29,41.05
2026-06-15,2026-07-28,1410.0,CE,0,0,0,169.5
2026-06-15,2026-07-28,1410.0,PE,0,0,0,107.65
2026-06-15,2026-07-28,1420.0,CE,0,0,0,89.8
2026-06-15,2026-07-28,1420.0,PE,7800,0,0,60.0
2026-06-15,2026-07-28,1430.0,CE,0,0,0,159.35
2026-06-15,2026-07-28,1430.0,PE,0,0,0,117.3
2026-06-15,2026-07-28,1440.0,CE,1800,0,0,90.2
2026-06-15,2026-07-28,1440.0,PE,600,0,0,66.0
2026-06-15,2026-07-28,1450.0,CE,3600,600,2,109.25
2026-06-15,2026-07-28,1450.0,PE,10200,2400,7,60.0
2026-06-15,2026-07-28,1460.0,CE,1800,0,0,98.9
2026-06-15,2026-07-28,1460.0,PE,0,0,0,267.8
2026-06-15,2026-07-28,1470.0,CE,0,0,0,140.45
2026-06-15,2026-07-28,1470.0,PE,0,0,0,137.95
2026-06-15,2026-07-28,1480.0,CE,1200,0,0,83.5
2026-06-15,2026-07-28,1480.0,PE,0,0,0,282.55
2026-06-15,2026-07-28,1490.0,CE,0,0,0,131.65
2026-06-15,2026-07-28,1490.0,PE,0,0,0,149.0
2026-06-15,2026-07-28,1500.0,CE,153600,7200,76,84.2
2026-06-15,2026-07-28,1500.0,PE,97200,5400,20,82.5
2026-06-15,2026-07-28,1510.0,CE,2400,0,0,103.25
2026-06-15,2026-07-28,1510.0,PE,0,0,0,160.45
2026-06-15,2026-07-28,1520.0,CE,6600,2400,9,75.85
2026-06-15,2026-07-28,1520.0,PE,12600,0,0,91.55
2026-06-15,2026-07-28,1530.0,CE,0,0,0,115.4
2026-06-15,2026-07-28,1530.0,PE,600,0,0,148.0
2026-06-15,2026-07-28,1540.0,CE,3600,0,0,75.8
2026-06-15,2026-07-28,1540.0,PE,0,0,0,296.8
2026-06-15,2026-07-28,1550.0,CE,2400,0,0,67.1
2026-06-15,2026-07-28,1550.0,PE,3600,3600,6,109.5
2026-06-15,2026-07-28,1560.0,CE,600,0,0,77.0
2026-06-15,2026-07-28,1560.0,PE,0,0,0,343.95
2026-06-15,2026-07-28,1570.0,CE,0,0,0,100.75
2026-06-15,2026-07-28,1570.0,PE,0,0,0,197.25
2026-06-15,2026-07-28,1580.0,CE,0,0,0,71.8
2026-06-15,2026-07-28,1580.0,PE,600,0,0,178.6
2026-06-15,2026-07-28,1590.0,CE,0,0,0,94.05
2026-06-15,2026-07-28,1590.0,PE,0,0,0,210.35
2026-06-15,2026-07-28,1600.0,CE,76800,3000,25,49.5
2026-06-15,2026-07-28,1600.0,PE,6600,2400,4,146.55
2026-06-15,2026-07-28,1610.0,CE,0,0,0,87.7
2026-06-15,2026-07-28,1610.0,PE,0,0,0,223.8
2026-06-15,2026-07-28,1620.0,CE,0,0,0,74.75
2026-06-15,2026-07-28,1620.0,PE,0,0,0,286.75
2026-06-15,2026-07-28,1630.0,CE,0,0,0,81.7
2026-06-15,2026-07-28,1630.0,PE,0,0,0,237.6
2026-06-15,2026-07-28,1640.0,CE,28200,1800,8,39.0
2026-06-15,2026-07-28,1640.0,PE,0,0,0,375.5
2026-06-15,2026-07-28,1650.0,CE,0,0,0,76.05
2026-06-15,2026-07-28,1650.0,PE,0,0,0,251.75
2026-06-15,2026-07-28,1660.0,CE,0,0,0,72.7
2026-06-15,2026-07-28,1660.0,PE,0,0,0,297.95
2026-06-15,2026-07-28,1670.0,CE,0,0,0,70.75
2026-06-15,2026-07-28,1670.0,PE,0,0,0,266.25
2026-06-15,2026-07-28,1680.0,CE,0,0,0,51.3
2026-06-15,2026-07-28,1680.0,PE,0,0,0,377.3
2026-06-15,2026-07-28,1690.0,CE,0,0,0,65.85
2026-06-15,2026-07-28,1690.0,PE,0,0,0,281.1
2026-06-15,2026-07-28,1700.0,CE,55200,3600,32,25.5
2026-06-15,2026-07-28,1700.0,PE,0,0,0,288.65
2026-06-15,2026-08-25,1320.0,CE,0,0,0,248.8
2026-06-15,2026-08-25,1320.0,PE,0,0,0,91.9
2026-06-15,2026-08-25,1340.0,CE,0,0,0,237.2
2026-06-15,2026-08-25,1340.0,PE,0,0,0,100.0
2026-06-15,2026-08-25,1360.0,CE,0,0,0,226.0
2026-06-15,2026-08-25,1360.0,PE,0,0,0,108.5
2026-06-15,2026-08-25,1380.0,CE,0,0,0,215.2
2026-06-15,2026-08-25,1380.0,PE,0,0,0,117.4
2026-06-15,2026-08-25,1400.0,CE,0,0,0,204.75
2026-06-15,2026-08-25,1400.0,PE,0,0,0,126.7
2026-06-15,2026-08-25,1420.0,CE,0,0,0,194.75
2026-06-15,2026-08-25,1420.0,PE,0,0,0,136.35
2026-06-15,2026-08-25,1440.0,CE,0,0,0,185.1
2026-06-15,2026-08-25,1440.0,PE,0,0,0,146.4
2026-06-15,2026-08-25,1460.0,CE,0,0,0,175.85
2026-06-15,2026-08-25,1460.0,PE,0,0,0,156.85
2026-06-15,2026-08-25,1480.0,CE,0,0,0,166.95
2026-06-15,2026-08-25,1480.0,PE,0,0,0,167.7
2026-06-15,2026-08-25,1500.0,CE,0,0,0,158.4
2026-06-15,2026-08-25,1500.0,PE,0,0,0,178.85
2026-06-15,2026-08-25,1520.0,CE,0,0,0,150.25
2026-06-15,2026-08-25,1520.0,PE,0,0,0,190.4
2026-06-15,2026-08-25,1540.0,CE,0,0,0,142.4
2026-06-15,2026-08-25,1540.0,PE,0,0,0,202.25
2026-06-15,2026-08-25,1560.0,CE,0,0,0,134.95
2026-06-15,2026-08-25,1560.0,PE,0,0,0,214.5
2026-06-15,2026-08-25,1580.0,CE,0,0,0,127.8
2026-06-15,2026-08-25,1580.0,PE,0,0,0,227.05
2026-06-15,2026-08-25,1600.0,CE,0,0,0,120.95
2026-06-15,2026-08-25,1600.0,PE,0,0,0,239.9
2026-06-15,2026-08-25,1620.0,CE,0,0,0,114.45
2026-06-15,2026-08-25,1620.0,PE,0,0,0,253.1
2026-06-15,2026-08-25,1640.0,CE,0,0,0,108.2
2026-06-15,2026-08-25,1640.0,PE,0,0,0,266.6
2026-06-15,2026-08-25,1660.0,CE,0,0,0,102.3
2026-06-15,2026-08-25,1660.0,PE,0,0,0,280.35
2026-06-15,2026-08-25,1680.0,CE,0,0,0,96.65
2026-06-15,2026-08-25,1680.0,PE,0,0,0,294.45
2026-06-15,2026-08-25,1700.0,CE,0,0,0,91.3
2026-06-15,2026-08-25,1700.0,PE,0,0,0,308.8
2026-06-16,2026-06-30,1100.0,CE,17400,0,0,327.0
2026-06-16,2026-06-30,1100.0,PE,511800,29400,601,1.2
2026-06-16,2026-06-30,1110.0,PE,6000,0,0,1.6
2026-06-16,2026-06-30,1120.0,CE,50400,0,0,322.3
2026-06-16,2026-06-30,1130.0,PE,15600,0,0,1.7
2026-06-16,2026-06-30,1140.0,PE,12600,0,0,1.6
2026-06-16,2026-06-30,1150.0,PE,9600,-1200,2,2.0
2026-06-16,2026-06-30,1160.0,PE,31800,0,0,2.25
2026-06-16,2026-06-30,1170.0,PE,1200,0,0,16.45
2026-06-16,2026-06-30,1180.0,PE,10800,0,0,1.95
2026-06-16,2026-06-30,1200.0,CE,14400,0,0,298.25
2026-06-16,2026-06-30,1200.0,PE,210600,-10200,289,1.7
2026-06-16,2026-06-30,1220.0,CE,600,0,0,234.9
2026-06-16,2026-06-30,1220.0,PE,15000,-1200,9,1.9
2026-06-16,2026-06-30,1230.0,PE,5400,0,0,5.05
2026-06-16,2026-06-30,1240.0,PE,6000,0,0,1.2
2026-06-16,2026-06-30,1250.0,CE,600,0,0,130.15
2026-06-16,2026-06-30,1250.0,PE,94800,-1200,33,2.1
2026-06-16,2026-06-30,1260.0,PE,21600,0,0,2.25
2026-06-16,2026-06-30,1270.0,PE,1800,0,0,3.7
2026-06-16,2026-06-30,1280.0,PE,19200,0,0,2.3
2026-06-16,2026-06-30,1290.0,PE,10200,0,0,4.65
2026-06-16,2026-06-30,1300.0,CE,264600,0,22,194.0
2026-06-16,2026-06-30,1300.0,PE,288000,-45000,203,3.8
2026-06-16,2026-06-30,1310.0,CE,1200,0,0,206.8
2026-06-16,2026-06-30,1320.0,CE,1800,0,0,119.35
2026-06-16,2026-06-30,1320.0,PE,54000,3000,78,4.35
2026-06-16,2026-06-30,1330.0,CE,0,0,0,93.1
2026-06-16,2026-06-30,1330.0,PE,212400,-600,22,5.3
2026-06-16,2026-06-30,1340.0,CE,4200,0,0,126.45
2026-06-16,2026-06-30,1340.0,PE,36000,0,0,6.55
2026-06-16,2026-06-30,1350.0,CE,139800,0,3,145.55
2026-06-16,2026-06-30,1350.0,PE,88800,0,58,6.25
2026-06-16,2026-06-30,1360.0,CE,25200,0,0,166.1
2026-06-16,2026-06-30,1360.0,PE,75600,-600,374,7.1
2026-06-16,2026-06-30,1370.0,CE,12600,-1200,2,133.0
2026-06-16,2026-06-30,1370.0,PE,21000,0,0,9.1
2026-06-16,2026-06-30,1380.0,CE,64800,0,0,105.0
2026-06-16,2026-06-30,1380.0,PE,171600,-3000,32,10.0
2026-06-16,2026-06-30,1390.0,CE,48600,0,0,125.5
2026-06-16,2026-06-30,1390.0,PE,90000,0,0,12.75
2026-06-16,2026-06-30,1400.0,CE,463800,10800,126,107.05
2026-06-16,2026-06-30,1400.0,PE,834600,2400,153,12.8
2026-06-16,2026-06-30,1410.0,CE,30000,0,0,100.0
2026-06-16,2026-06-30,1410.0,PE,81600,-1800,40,14.6
2026-06-16,2026-06-30,1420.0,CE,136800,-13800,36,86.8
2026-06-16,2026-06-30,1420.0,PE,121800,12600,74,16.65
2026-06-16,2026-06-30,1430.0,CE,79200,0,0,87.15
2026-06-16,2026-06-30,1430.0,PE,66000,0,60,19.35
2026-06-16,2026-06-30,1440.0,CE,123000,0,0,82.05
2026-06-16,2026-06-30,1440.0,PE,178800,2400,136,21.75
2026-06-16,2026-06-30,1450.0,CE,425400,30600,324,64.1
2026-06-16,2026-06-30,1450.0,PE,277800,-7800,304,25.15
2026-06-16,2026-06-30,1460.0,CE,213600,-600,61,59.15
2026-06-16,2026-06-30,1460.0,PE,223200,-4200,189,28.55
2026-06-16,2026-06-30,1470.0,CE,187800,-2400,100,52.6
2026-06-16,2026-06-30,1470.0,PE,240600,63600,393,33.5
2026-06-16,2026-06-30,1480.0,CE,264600,14400,775,47.2
2026-06-16,2026-06-30,1480.0,PE,256800,16800,369,37.85
2026-06-16,2026-06-30,1490.0,CE,274800,-24000,489,42.4
2026-06-16,2026-06-30,1490.0,PE,164400,-1800,234,42.1
2026-06-16,2026-06-30,1500.0,CE,1987200,4200,2253,37.6
2026-06-16,2026-06-30,1500.0,PE,720600,13200,453,47.95
2026-06-16,2026-06-30,1510.0,CE,175200,4200,337,33.2
2026-06-16,2026-06-30,1510.0,PE,107400,7800,72,53.3
2026-06-16,2026-06-30,1520.0,CE,481800,33000,429,29.55
2026-06-16,2026-06-30,1520.0,PE,99600,1800,36,59.25
2026-06-16,2026-06-30,1530.0,CE,183600,-5400,202,25.95
2026-06-16,2026-06-30,1530.0,PE,59400,-1800,6,64.4
2026-06-16,2026-06-30,1540.0,CE,250800,-7200,344,22.85
2026-06-16,2026-06-30,1540.0,PE,96000,-600,15,72.2
2026-06-16,2026-06-30,1550.0,CE,307800,4800,235,20.4
2026-06-16,2026-06-30,1550.0,PE,64200,1200,2,76.0
2026-06-16,2026-06-30,1560.0,CE,290400,1200,112,17.3
2026-06-16,2026-06-30,1560.0,PE,25800,0,0,88.45
2026-06-16,2026-06-30,1570.0,CE,59400,-7800,43,15.05
2026-06-16,2026-06-30,1570.0,PE,0,0,0,272.8
2026-06-16,2026-06-30,1580.0,CE,316800,4200,61,13.55
2026-06-16,2026-06-30,1580.0,PE,600,0,0,123.7
2026-06-16,2026-06-30,1590.0,CE,28200,2400,44,12.0
2026-06-16,2026-06-30,1590.0,PE,0,0,0,288.6
2026-06-16,2026-06-30,1600.0,CE,1010400,46200,454,10.65
2026-06-16,2026-06-30,1600.0,PE,54600,0,0,122.35
2026-06-16,2026-06-30,1610.0,CE,49800,5400,75,9.45
2026-06-16,2026-06-30,1610.0,PE,0,0,0,287.75
2026-06-16,2026-06-30,1620.0,CE,120000,5400,87,8.1
2026-06-16,2026-06-30,1620.0,PE,600,0,0,160.0
2026-06-16,2026-06-30,1630.0,CE,53400,-3000,38,8.0
2026-06-16,2026-06-30,1630.0,PE,0,0,0,293.95
2026-06-16,2026-06-30,1640.0,CE,246600,-20400,170,6.15
2026-06-16,2026-06-30,1640.0,PE,600,0,0,135.35
2026-06-16,2026-06-30,1650.0,CE,97200,-1200,34,5.4
2026-06-16,2026-06-30,1650.0,PE,0,0,0,289.8
2026-06-16,2026-06-30,1660.0,CE,46800,-18000,64,4.9
2026-06-16,2026-06-30,1660.0,PE,0,0,0,379.4
2026-06-16,2026-06-30,1670.0,CE,22800,-15000,85,4.4
2026-06-16,2026-06-30,1670.0,PE,0,0,0,284.4
2026-06-16,2026-06-30,1680.0,CE,0,0,0,29.45
2026-06-16,2026-06-30,1680.0,PE,0,0,0,362.95
2026-06-16,2026-06-30,1690.0,CE,13800,-600,3,4.4
2026-06-16,2026-06-30,1690.0,PE,0,0,0,256.9
2026-06-16,2026-06-30,1700.0,CE,330600,0,316,3.3
2026-06-16,2026-06-30,1700.0,PE,0,0,0,380.15
2026-06-16,2026-07-28,1300.0,CE,600,0,0,241.2
2026-06-16,2026-07-28,1300.0,PE,47400,-1200,27,18.55
2026-06-16,2026-07-28,1320.0,CE,1200,0,0,205.0
2026-06-16,2026-07-28,1320.0,PE,12000,0,0,27.65
2026-06-16,2026-07-28,1330.0,CE,0,0,0,214.75
2026-06-16,2026-07-28,1330.0,PE,2400,0,0,35.6
2026-06-16,2026-07-28,1340.0,CE,0,0,0,115.95
2026-06-16,2026-07-28,1340.0,PE,600,0,0,41.0
2026-06-16,2026-07-28,1350.0,CE,0,0,0,202.75
2026-06-16,2026-07-28,1350.0,PE,0,0,0,81.5
2026-06-16,2026-07-28,1360.0,CE,3600,1200,2,172.8
2026-06-16,2026-07-28,1360.0,PE,13200,0,2,27.55
2026-06-16,2026-07-28,1370.0,CE,0,0,0,191.2
2026-06-16,2026-07-28,1370.0,PE,66600,-600,6,31.55
2026-06-16,2026-07-28,1380.0,CE,0,0,0,102.15
2026-06-16,2026-07-28,1380.0,PE,600,0,0,33.65
2026-06-16,2026-07-28,1390.0,CE,0,0,0,180.1
2026-06-16,2026-07-28,1390.0,PE,1200,0,0,46.05
2026-06-16,2026-07-28,1400.0,CE,2400,1200,2,141.0
2026-06-16,2026-07-28,1400.0,PE,29400,0,2,39.2
2026-06-16,2026-07-28,1410.0,CE,0,0,0,169.5
2026-06-16,2026-07-28,1410.0,PE,0,0,0,107.65
2026-06-16,2026-07-28,1420.0,CE,0,0,0,89.8
2026-06-16,2026-07-28,1420.0,PE,7800,0,0,60.0
2026-06-16,2026-07-28,1430.0,CE,0,0,0,159.35
2026-06-16,2026-07-28,1430.0,PE,0,0,0,117.3
2026-06-16,2026-07-28,1440.0,CE,1800,0,0,90.2
2026-06-16,2026-07-28,1440.0,PE,600,0,0,66.0
2026-06-16,2026-07-28,1450.0,CE,3600,0,0,109.25
2026-06-16,2026-07-28,1450.0,PE,10200,0,0,60.0
2026-06-16,2026-07-28,1460.0,CE,1800,0,0,98.9
2026-06-16,2026-07-28,1460.0,PE,0,0,0,267.8
2026-06-16,2026-07-28,1470.0,CE,0,0,0,140.45
2026-06-16,2026-07-28,1470.0,PE,0,0,0,137.95
2026-06-16,2026-07-28,1480.0,CE,2400,1200,3,94.0
2026-06-16,2026-07-28,1480.0,PE,0,0,0,282.55
2026-06-16,2026-07-28,1490.0,CE,0,0,0,131.65
2026-06-16,2026-07-28,1490.0,PE,0,0,0,149.0
2026-06-16,2026-07-28,1500.0,CE,154800,1200,27,80.0
2026-06-16,2026-07-28,1500.0,PE,102600,5400,18,85.35
2026-06-16,2026-07-28,1510.0,CE,2400,0,0,103.25
2026-06-16,2026-07-28,1510.0,PE,0,0,0,160.45
2026-06-16,2026-07-28,1520.0,CE,6600,0,0,75.85
2026-06-16,2026-07-28,1520.0,PE,12600,0,0,91.55
2026-06-16,2026-07-28,1530.0,CE,0,0,0,115.4
2026-06-16,2026-07-28,1530.0,PE,600,0,0,148.0
2026-06-16,2026-07-28,1540.0,CE,3600,0,0,75.8
2026-06-16,2026-07-28,1540.0,PE,0,0,0,296.8
2026-06-16,2026-07-28,1550.0,CE,2400,0,0,67.1
2026-06-16,2026-07-28,1550.0,PE,3600,0,0,109.5
2026-06-16,2026-07-28,1560.0,CE,600,0,0,77.0
2026-06-16,2026-07-28,1560.0,PE,0,0,0,343.95
2026-06-16,2026-07-28,1570.0,CE,0,0,0,100.75
2026-06-16,2026-07-28,1570.0,PE,0,0,0,197.25
2026-06-16,2026-07-28,1580.0,CE,1800,1800,3,51.75
2026-06-16,2026-07-28,1580.0,PE,600,0,0,178.6
2026-06-16,2026-07-28,1590.0,CE,0,0,0,94.05
2026-06-16,2026-07-28,1590.0,PE,0,0,0,210.35
2026-06-16,2026-07-28,1600.0,CE,76800,0,1,41.0
2026-06-16,2026-07-28,1600.0,PE,6600,0,0,146.55
2026-06-16,2026-07-28,1610.0,CE,0,0,0,87.7
2026-06-16,2026-07-28,1610.0,PE,0,0,0,223.8
2026-06-16,2026-07-28,1620.0,CE,0,0,0,74.75
2026-06-16,2026-07-28,1620.0,PE,0,0,0,286.75
2026-06-16,2026-07-28,1630.0,CE,0,0,0,81.7
2026-06-16,2026-07-28,1630.0,PE,0,0,0,237.6
2026-06-16,2026-07-28,1640.0,CE,29400,1200,2,35.4
2026-06-16,2026-07-28,1640.0,PE,0,0,0,375.5
2026-06-16,2026-07-28,1650.0,CE,0,0,0,76.05
2026-06-16,2026-07-28,1650.0,PE,0,0,0,251.75
2026-06-16,2026-07-28,1660.0,CE,0,0,0,72.7
2026-06-16,2026-07-28,1660.0,PE,0,0,0,297.95
2026-06-16,2026-07-28,1670.0,CE,0,0,0,70.75
2026-06-16,2026-07-28,1670.0,PE,0,0,0,266.25
2026-06-16,2026-07-28,1680.0,CE,0,0,0,51.3
2026-06-16,2026-07-28,1680.0,PE,0,0,0,377.3
2026-06-16,2026-07-28,1690.0,CE,0,0,0,65.85
2026-06-16,2026-07-28,1690.0,PE,0,0,0,281.1
2026-06-16,2026-07-28,1700.0,CE,58800,3600,17,23.1
2026-06-16,2026-07-28,1700.0,PE,0,0,0,288.65
2026-06-16,2026-08-25,1320.0,CE,0,0,0,248.8
2026-06-16,2026-08-25,1320.0,PE,0,0,0,91.9
2026-06-16,2026-08-25,1340.0,CE,0,0,0,237.2
2026-06-16,2026-08-25,1340.0,PE,0,0,0,100.0
2026-06-16,2026-08-25,1360.0,CE,0,0,0,226.0
2026-06-16,2026-08-25,1360.0,PE,0,0,0,108.5
2026-06-16,2026-08-25,1380.0,CE,0,0,0,215.2
2026-06-16,2026-08-25,1380.0,PE,0,0,0,117.4
2026-06-16,2026-08-25,1400.0,CE,0,0,0,204.75
2026-06-16,2026-08-25,1400.0,PE,0,0,0,126.7
2026-06-16,2026-08-25,1420.0,CE,0,0,0,194.75
2026-06-16,2026-08-25,1420.0,PE,0,0,0,136.35
2026-06-16,2026-08-25,1440.0,CE,0,0,0,185.1
2026-06-16,2026-08-25,1440.0,PE,0,0,0,146.4
2026-06-16,2026-08-25,1460.0,CE,0,0,0,175.85
2026-06-16,2026-08-25,1460.0,PE,0,0,0,156.85
2026-06-16,2026-08-25,1480.0,CE,0,0,0,166.95
2026-06-16,2026-08-25,1480.0,PE,0,0,0,167.7
2026-06-16,2026-08-25,1500.0,CE,0,0,0,158.4
2026-06-16,2026-08-25,1500.0,PE,0,0,0,178.85
2026-06-16,2026-08-25,1520.0,CE,0,0,0,150.25
2026-06-16,2026-08-25,1520.0,PE,0,0,0,190.4
2026-06-16,2026-08-25,1540.0,CE,0,0,0,142.4
2026-06-16,2026-08-25,1540.0,PE,0,0,0,202.25
2026-06-16,2026-08-25,1560.0,CE,0,0,0,134.95
2026-06-16,2026-08-25,1560.0,PE,0,0,0,214.5
2026-06-16,2026-08-25,1580.0,CE,0,0,0,127.8
2026-06-16,2026-08-25,1580.0,PE,0,0,0,227.05
2026-06-16,2026-08-25,1600.0,CE,0,0,0,120.95
2026-06-16,2026-08-25,1600.0,PE,0,0,0,239.9
2026-06-16,2026-08-25,1620.0,CE,0,0,0,114.45
2026-06-16,2026-08-25,1620.0,PE,0,0,0,253.1
2026-06-16,2026-08-25,1640.0,CE,0,0,0,108.2
2026-06-16,2026-08-25,1640.0,PE,0,0,0,266.6
2026-06-16,2026-08-25,1660.0,CE,0,0,0,102.3
2026-06-16,2026-08-25,1660.0,PE,0,0,0,280.35
2026-06-16,2026-08-25,1680.0,CE,0,0,0,96.65
2026-06-16,2026-08-25,1680.0,PE,0,0,0,294.45
2026-06-16,2026-08-25,1700.0,CE,0,0,0,91.3
2026-06-16,2026-08-25,1700.0,PE,0,0,0,308.8
2026-06-17,2026-06-30,1100.0,CE,17400,0,0,327.0
2026-06-17,2026-06-30,1100.0,PE,487800,-24000,759,1.15
2026-06-17,2026-06-30,1110.0,PE,5400,-600,5,1.45
2026-06-17,2026-06-30,1120.0,CE,50400,0,0,322.3
2026-06-17,2026-06-30,1130.0,PE,15000,-600,3,1.3
2026-06-17,2026-06-30,1140.0,PE,12000,-600,4,1.35
2026-06-17,2026-06-30,1150.0,PE,9600,0,0,2.0
2026-06-17,2026-06-30,1160.0,PE,31800,0,0,2.25
2026-06-17,2026-06-30,1170.0,PE,1200,0,0,16.45
2026-06-17,2026-06-30,1180.0,PE,10800,0,0,1.95
2026-06-17,2026-06-30,1200.0,CE,14400,0,0,298.25
2026-06-17,2026-06-30,1200.0,PE,211200,600,52,1.7
2026-06-17,2026-06-30,1220.0,CE,600,0,0,234.9
2026-06-17,2026-06-30,1220.0,PE,15000,0,5,2.0
2026-06-17,2026-06-30,1230.0,PE,5400,0,0,5.05
2026-06-17,2026-06-30,1240.0,PE,6600,600,1,2.05
2026-06-17,2026-06-30,1250.0,CE,600,0,0,130.15
2026-06-17,2026-06-30,1250.0,PE,91200,-3600,28,2.5
2026-06-17,2026-06-30,1260.0,PE,21600,0,0,2.25
2026-06-17,2026-06-30,1270.0,PE,1800,0,0,3.7
2026-06-17,2026-06-30,1280.0,PE,25200,6000,15,3.5
2026-06-17,2026-06-30,1290.0,PE,10200,0,0,4.65
2026-06-17,2026-06-30,1300.0,CE,265200,600,3,174.35
2026-06-17,2026-06-30,1300.0,PE,294000,6000,80,4.1
2026-06-17,2026-06-30,1310.0,CE,1200,0,0,206.8
2026-06-17,2026-06-30,1320.0,CE,1800,0,0,119.35
2026-06-17,2026-06-30,1320.0,PE,57600,3600,25,5.0
2026-06-17,2026-06-30,1330.0,CE,0,0,0,93.1
2026-06-17,2026-06-30,1330.0,PE,213000,600,1,5.4
2026-06-17,2026-06-30,1340.0,CE,4200,0,0,126.45
2026-06-17,2026-06-30,1340.0,PE,30600,-5400,34,6.2
2026-06-17,2026-06-30,1350.0,CE,139800,0,0,145.55
2026-06-17,2026-06-30,1350.0,PE,93600,4800,36,7.05
2026-06-17,2026-06-30,1360.0,CE,25200,0,0,166.1
2026-06-17,2026-06-30,1360.0,PE,75000,-600,46,7.7
2026-06-17,2026-06-30,1370.0,CE,12600,0,0,133.0
2026-06-17,2026-06-30,1370.0,PE,16200,-4800,31,9.15
2026-06-17,2026-06-30,1380.0,CE,64800,0,0,105.0
2026-06-17,2026-06-30,1380.0,PE,201600,30000,128,10.5
2026-06-17,2026-06-30,1390.0,CE,48600,0,0,125.5
2026-06-17,2026-06-30,1390.0,PE,85200,-4800,64,12.75
2026-06-17,2026-06-30,1400.0,CE,446400,-17400,209,86.9
2026-06-17,2026-06-30,1400.0,PE,904200,69600,795,14.7
2026-06-17,2026-06-30,1410.0,CE,30000,0,18,79.5
2026-06-17,2026-06-30,1410.0,PE,80400,-1200,98,16.95
2026-06-17,2026-06-30,1420.0,CE,99000,-37800,237,71.95
2026-06-17,2026-06-30,1420.0,PE,102600,-19200,227,19.75
2026-06-17,2026-06-30,1430.0,CE,80400,1200,8,64.95
2026-06-17,2026-06-30,1430.0,PE,64800,-1200,113,23.25
2026-06-17,2026-06-30,1440.0,CE,124200,1200,18,58.95
2026-06-17,2026-06-30,1440.0,PE,181200,2400,353,26.5
2026-06-17,2026-06-30,1450.0,CE,461400,36000,644,52.6
2026-06-17,2026-06-30,1450.0,PE,300000,22200,404,30.95
2026-06-17,2026-06-30,1460.0,CE,279600,66000,906,47.2
2026-06-17,2026-06-30,1460.0,PE,285600,62400,634,34.2
2026-06-17,2026-06-30,1470.0,CE,274200,86400,1185,42.05
2026-06-17,2026-06-30,1470.0,PE,215400,-25200,536,38.1
2026-06-17,2026-06-30,1480.0,CE,369000,104400,1166,37.05
2026-06-17,2026-06-30,1480.0,PE,276600,19800,369,45.05
2026-06-17,2026-06-30,1490.0,CE,303600,28800,514,32.65
2026-06-17,2026-06-30,1490.0,PE,165000,600,143,50.8
2026-06-17,2026-06-30,1500.0,CE,2209200,222000,3156,28.9
2026-06-17,2026-06-30,1500.0,PE,718200,-2400,261,56.6
2026-06-17,2026-06-30,1510.0,CE,191400,16200,363,25.0
2026-06-17,2026-06-30,1510.0,PE,103200,-4200,39,63.35
2026-06-17,2026-06-30,1520.0,CE,489000,7200,739,21.9
2026-06-17,2026-06-30,1520.0,PE,94200,-5400,32,69.65
2026-06-17,2026-06-30,1530.0,CE,196200,12600,318,18.85
2026-06-17,2026-06-30,1530.0,PE,59400,0,0,64.4
2026-06-17,2026-06-30,1540.0,CE,249000,-1800,265,16.5
2026-06-17,2026-06-30,1540.0,PE,96000,0,0,72.2
2026-06-17,2026-06-30,1550.0,CE,337200,29400,494,14.45
2026-06-17,2026-06-30,1550.0,PE,64200,0,0,76.0
2026-06-17,2026-06-30,1560.0,CE,302400,12000,165,12.45
2026-06-17,2026-06-30,1560.0,PE,25800,0,0,88.45
2026-06-17,2026-06-30,1570.0,CE,55800,-3600,55,10.9
2026-06-17,2026-06-30,1570.0,PE,0,0,0,272.8
2026-06-17,2026-06-30,1580.0,CE,304800,-12000,142,9.25
2026-06-17,2026-06-30,1580.0,PE,600,0,0,123.7
2026-06-17,2026-06-30,1590.0,CE,36000,7800,48,8.1
2026-06-17,2026-06-30,1590.0,PE,0,0,0,288.6
2026-06-17,2026-06-30,1600.0,CE,1020000,9600,814,7.3
2026-06-17,2026-06-30,1600.0,PE,54600,0,0,122.35
2026-06-17,2026-06-30,1610.0,CE,43200,-6600,64,6.45
2026-06-17,2026-06-30,1610.0,PE,0,0,0,287.75
2026-06-17,2026-06-30,1620.0,CE,100800,-19200,94,5.6
2026-06-17,2026-06-30,1620.0,PE,600,0,0,160.0
2026-06-17,2026-06-30,1630.0,CE,41400,-12000,38,5.4
2026-06-17,2026-06-30,1630.0,PE,0,0,0,293.95
2026-06-17,2026-06-30,1640.0,CE,200400,-46200,228,4.4
2026-06-17,2026-06-30,1640.0,PE,600,0,0,135.35
2026-06-17,2026-06-30,1650.0,CE,104400,7200,68,3.8
2026-06-17,2026-06-30,1650.0,PE,0,0,0,289.8
2026-06-17,2026-06-30,1660.0,CE,29400,-17400,55,3.45
2026-06-17,2026-06-30,1660.0,PE,0,0,0,379.4
2026-06-17,2026-06-30,1670.0,CE,24600,1800,39,3.05
2026-06-17,2026-06-30,1670.0,PE,0,0,0,284.4
2026-06-17,2026-06-30,1680.0,CE,0,0,0,29.45
2026-06-17,2026-06-30,1680.0,PE,0,0,0,362.95
2026-06-17,2026-06-30,1690.0,CE,20400,6600,31,2.55
2026-06-17,2026-06-30,1690.0,PE,0,0,0,256.9
2026-06-17,2026-06-30,1700.0,CE,354000,23400,228,2.55
2026-06-17,2026-06-30,1700.0,PE,600,600,1,224.3
2026-06-17,2026-07-28,1300.0,CE,600,0,0,241.2
2026-06-17,2026-07-28,1300.0,PE,53400,6000,24,18.15
2026-06-17,2026-07-28,1320.0,CE,1200,0,0,205.0
2026-06-17,2026-07-28,1320.0,PE,12000,0,0,27.65
2026-06-17,2026-07-28,1330.0,CE,0,0,0,214.75
2026-06-17,2026-07-28,1330.0,PE,2400,0,0,35.6
2026-06-17,2026-07-28,1340.0,CE,0,0,0,115.95
2026-06-17,2026-07-28,1340.0,PE,600,0,0,41.0
2026-06-17,2026-07-28,1350.0,CE,0,0,0,202.75
2026-06-17,2026-07-28,1350.0,PE,0,0,0,81.5
2026-06-17,2026-07-28,1360.0,CE,3600,0,0,172.8
2026-06-17,2026-07-28,1360.0,PE,13200,0,0,27.55
2026-06-17,2026-07-28,1370.0,CE,0,0,0,191.2
2026-06-17,2026-07-28,1370.0,PE,66600,0,10,33.9
2026-06-17,2026-07-28,1380.0,CE,0,0,0,102.15
2026-06-17,2026-07-28,1380.0,PE,600,0,0,33.65
2026-06-17,2026-07-28,1390.0,CE,0,0,0,180.1
2026-06-17,2026-07-28,1390.0,PE,1200,0,0,46.05
2026-06-17,2026-07-28,1400.0,CE,96000,93600,176,122.0
2026-06-17,2026-07-28,1400.0,PE,30600,1200,5,43.3
2026-06-17,2026-07-28,1410.0,CE,0,0,0,169.5
2026-06-17,2026-07-28,1410.0,PE,0,0,0,107.65
2026-06-17,2026-07-28,1420.0,CE,0,0,0,89.8
2026-06-17,2026-07-28,1420.0,PE,7800,0,0,60.0
2026-06-17,2026-07-28,1430.0,CE,0,0,0,159.35
2026-06-17,2026-07-28,1430.0,PE,0,0,0,117.3
2026-06-17,2026-07-28,1440.0,CE,1800,0,0,90.2
2026-06-17,2026-07-28,1440.0,PE,600,0,0,66.0
2026-06-17,2026-07-28,1450.0,CE,3600,0,0,109.25
2026-06-17,2026-07-28,1450.0,PE,10200,0,0,60.0
2026-06-17,2026-07-28,1460.0,CE,4800,3000,8,94.0
2026-06-17,2026-07-28,1460.0,PE,0,0,0,267.8
2026-06-17,2026-07-28,1470.0,CE,0,0,0,140.45
2026-06-17,2026-07-28,1470.0,PE,0,0,0,137.95
2026-06-17,2026-07-28,1480.0,CE,4200,1800,6,78.0
2026-06-17,2026-07-28,1480.0,PE,1800,1800,3,79.0
2026-06-17,2026-07-28,1490.0,CE,0,0,0,131.65
2026-06-17,2026-07-28,1490.0,PE,0,0,0,149.0
2026-06-17,2026-07-28,1500.0,CE,175200,20400,242,69.85
2026-06-17,2026-07-28,1500.0,PE,108600,6000,24,88.0
2026-06-17,2026-07-28,1510.0,CE,2400,0,0,103.25
2026-06-17,2026-07-28,1510.0,PE,0,0,0,160.45
2026-06-17,2026-07-28,1520.0,CE,7200,600,4,62.1
2026-06-17,2026-07-28,1520.0,PE,12600,0,0,91.55
2026-06-17,2026-07-28,1530.0,CE,0,0,0,115.4
2026-06-17,2026-07-28,1530.0,PE,600,0,0,148.0
2026-06-17,2026-07-28,1540.0,CE,3600,0,0,75.8
2026-06-17,2026-07-28,1540.0,PE,0,0,0,296.8
2026-06-17,2026-07-28,1550.0,CE,2400,0,1,51.0
2026-06-17,2026-07-28,1550.0,PE,3600,0,0,109.5
2026-06-17,2026-07-28,1560.0,CE,600,0,0,77.0
2026-06-17,2026-07-28,1560.0,PE,0,0,0,343.95
2026-06-17,2026-07-28,1570.0,CE,0,0,0,100.75
2026-06-17,2026-07-28,1570.0,PE,0,0,0,197.25
2026-06-17,2026-07-28,1580.0,CE,1800,0,0,51.75
2026-06-17,2026-07-28,1580.0,PE,600,0,0,178.6
2026-06-17,2026-07-28,1590.0,CE,0,0,0,94.05
2026-06-17,2026-07-28,1590.0,PE,0,0,0,210.35
2026-06-17,2026-07-28,1600.0,CE,75600,-1200,44,35.25
2026-06-17,2026-07-28,1600.0,PE,6600,0,0,146.55
2026-06-17,2026-07-28,1610.0,CE,0,0,0,87.7
2026-06-17,2026-07-28,1610.0,PE,0,0,0,223.8
2026-06-17,2026-07-28,1620.0,CE,0,0,0,74.75
2026-06-17,2026-07-28,1620.0,PE,0,0,0,286.75
2026-06-17,2026-07-28,1630.0,CE,0,0,0,81.7
2026-06-17,2026-07-28,1630.0,PE,0,0,0,237.6
2026-06-17,2026-07-28,1640.0,CE,29400,0,0,35.4
2026-06-17,2026-07-28,1640.0,PE,0,0,0,375.5
2026-06-17,2026-07-28,1650.0,CE,0,0,0,76.05
2026-06-17,2026-07-28,1650.0,PE,0,0,0,251.75
2026-06-17,2026-07-28,1660.0,CE,0,0,0,72.7
2026-06-17,2026-07-28,1660.0,PE,0,0,0,297.95
2026-06-17,2026-07-28,1670.0,CE,0,0,0,70.75
2026-06-17,2026-07-28,1670.0,PE,0,0,0,266.25
2026-06-17,2026-07-28,1680.0,CE,0,0,0,51.3
2026-06-17,2026-07-28,1680.0,PE,0,0,0,377.3
2026-06-17,2026-07-28,1690.0,CE,0,0,0,65.85
2026-06-17,2026-07-28,1690.0,PE,0,0,0,281.1
2026-06-17,2026-07-28,1700.0,CE,63600,4800,20,18.85
2026-06-17,2026-07-28,1700.0,PE,0,0,0,288.65
2026-06-17,2026-08-25,1320.0,CE,0,0,0,248.8
2026-06-17,2026-08-25,1320.0,PE,0,0,0,91.9
2026-06-17,2026-08-25,1340.0,CE,0,0,0,237.2
2026-06-17,2026-08-25,1340.0,PE,0,0,0,100.0
2026-06-17,2026-08-25,1360.0,CE,0,0,0,226.0
2026-06-17,2026-08-25,1360.0,PE,0,0,0,108.5
2026-06-17,2026-08-25,1380.0,CE,0,0,0,215.2
2026-06-17,2026-08-25,1380.0,PE,0,0,0,117.4
2026-06-17,2026-08-25,1400.0,CE,0,0,0,204.75
2026-06-17,2026-08-25,1400.0,PE,0,0,0,126.7
2026-06-17,2026-08-25,1420.0,CE,0,0,0,194.75
2026-06-17,2026-08-25,1420.0,PE,0,0,0,136.35
2026-06-17,2026-08-25,1440.0,CE,0,0,0,185.1
2026-06-17,2026-08-25,1440.0,PE,0,0,0,146.4
2026-06-17,2026-08-25,1460.0,CE,0,0,0,175.85
2026-06-17,2026-08-25,1460.0,PE,0,0,0,156.85
2026-06-17,2026-08-25,1480.0,CE,0,0,0,166.95
2026-06-17,2026-08-25,1480.0,PE,0,0,0,167.7
2026-06-17,2026-08-25,1500.0,CE,0,0,0,158.4
2026-06-17,2026-08-25,1500.0,PE,0,0,0,178.85
2026-06-17,2026-08-25,1520.0,CE,0,0,0,150.25
2026-06-17,2026-08-25,1520.0,PE,0,0,0,190.4
2026-06-17,2026-08-25,1540.0,CE,0,0,0,142.4
2026-06-17,2026-08-25,1540.0,PE,0,0,0,202.25
2026-06-17,2026-08-25,1560.0,CE,0,0,0,134.95
2026-06-17,2026-08-25,1560.0,PE,0,0,0,214.5
2026-06-17,2026-08-25,1580.0,CE,0,0,0,127.8
2026-06-17,2026-08-25,1580.0,PE,0,0,0,227.05
2026-06-17,2026-08-25,1600.0,CE,0,0,0,120.95
2026-06-17,2026-08-25,1600.0,PE,0,0,0,239.9
2026-06-17,2026-08-25,1620.0,CE,0,0,0,114.45
2026-06-17,2026-08-25,1620.0,PE,0,0,0,253.1
2026-06-17,2026-08-25,1640.0,CE,0,0,0,108.2
2026-06-17,2026-08-25,1640.0,PE,0,0,0,266.6
2026-06-17,2026-08-25,1660.0,CE,0,0,0,102.3
2026-06-17,2026-08-25,1660.0,PE,0,0,0,280.35
2026-06-17,2026-08-25,1680.0,CE,0,0,0,96.65
2026-06-17,2026-08-25,1680.0,PE,0,0,0,294.45
2026-06-17,2026-08-25,1700.0,CE,0,0,0,91.3
2026-06-17,2026-08-25,1700.0,PE,0,0,0,308.8
2026-06-18,2026-06-30,1100.0,CE,17400,0,0,327.0
2026-06-18,2026-06-30,1100.0,PE,496800,9000,575,0.95
2026-06-18,2026-06-30,1110.0,PE,4800,-600,4,0.9
2026-06-18,2026-06-30,1120.0,CE,50400,0,0,322.3
2026-06-18,2026-06-30,1130.0,PE,15000,0,0,1.3
2026-06-18,2026-06-30,1140.0,PE,12000,0,0,1.35
2026-06-18,2026-06-30,1150.0,PE,9600,0,0,2.0
2026-06-18,2026-06-30,1160.0,PE,31800,0,0,2.25
2026-06-18,2026-06-30,1170.0,PE,1200,0,0,16.45
2026-06-18,2026-06-30,1180.0,PE,13800,3000,29,0.85
2026-06-18,2026-06-30,1200.0,CE,14400,0,4,281.0
2026-06-18,2026-06-30,1200.0,PE,206400,-4800,104,1.25
2026-06-18,2026-06-30,1220.0,CE,600,0,0,234.9
2026-06-18,2026-06-30,1220.0,PE,16800,1800,4,1.05
2026-06-18,2026-06-30,1230.0,PE,5400,0,0,5.05
2026-06-18,2026-06-30,1240.0,PE,6600,0,0,2.05
2026-06-18,2026-06-30,1250.0,CE,600,0,0,130.15
2026-06-18,2026-06-30,1250.0,PE,88200,-3000,58,1.7
2026-06-18,2026-06-30,1260.0,PE,21600,0,0,2.25
2026-06-18,2026-06-30,1270.0,PE,1800,0,0,3.7
2026-06-18,2026-06-30,1280.0,PE,24000,-1200,2,2.1
2026-06-18,2026-06-30,1290.0,PE,10200,0,0,4.65
2026-06-18,2026-06-30,1300.0,CE,261000,-4200,20,218.4
2026-06-18,2026-06-30,1300.0,PE,273000,-21000,90,2.2
2026-06-18,2026-06-30,1310.0,CE,1200,0,0,206.8
2026-06-18,2026-06-30,1320.0,CE,1800,0,0,119.35
2026-06-18,2026-06-30,1320.0,PE,56400,-1200,42,2.75
2026-06-18,2026-06-30,1330.0,CE,0,0,0,93.1
2026-06-18,2026-06-30,1330.0,PE,213000,0,0,5.4
2026-06-18,2026-06-30,1340.0,CE,4200,0,0,126.45
2026-06-18,2026-06-30,1340.0,PE,33000,2400,44,3.1
2026-06-18,2026-06-30,1350.0,CE,139800,0,1,149.05
2026-06-18,2026-06-30,1350.0,PE,97200,3600,64,3.35
2026-06-18,2026-06-30,1360.0,CE,25200,0,0,166.1
2026-06-18,2026-06-30,1360.0,PE,76200,1200,41,3.9
2026-06-18,2026-06-30,1370.0,CE,12600,0,0,133.0
2026-06-18,2026-06-30,1370.0,PE,7800,-8400,53,3.95
2026-06-18,2026-06-30,1380.0,CE,64800,0,0,105.0
2026-06-18,2026-06-30,1380.0,PE,189600,-12000,126,4.65
2026-06-18,2026-06-30,1390.0,CE,48600,0,2,116.5
2026-06-18,2026-06-30,1390.0,PE,82800,-2400,19,5.6
2026-06-18,2026-06-30,1400.0,CE,435600,-10800,86,122.65
2026-06-18,2026-06-30,1400.0,PE,855600,-48600,443,6.25
2026-06-18,2026-06-30,1410.0,CE,29400,-600,23,115.25
2026-06-18,2026-06-30,1410.0,PE,79800,-600,65,7.3
2026-06-18,2026-06-30,1420.0,CE,83400,-15600,108,98.05
2026-06-18,2026-06-30,1420.0,PE,101400,-1200,214,9.05
2026-06-18,2026-06-30,1430.0,CE,77400,-3000,20,82.85
2026-06-18,2026-06-30,1430.0,PE,84600,19800,199,11.2
2026-06-18,2026-06-30,1440.0,CE,118800,-5400,59,85.45
2026-06-18,2026-06-30,1440.0,PE,186000,4800,497,12.45
2026-06-18,2026-06-30,1450.0,CE,408600,-52800,659,79.1
2026-06-18,2026-06-30,1450.0,PE,310200,10200,592,14.65
2026-06-18,2026-06-30,1460.0,CE,232800,-46800,607,71.15
2026-06-18,2026-06-30,1460.0,PE,268200,-17400,775,17.55
2026-06-18,2026-06-30,1470.0,CE,294000,19800,995,69.95
2026-06-18,2026-06-30,1470.0,PE,202800,-12600,895,19.35
2026-06-18,2026-06-30,1480.0,CE,328800,-40200,1792,55.95
2026-06-18,2026-06-30,1480.0,PE,310200,33600,885,24.15
2026-06-18,2026-06-30,1490.0,CE,210600,-93000,1252,50.7
2026-06-18,2026-06-30,1490.0,PE,181800,16800,332,29.1
2026-06-18,2026-06-30,1500.0,CE,2007600,-201600,5897,46.95
2026-06-18,2026-06-30,1500.0,PE,826800,108600,971,31.0
2026-06-18,2026-06-30,1510.0,CE,158400,-33000,1043,42.0
2026-06-18,2026-06-30,1510.0,PE,112200,9000,160,35.95
2026-06-18,2026-06-30,1520.0,CE,415800,-73200,1519,38.7
2026-06-18,2026-06-30,1520.0,PE,136800,42600,153,40.85
2026-06-18,2026-06-30,1530.0,CE,158400,-37800,724,33.2
2026-06-18,2026-06-30,1530.0,PE,82800,23400,57,47.1
2026-06-18,2026-06-30,1540.0,CE,266400,17400,1198,28.95
2026-06-18,2026-06-30,1540.0,PE,94200,-1800,131,54.7
2026-06-18,2026-06-30,1550.0,CE,288000,-49200,1316,24.95
2026-06-18,2026-06-30,1550.0,PE,66600,2400,10,57.45
2026-06-18,2026-06-30,1560.0,CE,327000,24600,522,23.5
2026-06-18,2026-06-30,1560.0,PE,22200,-3600,30,66.15
2026-06-18,2026-06-30,1570.0,CE,54600,-1200,198,19.85
2026-06-18,2026-06-30,1570.0,PE,0,0,0,272.8
2026-06-18,2026-06-30,1580.0,CE,313200,8400,249,17.4
2026-06-18,2026-06-30,1580.0,PE,600,0,0,123.7
2026-06-18,2026-06-30,1590.0,CE,25200,-10800,105,14.0
2026-06-18,2026-06-30,1590.0,PE,0,0,0,288.6
2026-06-18,2026-06-30,1600.0,CE,925200,-94800,1772,13.0
2026-06-18,2026-06-30,1600.0,PE,54600,0,10,95.65
2026-06-18,2026-06-30,1610.0,CE,46200,3000,95,11.45
2026-06-18,2026-06-30,1610.0,PE,0,0,0,287.75
2026-06-18,2026-06-30,1620.0,CE,97800,-3000,174,10.3
2026-06-18,2026-06-30,1620.0,PE,600,0,0,160.0
2026-06-18,2026-06-30,1630.0,CE,44400,3000,54,9.2
2026-06-18,2026-06-30,1630.0,PE,0,0,0,293.95
2026-06-18,2026-06-30,1640.0,CE,208800,8400,178,7.8
2026-06-18,2026-06-30,1640.0,PE,600,0,0,135.35
2026-06-18,2026-06-30,1650.0,CE,93600,-10800,209,7.1
2026-06-18,2026-06-30,1650.0,PE,0,0,0,289.8
2026-06-18,2026-06-30,1660.0,CE,29400,0,21,6.45
2026-06-18,2026-06-30,1660.0,PE,0,0,0,379.4
2026-06-18,2026-06-30,1670.0,CE,25800,1200,97,6.2
2026-06-18,2026-06-30,1670.0,PE,0,0,0,284.4
2026-06-18,2026-06-30,1680.0,CE,0,0,0,29.45
2026-06-18,2026-06-30,1680.0,PE,0,0,0,362.95
2026-06-18,2026-06-30,1690.0,CE,21000,600,1,2.2
2026-06-18,2026-06-30,1690.0,PE,0,0,0,256.9
2026-06-18,2026-06-30,1700.0,CE,357600,3600,541,4.4
2026-06-18,2026-06-30,1700.0,PE,600,0,0,224.3
2026-06-18,2026-07-28,1300.0,CE,600,0,0,241.2
2026-06-18,2026-07-28,1300.0,PE,63600,10200,33,11.95
2026-06-18,2026-07-28,1320.0,CE,1200,0,0,205.0
2026-06-18,2026-07-28,1320.0,PE,12000,0,0,27.65
2026-06-18,2026-07-28,1330.0,CE,0,0,0,214.75
2026-06-18,2026-07-28,1330.0,PE,2400,0,0,35.6
2026-06-18,2026-07-28,1340.0,CE,0,0,0,115.95
2026-06-18,2026-07-28,1340.0,PE,600,0,0,41.0
2026-06-18,2026-07-28,1350.0,CE,0,0,0,202.75
2026-06-18,2026-07-28,1350.0,PE,0,0,0,81.5
2026-06-18,2026-07-28,1360.0,CE,3600,0,0,172.8
2026-06-18,2026-07-28,1360.0,PE,13200,0,0,27.55
2026-06-18,2026-07-28,1370.0,CE,0,0,0,191.2
2026-06-18,2026-07-28,1370.0,PE,66600,0,0,33.9
2026-06-18,2026-07-28,1380.0,CE,0,0,0,102.15
2026-06-18,2026-07-28,1380.0,PE,600,0,0,33.65
2026-06-18,2026-07-28,1390.0,CE,0,0,0,180.1
2026-06-18,2026-07-28,1390.0,PE,1200,0,0,46.05
2026-06-18,2026-07-28,1400.0,CE,101400,5400,36,156.55
2026-06-18,2026-07-28,1400.0,PE,46200,15600,106,30.6
2026-06-18,2026-07-28,1410.0,CE,0,0,0,169.5
2026-06-18,2026-07-28,1410.0,PE,0,0,0,107.65
2026-06-18,2026-07-28,1420.0,CE,0,0,0,89.8
2026-06-18,2026-07-28,1420.0,PE,7800,0,0,60.0
2026-06-18,2026-07-28,1430.0,CE,0,0,0,159.35
2026-06-18,2026-07-28,1430.0,PE,0,0,0,117.3
2026-06-18,2026-07-28,1440.0,CE,1800,0,0,90.2
2026-06-18,2026-07-28,1440.0,PE,600,0,0,66.0
2026-06-18,2026-07-28,1450.0,CE,4200,600,1,105.0
2026-06-18,2026-07-28,1450.0,PE,10200,0,5,49.0
2026-06-18,2026-07-28,1460.0,CE,3600,-1200,2,117.0
2026-06-18,2026-07-28,1460.0,PE,1200,1200,2,59.0
2026-06-18,2026-07-28,1470.0,CE,0,0,0,140.45
2026-06-18,2026-07-28,1470.0,PE,0,0,0,137.95
2026-06-18,2026-07-28,1480.0,CE,3000,-1200,9,94.95
2026-06-18,2026-07-28,1480.0,PE,3000,1200,2,64.0
2026-06-18,2026-07-28,1490.0,CE,0,0,0,131.65
2026-06-18,2026-07-28,1490.0,PE,2400,2400,4,70.6
2026-06-18,2026-07-28,1500.0,CE,160200,-15000,265,89.15
2026-06-18,2026-07-28,1500.0,PE,111000,2400,29,66.0
2026-06-18,2026-07-28,1510.0,CE,2400,0,0,103.25
2026-06-18,2026-07-28,1510.0,PE,0,0,0,160.45
2026-06-18,2026-07-28,1520.0,CE,6600,-600,3,66.3
2026-06-18,2026-07-28,1520.0,PE,22800,10200,23,70.0
2026-06-18,2026-07-28,1530.0,CE,0,0,0,115.4
2026-06-18,2026-07-28,1530.0,PE,600,0,0,148.0
2026-06-18,2026-07-28,1540.0,CE,3600,0,0,75.8
2026-06-18,2026-07-28,1540.0,PE,0,0,0,296.8
2026-06-18,2026-07-28,1550.0,CE,7200,4800,14,66.5
2026-06-18,2026-07-28,1550.0,PE,3600,0,0,109.5
2026-06-18,2026-07-28,1560.0,CE,600,0,0,77.0
2026-06-18,2026-07-28,1560.0,PE,0,0,0,343.95
2026-06-18,2026-07-28,1570.0,CE,0,0,0,100.75
2026-06-18,2026-07-28,1570.0,PE,0,0,0,197.25
2026-06-18,2026-07-28,1580.0,CE,1800,0,0,51.75
2026-06-18,2026-07-28,1580.0,PE,600,0,0,178.6
2026-06-18,2026-07-28,1590.0,CE,0,0,0,94.05
2026-06-18,2026-07-28,1590.0,PE,0,0,0,210.35
2026-06-18,2026-07-28,1600.0,CE,79800,4200,48,48.15
2026-06-18,2026-07-28,1600.0,PE,6600,0,0,146.55
2026-06-18,2026-07-28,1610.0,CE,0,0,0,87.7
2026-06-18,2026-07-28,1610.0,PE,0,0,0,223.8
2026-06-18,2026-07-28,1620.0,CE,0,0,0,74.75
2026-06-18,2026-07-28,1620.0,PE,0,0,0,286.75
2026-06-18,2026-07-28,1630.0,CE,0,0,0,81.7
2026-06-18,2026-07-28,1630.0,PE,0,0,0,237.6
2026-06-18,2026-07-28,1640.0,CE,30000,600,1,34.6
2026-06-18,2026-07-28,1640.0,PE,0,0,0,375.5
2026-06-18,2026-07-28,1650.0,CE,0,0,0,76.05
2026-06-18,2026-07-28,1650.0,PE,0,0,0,251.75
2026-06-18,2026-07-28,1660.0,CE,0,0,0,72.7
2026-06-18,2026-07-28,1660.0,PE,0,0,0,297.95
2026-06-18,2026-07-28,1670.0,CE,0,0,0,70.75
2026-06-18,2026-07-28,1670.0,PE,0,0,0,266.25
2026-06-18,2026-07-28,1680.0,CE,0,0,0,51.3
2026-06-18,2026-07-28,1680.0,PE,0,0,0,377.3
2026-06-18,2026-07-28,1690.0,CE,0,0,0,65.85
2026-06-18,2026-07-28,1690.0,PE,0,0,0,281.1
2026-06-18,2026-07-28,1700.0,CE,73200,9600,50,25.5
2026-06-18,2026-07-28,1700.0,PE,0,0,0,288.65
2026-06-18,2026-08-25,1320.0,CE,0,0,0,248.8
2026-06-18,2026-08-25,1320.0,PE,0,0,0,91.9
2026-06-18,2026-08-25,1340.0,CE,0,0,0,237.2
2026-06-18,2026-08-25,1340.0,PE,0,0,0,100.0
2026-06-18,2026-08-25,1360.0,CE,0,0,0,226.0
2026-06-18,2026-08-25,1360.0,PE,0,0,0,108.5
2026-06-18,2026-08-25,1380.0,CE,0,0,0,215.2
2026-06-18,2026-08-25,1380.0,PE,0,0,0,117.4
2026-06-18,2026-08-25,1400.0,CE,0,0,0,204.75
2026-06-18,2026-08-25,1400.0,PE,0,0,0,126.7
2026-06-18,2026-08-25,1420.0,CE,0,0,0,194.75
2026-06-18,2026-08-25,1420.0,PE,0,0,0,136.35
2026-06-18,2026-08-25,1440.0,CE,0,0,0,185.1
2026-06-18,2026-08-25,1440.0,PE,0,0,0,146.4
2026-06-18,2026-08-25,1460.0,CE,0,0,0,175.85
2026-06-18,2026-08-25,1460.0,PE,0,0,0,156.85
2026-06-18,2026-08-25,1480.0,CE,0,0,0,166.95
2026-06-18,2026-08-25,1480.0,PE,0,0,0,167.7
2026-06-18,2026-08-25,1500.0,CE,0,0,0,158.4
2026-06-18,2026-08-25,1500.0,PE,0,0,0,178.85
2026-06-18,2026-08-25,1520.0,CE,0,0,0,150.25
2026-06-18,2026-08-25,1520.0,PE,0,0,0,190.4
2026-06-18,2026-08-25,1540.0,CE,0,0,0,142.4
2026-06-18,2026-08-25,1540.0,PE,0,0,0,202.25
2026-06-18,2026-08-25,1560.0,CE,0,0,0,134.95
2026-06-18,2026-08-25,1560.0,PE,0,0,0,214.5
2026-06-18,2026-08-25,1580.0,CE,0,0,0,127.8
2026-06-18,2026-08-25,1580.0,PE,0,0,0,227.05
2026-06-18,2026-08-25,1600.0,CE,0,0,0,120.95
2026-06-18,2026-08-25,1600.0,PE,0,0,0,239.9
2026-06-18,2026-08-25,1620.0,CE,0,0,0,114.45
2026-06-18,2026-08-25,1620.0,PE,0,0,0,253.1
2026-06-18,2026-08-25,1640.0,CE,0,0,0,108.2
2026-06-18,2026-08-25,1640.0,PE,0,0,0,266.6
2026-06-18,2026-08-25,1660.0,CE,0,0,0,102.3
2026-06-18,2026-08-25,1660.0,PE,0,0,0,280.35
2026-06-18,2026-08-25,1680.0,CE,0,0,0,96.65
2026-06-18,2026-08-25,1680.0,PE,0,0,0,294.45
2026-06-18,2026-08-25,1700.0,CE,0,0,0,91.3
2026-06-18,2026-08-25,1700.0,PE,0,0,0,308.8
2026-06-19,2026-06-30,1100.0,CE,17400,0,0,327.0
2026-06-19,2026-06-30,1100.0,PE,483600,-13200,229,0.8
2026-06-19,2026-06-30,1110.0,PE,4800,0,0,0.9
2026-06-19,2026-06-30,1120.0,CE,49800,-600,1,392.0
2026-06-19,2026-06-30,1130.0,PE,15000,0,0,1.3
2026-06-19,2026-06-30,1140.0,PE,18600,6600,16,1.45
2026-06-19,2026-06-30,1150.0,PE,9000,-600,1,1.0
2026-06-19,2026-06-30,1160.0,PE,31800,0,0,2.25
2026-06-19,2026-06-30,1170.0,PE,1200,0,0,16.45
2026-06-19,2026-06-30,1180.0,PE,13200,-600,1,1.15
2026-06-19,2026-06-30,1200.0,CE,13800,-600,1,320.0
2026-06-19,2026-06-30,1200.0,PE,205200,-1200,22,1.35
2026-06-19,2026-06-30,1220.0,CE,600,0,0,234.9
2026-06-19,2026-06-30,1220.0,PE,16800,0,0,1.05
2026-06-19,2026-06-30,1230.0,PE,5400,0,0,5.05
2026-06-19,2026-06-30,1240.0,PE,6600,0,1,2.05
2026-06-19,2026-06-30,1250.0,CE,600,0,0,130.15
2026-06-19,2026-06-30,1250.0,PE,88200,0,8,1.2
2026-06-19,2026-06-30,1260.0,PE,25200,3600,12,2.25
2026-06-19,2026-06-30,1270.0,PE,1800,0,0,3.7
2026-06-19,2026-06-30,1280.0,PE,24000,0,0,2.1
2026-06-19,2026-06-30,1290.0,PE,10200,0,0,4.65
2026-06-19,2026-06-30,1300.0,CE,258600,-2400,12,223.65
2026-06-19,2026-06-30,1300.0,PE,280800,7800,89,1.7
2026-06-19,2026-06-30,1310.0,CE,1200,0,0,206.8
2026-06-19,2026-06-30,1320.0,CE,1800,0,0,119.35
2026-06-19,2026-06-30,1320.0,PE,56400,0,25,2.4
2026-06-19,2026-06-30,1330.0,CE,0,0,0,93.1
2026-06-19,2026-06-30,1330.0,PE,214200,1200,10,3.5
2026-06-19,2026-06-30,1340.0,CE,4200,0,0,126.45
2026-06-19,2026-06-30,1340.0,PE,27000,-6000,19,2.45
2026-06-19,2026-06-30,1350.0,CE,139800,0,0,149.05
2026-06-19,2026-06-30,1350.0,PE,90600,-6600,29,2.7
2026-06-19,2026-06-30,1360.0,CE,25800,600,6,144.05
2026-06-19,2026-06-30,1360.0,PE,135000,58800,189,3.05
2026-06-19,2026-06-30,1370.0,CE,12600,0,0,133.0
2026-06-19,2026-06-30,1370.0,PE,7800,0,1,4.0
2026-06-19,2026-06-30,1380.0,CE,64800,0,0,105.0
2026-06-19,2026-06-30,1380.0,PE,173400,-16200,228,3.95
2026-06-19,2026-06-30,1390.0,CE,48600,0,0,116.5
2026-06-19,2026-06-30,1390.0,PE,77400,-5400,63,4.6
2026-06-19,2026-06-30,1400.0,CE,431400,-4200,56,112.0
2026-06-19,2026-06-30,1400.0,PE,723600,-132000,916,5.45
2026-06-19,2026-06-30,1410.0,CE,29400,0,0,115.25
2026-06-19,2026-06-30,1410.0,PE,70800,-9000,55,6.1
2026-06-19,2026-06-30,1420.0,CE,81600,-1800,3,105.6
2026-06-19,2026-06-30,1420.0,PE,103200,1800,129,7.8
2026-06-19,2026-06-30,1430.0,CE,73800,-3600,9,86.5
2026-06-19,2026-06-30,1430.0,PE,72600,-12000,68,9.15
2026-06-19,2026-06-30,1440.0,CE,112800,-6000,12,74.45
2026-06-19,2026-06-30,1440.0,PE,188400,2400,286,11.65
2026-06-19,2026-06-30,1450.0,CE,401400,-7200,234,70.25
2026-06-19,2026-06-30,1450.0,PE,283800,-26400,410,14.0
2026-06-19,2026-06-30,1460.0,CE,223800,-9000,82,64.0
2026-06-19,2026-06-30,1460.0,PE,261600,-6600,582,16.25
2026-06-19,2026-06-30,1470.0,CE,256200,-37800,259,57.0
2026-06-19,2026-06-30,1470.0,PE,158400,-44400,417,19.95
2026-06-19,2026-06-30,1480.0,CE,274200,-54600,587,50.6
2026-06-19,2026-06-30,1480.0,PE,288600,-21600,755,23.75
2026-06-19,2026-06-30,1490.0,CE,214200,3600,331,44.65
2026-06-19,2026-06-30,1490.0,PE,138600,-43200,481,27.6
2026-06-19,2026-06-30,1500.0,CE,1566000,-441600,4213,39.55
2026-06-19,2026-06-30,1500.0,PE,790200,-36600,944,31.95
2026-06-19,2026-06-30,1510.0,CE,174000,15600,1087,34.55
2026-06-19,2026-06-30,1510.0,PE,108000,-4200,646,37.6
2026-06-19,2026-06-30,1520.0,CE,504000,88200,2627,30.55
2026-06-19,2026-06-30,1520.0,PE,107400,-29400,557,42.95
2026-06-19,2026-06-30,1530.0,CE,178200,19800,1009,26.25
2026-06-19,2026-06-30,1530.0,PE,99000,16200,222,48.95
2026-06-19,2026-06-30,1540.0,CE,258600,-7800,1040,22.95
2026-06-19,2026-06-30,1540.0,PE,90600,-3600,118,55.5
2026-06-19,2026-06-30,1550.0,CE,270000,-18000,1789,19.8
2026-06-19,2026-06-30,1550.0,PE,69600,3000,104,63.35
2026-06-19,2026-06-30,1560.0,CE,318600,-8400,852,17.45
2026-06-19,2026-06-30,1560.0,PE,23400,1200,18,69.4
2026-06-19,2026-06-30,1570.0,CE,53400,-1200,182,14.8
2026-06-19,2026-06-30,1570.0,PE,0,0,0,272.8
2026-06-19,2026-06-30,1580.0,CE,296400,-16800,428,13.0
2026-06-19,2026-06-30,1580.0,PE,600,0,0,123.7
2026-06-19,2026-06-30,1590.0,CE,25800,600,134,11.3
2026-06-19,2026-06-30,1590.0,PE,1800,1800,4,92.45
2026-06-19,2026-06-30,1600.0,CE,924600,-600,1047,9.8
2026-06-19,2026-06-30,1600.0,PE,55800,1200,27,101.4
2026-06-19,2026-06-30,1610.0,CE,43800,-2400,116,8.7
2026-06-19,2026-06-30,1610.0,PE,0,0,0,287.75
2026-06-19,2026-06-30,1620.0,CE,109200,11400,161,7.5
2026-06-19,2026-06-30,1620.0,PE,600,0,0,160.0
2026-06-19,2026-06-30,1630.0,CE,45000,600,59,6.35
2026-06-19,2026-06-30,1630.0,PE,0,0,0,293.95
2026-06-19,2026-06-30,1640.0,CE,200400,-8400,210,5.6
2026-06-19,2026-06-30,1640.0,PE,600,0,0,135.35
2026-06-19,2026-06-30,1650.0,CE,96000,2400,112,4.8
2026-06-19,2026-06-30,1650.0,PE,0,0,0,289.8
2026-06-19,2026-06-30,1660.0,CE,28200,-1200,11,4.35
2026-06-19,2026-06-30,1660.0,PE,0,0,0,379.4
2026-06-19,2026-06-30,1670.0,CE,15600,-10200,92,3.85
2026-06-19,2026-06-30,1670.0,PE,0,0,0,284.4
2026-06-19,2026-06-30,1680.0,CE,600,600,1,4.5
2026-06-19,2026-06-30,1680.0,PE,0,0,0,362.95
2026-06-19,2026-06-30,1690.0,CE,18600,-2400,14,3.75
2026-06-19,2026-06-30,1690.0,PE,0,0,0,256.9
2026-06-19,2026-06-30,1700.0,CE,370800,13200,517,2.85
2026-06-19,2026-06-30,1700.0,PE,600,0,1,184.7
2026-06-19,2026-07-28,1300.0,CE,600,0,0,241.2
2026-06-19,2026-07-28,1300.0,PE,71400,7800,61,11.95
2026-06-19,2026-07-28,1320.0,CE,1200,0,2,214.25
2026-06-19,2026-07-28,1320.0,PE,11400,-600,1,14.1
2026-06-19,2026-07-28,1330.0,CE,0,0,0,214.75
2026-06-19,2026-07-28,1330.0,PE,1200,-1200,7,15.6
2026-06-19,2026-07-28,1340.0,CE,0,0,0,115.95
2026-06-19,2026-07-28,1340.0,PE,600,0,0,41.0
2026-06-19,2026-07-28,1350.0,CE,0,0,0,202.75
2026-06-19,2026-07-28,1350.0,PE,0,0,0,81.5
2026-06-19,2026-07-28,1360.0,CE,3600,0,0,172.8
2026-06-19,2026-07-28,1360.0,PE,13200,0,0,27.55
2026-06-19,2026-07-28,1370.0,CE,0,0,0,191.2
2026-06-19,2026-07-28,1370.0,PE,66600,0,0,33.9
2026-06-19,2026-07-28,1380.0,CE,0,0,0,102.15
2026-06-19,2026-07-28,1380.0,PE,600,0,0,33.65
2026-06-19,2026-07-28,1390.0,CE,0,0,0,180.1
2026-06-19,2026-07-28,1390.0,PE,1200,0,0,46.05
2026-06-19,2026-07-28,1400.0,CE,101400,0,7,150.05
2026-06-19,2026-07-28,1400.0,PE,61200,15000,52,30.95
2026-06-19,2026-07-28,1410.0,CE,0,0,0,169.5
2026-06-19,2026-07-28,1410.0,PE,0,0,0,107.65
2026-06-19,2026-07-28,1420.0,CE,0,0,0,89.8
2026-06-19,2026-07-28,1420.0,PE,7800,0,0,60.0
2026-06-19,2026-07-28,1430.0,CE,0,0,0,159.35
2026-06-19,2026-07-28,1430.0,PE,0,0,0,117.3
2026-06-19,2026-07-28,1440.0,CE,1800,0,0,90.2
2026-06-19,2026-07-28,1440.0,PE,600,0,0,66.0
2026-06-19,2026-07-28,1450.0,CE,4200,0,0,105.0
2026-06-19,2026-07-28,1450.0,PE,10200,0,5,44.0
2026-06-19,2026-07-28,1460.0,CE,3600,0,2,115.0
2026-06-19,2026-07-28,1460.0,PE,1200,0,0,59.0
2026-06-19,2026-07-28,1470.0,CE,0,0,0,140.45
2026-06-19,2026-07-28,1470.0,PE,0,0,0,137.95
2026-06-19,2026-07-28,1480.0,CE,3000,0,0,94.95
2026-06-19,2026-07-28,1480.0,PE,7800,4800,13,56.15
2026-06-19,2026-07-28,1490.0,CE,0,0,0,131.65
2026-06-19,2026-07-28,1490.0,PE,2400,0,0,70.6
2026-06-19,2026-07-28,1500.0,CE,161400,1200,111,84.5
2026-06-19,2026-07-28,1500.0,PE,112800,1800,33,67.05
2026-06-19,2026-07-28,1510.0,CE,2400,0,0,103.25
2026-06-19,2026-07-28,1510.0,PE,0,0,0,160.45
2026-06-19,2026-07-28,1520.0,CE,7800,1200,6,76.0
2026-06-19,2026-07-28,1520.0,PE,22800,0,1,70.85
2026-06-19,2026-07-28,1530.0,CE,0,0,0,115.4
2026-06-19,2026-07-28,1530.0,PE,600,0,1,81.0
2026-06-19,2026-07-28,1540.0,CE,3600,0,0,75.8
2026-06-19,2026-07-28,1540.0,PE,0,0,0,296.8
2026-06-19,2026-07-28,1550.0,CE,8400,1200,3,57.05
2026-06-19,2026-07-28,1550.0,PE,3600,0,0,109.5
2026-06-19,2026-07-28,1560.0,CE,7800,7200,16,54.8
2026-06-19,2026-07-28,1560.0,PE,0,0,0,343.95
2026-06-19,2026-07-28,1570.0,CE,600,600,1,69.1
2026-06-19,2026-07-28,1570.0,PE,0,0,0,197.25
2026-06-19,2026-07-28,1580.0,CE,1800,0,0,51.75
2026-06-19,2026-07-28,1580.0,PE,600,0,0,178.6
2026-06-19,2026-07-28,1590.0,CE,0,0,0,94.05
2026-06-19,2026-07-28,1590.0,PE,0,0,0,210.35
2026-06-19,2026-07-28,1600.0,CE,94800,15000,251,44.15
2026-06-19,2026-07-28,1600.0,PE,51000,44400,84,129.0
2026-06-19,2026-07-28,1610.0,CE,0,0,0,87.7
2026-06-19,2026-07-28,1610.0,PE,0,0,0,223.8
2026-06-19,2026-07-28,1620.0,CE,0,0,0,74.75
2026-06-19,2026-07-28,1620.0,PE,0,0,0,286.75
2026-06-19,2026-07-28,1630.0,CE,0,0,0,81.7
2026-06-19,2026-07-28,1630.0,PE,0,0,0,237.6
2026-06-19,2026-07-28,1640.0,CE,30000,0,11,32.8
2026-06-19,2026-07-28,1640.0,PE,0,0,0,375.5
2026-06-19,2026-07-28,1650.0,CE,0,0,0,76.05
2026-06-19,2026-07-28,1650.0,PE,0,0,0,251.75
2026-06-19,2026-07-28,1660.0,CE,0,0,0,72.7
2026-06-19,2026-07-28,1660.0,PE,0,0,0,297.95
2026-06-19,2026-07-28,1670.0,CE,0,0,0,70.75
2026-06-19,2026-07-28,1670.0,PE,0,0,0,266.25
2026-06-19,2026-07-28,1680.0,CE,0,0,0,51.3
2026-06-19,2026-07-28,1680.0,PE,0,0,0,377.3
2026-06-19,2026-07-28,1690.0,CE,0,0,0,65.85
2026-06-19,2026-07-28,1690.0,PE,0,0,0,281.1
2026-06-19,2026-07-28,1700.0,CE,75000,1800,45,22.2
2026-06-19,2026-07-28,1700.0,PE,0,0,0,288.65
2026-06-19,2026-08-25,1320.0,CE,0,0,0,248.8
2026-06-19,2026-08-25,1320.0,PE,0,0,0,91.9
2026-06-19,2026-08-25,1340.0,CE,0,0,0,237.2
2026-06-19,2026-08-25,1340.0,PE,0,0,0,100.0
2026-06-19,2026-08-25,1360.0,CE,0,0,0,226.0
2026-06-19,2026-08-25,1360.0,PE,0,0,0,108.5
2026-06-19,2026-08-25,1380.0,CE,0,0,0,215.2
2026-06-19,2026-08-25,1380.0,PE,0,0,0,117.4
2026-06-19,2026-08-25,1400.0,CE,0,0,0,204.75
2026-06-19,2026-08-25,1400.0,PE,0,0,0,126.7
2026-06-19,2026-08-25,1420.0,CE,0,0,0,194.75
2026-06-19,2026-08-25,1420.0,PE,0,0,0,136.35
2026-06-19,2026-08-25,1440.0,CE,0,0,0,185.1
2026-06-19,2026-08-25,1440.0,PE,0,0,0,146.4
2026-06-19,2026-08-25,1460.0,CE,0,0,0,175.85
2026-06-19,2026-08-25,1460.0,PE,0,0,0,156.85
2026-06-19,2026-08-25,1480.0,CE,0,0,0,166.95
2026-06-19,2026-08-25,1480.0,PE,0,0,0,167.7
2026-06-19,2026-08-25,1500.0,CE,0,0,0,158.4
2026-06-19,2026-08-25,1500.0,PE,0,0,0,178.85
2026-06-19,2026-08-25,1520.0,CE,0,0,0,150.25
2026-06-19,2026-08-25,1520.0,PE,0,0,0,190.4
2026-06-19,2026-08-25,1540.0,CE,0,0,0,142.4
2026-06-19,2026-08-25,1540.0,PE,0,0,0,202.25
2026-06-19,2026-08-25,1560.0,CE,0,0,0,134.95
2026-06-19,2026-08-25,1560.0,PE,0,0,0,214.5
2026-06-19,2026-08-25,1580.0,CE,0,0,0,127.8
2026-06-19,2026-08-25,1580.0,PE,0,0,0,227.05
2026-06-19,2026-08-25,1600.0,CE,0,0,0,120.95
2026-06-19,2026-08-25,1600.0,PE,0,0,0,239.9
2026-06-19,2026-08-25,1620.0,CE,0,0,0,114.45
2026-06-19,2026-08-25,1620.0,PE,0,0,0,253.1
2026-06-19,2026-08-25,1640.0,CE,0,0,0,108.2
2026-06-19,2026-08-25,1640.0,PE,0,0,0,266.6
2026-06-19,2026-08-25,1660.0,CE,0,0,0,102.3
2026-06-19,2026-08-25,1660.0,PE,0,0,0,280.35
2026-06-19,2026-08-25,1680.0,CE,0,0,0,96.65
2026-06-19,2026-08-25,1680.0,PE,0,0,0,294.45
2026-06-19,2026-08-25,1700.0,CE,0,0,0,91.3
2026-06-19,2026-08-25,1700.0,PE,0,0,0,308.8
2026-06-22,2026-06-30,1100.0,CE,17400,0,0,327.0
2026-06-22,2026-06-30,1100.0,PE,487200,3600,259,0.7
2026-06-22,2026-06-30,1110.0,PE,4800,0,0,0.9
2026-06-22,2026-06-30,1120.0,CE,49800,0,0,392.0
2026-06-22,2026-06-30,1130.0,PE,15000,0,0,1.3
2026-06-22,2026-06-30,1140.0,PE,18600,0,0,1.45
2026-06-22,2026-06-30,1150.0,PE,9000,0,3,0.9
2026-06-22,2026-06-30,1160.0,PE,31800,0,0,2.25
2026-06-22,2026-06-30,1170.0,PE,1200,0,0,16.45
2026-06-22,2026-06-30,1180.0,PE,13200,0,0,1.15
2026-06-22,2026-06-30,1200.0,CE,13800,0,0,320.0
2026-06-22,2026-06-30,1200.0,PE,201600,-3600,31,1.0
2026-06-22,2026-06-30,1220.0,CE,600,0,0,234.9
2026-06-22,2026-06-30,1220.0,PE,16800,0,0,1.05
2026-06-22,2026-06-30,1230.0,PE,5400,0,0,5.05
2026-06-22,2026-06-30,1240.0,PE,6000,-600,2,0.65
2026-06-22,2026-06-30,1250.0,CE,600,0,0,130.15
2026-06-22,2026-06-30,1250.0,PE,84000,-4200,9,1.05
2026-06-22,2026-06-30,1260.0,PE,25200,0,0,2.25
2026-06-22,2026-06-30,1270.0,PE,1800,0,0,3.7
2026-06-22,2026-06-30,1280.0,PE,22800,-1200,2,2.5
2026-06-22,2026-06-30,1290.0,PE,10200,0,0,4.65
2026-06-22,2026-06-30,1300.0,CE,258600,0,22,253.85
2026-06-22,2026-06-30,1300.0,PE,266400,-14400,166,1.35
2026-06-22,2026-06-30,1310.0,CE,1200,0,0,206.8
2026-06-22,2026-06-30,1320.0,CE,1800,0,0,119.35
2026-06-22,2026-06-30,1320.0,PE,52200,-4200,16,1.0
2026-06-22,2026-06-30,1330.0,CE,0,0,0,93.1
2026-06-22,2026-06-30,1330.0,PE,214200,0,0,3.5
2026-06-22,2026-06-30,1340.0,CE,1200,-3000,6,195.0
2026-06-22,2026-06-30,1340.0,PE,27600,600,28,1.2
2026-06-22,2026-06-30,1350.0,CE,139800,0,0,149.05
2026-06-22,2026-06-30,1350.0,PE,84600,-6000,23,1.35
2026-06-22,2026-06-30,1360.0,CE,24600,-1200,2,178.0
2026-06-22,2026-06-30,1360.0,PE,136200,1200,145,1.5
2026-06-22,2026-06-30,1370.0,CE,12600,0,0,133.0
2026-06-22,2026-06-30,1370.0,PE,6600,-1200,5,1.9
2026-06-22,2026-06-30,1380.0,CE,66600,1800,6,172.6
2026-06-22,2026-06-30,1380.0,PE,194400,21000,230,1.75
2026-06-22,2026-06-30,1390.0,CE,48600,0,0,116.5
2026-06-22,2026-06-30,1390.0,PE,70200,-7200,61,2.6
2026-06-22,2026-06-30,1400.0,CE,404400,-27000,147,155.75
2026-06-22,2026-06-30,1400.0,PE,759600,36000,480,2.5
2026-06-22,2026-06-30,1410.0,CE,29400,0,0,115.25
2026-06-22,2026-06-30,1410.0,PE,70800,0,0,6.1
2026-06-22,2026-06-30,1420.0,CE,81600,0,0,105.6
2026-06-22,2026-06-30,1420.0,PE,103200,0,132,3.35
2026-06-22,2026-06-30,1430.0,CE,73800,0,1,117.0
2026-06-22,2026-06-30,1430.0,PE,66600,-6000,129,3.75
2026-06-22,2026-06-30,1440.0,CE,105000,-7800,18,120.15
2026-06-22,2026-06-30,1440.0,PE,186600,-1800,348,4.3
2026-06-22,2026-06-30,1450.0,CE,386400,-15000,204,108.9
2026-06-22,2026-06-30,1450.0,PE,267000,-16800,442,5.15
2026-06-22,2026-06-30,1460.0,CE,209400,-14400,103,99.75
2026-06-22,2026-06-30,1460.0,PE,238200,-23400,552,6.1
2026-06-22,2026-06-30,1470.0,CE,231600,-24600,259,90.65
2026-06-22,2026-06-30,1470.0,PE,112200,-46200,496,7.5
2026-06-22,2026-06-30,1480.0,CE,175800,-98400,737,80.5
2026-06-22,2026-06-30,1480.0,PE,277800,-10800,942,9.15
2026-06-22,2026-06-30,1490.0,CE,133800,-80400,404,74.5
2026-06-22,2026-06-30,1490.0,PE,139800,1200,798,10.9
2026-06-22,2026-06-30,1500.0,CE,1437600,-128400,3992,66.2
2026-06-22,2026-06-30,1500.0,PE,837600,47400,2241,13.6
2026-06-22,2026-06-30,1510.0,CE,145200,-28800,1202,58.75
2026-06-22,2026-06-30,1510.0,PE,123600,15600,1079,16.65
2026-06-22,2026-06-30,1520.0,CE,478800,-25200,3776,52.1
2026-06-22,2026-06-30,1520.0,PE,180000,72600,1291,19.8
2026-06-22,2026-06-30,1530.0,CE,196800,18600,2406,46.05
2026-06-22,2026-06-30,1530.0,PE,151800,52800,771,23.7
2026-06-22,2026-06-30,1540.0,CE,312000,53400,2665,40.45
2026-06-22,2026-06-30,1540.0,PE,157800,67200,576,27.8
2026-06-22,2026-06-30,1550.0,CE,348600,78600,2990,35.8
2026-06-22,2026-06-30,1550.0,PE,125400,55800,471,32.6
2026-06-22,2026-06-30,1560.0,CE,391800,73200,2425,31.4
2026-06-22,2026-06-30,1560.0,PE,102000,78600,197,37.35
2026-06-22,2026-06-30,1570.0,CE,66000,12600,758,27.15
2026-06-22,2026-06-30,1570.0,PE,25800,25800,54,42.7
2026-06-22,2026-06-30,1580.0,CE,325200,28800,1294,23.55
2026-06-22,2026-06-30,1580.0,PE,600,0,0,123.7
2026-06-22,2026-06-30,1590.0,CE,52200,26400,477,20.25
2026-06-22,2026-06-30,1590.0,PE,1800,0,0,92.45
2026-06-22,2026-06-30,1600.0,CE,1113600,189000,5416,17.55
2026-06-22,2026-06-30,1600.0,PE,67800,12000,109,64.5
2026-06-22,2026-06-30,1610.0,CE,44400,600,322,15.25
2026-06-22,2026-06-30,1610.0,PE,0,0,0,287.75
2026-06-22,2026-06-30,1620.0,CE,108600,-600,331,12.9
2026-06-22,2026-06-30,1620.0,PE,600,0,0,160.0
2026-06-22,2026-06-30,1630.0,CE,43200,-1800,193,11.5
2026-06-22,2026-06-30,1630.0,PE,0,0,0,293.95
2026-06-22,2026-06-30,1640.0,CE,201000,600,404,9.95
2026-06-22,2026-06-30,1640.0,PE,600,0,0,135.35
2026-06-22,2026-06-30,1650.0,CE,112200,16200,233,8.65
2026-06-22,2026-06-30,1650.0,PE,0,0,0,289.8
2026-06-22,2026-06-30,1660.0,CE,79800,51600,198,7.35
2026-06-22,2026-06-30,1660.0,PE,0,0,0,379.4
2026-06-22,2026-06-30,1670.0,CE,43200,27600,118,6.3
2026-06-22,2026-06-30,1670.0,PE,0,0,0,284.4
2026-06-22,2026-06-30,1680.0,CE,2400,1800,3,5.0
2026-06-22,2026-06-30,1680.0,PE,0,0,0,362.95
2026-06-22,2026-06-30,1690.0,CE,22800,4200,59,5.05
2026-06-22,2026-06-30,1690.0,PE,0,0,0,256.9
2026-06-22,2026-06-30,1700.0,CE,411000,40200,586,4.35
2026-06-22,2026-06-30,1700.0,PE,600,0,0,184.7
2026-06-22,2026-07-28,1300.0,CE,0,-600,1,264.45
2026-06-22,2026-07-28,1300.0,PE,155400,84000,363,8.75
2026-06-22,2026-07-28,1320.0,CE,1200,0,0,214.25
2026-06-22,2026-07-28,1320.0,PE,11400,0,0,14.1
2026-06-22,2026-07-28,1330.0,CE,0,0,0,214.75
2026-06-22,2026-07-28,1330.0,PE,1200,0,9,13.3
2026-06-22,2026-07-28,1340.0,CE,0,0,0,115.95
2026-06-22,2026-07-28,1340.0,PE,9000,8400,59,11.7
2026-06-22,2026-07-28,1350.0,CE,0,0,0,202.75
2026-06-22,2026-07-28,1350.0,PE,0,0,0,81.5
2026-06-22,2026-07-28,1360.0,CE,3600,0,0,172.8
2026-06-22,2026-07-28,1360.0,PE,13200,0,0,27.55
2026-06-22,2026-07-28,1370.0,CE,0,0,0,191.2
2026-06-22,2026-07-28,1370.0,PE,66600,0,0,33.9
2026-06-22,2026-07-28,1380.0,CE,0,0,0,102.15
2026-06-22,2026-07-28,1380.0,PE,600,0,0,33.65
2026-06-22,2026-07-28,1390.0,CE,0,0,0,180.1
2026-06-22,2026-07-28,1390.0,PE,1200,0,0,46.05
2026-06-22,2026-07-28,1400.0,CE,101400,0,5,180.5
2026-06-22,2026-07-28,1400.0,PE,81600,20400,81,20.3
2026-06-22,2026-07-28,1410.0,CE,0,0,0,169.5
2026-06-22,2026-07-28,1410.0,PE,0,0,0,107.65
2026-06-22,2026-07-28,1420.0,CE,0,0,0,89.8
2026-06-22,2026-07-28,1420.0,PE,7800,0,0,60.0
2026-06-22,2026-07-28,1430.0,CE,0,0,0,159.35
2026-06-22,2026-07-28,1430.0,PE,0,0,0,117.3
2026-06-22,2026-07-28,1440.0,CE,1800,0,0,90.2
2026-06-22,2026-07-28,1440.0,PE,1200,600,2,32.6
2026-06-22,2026-07-28,1450.0,CE,6000,1800,8,133.0
2026-06-22,2026-07-28,1450.0,PE,10200,0,0,44.0
2026-06-22,2026-07-28,1460.0,CE,2400,-1200,5,122.45
2026-06-22,2026-07-28,1460.0,PE,1200,0,0,59.0
2026-06-22,2026-07-28,1470.0,CE,0,0,0,140.45
2026-06-22,2026-07-28,1470.0,PE,0,0,0,137.95
2026-06-22,2026-07-28,1480.0,CE,3000,0,0,94.95
2026-06-22,2026-07-28,1480.0,PE,7200,-600,6,43.0
2026-06-22,2026-07-28,1490.0,CE,0,0,0,131.65
2026-06-22,2026-07-28,1490.0,PE,2400,0,0,70.6
2026-06-22,2026-07-28,1500.0,CE,169200,7800,287,109.0
2026-06-22,2026-07-28,1500.0,PE,150600,37800,188,47.2
2026-06-22,2026-07-28,1510.0,CE,2400,0,0,103.25
2026-06-22,2026-07-28,1510.0,PE,0,0,0,160.45
2026-06-22,2026-07-28,1520.0,CE,8400,600,32,96.55
2026-06-22,2026-07-28,1520.0,PE,28200,5400,34,56.85
2026-06-22,2026-07-28,1530.0,CE,0,0,0,115.4
2026-06-22,2026-07-28,1530.0,PE,3000,2400,6,68.0
2026-06-22,2026-07-28,1540.0,CE,3600,0,0,75.8
2026-06-22,2026-07-28,1540.0,PE,0,0,0,296.8
2026-06-22,2026-07-28,1550.0,CE,18600,10200,77,81.45
2026-06-22,2026-07-28,1550.0,PE,10200,6600,23,68.95
2026-06-22,2026-07-28,1560.0,CE,3600,-4200,10,71.8
2026-06-22,2026-07-28,1560.0,PE,0,0,0,343.95
2026-06-22,2026-07-28,1570.0,CE,600,0,0,69.1
2026-06-22,2026-07-28,1570.0,PE,0,0,0,197.25
2026-06-22,2026-07-28,1580.0,CE,1800,0,5,68.65
2026-06-22,2026-07-28,1580.0,PE,600,0,1,95.7
2026-06-22,2026-07-28,1590.0,CE,0,0,0,94.05
2026-06-22,2026-07-28,1590.0,PE,0,0,0,210.35
2026-06-22,2026-07-28,1600.0,CE,213000,118200,482,60.4
2026-06-22,2026-07-28,1600.0,PE,104400,53400,104,97.6
2026-06-22,2026-07-28,1610.0,CE,0,0,0,87.7
2026-06-22,2026-07-28,1610.0,PE,0,0,0,223.8
2026-06-22,2026-07-28,1620.0,CE,0,0,0,74.75
2026-06-22,2026-07-28,1620.0,PE,0,0,0,286.75
2026-06-22,2026-07-28,1630.0,CE,0,0,0,81.7
2026-06-22,2026-07-28,1630.0,PE,0,0,0,237.6
2026-06-22,2026-07-28,1640.0,CE,42000,12000,46,46.25
2026-06-22,2026-07-28,1640.0,PE,0,0,0,375.5
2026-06-22,2026-07-28,1650.0,CE,0,0,0,76.05
2026-06-22,2026-07-28,1650.0,PE,0,0,0,251.75
2026-06-22,2026-07-28,1660.0,CE,0,0,0,72.7
2026-06-22,2026-07-28,1660.0,PE,0,0,0,297.95
2026-06-22,2026-07-28,1670.0,CE,0,0,0,70.75
2026-06-22,2026-07-28,1670.0,PE,0,0,0,266.25
2026-06-22,2026-07-28,1680.0,CE,0,0,0,51.3
2026-06-22,2026-07-28,1680.0,PE,0,0,0,377.3
2026-06-22,2026-07-28,1690.0,CE,0,0,0,65.85
2026-06-22,2026-07-28,1690.0,PE,0,0,0,281.1
2026-06-22,2026-07-28,1700.0,CE,97800,22800,132,29.95
2026-06-22,2026-07-28,1700.0,PE,0,0,0,288.65
2026-06-22,2026-08-25,1320.0,CE,0,0,0,248.8
2026-06-22,2026-08-25,1320.0,PE,0,0,0,91.9
2026-06-22,2026-08-25,1340.0,CE,0,0,0,237.2
2026-06-22,2026-08-25,1340.0,PE,0,0,0,100.0
2026-06-22,2026-08-25,1360.0,CE,0,0,0,226.0
2026-06-22,2026-08-25,1360.0,PE,0,0,0,108.5
2026-06-22,2026-08-25,1380.0,CE,0,0,0,215.2
2026-06-22,2026-08-25,1380.0,PE,0,0,0,117.4
2026-06-22,2026-08-25,1400.0,CE,0,0,0,204.75
2026-06-22,2026-08-25,1400.0,PE,0,0,0,126.7
2026-06-22,2026-08-25,1420.0,CE,0,0,0,194.75
2026-06-22,2026-08-25,1420.0,PE,0,0,0,136.35
2026-06-22,2026-08-25,1440.0,CE,0,0,0,185.1
2026-06-22,2026-08-25,1440.0,PE,0,0,0,146.4
2026-06-22,2026-08-25,1460.0,CE,0,0,0,175.85
2026-06-22,2026-08-25,1460.0,PE,0,0,0,156.85
2026-06-22,2026-08-25,1480.0,CE,0,0,0,166.95
2026-06-22,2026-08-25,1480.0,PE,0,0,0,167.7
2026-06-22,2026-08-25,1500.0,CE,0,0,0,158.4
2026-06-22,2026-08-25,1500.0,PE,0,0,0,178.85
2026-06-22,2026-08-25,1520.0,CE,0,0,0,150.25
2026-06-22,2026-08-25,1520.0,PE,0,0,0,190.4
2026-06-22,2026-08-25,1540.0,CE,0,0,0,142.4
2026-06-22,2026-08-25,1540.0,PE,0,0,0,202.25
2026-06-22,2026-08-25,1560.0,CE,0,0,0,134.95
2026-06-22,2026-08-25,1560.0,PE,0,0,0,214.5
2026-06-22,2026-08-25,1580.0,CE,0,0,0,127.8
2026-06-22,2026-08-25,1580.0,PE,0,0,0,227.05
2026-06-22,2026-08-25,1600.0,CE,0,0,0,120.95
2026-06-22,2026-08-25,1600.0,PE,0,0,0,239.9
2026-06-22,2026-08-25,1620.0,CE,0,0,0,114.45
2026-06-22,2026-08-25,1620.0,PE,0,0,0,253.1
2026-06-22,2026-08-25,1640.0,CE,0,0,0,108.2
2026-06-22,2026-08-25,1640.0,PE,0,0,0,266.6
2026-06-22,2026-08-25,1660.0,CE,0,0,0,102.3
2026-06-22,2026-08-25,1660.0,PE,0,0,0,280.35
2026-06-22,2026-08-25,1680.0,CE,0,0,0,96.65
2026-06-22,2026-08-25,1680.0,PE,0,0,0,294.45
2026-06-22,2026-08-25,1700.0,CE,0,0,0,91.3
2026-06-22,2026-08-25,1700.0,PE,0,0,0,308.8
2026-06-23,2026-06-30,1100.0,CE,16200,-1200,2,416.0
2026-06-23,2026-06-30,1100.0,PE,468600,-18600,200,0.65
2026-06-23,2026-06-30,1110.0,PE,4800,0,0,0.9
2026-06-23,2026-06-30,1120.0,CE,49800,0,0,392.0
2026-06-23,2026-06-30,1130.0,PE,7800,-7200,25,0.45
2026-06-23,2026-06-30,1140.0,PE,18600,0,0,1.45
2026-06-23,2026-06-30,1150.0,PE,9000,0,0,0.9
2026-06-23,2026-06-30,1160.0,PE,31800,0,0,2.25
2026-06-23,2026-06-30,1170.0,PE,1200,0,0,16.45
2026-06-23,2026-06-30,1180.0,PE,13200,0,0,1.15
2026-06-23,2026-06-30,1200.0,CE,13800,0,1,354.0
2026-06-23,2026-06-30,1200.0,PE,196800,-4800,16,0.7
2026-06-23,2026-06-30,1220.0,CE,600,0,0,234.9
2026-06-23,2026-06-30,1220.0,PE,16800,0,2,0.6
2026-06-23,2026-06-30,1230.0,PE,5400,0,0,5.05
2026-06-23,2026-06-30,1240.0,PE,5400,-600,1,0.8
2026-06-23,2026-06-30,1250.0,CE,600,0,0,130.15
2026-06-23,2026-06-30,1250.0,PE,85800,1800,11,0.75
2026-06-23,2026-06-30,1260.0,PE,22800,-2400,8,0.45
2026-06-23,2026-06-30,1270.0,PE,1800,0,0,3.7
2026-06-23,2026-06-30,1280.0,PE,22200,-600,1,0.75
2026-06-23,2026-06-30,1290.0,PE,10200,0,0,4.65
2026-06-23,2026-06-30,1300.0,CE,258600,0,15,221.1
2026-06-23,2026-06-30,1300.0,PE,266400,0,86,1.1
2026-06-23,2026-06-30,1310.0,CE,1200,0,0,206.8
2026-06-23,2026-06-30,1320.0,CE,1800,0,0,119.35
2026-06-23,2026-06-30,1320.0,PE,52200,0,10,1.05
2026-06-23,2026-06-30,1330.0,CE,0,0,0,93.1
2026-06-23,2026-06-30,1330.0,PE,215400,1200,14,1.3
2026-06-23,2026-06-30,1340.0,CE,1200,0,0,195.0
2026-06-23,2026-06-30,1340.0,PE,26400,-1200,24,1.05
2026-06-23,2026-06-30,1350.0,CE,138000,-1800,7,169.95
2026-06-23,2026-06-30,1350.0,PE,72600,-12000,34,1.35
2026-06-23,2026-06-30,1360.0,CE,24600,0,0,178.0
2026-06-23,2026-06-30,1360.0,PE,138000,1800,33,1.75
2026-06-23,2026-06-30,1370.0,CE,12600,0,0,133.0
2026-06-23,2026-06-30,1370.0,PE,6000,-600,8,2.25
2026-06-23,2026-06-30,1380.0,CE,66600,0,0,172.6
2026-06-23,2026-06-30,1380.0,PE,186600,-7800,92,1.55
2026-06-23,2026-06-30,1390.0,CE,48600,0,0,116.5
2026-06-23,2026-06-30,1390.0,PE,64800,-5400,60,1.65
2026-06-23,2026-06-30,1400.0,CE,376800,-27600,221,115.7
2026-06-23,2026-06-30,1400.0,PE,695400,-64200,741,2.5
2026-06-23,2026-06-30,1410.0,CE,29400,0,0,115.25
2026-06-23,2026-06-30,1410.0,PE,72000,1200,79,2.95
2026-06-23,2026-06-30,1420.0,CE,75600,-6000,13,88.0
2026-06-23,2026-06-30,1420.0,PE,96600,-6600,128,3.65
2026-06-23,2026-06-30,1430.0,CE,63600,-10200,22,69.25
2026-06-23,2026-06-30,1430.0,PE,70800,4200,94,3.75
2026-06-23,2026-06-30,1440.0,CE,93600,-11400,26,83.4
2026-06-23,2026-06-30,1440.0,PE,196200,9600,315,5.7
2026-06-23,2026-06-30,1450.0,CE,259200,-127200,781,68.7
2026-06-23,2026-06-30,1450.0,PE,214200,-52800,628,7.35
2026-06-23,2026-06-30,1460.0,CE,181800,-27600,80,66.5
2026-06-23,2026-06-30,1460.0,PE,247200,9000,475,9.1
2026-06-23,2026-06-30,1470.0,CE,183000,-48600,237,55.45
2026-06-23,2026-06-30,1470.0,PE,90000,-22200,565,11.85
2026-06-23,2026-06-30,1480.0,CE,141600,-34200,252,46.45
2026-06-23,2026-06-30,1480.0,PE,385200,107400,1641,15.45
2026-06-23,2026-06-30,1490.0,CE,142200,8400,364,42.9
2026-06-23,2026-06-30,1490.0,PE,100200,-39600,1438,18.5
2026-06-23,2026-06-30,1500.0,CE,1143000,-294600,4062,36.2
2026-06-23,2026-06-30,1500.0,PE,631800,-205800,2562,23.4
2026-06-23,2026-06-30,1510.0,CE,141600,-3600,960,31.4
2026-06-23,2026-06-30,1510.0,PE,91800,-31800,933,28.15
2026-06-23,2026-06-30,1520.0,CE,583800,105000,2414,27.05
2026-06-23,2026-06-30,1520.0,PE,108600,-71400,1475,33.3
2026-06-23,2026-06-30,1530.0,CE,202800,6000,1503,23.7
2026-06-23,2026-06-30,1530.0,PE,99600,-52200,745,37.75
2026-06-23,2026-06-30,1540.0,CE,329400,17400,2077,19.35
2026-06-23,2026-06-30,1540.0,PE,123600,-34200,824,46.4
2026-06-23,2026-06-30,1550.0,CE,441000,92400,3258,16.85
2026-06-23,2026-06-30,1550.0,PE,99000,-26400,496,52.0
2026-06-23,2026-06-30,1560.0,CE,368400,-23400,2587,13.75
2026-06-23,2026-06-30,1560.0,PE,100800,-1200,169,59.95
2026-06-23,2026-06-30,1570.0,CE,65400,-600,986,11.8
2026-06-23,2026-06-30,1570.0,PE,27600,1800,55,70.55
2026-06-23,2026-06-30,1580.0,CE,357000,31800,842,9.8
2026-06-23,2026-06-30,1580.0,PE,6000,5400,49,73.2
2026-06-23,2026-06-30,1590.0,CE,37200,-15000,280,7.9
2026-06-23,2026-06-30,1590.0,PE,4800,3000,27,81.2
2026-06-23,2026-06-30,1600.0,CE,838200,-275400,3959,6.8
2026-06-23,2026-06-30,1600.0,PE,57600,-10200,58,95.95
2026-06-23,2026-06-30,1610.0,CE,44400,0,186,5.55
2026-06-23,2026-06-30,1610.0,PE,0,0,0,287.75
2026-06-23,2026-06-30,1620.0,CE,121800,13200,366,4.5
2026-06-23,2026-06-30,1620.0,PE,600,0,5,109.1
2026-06-23,2026-06-30,1630.0,CE,66000,22800,315,4.2
2026-06-23,2026-06-30,1630.0,PE,0,0,0,293.95
2026-06-23,2026-06-30,1640.0,CE,189000,-12000,483,3.65
2026-06-23,2026-06-30,1640.0,PE,600,0,0,135.35
2026-06-23,2026-06-30,1650.0,CE,122400,10200,345,3.25
2026-06-23,2026-06-30,1650.0,PE,0,0,0,289.8
2026-06-23,2026-06-30,1660.0,CE,51000,-28800,187,2.95
2026-06-23,2026-06-30,1660.0,PE,0,0,0,379.4
2026-06-23,2026-06-30,1670.0,CE,31800,-11400,71,2.2
2026-06-23,2026-06-30,1670.0,PE,0,0,0,284.4
2026-06-23,2026-06-30,1680.0,CE,1200,-1200,3,2.05
2026-06-23,2026-06-30,1680.0,PE,0,0,0,362.95
2026-06-23,2026-06-30,1690.0,CE,18000,-4800,37,2.45
2026-06-23,2026-06-30,1690.0,PE,0,0,0,256.9
2026-06-23,2026-06-30,1700.0,CE,431400,20400,744,1.7
2026-06-23,2026-06-30,1700.0,PE,600,0,0,184.7
2026-06-23,2026-07-28,1300.0,CE,0,0,0,264.45
2026-06-23,2026-07-28,1300.0,PE,168600,13200,97,11.15
2026-06-23,2026-07-28,1320.0,CE,1200,0,0,214.25
2026-06-23,2026-07-28,1320.0,PE,11400,0,0,14.1
2026-06-23,2026-07-28,1330.0,CE,0,0,0,214.75
2026-06-23,2026-07-28,1330.0,PE,1200,0,0,13.3
2026-06-23,2026-07-28,1340.0,CE,0,0,0,115.95
2026-06-23,2026-07-28,1340.0,PE,10800,1800,27,19.4
2026-06-23,2026-07-28,1350.0,CE,0,0,0,202.75
2026-06-23,2026-07-28,1350.0,PE,0,0,0,81.5
2026-06-23,2026-07-28,1360.0,CE,3600,0,3,212.6
2026-06-23,2026-07-28,1360.0,PE,13200,0,0,27.55
2026-06-23,2026-07-28,1370.0,CE,0,0,0,191.2
2026-06-23,2026-07-28,1370.0,PE,66600,0,0,33.9
2026-06-23,2026-07-28,1380.0,CE,0,0,0,102.15
2026-06-23,2026-07-28,1380.0,PE,600,0,0,33.65
2026-06-23,2026-07-28,1390.0,CE,0,0,0,180.1
2026-06-23,2026-07-28,1390.0,PE,1200,0,0,46.05
2026-06-23,2026-07-28,1400.0,CE,106800,5400,14,159.8
2026-06-23,2026-07-28,1400.0,PE,103800,22200,96,28.55
2026-06-23,2026-07-28,1410.0,CE,0,0,0,169.5
2026-06-23,2026-07-28,1410.0,PE,0,0,0,107.65
2026-06-23,2026-07-28,1420.0,CE,0,0,0,89.8
2026-06-23,2026-07-28,1420.0,PE,7800,0,0,60.0
2026-06-23,2026-07-28,1430.0,CE,3000,3000,5,114.85
2026-06-23,2026-07-28,1430.0,PE,6000,6000,15,38.15
2026-06-23,2026-07-28,1440.0,CE,1800,0,0,90.2
2026-06-23,2026-07-28,1440.0,PE,1200,0,0,32.6
2026-06-23,2026-07-28,1450.0,CE,6000,0,0,133.0
2026-06-23,2026-07-28,1450.0,PE,10200,0,1,44.0
2026-06-23,2026-07-28,1460.0,CE,2400,0,2,125.0
2026-06-23,2026-07-28,1460.0,PE,1800,600,1,46.0
2026-06-23,2026-07-28,1470.0,CE,0,0,0,140.45
2026-06-23,2026-07-28,1470.0,PE,0,0,0,137.95
2026-06-23,2026-07-28,1480.0,CE,4800,1800,9,101.05
2026-06-23,2026-07-28,1480.0,PE,13200,6000,27,53.5
2026-06-23,2026-07-28,1490.0,CE,1800,1800,4,90.0
2026-06-23,2026-07-28,1490.0,PE,1800,-600,7,63.85
2026-06-23,2026-07-28,1500.0,CE,253200,84000,534,88.2
2026-06-23,2026-07-28,1500.0,PE,154200,3600,325,64.75
2026-06-23,2026-07-28,1510.0,CE,2400,0,0,103.25
2026-06-23,2026-07-28,1510.0,PE,0,0,0,160.45
2026-06-23,2026-07-28,1520.0,CE,33600,25200,94,79.6
2026-06-23,2026-07-28,1520.0,PE,27600,-600,96,73.0
2026-06-23,2026-07-28,1530.0,CE,0,0,0,115.4
2026-06-23,2026-07-28,1530.0,PE,3000,0,0,68.0
2026-06-23,2026-07-28,1540.0,CE,4200,600,3,76.0
2026-06-23,2026-07-28,1540.0,PE,2400,2400,4,81.4
2026-06-23,2026-07-28,1550.0,CE,80400,61800,256,67.15
2026-06-23,2026-07-28,1550.0,PE,65400,55200,150,92.7
2026-06-23,2026-07-28,1560.0,CE,4200,600,9,65.9
2026-06-23,2026-07-28,1560.0,PE,0,0,0,343.95
2026-06-23,2026-07-28,1570.0,CE,1200,600,1,62.0
2026-06-23,2026-07-28,1570.0,PE,0,0,0,197.25
2026-06-23,2026-07-28,1580.0,CE,2400,600,2,63.5
2026-06-23,2026-07-28,1580.0,PE,600,0,0,95.7
2026-06-23,2026-07-28,1590.0,CE,0,0,0,94.05
2026-06-23,2026-07-28,1590.0,PE,2400,2400,4,111.2
2026-06-23,2026-07-28,1600.0,CE,294600,81600,577,47.45
2026-06-23,2026-07-28,1600.0,PE,117000,12600,33,125.45
2026-06-23,2026-07-28,1610.0,CE,0,0,0,87.7
2026-06-23,2026-07-28,1610.0,PE,0,0,0,223.8
2026-06-23,2026-07-28,1620.0,CE,12600,12600,27,43.15
2026-06-23,2026-07-28,1620.0,PE,0,0,0,286.75
2026-06-23,2026-07-28,1630.0,CE,0,0,0,81.7
2026-06-23,2026-07-28,1630.0,PE,0,0,0,237.6
2026-06-23,2026-07-28,1640.0,CE,54600,12600,54,35.0
2026-06-23,2026-07-28,1640.0,PE,0,0,0,375.5
2026-06-23,2026-07-28,1650.0,CE,0,0,0,76.05
2026-06-23,2026-07-28,1650.0,PE,0,0,0,251.75
2026-06-23,2026-07-28,1660.0,CE,0,0,0,72.7
2026-06-23,2026-07-28,1660.0,PE,0,0,0,297.95
2026-06-23,2026-07-28,1670.0,CE,0,0,0,70.75
2026-06-23,2026-07-28,1670.0,PE,0,0,0,266.25
2026-06-23,2026-07-28,1680.0,CE,0,0,0,51.3
2026-06-23,2026-07-28,1680.0,PE,0,0,0,377.3
2026-06-23,2026-07-28,1690.0,CE,0,0,0,65.85
2026-06-23,2026-07-28,1690.0,PE,0,0,0,281.1
2026-06-23,2026-07-28,1700.0,CE,145800,48000,300,25.5
2026-06-23,2026-07-28,1700.0,PE,0,0,0,288.65
2026-06-23,2026-08-25,1320.0,CE,0,0,0,248.8
2026-06-23,2026-08-25,1320.0,PE,0,0,0,91.9
2026-06-23,2026-08-25,1340.0,CE,0,0,0,237.2
2026-06-23,2026-08-25,1340.0,PE,0,0,0,100.0
2026-06-23,2026-08-25,1360.0,CE,0,0,0,226.0
2026-06-23,2026-08-25,1360.0,PE,0,0,0,108.5
2026-06-23,2026-08-25,1380.0,CE,0,0,0,215.2
2026-06-23,2026-08-25,1380.0,PE,0,0,0,117.4
2026-06-23,2026-08-25,1400.0,CE,0,0,0,204.75
2026-06-23,2026-08-25,1400.0,PE,0,0,0,126.7
2026-06-23,2026-08-25,1420.0,CE,0,0,0,194.75
2026-06-23,2026-08-25,1420.0,PE,0,0,0,136.35
2026-06-23,2026-08-25,1440.0,CE,0,0,0,185.1
2026-06-23,2026-08-25,1440.0,PE,0,0,0,146.4
2026-06-23,2026-08-25,1460.0,CE,0,0,0,175.85
2026-06-23,2026-08-25,1460.0,PE,0,0,0,156.85
2026-06-23,2026-08-25,1480.0,CE,0,0,0,166.95
2026-06-23,2026-08-25,1480.0,PE,0,0,0,167.7
2026-06-23,2026-08-25,1500.0,CE,0,0,0,158.4
2026-06-23,2026-08-25,1500.0,PE,0,0,0,178.85
2026-06-23,2026-08-25,1520.0,CE,0,0,0,150.25
2026-06-23,2026-08-25,1520.0,PE,0,0,0,190.4
2026-06-23,2026-08-25,1540.0,CE,0,0,0,142.4
2026-06-23,2026-08-25,1540.0,PE,0,0,0,202.25
2026-06-23,2026-08-25,1560.0,CE,0,0,0,134.95
2026-06-23,2026-08-25,1560.0,PE,0,0,0,214.5
2026-06-23,2026-08-25,1580.0,CE,0,0,0,127.8
2026-06-23,2026-08-25,1580.0,PE,0,0,0,227.05
2026-06-23,2026-08-25,1600.0,CE,0,0,0,120.95
2026-06-23,2026-08-25,1600.0,PE,0,0,0,239.9
2026-06-23,2026-08-25,1620.0,CE,0,0,0,114.45
2026-06-23,2026-08-25,1620.0,PE,0,0,0,253.1
2026-06-23,2026-08-25,1640.0,CE,0,0,0,108.2
2026-06-23,2026-08-25,1640.0,PE,0,0,0,266.6
2026-06-23,2026-08-25,1660.0,CE,0,0,0,102.3
2026-06-23,2026-08-25,1660.0,PE,0,0,0,280.35
2026-06-23,2026-08-25,1680.0,CE,0,0,0,96.65
2026-06-23,2026-08-25,1680.0,PE,0,0,0,294.45
2026-06-23,2026-08-25,1700.0,CE,0,0,0,91.3
2026-06-23,2026-08-25,1700.0,PE,0,0,0,308.8
2026-06-24,2026-06-30,1100.0,CE,12600,-3600,6,407.0
2026-06-24,2026-06-30,1100.0,PE,471000,2400,352,0.4
2026-06-24,2026-06-30,1110.0,PE,4800,0,3,0.25
2026-06-24,2026-06-30,1120.0,CE,49800,0,0,392.0
2026-06-24,2026-06-30,1130.0,PE,7800,0,0,0.45
2026-06-24,2026-06-30,1140.0,PE,18600,0,68,0.55
2026-06-24,2026-06-30,1150.0,PE,9000,0,0,0.9
2026-06-24,2026-06-30,1160.0,PE,30600,-1200,30,0.7
2026-06-24,2026-06-30,1170.0,PE,1200,0,0,16.45
2026-06-24,2026-06-30,1180.0,PE,13200,0,0,1.15
2026-06-24,2026-06-30,1200.0,CE,13800,0,0,354.0
2026-06-24,2026-06-30,1200.0,PE,184800,-12000,47,0.45
2026-06-24,2026-06-30,1220.0,CE,600,0,0,234.9
2026-06-24,2026-06-30,1220.0,PE,13200,-3600,7,0.4
2026-06-24,2026-06-30,1230.0,PE,5400,0,5,0.3
2026-06-24,2026-06-30,1240.0,PE,5400,0,31,0.4
2026-06-24,2026-06-30,1250.0,CE,600,0,0,130.15
2026-06-24,2026-06-30,1250.0,PE,84600,-1200,30,0.4
2026-06-24,2026-06-30,1260.0,PE,21000,-1800,13,0.45
2026-06-24,2026-06-30,1270.0,PE,1800,0,0,3.7
2026-06-24,2026-06-30,1280.0,PE,16800,-5400,47,0.5
2026-06-24,2026-06-30,1290.0,PE,10200,0,0,4.65
2026-06-24,2026-06-30,1300.0,CE,257400,-1200,2,199.0
2026-06-24,2026-06-30,1300.0,PE,276000,9600,180,0.75
2026-06-24,2026-06-30,1310.0,CE,1200,0,0,206.8
2026-06-24,2026-06-30,1320.0,CE,1800,0,0,119.35
2026-06-24,2026-06-30,1320.0,PE,49800,-2400,95,0.65
2026-06-24,2026-06-30,1330.0,CE,0,0,0,93.1
2026-06-24,2026-06-30,1330.0,PE,215400,0,1,1.95
2026-06-24,2026-06-30,1340.0,CE,1200,0,0,195.0
2026-06-24,2026-06-30,1340.0,PE,22800,-3600,21,0.7
2026-06-24,2026-06-30,1350.0,CE,136800,-1200,2,183.0
2026-06-24,2026-06-30,1350.0,PE,60600,-12000,56,0.85
2026-06-24,2026-06-30,1360.0,CE,24600,0,0,178.0
2026-06-24,2026-06-30,1360.0,PE,89400,-48600,117,0.95
2026-06-24,2026-06-30,1370.0,CE,12600,0,0,133.0
2026-06-24,2026-06-30,1370.0,PE,5400,-600,3,1.5
2026-06-24,2026-06-30,1380.0,CE,64800,-1800,3,123.2
2026-06-24,2026-06-30,1380.0,PE,76200,-110400,304,1.2
2026-06-24,2026-06-30,1390.0,CE,48600,0,0,116.5
2026-06-24,2026-06-30,1390.0,PE,64200,-600,6,1.3
2026-06-24,2026-06-30,1400.0,CE,359400,-17400,62,130.65
2026-06-24,2026-06-30,1400.0,PE,565800,-129600,646,1.25
2026-06-24,2026-06-30,1410.0,CE,29400,0,0,115.25
2026-06-24,2026-06-30,1410.0,PE,69600,-2400,48,1.35
2026-06-24,2026-06-30,1420.0,CE,74400,-1200,2,105.4
2026-06-24,2026-06-30,1420.0,PE,94800,-1800,39,1.65
2026-06-24,2026-06-30,1430.0,CE,63600,0,0,69.25
2026-06-24,2026-06-30,1430.0,PE,72000,1200,33,1.95
2026-06-24,2026-06-30,1440.0,CE,88200,-5400,23,87.5
2026-06-24,2026-06-30,1440.0,PE,189600,-6600,85,2.45
2026-06-24,2026-06-30,1450.0,CE,236400,-22800,119,82.6
2026-06-24,2026-06-30,1450.0,PE,247200,33000,430,3.05
2026-06-24,2026-06-30,1460.0,CE,177000,-4800,46,67.15
2026-06-24,2026-06-30,1460.0,PE,256800,9600,308,4.0
2026-06-24,2026-06-30,1470.0,CE,163200,-19800,105,61.15
2026-06-24,2026-06-30,1470.0,PE,115200,25200,357,5.15
2026-06-24,2026-06-30,1480.0,CE,128400,-13200,220,55.75
2026-06-24,2026-06-30,1480.0,PE,273600,-111600,863,7.15
2026-06-24,2026-06-30,1490.0,CE,147000,4800,150,49.25
2026-06-24,2026-06-30,1490.0,PE,112200,12000,583,9.4
2026-06-24,2026-06-30,1500.0,CE,1027200,-115800,2841,41.05
2026-06-24,2026-06-30,1500.0,PE,703200,71400,1820,12.95
2026-06-24,2026-06-30,1510.0,CE,128400,-13200,1889,34.75
2026-06-24,2026-06-30,1510.0,PE,87600,-4200,623,16.6
2026-06-24,2026-06-30,1520.0,CE,418200,-165600,3818,28.7
2026-06-24,2026-06-30,1520.0,PE,117000,8400,501,21.4
2026-06-24,2026-06-30,1530.0,CE,232200,29400,2221,24.9
2026-06-24,2026-06-30,1530.0,PE,78000,-21600,252,26.5
2026-06-24,2026-06-30,1540.0,CE,333000,3600,1822,21.2
2026-06-24,2026-06-30,1540.0,PE,110400,-13200,188,31.55
2026-06-24,2026-06-30,1550.0,CE,412200,-28800,2049,17.3
2026-06-24,2026-06-30,1550.0,PE,78000,-21000,109,38.4
2026-06-24,2026-06-30,1560.0,CE,236400,-132000,1875,14.1
2026-06-24,2026-06-30,1560.0,PE,90600,-10200,55,45.15
2026-06-24,2026-06-30,1570.0,CE,71400,6000,500,12.1
2026-06-24,2026-06-30,1570.0,PE,28800,1200,37,54.6
2026-06-24,2026-06-30,1580.0,CE,360600,3600,535,9.95
2026-06-24,2026-06-30,1580.0,PE,6000,0,0,73.2
2026-06-24,2026-06-30,1590.0,CE,39000,1800,97,8.0
2026-06-24,2026-06-30,1590.0,PE,4800,0,0,81.2
2026-06-24,2026-06-30,1600.0,CE,829200,-9000,1727,6.65
2026-06-24,2026-06-30,1600.0,PE,54600,-3000,35,77.8
2026-06-24,2026-06-30,1610.0,CE,22800,-21600,125,4.85
2026-06-24,2026-06-30,1610.0,PE,0,0,0,287.75
2026-06-24,2026-06-30,1620.0,CE,100200,-21600,186,4.5
2026-06-24,2026-06-30,1620.0,PE,600,0,0,109.1
2026-06-24,2026-06-30,1630.0,CE,72000,6000,202,3.85
2026-06-24,2026-06-30,1630.0,PE,0,0,0,293.95
2026-06-24,2026-06-30,1640.0,CE,180000,-9000,292,2.8
2026-06-24,2026-06-30,1640.0,PE,600,0,0,135.35
2026-06-24,2026-06-30,1650.0,CE,114000,-8400,308,2.55
2026-06-24,2026-06-30,1650.0,PE,0,0,0,289.8
2026-06-24,2026-06-30,1660.0,CE,48600,-2400,59,1.3
2026-06-24,2026-06-30,1660.0,PE,0,0,0,379.4
2026-06-24,2026-06-30,1670.0,CE,20400,-11400,72,1.9
2026-06-24,2026-06-30,1670.0,PE,600,600,1,175.0
2026-06-24,2026-06-30,1680.0,CE,2400,1200,5,1.4
2026-06-24,2026-06-30,1680.0,PE,0,0,0,362.95
2026-06-24,2026-06-30,1690.0,CE,16800,-1200,2,1.0
2026-06-24,2026-06-30,1690.0,PE,0,0,0,256.9
2026-06-24,2026-06-30,1700.0,CE,429600,-1800,542,1.25
2026-06-24,2026-06-30,1700.0,PE,600,0,0,184.7
2026-06-24,2026-07-28,1300.0,CE,1800,1800,3,232.0
2026-06-24,2026-07-28,1300.0,PE,177000,8400,46,10.1
2026-06-24,2026-07-28,1320.0,CE,1200,0,0,214.25
2026-06-24,2026-07-28,1320.0,PE,11400,0,0,14.1
2026-06-24,2026-07-28,1330.0,CE,0,0,0,214.75
2026-06-24,2026-07-28,1330.0,PE,600,-600,2,16.05
2026-06-24,2026-07-28,1340.0,CE,0,0,0,115.95
2026-06-24,2026-07-28,1340.0,PE,10800,0,0,19.4
2026-06-24,2026-07-28,1350.0,CE,0,0,0,202.75
2026-06-24,2026-07-28,1350.0,PE,0,0,0,81.5
2026-06-24,2026-07-28,1360.0,CE,3600,0,0,212.6
2026-06-24,2026-07-28,1360.0,PE,13200,0,0,27.55
2026-06-24,2026-07-28,1370.0,CE,0,0,0,191.2
2026-06-24,2026-07-28,1370.0,PE,66600,0,0,33.9
2026-06-24,2026-07-28,1380.0,CE,0,0,0,102.15
2026-06-24,2026-07-28,1380.0,PE,600,0,0,33.65
2026-06-24,2026-07-28,1390.0,CE,0,0,0,180.1
2026-06-24,2026-07-28,1390.0,PE,1200,0,0,46.05
2026-06-24,2026-07-28,1400.0,CE,114000,7200,18,159.0
2026-06-24,2026-07-28,1400.0,PE,150000,46200,178,24.8
2026-06-24,2026-07-28,1410.0,CE,0,0,0,169.5
2026-06-24,2026-07-28,1410.0,PE,0,0,0,107.65
2026-06-24,2026-07-28,1420.0,CE,0,0,0,89.8
2026-06-24,2026-07-28,1420.0,PE,7800,0,0,60.0
2026-06-24,2026-07-28,1430.0,CE,3000,0,0,114.85
2026-06-24,2026-07-28,1430.0,PE,6000,0,1,38.5
2026-06-24,2026-07-28,1440.0,CE,1800,0,0,90.2
2026-06-24,2026-07-28,1440.0,PE,1200,0,0,32.6
2026-06-24,2026-07-28,1450.0,CE,19800,13800,57,127.45
2026-06-24,2026-07-28,1450.0,PE,10200,0,0,44.0
2026-06-24,2026-07-28,1460.0,CE,3000,600,2,114.0
2026-06-24,2026-07-28,1460.0,PE,1800,0,0,46.0
2026-06-24,2026-07-28,1470.0,CE,0,0,0,140.45
2026-06-24,2026-07-28,1470.0,PE,0,0,0,137.95
2026-06-24,2026-07-28,1480.0,CE,7800,3000,12,106.0
2026-06-24,2026-07-28,1480.0,PE,16200,3000,25,51.0
2026-06-24,2026-07-28,1490.0,CE,3000,1200,4,100.0
2026-06-24,2026-07-28,1490.0,PE,1800,0,2,57.85
2026-06-24,2026-07-28,1500.0,CE,295800,42600,453,96.8
2026-06-24,2026-07-28,1500.0,PE,192000,37800,225,57.55
2026-06-24,2026-07-28,1510.0,CE,9000,6600,42,94.35
2026-06-24,2026-07-28,1510.0,PE,0,0,0,160.45
2026-06-24,2026-07-28,1520.0,CE,59400,25800,102,86.75
2026-06-24,2026-07-28,1520.0,PE,27600,0,57,67.75
2026-06-24,2026-07-28,1530.0,CE,1800,1800,3,83.75
2026-06-24,2026-07-28,1530.0,PE,3000,0,0,68.0
2026-06-24,2026-07-28,1540.0,CE,11400,7200,27,77.7
2026-06-24,2026-07-28,1540.0,PE,2400,0,0,81.4
2026-06-24,2026-07-28,1550.0,CE,99600,19200,152,71.6
2026-06-24,2026-07-28,1550.0,PE,66600,1200,16,93.15
2026-06-24,2026-07-28,1560.0,CE,7800,3600,25,68.15
2026-06-24,2026-07-28,1560.0,PE,0,0,0,343.95
2026-06-24,2026-07-28,1570.0,CE,1800,600,3,62.7
2026-06-24,2026-07-28,1570.0,PE,0,0,0,197.25
2026-06-24,2026-07-28,1580.0,CE,2400,0,0,63.5
2026-06-24,2026-07-28,1580.0,PE,600,0,0,95.7
2026-06-24,2026-07-28,1590.0,CE,0,0,0,94.05
2026-06-24,2026-07-28,1590.0,PE,3000,600,3,117.35
2026-06-24,2026-07-28,1600.0,CE,316200,21600,315,51.5
2026-06-24,2026-07-28,1600.0,PE,116400,-600,19,113.8
2026-06-24,2026-07-28,1610.0,CE,0,0,0,87.7
2026-06-24,2026-07-28,1610.0,PE,0,0,0,223.8
2026-06-24,2026-07-28,1620.0,CE,17400,4800,24,43.0
2026-06-24,2026-07-28,1620.0,PE,0,0,0,286.75
2026-06-24,2026-07-28,1630.0,CE,0,0,0,81.7
2026-06-24,2026-07-28,1630.0,PE,0,0,0,237.6
2026-06-24,2026-07-28,1640.0,CE,58800,4200,38,39.1
2026-06-24,2026-07-28,1640.0,PE,0,0,0,375.5
2026-06-24,2026-07-28,1650.0,CE,0,0,0,76.05
2026-06-24,2026-07-28,1650.0,PE,0,0,0,251.75
2026-06-24,2026-07-28,1660.0,CE,0,0,0,72.7
2026-06-24,2026-07-28,1660.0,PE,0,0,0,297.95
2026-06-24,2026-07-28,1670.0,CE,0,0,0,70.75
2026-06-24,2026-07-28,1670.0,PE,0,0,0,266.25
2026-06-24,2026-07-28,1680.0,CE,0,0,0,51.3
2026-06-24,2026-07-28,1680.0,PE,0,0,0,377.3
2026-06-24,2026-07-28,1690.0,CE,0,0,0,65.85
2026-06-24,2026-07-28,1690.0,PE,0,0,0,281.1
2026-06-24,2026-07-28,1700.0,CE,154800,9000,199,25.45
2026-06-24,2026-07-28,1700.0,PE,6600,6600,11,193.0
2026-06-24,2026-08-25,1320.0,CE,0,0,0,248.8
2026-06-24,2026-08-25,1320.0,PE,0,0,0,91.9
2026-06-24,2026-08-25,1340.0,CE,0,0,0,237.2
2026-06-24,2026-08-25,1340.0,PE,0,0,0,100.0
2026-06-24,2026-08-25,1360.0,CE,0,0,0,226.0
2026-06-24,2026-08-25,1360.0,PE,0,0,0,108.5
2026-06-24,2026-08-25,1380.0,CE,0,0,0,215.2
2026-06-24,2026-08-25,1380.0,PE,0,0,0,117.4
2026-06-24,2026-08-25,1400.0,CE,0,0,0,204.75
2026-06-24,2026-08-25,1400.0,PE,0,0,0,126.7
2026-06-24,2026-08-25,1420.0,CE,0,0,0,194.75
2026-06-24,2026-08-25,1420.0,PE,0,0,0,136.35
2026-06-24,2026-08-25,1440.0,CE,0,0,0,185.1
2026-06-24,2026-08-25,1440.0,PE,0,0,0,146.4
2026-06-24,2026-08-25,1460.0,CE,0,0,0,175.85
2026-06-24,2026-08-25,1460.0,PE,0,0,0,156.85
2026-06-24,2026-08-25,1480.0,CE,0,0,0,166.95
2026-06-24,2026-08-25,1480.0,PE,0,0,0,167.7
2026-06-24,2026-08-25,1500.0,CE,1200,1200,2,111.0
2026-06-24,2026-08-25,1500.0,PE,0,0,0,178.85
2026-06-24,2026-08-25,1520.0,CE,0,0,0,150.25
2026-06-24,2026-08-25,1520.0,PE,0,0,0,190.4
2026-06-24,2026-08-25,1540.0,CE,0,0,0,142.4
2026-06-24,2026-08-25,1540.0,PE,0,0,0,202.25
2026-06-24,2026-08-25,1560.0,CE,0,0,0,134.95
2026-06-24,2026-08-25,1560.0,PE,0,0,0,214.5
2026-06-24,2026-08-25,1580.0,CE,0,0,0,127.8
2026-06-24,2026-08-25,1580.0,PE,0,0,0,227.05
2026-06-24,2026-08-25,1600.0,CE,0,0,0,120.95
2026-06-24,2026-08-25,1600.0,PE,0,0,0,239.9
2026-06-24,2026-08-25,1620.0,CE,0,0,0,114.45
2026-06-24,2026-08-25,1620.0,PE,0,0,0,253.1
2026-06-24,2026-08-25,1640.0,CE,0,0,0,108.2
2026-06-24,2026-08-25,1640.0,PE,0,0,0,266.6
2026-06-24,2026-08-25,1660.0,CE,0,0,0,102.3
2026-06-24,2026-08-25,1660.0,PE,0,0,0,280.35
2026-06-24,2026-08-25,1680.0,CE,0,0,0,96.65
2026-06-24,2026-08-25,1680.0,PE,0,0,0,294.45
2026-06-24,2026-08-25,1700.0,CE,0,0,0,91.3
2026-06-24,2026-08-25,1700.0,PE,0,0,0,308.8
2026-06-25,2026-06-30,1100.0,CE,12600,0,0,407.0
2026-06-25,2026-06-30,1100.0,PE,453000,-18000,344,0.4
2026-06-25,2026-06-30,1110.0,PE,4800,0,0,0.25
2026-06-25,2026-06-30,1120.0,CE,49800,0,0,392.0
2026-06-25,2026-06-30,1130.0,PE,7800,0,0,0.45
2026-06-25,2026-06-30,1140.0,PE,18600,0,0,0.55
2026-06-25,2026-06-30,1150.0,PE,9000,0,8,0.5
2026-06-25,2026-06-30,1160.0,PE,30600,0,1,0.4
2026-06-25,2026-06-30,1170.0,PE,1200,0,0,16.45
2026-06-25,2026-06-30,1180.0,PE,13200,0,0,1.15
2026-06-25,2026-06-30,1200.0,CE,13800,0,0,354.0
2026-06-25,2026-06-30,1200.0,PE,178200,-6600,31,0.35
2026-06-25,2026-06-30,1220.0,CE,600,0,0,234.9
2026-06-25,2026-06-30,1220.0,PE,13200,0,0,0.4
2026-06-25,2026-06-30,1230.0,PE,5400,0,0,0.3
2026-06-25,2026-06-30,1240.0,PE,5400,0,0,0.4
2026-06-25,2026-06-30,1250.0,CE,600,0,0,130.15
2026-06-25,2026-06-30,1250.0,PE,73800,-10800,70,0.25
2026-06-25,2026-06-30,1260.0,PE,20400,-600,1,0.45
2026-06-25,2026-06-30,1270.0,PE,1800,0,0,3.7
2026-06-25,2026-06-30,1280.0,PE,17400,600,3,0.55
2026-06-25,2026-06-30,1290.0,PE,10200,0,2,0.15
2026-06-25,2026-06-30,1300.0,CE,90000,-167400,306,224.25
2026-06-25,2026-06-30,1300.0,PE,210000,-66000,566,0.55
2026-06-25,2026-06-30,1310.0,CE,1200,0,0,206.8
2026-06-25,2026-06-30,1320.0,CE,1800,0,0,119.35
2026-06-25,2026-06-30,1320.0,PE,40800,-9000,130,0.4
2026-06-25,2026-06-30,1330.0,CE,0,0,0,93.1
2026-06-25,2026-06-30,1330.0,PE,213600,-1800,3,0.45
2026-06-25,2026-06-30,1340.0,CE,1200,0,0,195.0
2026-06-25,2026-06-30,1340.0,PE,18600,-4200,7,0.95
2026-06-25,2026-06-30,1350.0,CE,136800,0,0,183.0
2026-06-25,2026-06-30,1350.0,PE,59400,-1200,13,0.45
2026-06-25,2026-06-30,1360.0,CE,24600,0,0,178.0
2026-06-25,2026-06-30,1360.0,PE,88800,-600,6,0.4
2026-06-25,2026-06-30,1370.0,CE,12600,0,0,133.0
2026-06-25,2026-06-30,1370.0,PE,4800,-600,6,0.6
2026-06-25,2026-06-30,1380.0,CE,63600,-1200,2,148.0
2026-06-25,2026-06-30,1380.0,PE,73200,-3000,12,0.65
2026-06-25,2026-06-30,1390.0,CE,48600,0,0,116.5
2026-06-25,2026-06-30,1390.0,PE,62400,-1800,5,0.8
2026-06-25,2026-06-30,1400.0,CE,346200,-13200,32,127.0
2026-06-25,2026-06-30,1400.0,PE,496800,-69000,343,0.75
2026-06-25,2026-06-30,1410.0,CE,28800,-600,2,127.55
2026-06-25,2026-06-30,1410.0,PE,64200,-5400,24,0.8
2026-06-25,2026-06-30,1420.0,CE,74400,0,0,105.4
2026-06-25,2026-06-30,1420.0,PE,81000,-13800,37,1.1
2026-06-25,2026-06-30,1430.0,CE,63600,0,0,69.25
2026-06-25,2026-06-30,1430.0,PE,63000,-9000,16,1.0
2026-06-25,2026-06-30,1440.0,CE,60600,-27600,51,89.2
2026-06-25,2026-06-30,1440.0,PE,99600,-90000,214,1.75
2026-06-25,2026-06-30,1450.0,CE,206400,-30000,90,80.9
2026-06-25,2026-06-30,1450.0,PE,184800,-62400,370,2.2
2026-06-25,2026-06-30,1460.0,CE,68400,-108600,269,67.0
2026-06-25,2026-06-30,1460.0,PE,150000,-106800,391,3.05
2026-06-25,2026-06-30,1470.0,CE,161400,-1800,5,68.95
2026-06-25,2026-06-30,1470.0,PE,121800,6600,116,4.1
2026-06-25,2026-06-30,1480.0,CE,87000,-41400,90,50.15
2026-06-25,2026-06-30,1480.0,PE,222000,-51600,603,5.4
2026-06-25,2026-06-30,1490.0,CE,99000,-48000,172,39.05
2026-06-25,2026-06-30,1490.0,PE,96000,-16200,463,6.9
2026-06-25,2026-06-30,1500.0,CE,722400,-304800,1707,34.85
2026-06-25,2026-06-30,1500.0,PE,526800,-176400,1677,9.6
2026-06-25,2026-06-30,1510.0,CE,80400,-48000,348,29.4
2026-06-25,2026-06-30,1510.0,PE,75000,-12600,591,13.0
2026-06-25,2026-06-30,1520.0,CE,346800,-71400,911,22.4
2026-06-25,2026-06-30,1520.0,PE,121800,4800,1027,16.95
2026-06-25,2026-06-30,1530.0,CE,163200,-69000,1644,19.0
2026-06-25,2026-06-30,1530.0,PE,79800,1800,1193,21.6
2026-06-25,2026-06-30,1540.0,CE,322800,-10200,3194,14.15
2026-06-25,2026-06-30,1540.0,PE,137400,27000,640,27.6
2026-06-25,2026-06-30,1550.0,CE,431400,19200,3546,11.2
2026-06-25,2026-06-30,1550.0,PE,49800,-28200,382,34.7
2026-06-25,2026-06-30,1560.0,CE,274200,37800,2023,9.1
2026-06-25,2026-06-30,1560.0,PE,60600,-30000,467,41.65
2026-06-25,2026-06-30,1570.0,CE,104400,33000,1279,6.4
2026-06-25,2026-06-30,1570.0,PE,28800,0,0,54.6
2026-06-25,2026-06-30,1580.0,CE,342600,-18000,674,4.55
2026-06-25,2026-06-30,1580.0,PE,6000,0,0,73.2
2026-06-25,2026-06-30,1590.0,CE,38400,-600,242,3.35
2026-06-25,2026-06-30,1590.0,PE,4800,0,0,81.2
2026-06-25,2026-06-30,1600.0,CE,759000,-70200,2445,2.45
2026-06-25,2026-06-30,1600.0,PE,49200,-5400,17,64.75
2026-06-25,2026-06-30,1610.0,CE,28200,5400,111,1.9
2026-06-25,2026-06-30,1610.0,PE,0,0,0,287.75
2026-06-25,2026-06-30,1620.0,CE,114600,14400,194,1.3
2026-06-25,2026-06-30,1620.0,PE,600,0,1,90.25
2026-06-25,2026-06-30,1630.0,CE,99000,27000,133,1.35
2026-06-25,2026-06-30,1630.0,PE,0,0,0,293.95
2026-06-25,2026-06-30,1640.0,CE,139200,-40800,303,0.95
2026-06-25,2026-06-30,1640.0,PE,600,0,0,135.35
2026-06-25,2026-06-30,1650.0,CE,107400,-6600,148,0.8
2026-06-25,2026-06-30,1650.0,PE,0,0,0,289.8
2026-06-25,2026-06-30,1660.0,CE,34200,-14400,70,0.6
2026-06-25,2026-06-30,1660.0,PE,0,0,0,379.4
2026-06-25,2026-06-30,1670.0,CE,21000,600,33,0.65
2026-06-25,2026-06-30,1670.0,PE,0,-600,1,140.0
2026-06-25,2026-06-30,1680.0,CE,2400,0,0,1.4
2026-06-25,2026-06-30,1680.0,PE,0,0,0,362.95
2026-06-25,2026-06-30,1690.0,CE,16800,0,0,1.0
2026-06-25,2026-06-30,1690.0,PE,0,0,0,256.9
2026-06-25,2026-06-30,1700.0,CE,330600,-99000,571,0.65
2026-06-25,2026-06-30,1700.0,PE,600,0,0,184.7
2026-06-25,2026-07-28,1300.0,CE,2400,600,1,255.0
2026-06-25,2026-07-28,1300.0,PE,212400,35400,149,10.55
2026-06-25,2026-07-28,1320.0,CE,1200,0,0,214.25
2026-06-25,2026-07-28,1320.0,PE,11400,0,0,14.1
2026-06-25,2026-07-28,1330.0,CE,0,0,0,214.75
2026-06-25,2026-07-28,1330.0,PE,600,0,0,16.05
2026-06-25,2026-07-28,1340.0,CE,0,0,0,115.95
2026-06-25,2026-07-28,1340.0,PE,10800,0,0,19.4
2026-06-25,2026-07-28,1350.0,CE,0,0,0,202.75
2026-06-25,2026-07-28,1350.0,PE,0,0,0,81.5
2026-06-25,2026-07-28,1360.0,CE,3600,0,0,212.6
2026-06-25,2026-07-28,1360.0,PE,13200,0,37,17.85
2026-06-25,2026-07-28,1370.0,CE,0,0,0,191.2
2026-06-25,2026-07-28,1370.0,PE,66600,0,0,33.9
2026-06-25,2026-07-28,1380.0,CE,0,0,0,102.15
2026-06-25,2026-07-28,1380.0,PE,600,0,0,33.65
2026-06-25,2026-07-28,1390.0,CE,0,0,0,180.1
2026-06-25,2026-07-28,1390.0,PE,1200,0,0,46.05
2026-06-25,2026-07-28,1400.0,CE,110400,-3600,124,162.85
2026-06-25,2026-07-28,1400.0,PE,142800,-7200,128,24.7
2026-06-25,2026-07-28,1410.0,CE,0,0,0,169.5
2026-06-25,2026-07-28,1410.0,PE,0,0,0,107.65
2026-06-25,2026-07-28,1420.0,CE,0,0,0,89.8
2026-06-25,2026-07-28,1420.0,PE,7800,0,0,60.0
2026-06-25,2026-07-28,1430.0,CE,3000,0,0,114.85
2026-06-25,2026-07-28,1430.0,PE,6600,600,2,25.3
2026-06-25,2026-07-28,1440.0,CE,1800,0,0,90.2
2026-06-25,2026-07-28,1440.0,PE,1200,0,0,32.6
2026-06-25,2026-07-28,1450.0,CE,24000,4200,13,127.15
2026-06-25,2026-07-28,1450.0,PE,10200,0,0,44.0
2026-06-25,2026-07-28,1460.0,CE,3000,0,7,118.1
2026-06-25,2026-07-28,1460.0,PE,9600,7800,26,41.8
2026-06-25,2026-07-28,1470.0,CE,0,0,0,140.45
2026-06-25,2026-07-28,1470.0,PE,0,0,0,137.95
2026-06-25,2026-07-28,1480.0,CE,7800,0,0,106.0
2026-06-25,2026-07-28,1480.0,PE,17400,1200,21,50.0
2026-06-25,2026-07-28,1490.0,CE,3600,600,4,102.15
2026-06-25,2026-07-28,1490.0,PE,1200,-600,1,50.9
2026-06-25,2026-07-28,1500.0,CE,307200,11400,260,92.9
2026-06-25,2026-07-28,1500.0,PE,234600,42600,336,59.65
2026-06-25,2026-07-28,1510.0,CE,9600,600,4,93.85
2026-06-25,2026-07-28,1510.0,PE,0,0,0,160.45
2026-06-25,2026-07-28,1520.0,CE,64200,4800,70,83.85
2026-06-25,2026-07-28,1520.0,PE,39000,11400,53,68.25
2026-06-25,2026-07-28,1530.0,CE,11400,9600,45,76.0
2026-06-25,2026-07-28,1530.0,PE,8400,5400,40,70.45
2026-06-25,2026-07-28,1540.0,CE,37800,26400,121,74.4
2026-06-25,2026-07-28,1540.0,PE,4200,1800,5,79.0
2026-06-25,2026-07-28,1550.0,CE,152400,52800,407,68.2
2026-06-25,2026-07-28,1550.0,PE,68400,1800,93,86.0
2026-06-25,2026-07-28,1560.0,CE,10800,3000,14,65.35
2026-06-25,2026-07-28,1560.0,PE,0,0,0,343.95
2026-06-25,2026-07-28,1570.0,CE,3600,1800,3,61.0
2026-06-25,2026-07-28,1570.0,PE,0,0,0,197.25
2026-06-25,2026-07-28,1580.0,CE,3000,600,1,63.5
2026-06-25,2026-07-28,1580.0,PE,600,0,0,95.7
2026-06-25,2026-07-28,1590.0,CE,1800,1800,3,58.0
2026-06-25,2026-07-28,1590.0,PE,3000,0,0,117.35
2026-06-25,2026-07-28,1600.0,CE,351000,34800,392,49.1
2026-06-25,2026-07-28,1600.0,PE,125400,9000,56,112.5
2026-06-25,2026-07-28,1610.0,CE,0,0,0,87.7
2026-06-25,2026-07-28,1610.0,PE,0,0,0,223.8
2026-06-25,2026-07-28,1620.0,CE,19800,2400,17,48.55
2026-06-25,2026-07-28,1620.0,PE,0,0,0,286.75
2026-06-25,2026-07-28,1630.0,CE,0,0,0,81.7
2026-06-25,2026-07-28,1630.0,PE,0,0,0,237.6
2026-06-25,2026-07-28,1640.0,CE,60000,1200,86,35.95
2026-06-25,2026-07-28,1640.0,PE,0,0,0,375.5
2026-06-25,2026-07-28,1650.0,CE,0,0,0,76.05
2026-06-25,2026-07-28,1650.0,PE,0,0,0,251.75
2026-06-25,2026-07-28,1660.0,CE,0,0,0,72.7
2026-06-25,2026-07-28,1660.0,PE,0,0,0,297.95
2026-06-25,2026-07-28,1670.0,CE,0,0,0,70.75
2026-06-25,2026-07-28,1670.0,PE,0,0,0,266.25
2026-06-25,2026-07-28,1680.0,CE,0,0,0,51.3
2026-06-25,2026-07-28,1680.0,PE,0,0,0,377.3
2026-06-25,2026-07-28,1690.0,CE,0,0,0,65.85
2026-06-25,2026-07-28,1690.0,PE,0,0,0,281.1
2026-06-25,2026-07-28,1700.0,CE,169800,15000,223,24.45
2026-06-25,2026-07-28,1700.0,PE,6600,0,0,193.0
2026-06-25,2026-08-25,1320.0,CE,0,0,0,248.8
2026-06-25,2026-08-25,1320.0,PE,0,0,0,91.9
2026-06-25,2026-08-25,1340.0,CE,0,0,0,237.2
2026-06-25,2026-08-25,1340.0,PE,0,0,0,100.0
2026-06-25,2026-08-25,1360.0,CE,0,0,0,226.0
2026-06-25,2026-08-25,1360.0,PE,0,0,0,108.5
2026-06-25,2026-08-25,1380.0,CE,0,0,0,215.2
2026-06-25,2026-08-25,1380.0,PE,0,0,0,117.4
2026-06-25,2026-08-25,1400.0,CE,0,0,0,204.75
2026-06-25,2026-08-25,1400.0,PE,0,0,0,126.7
2026-06-25,2026-08-25,1420.0,CE,0,0,0,194.75
2026-06-25,2026-08-25,1420.0,PE,0,0,0,136.35
2026-06-25,2026-08-25,1440.0,CE,0,0,0,185.1
2026-06-25,2026-08-25,1440.0,PE,0,0,0,146.4
2026-06-25,2026-08-25,1460.0,CE,0,0,0,175.85
2026-06-25,2026-08-25,1460.0,PE,0,0,0,156.85
2026-06-25,2026-08-25,1480.0,CE,0,0,0,166.95
2026-06-25,2026-08-25,1480.0,PE,0,0,0,167.7
2026-06-25,2026-08-25,1500.0,CE,1200,0,0,111.0
2026-06-25,2026-08-25,1500.0,PE,0,0,0,178.85
2026-06-25,2026-08-25,1520.0,CE,0,0,0,150.25
2026-06-25,2026-08-25,1520.0,PE,0,0,0,190.4
2026-06-25,2026-08-25,1540.0,CE,0,0,0,142.4
2026-06-25,2026-08-25,1540.0,PE,0,0,0,202.25
2026-06-25,2026-08-25,1560.0,CE,0,0,0,134.95
2026-06-25,2026-08-25,1560.0,PE,0,0,0,214.5
2026-06-25,2026-08-25,1580.0,CE,0,0,0,127.8
2026-06-25,2026-08-25,1580.0,PE,0,0,0,227.05
2026-06-25,2026-08-25,1600.0,CE,0,0,0,120.95
2026-06-25,2026-08-25,1600.0,PE,0,0,0,239.9
2026-06-25,2026-08-25,1620.0,CE,0,0,0,114.45
2026-06-25,2026-08-25,1620.0,PE,0,0,0,253.1
2026-06-25,2026-08-25,1640.0,CE,0,0,0,108.2
2026-06-25,2026-08-25,1640.0,PE,0,0,0,266.6
2026-06-25,2026-08-25,1660.0,CE,0,0,0,102.3
2026-06-25,2026-08-25,1660.0,PE,0,0,0,280.35
2026-06-25,2026-08-25,1680.0,CE,0,0,0,96.65
2026-06-25,2026-08-25,1680.0,PE,0,0,0,294.45
2026-06-25,2026-08-25,1700.0,CE,0,0,0,91.3
2026-06-25,2026-08-25,1700.0,PE,0,0,0,308.8
2026-06-29,2026-06-30,1100.0,CE,6600,-6000,10,402.0
2026-06-29,2026-06-30,1100.0,PE,456000,3000,189,0.25
2026-06-29,2026-06-30,1110.0,PE,2400,-2400,6,0.25
2026-06-29,2026-06-30,1120.0,CE,49800,0,0,392.0
2026-06-29,2026-06-30,1130.0,PE,7800,0,0,0.45
2026-06-29,2026-06-30,1140.0,PE,18600,0,0,0.55
2026-06-29,2026-06-30,1150.0,PE,7200,-1800,3,0.2
2026-06-29,2026-06-30,1160.0,PE,30600,0,0,0.4
2026-06-29,2026-06-30,1170.0,PE,1200,0,0,16.45
2026-06-29,2026-06-30,1180.0,PE,13200,0,0,1.15
2026-06-29,2026-06-30,1200.0,CE,12600,-1200,2,298.05
2026-06-29,2026-06-30,1200.0,PE,177600,-600,34,0.3
2026-06-29,2026-06-30,1220.0,CE,0,-600,1,267.05
2026-06-29,2026-06-30,1220.0,PE,12600,-600,1,0.25
2026-06-29,2026-06-30,1230.0,PE,5400,0,0,0.3
2026-06-29,2026-06-30,1240.0,PE,5400,0,0,0.4
2026-06-29,2026-06-30,1250.0,CE,600,0,0,130.15
2026-06-29,2026-06-30,1250.0,PE,67800,-6000,28,0.25
2026-06-29,2026-06-30,1260.0,PE,20400,0,0,0.45
2026-06-29,2026-06-30,1270.0,PE,1800,0,12,0.15
2026-06-29,2026-06-30,1280.0,PE,17400,0,0,0.55
2026-06-29,2026-06-30,1290.0,PE,10200,0,1,0.25
2026-06-29,2026-06-30,1300.0,CE,81600,-8400,30,200.45
2026-06-29,2026-06-30,1300.0,PE,197400,-12600,235,0.3
2026-06-29,2026-06-30,1310.0,CE,1200,0,0,206.8
2026-06-29,2026-06-30,1320.0,CE,1800,0,0,119.35
2026-06-29,2026-06-30,1320.0,PE,37200,-3600,88,0.3
2026-06-29,2026-06-30,1330.0,CE,0,0,0,93.1
2026-06-29,2026-06-30,1330.0,PE,211800,-1800,55,0.55
2026-06-29,2026-06-30,1340.0,CE,1200,0,0,195.0
2026-06-29,2026-06-30,1340.0,PE,15600,-3000,17,0.35
2026-06-29,2026-06-30,1350.0,CE,136800,0,2,145.0
2026-06-29,2026-06-30,1350.0,PE,53400,-6000,21,0.25
2026-06-29,2026-06-30,1360.0,CE,21600,-3000,7,139.35
2026-06-29,2026-06-30,1360.0,PE,87000,-1800,61,0.35
2026-06-29,2026-06-30,1370.0,CE,12000,-600,1,122.0
2026-06-29,2026-06-30,1370.0,PE,4800,0,0,0.6
2026-06-29,2026-06-30,1380.0,CE,49200,-14400,24,112.0
2026-06-29,2026-06-30,1380.0,PE,63000,-10200,112,0.35
2026-06-29,2026-06-30,1390.0,CE,48600,0,0,116.5
2026-06-29,2026-06-30,1390.0,PE,61800,-600,18,0.5
2026-06-29,2026-06-30,1400.0,CE,331800,-14400,28,98.5
2026-06-29,2026-06-30,1400.0,PE,493800,-3000,329,0.5
2026-06-29,2026-06-30,1410.0,CE,28800,0,0,127.55
2026-06-29,2026-06-30,1410.0,PE,60600,-3600,122,0.4
2026-06-29,2026-06-30,1420.0,CE,72000,-2400,5,70.0
2026-06-29,2026-06-30,1420.0,PE,70800,-10200,162,0.6
2026-06-29,2026-06-30,1430.0,CE,63600,0,0,69.25
2026-06-29,2026-06-30,1430.0,PE,49800,-13200,370,0.45
2026-06-29,2026-06-30,1440.0,CE,52800,-7800,15,51.35
2026-06-29,2026-06-30,1440.0,PE,96000,-3600,315,0.65
2026-06-29,2026-06-30,1450.0,CE,166800,-39600,109,50.45
2026-06-29,2026-06-30,1450.0,PE,163200,-21600,669,1.05
2026-06-29,2026-06-30,1460.0,CE,45000,-23400,90,41.25
2026-06-29,2026-06-30,1460.0,PE,123000,-27000,1461,1.0
2026-06-29,2026-06-30,1470.0,CE,118200,-43200,416,29.85
2026-06-29,2026-06-30,1470.0,PE,121200,-600,1330,1.9
2026-06-29,2026-06-30,1480.0,CE,57000,-30000,1019,23.45
2026-06-29,2026-06-30,1480.0,PE,201000,-21000,2114,3.1
2026-06-29,2026-06-30,1490.0,CE,67800,-31200,1172,15.15
2026-06-29,2026-06-30,1490.0,PE,85200,-10800,1397,6.0
2026-06-29,2026-06-30,1500.0,CE,659400,-63000,3583,9.6
2026-06-29,2026-06-30,1500.0,PE,342000,-184800,2006,8.35
2026-06-29,2026-06-30,1510.0,CE,143400,63000,1702,5.75
2026-06-29,2026-06-30,1510.0,PE,72000,-3000,424,14.45
2026-06-29,2026-06-30,1520.0,CE,193800,-153000,1819,2.95
2026-06-29,2026-06-30,1520.0,PE,79200,-42600,409,21.55
2026-06-29,2026-06-30,1530.0,CE,129600,-33600,785,1.9
2026-06-29,2026-06-30,1530.0,PE,45000,-34800,192,30.55
2026-06-29,2026-06-30,1540.0,CE,216000,-106800,1296,1.2
2026-06-29,2026-06-30,1540.0,PE,95400,-42000,149,41.95
2026-06-29,2026-06-30,1550.0,CE,212400,-219000,1422,0.9
2026-06-29,2026-06-30,1550.0,PE,47400,-2400,24,50.5
2026-06-29,2026-06-30,1560.0,CE,228000,-46200,529,0.85
2026-06-29,2026-06-30,1560.0,PE,59400,-1200,10,65.95
2026-06-29,2026-06-30,1570.0,CE,72600,-31800,376,0.7
2026-06-29,2026-06-30,1570.0,PE,28200,-600,3,85.8
2026-06-29,2026-06-30,1580.0,CE,270000,-72600,468,0.6
2026-06-29,2026-06-30,1580.0,PE,6000,0,0,73.2
2026-06-29,2026-06-30,1590.0,CE,19800,-18600,123,1.0
2026-06-29,2026-06-30,1590.0,PE,4800,0,0,81.2
2026-06-29,2026-06-30,1600.0,CE,518400,-240600,1009,0.6
2026-06-29,2026-06-30,1600.0,PE,45600,-3600,14,101.05
2026-06-29,2026-06-30,1610.0,CE,18600,-9600,31,0.35
2026-06-29,2026-06-30,1610.0,PE,0,0,0,287.75
2026-06-29,2026-06-30,1620.0,CE,98400,-16200,156,0.3
2026-06-29,2026-06-30,1620.0,PE,600,0,0,90.25
2026-06-29,2026-06-30,1630.0,CE,151800,52800,356,0.45
2026-06-29,2026-06-30,1630.0,PE,0,0,0,293.95
2026-06-29,2026-06-30,1640.0,CE,111000,-28200,181,0.35
2026-06-29,2026-06-30,1640.0,PE,600,0,0,135.35
2026-06-29,2026-06-30,1650.0,CE,71400,-36000,263,0.4
2026-06-29,2026-06-30,1650.0,PE,0,0,0,289.8
2026-06-29,2026-06-30,1660.0,CE,31200,-3000,52,0.05
2026-06-29,2026-06-30,1660.0,PE,0,0,0,379.4
2026-06-29,2026-06-30,1670.0,CE,16800,-4200,36,0.2
2026-06-29,2026-06-30,1670.0,PE,0,0,0,140.0
2026-06-29,2026-06-30,1680.0,CE,600,-1800,6,0.45
2026-06-29,2026-06-30,1680.0,PE,0,0,0,362.95
2026-06-29,2026-06-30,1690.0,CE,14400,-2400,5,0.1
2026-06-29,2026-06-30,1690.0,PE,0,0,0,256.9
2026-06-29,2026-06-30,1700.0,CE,175200,-155400,439,0.1
2026-06-29,2026-06-30,1700.0,PE,600,0,0,184.7
2026-06-29,2026-07-28,1300.0,CE,9600,7200,16,219.0
2026-06-29,2026-07-28,1300.0,PE,243600,31200,340,11.7
2026-06-29,2026-07-28,1320.0,CE,1200,0,0,214.25
2026-06-29,2026-07-28,1320.0,PE,16200,4800,9,14.05
2026-06-29,2026-07-28,1330.0,CE,0,0,0,214.75
2026-06-29,2026-07-28,1330.0,PE,600,0,0,16.05
2026-06-29,2026-07-28,1340.0,CE,0,0,0,115.95
2026-06-29,2026-07-28,1340.0,PE,13800,3000,23,17.25
2026-06-29,2026-07-28,1350.0,CE,0,0,0,202.75
2026-06-29,2026-07-28,1350.0,PE,6000,6000,14,18.3
2026-06-29,2026-07-28,1360.0,CE,3600,0,0,212.6
2026-06-29,2026-07-28,1360.0,PE,22800,9600,38,20.2
2026-06-29,2026-07-28,1370.0,CE,0,0,0,191.2
2026-06-29,2026-07-28,1370.0,PE,66600,0,13,22.45
2026-06-29,2026-07-28,1380.0,CE,0,0,0,102.15
2026-06-29,2026-07-28,1380.0,PE,5400,4800,16,24.95
2026-06-29,2026-07-28,1390.0,CE,0,0,0,180.1
2026-06-29,2026-07-28,1390.0,PE,1200,0,0,46.05
2026-06-29,2026-07-28,1400.0,CE,130200,19800,100,138.2
2026-06-29,2026-07-28,1400.0,PE,210000,67200,493,29.95
2026-06-29,2026-07-28,1410.0,CE,0,0,0,169.5
2026-06-29,2026-07-28,1410.0,PE,0,0,0,107.65
2026-06-29,2026-07-28,1420.0,CE,0,0,0,89.8
2026-06-29,2026-07-28,1420.0,PE,7800,0,0,60.0
2026-06-29,2026-07-28,1430.0,CE,3000,0,0,114.85
2026-06-29,2026-07-28,1430.0,PE,6600,0,0,25.3
2026-06-29,2026-07-28,1440.0,CE,1800,0,0,90.2
2026-06-29,2026-07-28,1440.0,PE,7200,6000,24,41.25
2026-06-29,2026-07-28,1450.0,CE,40800,16800,68,104.45
2026-06-29,2026-07-28,1450.0,PE,24600,14400,44,48.1
2026-06-29,2026-07-28,1460.0,CE,3600,600,2,95.65
2026-06-29,2026-07-28,1460.0,PE,18600,9000,74,49.55
2026-06-29,2026-07-28,1470.0,CE,0,0,0,140.45
2026-06-29,2026-07-28,1470.0,PE,600,600,6,53.25
2026-06-29,2026-07-28,1480.0,CE,19800,12000,78,83.6
2026-06-29,2026-07-28,1480.0,PE,50400,33000,232,59.8
2026-06-29,2026-07-28,1490.0,CE,15000,11400,62,78.0
2026-06-29,2026-07-28,1490.0,PE,1800,600,1,53.65
2026-06-29,2026-07-28,1500.0,CE,469800,162600,1084,76.25
2026-06-29,2026-07-28,1500.0,PE,344400,109800,710,67.85
2026-06-29,2026-07-28,1510.0,CE,27000,17400,53,75.0
2026-06-29,2026-07-28,1510.0,PE,0,0,0,160.45
2026-06-29,2026-07-28,1520.0,CE,73200,9000,88,64.0
2026-06-29,2026-07-28,1520.0,PE,39600,600,21,80.45
2026-06-29,2026-07-28,1530.0,CE,22800,11400,35,61.35
2026-06-29,2026-07-28,1530.0,PE,8400,0,10,88.1
2026-06-29,2026-07-28,1540.0,CE,46200,8400,62,56.35
2026-06-29,2026-07-28,1540.0,PE,5400,1200,5,93.65
2026-06-29,2026-07-28,1550.0,CE,177000,24600,220,52.95
2026-06-29,2026-07-28,1550.0,PE,84600,16200,76,94.7
2026-06-29,2026-07-28,1560.0,CE,12600,1800,42,49.35
2026-06-29,2026-07-28,1560.0,PE,0,0,0,343.95
2026-06-29,2026-07-28,1570.0,CE,7200,3600,40,45.2
2026-06-29,2026-07-28,1570.0,PE,0,0,0,197.25
2026-06-29,2026-07-28,1580.0,CE,25800,22800,46,42.9
2026-06-29,2026-07-28,1580.0,PE,1200,600,1,115.3
2026-06-29,2026-07-28,1590.0,CE,1800,0,0,58.0
2026-06-29,2026-07-28,1590.0,PE,1800,-1200,6,126.95
2026-06-29,2026-07-28,1600.0,CE,479400,128400,747,35.9
2026-06-29,2026-07-28,1600.0,PE,157800,32400,72,133.0
2026-06-29,2026-07-28,1610.0,CE,0,0,0,87.7
2026-06-29,2026-07-28,1610.0,PE,0,0,0,223.8
2026-06-29,2026-07-28,1620.0,CE,21600,1800,47,31.15
2026-06-29,2026-07-28,1620.0,PE,0,0,0,286.75
2026-06-29,2026-07-28,1630.0,CE,0,0,0,81.7
2026-06-29,2026-07-28,1630.0,PE,0,0,0,237.6
2026-06-29,2026-07-28,1640.0,CE,91200,31200,123,26.15
2026-06-29,2026-07-28,1640.0,PE,0,0,0,375.5
2026-06-29,2026-07-28,1650.0,CE,0,0,0,76.05
2026-06-29,2026-07-28,1650.0,PE,0,0,0,251.75
2026-06-29,2026-07-28,1660.0,CE,0,0,0,72.7
2026-06-29,2026-07-28,1660.0,PE,0,0,0,297.95
2026-06-29,2026-07-28,1670.0,CE,18600,18600,40,20.0
2026-06-29,2026-07-28,1670.0,PE,0,0,0,266.25
2026-06-29,2026-07-28,1680.0,CE,7200,7200,13,19.15
2026-06-29,2026-07-28,1680.0,PE,0,0,0,377.3
2026-06-29,2026-07-28,1690.0,CE,0,0,0,65.85
2026-06-29,2026-07-28,1690.0,PE,0,0,0,281.1
2026-06-29,2026-07-28,1700.0,CE,264600,94800,586,16.55
2026-06-29,2026-07-28,1700.0,PE,6600,0,0,193.0
2026-06-29,2026-08-25,1320.0,CE,0,0,0,248.8
2026-06-29,2026-08-25,1320.0,PE,0,0,0,91.9
2026-06-29,2026-08-25,1340.0,CE,0,0,0,237.2
2026-06-29,2026-08-25,1340.0,PE,0,0,0,100.0
2026-06-29,2026-08-25,1360.0,CE,0,0,0,226.0
2026-06-29,2026-08-25,1360.0,PE,0,0,0,108.5
2026-06-29,2026-08-25,1380.0,CE,0,0,0,215.2
2026-06-29,2026-08-25,1380.0,PE,0,0,0,117.4
2026-06-29,2026-08-25,1400.0,CE,0,0,0,204.75
2026-06-29,2026-08-25,1400.0,PE,0,0,0,126.7
2026-06-29,2026-08-25,1420.0,CE,0,0,0,194.75
2026-06-29,2026-08-25,1420.0,PE,0,0,0,136.35
2026-06-29,2026-08-25,1440.0,CE,0,0,0,185.1
2026-06-29,2026-08-25,1440.0,PE,0,0,0,146.4
2026-06-29,2026-08-25,1460.0,CE,0,0,0,175.85
2026-06-29,2026-08-25,1460.0,PE,0,0,0,156.85
2026-06-29,2026-08-25,1480.0,CE,0,0,0,166.95
2026-06-29,2026-08-25,1480.0,PE,0,0,0,167.7
2026-06-29,2026-08-25,1500.0,CE,1800,600,1,111.0
2026-06-29,2026-08-25,1500.0,PE,0,0,0,178.85
2026-06-29,2026-08-25,1520.0,CE,0,0,0,150.25
2026-06-29,2026-08-25,1520.0,PE,0,0,0,190.4
2026-06-29,2026-08-25,1540.0,CE,0,0,0,142.4
2026-06-29,2026-08-25,1540.0,PE,0,0,0,202.25
2026-06-29,2026-08-25,1560.0,CE,0,0,0,134.95
2026-06-29,2026-08-25,1560.0,PE,0,0,0,214.5
2026-06-29,2026-08-25,1580.0,CE,0,0,0,127.8
2026-06-29,2026-08-25,1580.0,PE,0,0,0,227.05
2026-06-29,2026-08-25,1600.0,CE,0,0,0,120.95
2026-06-29,2026-08-25,1600.0,PE,0,0,0,239.9
2026-06-29,2026-08-25,1620.0,CE,0,0,0,114.45
2026-06-29,2026-08-25,1620.0,PE,0,0,0,253.1
2026-06-29,2026-08-25,1640.0,CE,0,0,0,108.2
2026-06-29,2026-08-25,1640.0,PE,0,0,0,266.6
2026-06-29,2026-08-25,1660.0,CE,0,0,0,102.3
2026-06-29,2026-08-25,1660.0,PE,0,0,0,280.35
2026-06-29,2026-08-25,1680.0,CE,0,0,0,96.65
2026-06-29,2026-08-25,1680.0,PE,0,0,0,294.45
2026-06-29,2026-08-25,1700.0,CE,0,0,0,91.3
2026-06-29,2026-08-25,1700.0,PE,0,0,0,308.8
2026-06-30,2026-06-30,1100.0,CE,6600,0,1,414.25
2026-06-30,2026-06-30,1100.0,PE,253800,-202200,494,0.05
2026-06-30,2026-06-30,1110.0,PE,1800,-600,9,0.05
2026-06-30,2026-06-30,1120.0,CE,49800,0,0,392.0
2026-06-30,2026-06-30,1130.0,PE,7800,0,0,0.45
2026-06-30,2026-06-30,1140.0,PE,18000,-600,14,0.05
2026-06-30,2026-06-30,1150.0,PE,6000,-1200,10,0.05
2026-06-30,2026-06-30,1160.0,PE,31800,1200,42,0.05
2026-06-30,2026-06-30,1170.0,PE,1200,0,0,16.45
2026-06-30,2026-06-30,1180.0,PE,7800,-5400,30,0.1
2026-06-30,2026-06-30,1200.0,CE,12600,0,1,295.0
2026-06-30,2026-06-30,1200.0,PE,160200,-17400,65,0.1
2026-06-30,2026-06-30,1220.0,CE,0,0,0,267.05
2026-06-30,2026-06-30,1220.0,PE,7800,-4800,35,0.05
2026-06-30,2026-06-30,1230.0,PE,4800,-600,3,0.05
2026-06-30,2026-06-30,1240.0,PE,4200,-1200,2,0.05
2026-06-30,2026-06-30,1250.0,CE,600,0,1,245.15
2026-06-30,2026-06-30,1250.0,PE,62400,-5400,38,0.05
2026-06-30,2026-06-30,1260.0,PE,15600,-4800,11,0.15
2026-06-30,2026-06-30,1270.0,PE,1800,0,1,0.05
2026-06-30,2026-06-30,1280.0,PE,16800,-600,2,0.05
2026-06-30,2026-06-30,1290.0,PE,9600,-600,3,0.1
2026-06-30,2026-06-30,1300.0,CE,72600,-9000,25,197.1
2026-06-30,2026-06-30,1300.0,PE,181800,-15600,98,0.05
2026-06-30,2026-06-30,1310.0,CE,600,-600,1,188.0
2026-06-30,2026-06-30,1320.0,CE,1800,0,0,119.35
2026-06-30,2026-06-30,1320.0,PE,35400,-1800,16,0.1
2026-06-30,2026-06-30,1330.0,CE,0,0,0,93.1
2026-06-30,2026-06-30,1330.0,PE,163800,-48000,107,0.05
2026-06-30,2026-06-30,1340.0,CE,1200,0,0,195.0
2026-06-30,2026-06-30,1340.0,PE,13200,-2400,4,0.15
2026-06-30,2026-06-30,1350.0,CE,136800,0,0,145.0
2026-06-30,2026-06-30,1350.0,PE,46200,-7200,13,0.05
2026-06-30,2026-06-30,1360.0,CE,21600,0,1,121.5
2026-06-30,2026-06-30,1360.0,PE,85800,-1200,12,0.05
2026-06-30,2026-06-30,1370.0,CE,12000,0,0,122.0
2026-06-30,2026-06-30,1370.0,PE,4800,0,0,0.6
2026-06-30,2026-06-30,1380.0,CE,42600,-6600,33,119.0
2026-06-30,2026-06-30,1380.0,PE,66600,3600,58,0.65
2026-06-30,2026-06-30,1390.0,CE,48600,0,0,116.5
2026-06-30,2026-06-30,1390.0,PE,61200,-600,2,0.55
2026-06-30,2026-06-30,1400.0,CE,270000,-61800,150,96.8
2026-06-30,2026-06-30,1400.0,PE,391800,-102000,317,0.05
2026-06-30,2026-06-30,1410.0,CE,28800,0,0,127.55
2026-06-30,2026-06-30,1410.0,PE,45600,-15000,88,0.1
2026-06-30,2026-06-30,1420.0,CE,67800,-4200,14,74.8
2026-06-30,2026-06-30,1420.0,PE,66600,-4200,57,0.05
2026-06-30,2026-06-30,1430.0,CE,63600,0,0,69.25
2026-06-30,2026-06-30,1430.0,PE,40800,-9000,76,0.05
2026-06-30,2026-06-30,1440.0,CE,52200,-600,5,48.5
2026-06-30,2026-06-30,1440.0,PE,96000,0,124,0.05
2026-06-30,2026-06-30,1450.0,CE,148200,-18600,86,39.0
2026-06-30,2026-06-30,1450.0,PE,146400,-16800,220,0.05
2026-06-30,2026-06-30,1460.0,CE,39000,-6000,27,32.8
2026-06-30,2026-06-30,1460.0,PE,105600,-17400,294,0.05
2026-06-30,2026-06-30,1470.0,CE,111000,-7200,29,22.85
2026-06-30,2026-06-30,1470.0,PE,81000,-40200,405,0.25
2026-06-30,2026-06-30,1480.0,CE,39600,-17400,122,14.85
2026-06-30,2026-06-30,1480.0,PE,94200,-106800,556,0.6
2026-06-30,2026-06-30,1490.0,CE,48000,-19800,225,5.65
2026-06-30,2026-06-30,1490.0,PE,47400,-37800,294,0.85
2026-06-30,2026-06-30,1500.0,CE,225600,-433800,2650,3.15
2026-06-30,2026-06-30,1500.0,PE,122400,-219600,954,11.25
2026-06-30,2026-06-30,1510.0,CE,115200,-28200,677,0.65
2026-06-30,2026-06-30,1510.0,PE,66000,-6000,58,13.8
2026-06-30,2026-06-30,1520.0,CE,127800,-66000,551,0.2
2026-06-30,2026-06-30,1520.0,PE,64800,-14400,89,25.15
2026-06-30,2026-06-30,1530.0,CE,81000,-48600,286,0.5
2026-06-30,2026-06-30,1530.0,PE,39000,-6000,28,41.5
2026-06-30,2026-06-30,1540.0,CE,166200,-49800,550,0.05
2026-06-30,2026-06-30,1540.0,PE,72600,-22800,88,40.05
2026-06-30,2026-06-30,1550.0,CE,162600,-49800,277,0.05
2026-06-30,2026-06-30,1550.0,PE,46800,-600,18,61.05
2026-06-30,2026-06-30,1560.0,CE,136800,-91200,240,0.05
2026-06-30,2026-06-30,1560.0,PE,59400,0,6,76.0
2026-06-30,2026-06-30,1570.0,CE,44400,-28200,95,0.05
2026-06-30,2026-06-30,1570.0,PE,28200,0,0,85.8
2026-06-30,2026-06-30,1580.0,CE,261600,-8400,89,0.05
2026-06-30,2026-06-30,1580.0,PE,6000,0,0,73.2
2026-06-30,2026-06-30,1590.0,CE,26400,6600,14,0.05
2026-06-30,2026-06-30,1590.0,PE,4800,0,0,81.2
2026-06-30,2026-06-30,1600.0,CE,378600,-139800,455,0.05
2026-06-30,2026-06-30,1600.0,PE,42600,-3000,8,110.0
2026-06-30,2026-06-30,1610.0,CE,16200,-2400,13,0.05
2026-06-30,2026-06-30,1610.0,PE,0,0,0,287.75
2026-06-30,2026-06-30,1620.0,CE,94800,-3600,22,0.05
2026-06-30,2026-06-30,1620.0,PE,600,0,0,90.25
2026-06-30,2026-06-30,1630.0,CE,97800,-54000,143,0.05
2026-06-30,2026-06-30,1630.0,PE,0,0,0,293.95
2026-06-30,2026-06-30,1640.0,CE,87000,-24000,52,0.05
2026-06-30,2026-06-30,1640.0,PE,600,0,0,135.35
2026-06-30,2026-06-30,1650.0,CE,72600,1200,39,0.05
2026-06-30,2026-06-30,1650.0,PE,0,0,0,289.8
2026-06-30,2026-06-30,1660.0,CE,28800,-2400,4,0.05
2026-06-30,2026-06-30,1660.0,PE,0,0,0,379.4
2026-06-30,2026-06-30,1670.0,CE,14400,-2400,14,0.05
2026-06-30,2026-06-30,1670.0,PE,0,0,0,140.0
2026-06-30,2026-06-30,1680.0,CE,600,0,0,0.45
2026-06-30,2026-06-30,1680.0,PE,0,0,0,362.95
2026-06-30,2026-06-30,1690.0,CE,12600,-1800,4,0.1
2026-06-30,2026-06-30,1690.0,PE,0,0,0,256.9
2026-06-30,2026-06-30,1700.0,CE,157800,-17400,52,0.05
2026-06-30,2026-06-30,1700.0,PE,600,0,0,184.7
2026-06-30,2026-07-28,1300.0,CE,10200,600,1,212.25
2026-06-30,2026-07-28,1300.0,PE,329400,85800,412,10.25
2026-06-30,2026-07-28,1320.0,CE,1200,0,0,214.25
2026-06-30,2026-07-28,1320.0,PE,34800,18600,49,11.95
2026-06-30,2026-07-28,1330.0,CE,0,0,0,214.75
2026-06-30,2026-07-28,1330.0,PE,600,0,0,16.05
2026-06-30,2026-07-28,1340.0,CE,0,0,0,115.95
2026-06-30,2026-07-28,1340.0,PE,16800,3000,30,14.95
2026-06-30,2026-07-28,1350.0,CE,0,0,0,202.75
2026-06-30,2026-07-28,1350.0,PE,59400,53400,130,16.5
2026-06-30,2026-07-28,1360.0,CE,3600,0,0,212.6
2026-06-30,2026-07-28,1360.0,PE,33000,10200,49,17.55
2026-06-30,2026-07-28,1370.0,CE,0,0,0,191.2
2026-06-30,2026-07-28,1370.0,PE,69600,3000,37,20.05
2026-06-30,2026-07-28,1380.0,CE,0,0,0,102.15
2026-06-30,2026-07-28,1380.0,PE,7200,1800,14,22.15
2026-06-30,2026-07-28,1390.0,CE,0,0,0,180.1
2026-06-30,2026-07-28,1390.0,PE,1200,0,0,46.05
2026-06-30,2026-07-28,1400.0,CE,135000,4800,14,133.15
2026-06-30,2026-07-28,1400.0,PE,250800,40800,311,27.05
2026-06-30,2026-07-28,1410.0,CE,0,0,0,169.5
2026-06-30,2026-07-28,1410.0,PE,0,0,0,107.65
2026-06-30,2026-07-28,1420.0,CE,0,0,0,89.8
2026-06-30,2026-07-28,1420.0,PE,19800,12000,32,32.1
2026-06-30,2026-07-28,1430.0,CE,3000,0,0,114.85
2026-06-30,2026-07-28,1430.0,PE,6600,0,0,25.3
2026-06-30,2026-07-28,1440.0,CE,1800,0,0,90.2
2026-06-30,2026-07-28,1440.0,PE,28200,21000,65,39.5
2026-06-30,2026-07-28,1450.0,CE,53400,12600,51,97.2
2026-06-30,2026-07-28,1450.0,PE,32400,7800,75,40.7
2026-06-30,2026-07-28,1460.0,CE,8400,4800,19,94.0
2026-06-30,2026-07-28,1460.0,PE,31800,13200,49,42.8
2026-06-30,2026-07-28,1470.0,CE,1200,1200,2,83.0
2026-06-30,2026-07-28,1470.0,PE,2400,1800,14,51.75
2026-06-30,2026-07-28,1480.0,CE,33600,13800,93,79.8
2026-06-30,2026-07-28,1480.0,PE,75000,24600,147,53.5
2026-06-30,2026-07-28,1490.0,CE,24000,9000,70,74.1
2026-06-30,2026-07-28,1490.0,PE,15600,13800,40,59.25
2026-06-30,2026-07-28,1500.0,CE,751800,282000,1321,68.25
2026-06-30,2026-07-28,1500.0,PE,513600,169200,727,62.45
2026-06-30,2026-07-28,1510.0,CE,30600,3600,59,64.7
2026-06-30,2026-07-28,1510.0,PE,0,0,0,160.45
2026-06-30,2026-07-28,1520.0,CE,136800,63600,252,59.0
2026-06-30,2026-07-28,1520.0,PE,53400,13800,56,71.85
2026-06-30,2026-07-28,1530.0,CE,31200,8400,49,54.45
2026-06-30,2026-07-28,1530.0,PE,6600,-1800,14,76.5
2026-06-30,2026-07-28,1540.0,CE,62400,16200,117,51.0
2026-06-30,2026-07-28,1540.0,PE,6600,1200,14,80.35
2026-06-30,2026-07-28,1550.0,CE,202200,25200,184,45.7
2026-06-30,2026-07-28,1550.0,PE,87000,2400,6,87.8
2026-06-30,2026-07-28,1560.0,CE,13200,600,51,43.0
2026-06-30,2026-07-28,1560.0,PE,0,0,0,343.95
2026-06-30,2026-07-28,1570.0,CE,8400,1200,9,34.15
2026-06-30,2026-07-28,1570.0,PE,0,0,0,197.25
2026-06-30,2026-07-28,1580.0,CE,35400,9600,32,32.35
2026-06-30,2026-07-28,1580.0,PE,1800,600,5,112.85
2026-06-30,2026-07-28,1590.0,CE,1800,0,0,58.0
2026-06-30,2026-07-28,1590.0,PE,1800,0,0,126.95
2026-06-30,2026-07-28,1600.0,CE,624000,144600,876,29.15
2026-06-30,2026-07-28,1600.0,PE,210600,52800,92,122.1
2026-06-30,2026-07-28,1610.0,CE,0,0,0,87.7
2026-06-30,2026-07-28,1610.0,PE,0,0,0,223.8
2026-06-30,2026-07-28,1620.0,CE,20400,-1200,44,25.25
2026-06-30,2026-07-28,1620.0,PE,0,0,0,286.75
2026-06-30,2026-07-28,1630.0,CE,0,0,0,81.7
2026-06-30,2026-07-28,1630.0,PE,0,0,0,237.6
2026-06-30,2026-07-28,1640.0,CE,99600,8400,103,20.95
2026-06-30,2026-07-28,1640.0,PE,0,0,0,375.5
2026-06-30,2026-07-28,1650.0,CE,0,0,0,76.05
2026-06-30,2026-07-28,1650.0,PE,0,0,0,251.75
2026-06-30,2026-07-28,1660.0,CE,0,0,0,72.7
2026-06-30,2026-07-28,1660.0,PE,0,0,0,297.95
2026-06-30,2026-07-28,1670.0,CE,18600,0,40,16.2
2026-06-30,2026-07-28,1670.0,PE,0,0,0,266.25
2026-06-30,2026-07-28,1680.0,CE,14400,7200,41,14.9
2026-06-30,2026-07-28,1680.0,PE,0,0,0,377.3
2026-06-30,2026-07-28,1690.0,CE,600,600,1,16.95
2026-06-30,2026-07-28,1690.0,PE,0,0,0,281.1
2026-06-30,2026-07-28,1700.0,CE,328800,64200,482,12.45
2026-06-30,2026-07-28,1700.0,PE,184800,178200,302,202.45
2026-06-30,2026-08-25,1320.0,CE,0,0,0,248.8
2026-06-30,2026-08-25,1320.0,PE,0,0,0,91.9
2026-06-30,2026-08-25,1340.0,CE,0,0,0,237.2
2026-06-30,2026-08-25,1340.0,PE,0,0,0,100.0
2026-06-30,2026-08-25,1360.0,CE,0,0,0,226.0
2026-06-30,2026-08-25,1360.0,PE,0,0,0,108.5
2026-06-30,2026-08-25,1380.0,CE,0,0,0,215.2
2026-06-30,2026-08-25,1380.0,PE,0,0,0,117.4
2026-06-30,2026-08-25,1400.0,CE,0,0,0,204.75
2026-06-30,2026-08-25,1400.0,PE,0,0,0,126.7
2026-06-30,2026-08-25,1420.0,CE,0,0,0,194.75
2026-06-30,2026-08-25,1420.0,PE,0,0,0,136.35
2026-06-30,2026-08-25,1440.0,CE,0,0,0,185.1
2026-06-30,2026-08-25,1440.0,PE,0,0,0,146.4
2026-06-30,2026-08-25,1460.0,CE,0,0,0,175.85
2026-06-30,2026-08-25,1460.0,PE,0,0,0,156.85
2026-06-30,2026-08-25,1480.0,CE,0,0,0,166.95
2026-06-30,2026-08-25,1480.0,PE,0,0,0,167.7
2026-06-30,2026-08-25,1500.0,CE,1800,0,0,111.0
2026-06-30,2026-08-25,1500.0,PE,0,0,0,178.85
2026-06-30,2026-08-25,1520.0,CE,0,0,0,150.25
2026-06-30,2026-08-25,1520.0,PE,0,0,0,190.4
2026-06-30,2026-08-25,1540.0,CE,0,0,0,142.4
2026-06-30,2026-08-25,1540.0,PE,0,0,0,202.25
2026-06-30,2026-08-25,1560.0,CE,0,0,0,134.95
2026-06-30,2026-08-25,1560.0,PE,0,0,0,214.5
2026-06-30,2026-08-25,1580.0,CE,0,0,0,127.8
2026-06-30,2026-08-25,1580.0,PE,0,0,0,227.05
2026-06-30,2026-08-25,1600.0,CE,0,0,0,120.95
2026-06-30,2026-08-25,1600.0,PE,0,0,0,239.9
2026-06-30,2026-08-25,1620.0,CE,0,0,0,114.45
2026-06-30,2026-08-25,1620.0,PE,0,0,0,253.1
2026-06-30,2026-08-25,1640.0,CE,0,0,0,108.2
2026-06-30,2026-08-25,1640.0,PE,0,0,0,266.6
2026-06-30,2026-08-25,1660.0,CE,0,0,0,102.3
2026-06-30,2026-08-25,1660.0,PE,0,0,0,280.35
2026-06-30,2026-08-25,1680.0,CE,0,0,0,96.65
2026-06-30,2026-08-25,1680.0,PE,0,0,0,294.45
2026-06-30,2026-08-25,1700.0,CE,0,0,0,91.3
2026-06-30,2026-08-25,1700.0,PE,0,0,0,308.8
2026-07-01,2026-07-28,1240.0,CE,0,0,0,157.3
2026-07-01,2026-07-28,1240.0,PE,0,0,0,129.55
2026-07-01,2026-07-28,1280.0,CE,0,0,0,139.55
2026-07-01,2026-07-28,1280.0,PE,0,0,0,151.2
2026-07-01,2026-07-28,1300.0,CE,10200,0,12,249.65
2026-07-01,2026-07-28,1300.0,PE,384000,54600,429,7.35
2026-07-01,2026-07-28,1320.0,CE,1200,0,0,214.25
2026-07-01,2026-07-28,1320.0,PE,53400,18600,176,8.6
2026-07-01,2026-07-28,1330.0,CE,0,0,0,214.75
2026-07-01,2026-07-28,1330.0,PE,600,0,0,16.05
2026-07-01,2026-07-28,1340.0,CE,0,0,0,115.95
2026-07-01,2026-07-28,1340.0,PE,39000,22200,75,10.5
2026-07-01,2026-07-28,1350.0,CE,0,0,0,202.75
2026-07-01,2026-07-28,1350.0,PE,61200,1800,64,11.6
2026-07-01,2026-07-28,1360.0,CE,3600,0,0,212.6
2026-07-01,2026-07-28,1360.0,PE,49800,16800,81,12.45
2026-07-01,2026-07-28,1370.0,CE,0,0,0,191.2
2026-07-01,2026-07-28,1370.0,PE,85200,15600,89,13.6
2026-07-01,2026-07-28,1380.0,CE,0,0,0,102.15
2026-07-01,2026-07-28,1380.0,PE,7200,0,0,22.15
2026-07-01,2026-07-28,1390.0,CE,0,0,0,180.1
2026-07-01,2026-07-28,1390.0,PE,1200,0,0,46.05
2026-07-01,2026-07-28,1400.0,CE,147600,12600,78,158.9
2026-07-01,2026-07-28,1400.0,PE,291000,40200,549,18.25
2026-07-01,2026-07-28,1410.0,CE,0,0,0,169.5
2026-07-01,2026-07-28,1410.0,PE,0,0,0,107.65
2026-07-01,2026-07-28,1420.0,CE,0,0,0,89.8
2026-07-01,2026-07-28,1420.0,PE,30000,10200,85,22.3
2026-07-01,2026-07-28,1430.0,CE,3000,0,0,114.85
2026-07-01,2026-07-28,1430.0,PE,12600,6000,31,24.25
2026-07-01,2026-07-28,1440.0,CE,1800,0,0,90.2
2026-07-01,2026-07-28,1440.0,PE,33000,4800,92,26.6
2026-07-01,2026-07-28,1450.0,CE,45000,-8400,60,122.0
2026-07-01,2026-07-28,1450.0,PE,49200,16800,103,29.25
2026-07-01,2026-07-28,1460.0,CE,13800,5400,31,116.05
2026-07-01,2026-07-28,1460.0,PE,37200,5400,137,32.2
2026-07-01,2026-07-28,1470.0,CE,4200,3000,16,109.9
2026-07-01,2026-07-28,1470.0,PE,11400,9000,37,34.7
2026-07-01,2026-07-28,1480.0,CE,34800,1200,153,103.05
2026-07-01,2026-07-28,1480.0,PE,82800,7800,214,38.8
2026-07-01,2026-07-28,1490.0,CE,19800,-4200,117,96.1
2026-07-01,2026-07-28,1490.0,PE,36600,21000,123,41.85
2026-07-01,2026-07-28,1500.0,CE,738000,-13800,2767,90.45
2026-07-01,2026-07-28,1500.0,PE,561600,48000,1205,45.1
2026-07-01,2026-07-28,1510.0,CE,41400,10800,132,84.65
2026-07-01,2026-07-28,1510.0,PE,30000,30000,154,49.6
2026-07-01,2026-07-28,1520.0,CE,153000,16200,852,79.05
2026-07-01,2026-07-28,1520.0,PE,69000,15600,443,53.95
2026-07-01,2026-07-28,1530.0,CE,79200,48000,711,73.0
2026-07-01,2026-07-28,1530.0,PE,31800,25200,228,58.5
2026-07-01,2026-07-28,1540.0,CE,153000,90600,1078,68.2
2026-07-01,2026-07-28,1540.0,PE,55200,48600,289,63.15
2026-07-01,2026-07-28,1550.0,CE,230400,28200,1122,62.95
2026-07-01,2026-07-28,1550.0,PE,125400,38400,278,67.8
2026-07-01,2026-07-28,1560.0,CE,61800,48600,560,58.05
2026-07-01,2026-07-28,1560.0,PE,0,0,0,343.95
2026-07-01,2026-07-28,1570.0,CE,15000,6600,109,53.75
2026-07-01,2026-07-28,1570.0,PE,6000,6000,52,78.1
2026-07-01,2026-07-28,1580.0,CE,41400,6000,208,49.45
2026-07-01,2026-07-28,1580.0,PE,1800,0,0,112.85
2026-07-01,2026-07-28,1590.0,CE,10800,9000,24,45.25
2026-07-01,2026-07-28,1590.0,PE,1800,0,0,126.95
2026-07-01,2026-07-28,1600.0,CE,694200,70200,2137,41.75
2026-07-01,2026-07-28,1600.0,PE,225000,14400,105,95.65
2026-07-01,2026-07-28,1610.0,CE,0,0,0,87.7
2026-07-01,2026-07-28,1610.0,PE,0,0,0,223.8
2026-07-01,2026-07-28,1620.0,CE,44400,24000,117,35.4
2026-07-01,2026-07-28,1620.0,PE,0,0,0,286.75
2026-07-01,2026-07-28,1630.0,CE,0,0,0,81.7
2026-07-01,2026-07-28,1630.0,PE,0,0,0,237.6
2026-07-01,2026-07-28,1640.0,CE,126600,27000,228,29.15
2026-07-01,2026-07-28,1640.0,PE,0,0,0,375.5
2026-07-01,2026-07-28,1650.0,CE,0,0,0,76.05
2026-07-01,2026-07-28,1650.0,PE,0,0,0,251.75
2026-07-01,2026-07-28,1660.0,CE,0,0,0,72.7
2026-07-01,2026-07-28,1660.0,PE,0,0,0,297.95
2026-07-01,2026-07-28,1670.0,CE,27600,9000,37,22.35
2026-07-01,2026-07-28,1670.0,PE,0,0,0,266.25
2026-07-01,2026-07-28,1680.0,CE,57000,42600,176,20.8
2026-07-01,2026-07-28,1680.0,PE,0,0,0,377.3
2026-07-01,2026-07-28,1690.0,CE,15000,14400,38,18.7
2026-07-01,2026-07-28,1690.0,PE,0,0,0,281.1
2026-07-01,2026-07-28,1700.0,CE,444000,115200,1361,17.1
2026-07-01,2026-07-28,1700.0,PE,184800,0,0,202.45
2026-07-01,2026-07-28,1720.0,CE,7800,7800,14,14.2
2026-07-01,2026-07-28,1720.0,PE,0,0,0,393.05
2026-07-01,2026-08-25,1240.0,CE,0,0,0,299.25
2026-07-01,2026-08-25,1240.0,PE,0,0,0,63.55
2026-07-01,2026-08-25,1280.0,CE,0,0,0,273.2
2026-07-01,2026-08-25,1280.0,PE,0,0,0,76.85
2026-07-01,2026-08-25,1320.0,CE,0,0,0,248.8
2026-07-01,2026-08-25,1320.0,PE,0,0,0,91.9
2026-07-01,2026-08-25,1340.0,CE,0,0,0,237.2
2026-07-01,2026-08-25,1340.0,PE,0,0,0,100.0
2026-07-01,2026-08-25,1360.0,CE,0,0,0,226.0
2026-07-01,2026-08-25,1360.0,PE,0,0,0,108.5
2026-07-01,2026-08-25,1380.0,CE,0,0,0,215.2
2026-07-01,2026-08-25,1380.0,PE,0,0,0,117.4
2026-07-01,2026-08-25,1400.0,CE,0,0,0,204.75
2026-07-01,2026-08-25,1400.0,PE,0,0,0,126.7
2026-07-01,2026-08-25,1420.0,CE,0,0,0,194.75
2026-07-01,2026-08-25,1420.0,PE,0,0,0,136.35
2026-07-01,2026-08-25,1440.0,CE,0,0,0,185.1
2026-07-01,2026-08-25,1440.0,PE,0,0,0,146.4
2026-07-01,2026-08-25,1460.0,CE,0,0,0,175.85
2026-07-01,2026-08-25,1460.0,PE,0,0,0,156.85
2026-07-01,2026-08-25,1480.0,CE,0,0,0,166.95
2026-07-01,2026-08-25,1480.0,PE,0,0,0,167.7
2026-07-01,2026-08-25,1500.0,CE,9000,7200,30,126.95
2026-07-01,2026-08-25,1500.0,PE,0,0,0,178.85
2026-07-01,2026-08-25,1520.0,CE,0,0,0,150.25
2026-07-01,2026-08-25,1520.0,PE,0,0,0,190.4
2026-07-01,2026-08-25,1540.0,CE,0,0,0,142.4
2026-07-01,2026-08-25,1540.0,PE,0,0,0,202.25
2026-07-01,2026-08-25,1560.0,CE,0,0,0,134.95
2026-07-01,2026-08-25,1560.0,PE,0,0,0,214.5
2026-07-01,2026-08-25,1580.0,CE,0,0,0,127.8
2026-07-01,2026-08-25,1580.0,PE,0,0,0,227.05
2026-07-01,2026-08-25,1600.0,CE,0,0,0,120.95
2026-07-01,2026-08-25,1600.0,PE,0,0,0,239.9
2026-07-01,2026-08-25,1620.0,CE,0,0,0,114.45
2026-07-01,2026-08-25,1620.0,PE,0,0,0,253.1
2026-07-01,2026-08-25,1640.0,CE,0,0,0,108.2
2026-07-01,2026-08-25,1640.0,PE,0,0,0,266.6
2026-07-01,2026-08-25,1660.0,CE,0,0,0,102.3
2026-07-01,2026-08-25,1660.0,PE,0,0,0,280.35
2026-07-01,2026-08-25,1680.0,CE,0,0,0,96.65
2026-07-01,2026-08-25,1680.0,PE,0,0,0,294.45
2026-07-01,2026-08-25,1700.0,CE,0,0,0,91.3
2026-07-01,2026-08-25,1700.0,PE,0,0,0,308.8
2026-07-01,2026-08-25,1720.0,CE,0,0,0,86.25
2026-07-01,2026-08-25,1720.0,PE,0,0,0,323.45
2026-07-01,2026-09-29,1280.0,CE,0,0,0,296.7
2026-07-01,2026-09-29,1280.0,PE,0,0,0,64.85
2026-07-01,2026-09-29,1320.0,CE,0,0,0,270.75
2026-07-01,2026-09-29,1320.0,PE,0,0,0,78.3
2026-07-01,2026-09-29,1360.0,CE,0,0,0,246.45
2026-07-01,2026-09-29,1360.0,PE,0,0,0,93.4
2026-07-01,2026-09-29,1400.0,CE,0,0,0,223.75
2026-07-01,2026-09-29,1400.0,PE,0,0,0,110.1
2026-07-01,2026-09-29,1440.0,CE,0,0,0,202.65
2026-07-01,2026-09-29,1440.0,PE,0,0,0,128.35
2026-07-01,2026-09-29,1480.0,CE,0,0,0,183.05
2026-07-01,2026-09-29,1480.0,PE,0,0,0,148.15
2026-07-01,2026-09-29,1520.0,CE,0,0,0,165.0
2026-07-01,2026-09-29,1520.0,PE,0,0,0,169.5
2026-07-01,2026-09-29,1560.0,CE,0,0,0,148.4
2026-07-01,2026-09-29,1560.0,PE,0,0,0,192.25
2026-07-01,2026-09-29,1600.0,CE,0,0,0,133.2
2026-07-01,2026-09-29,1600.0,PE,0,0,0,216.45
2026-07-01,2026-09-29,1640.0,CE,0,0,0,119.3
2026-07-01,2026-09-29,1640.0,PE,0,0,0,241.95
2026-07-01,2026-09-29,1680.0,CE,0,0,0,106.65
2026-07-01,2026-09-29,1680.0,PE,0,0,0,268.65
2026-07-01,2026-09-29,1760.0,CE,0,0,0,84.85
2026-07-01,2026-09-29,1760.0,PE,0,0,0,325.65
2026-07-02,2026-07-28,1280.0,CE,48600,48600,84,289.75
2026-07-02,2026-07-28,1280.0,PE,28200,28200,61,5.2
2026-07-02,2026-07-28,1300.0,CE,21000,10800,25,258.5
2026-07-02,2026-07-28,1300.0,PE,392400,8400,176,6.3
2026-07-02,2026-07-28,1320.0,CE,1200,0,0,214.25
2026-07-02,2026-07-28,1320.0,PE,56400,3000,327,7.15
2026-07-02,2026-07-28,1330.0,PE,600,0,0,16.05
2026-07-02,2026-07-28,1340.0,PE,37200,-1800,65,8.3
2026-07-02,2026-07-28,1350.0,PE,67200,6000,90,9.2
2026-07-02,2026-07-28,1360.0,CE,3000,-600,1,201.0
2026-07-02,2026-07-28,1360.0,PE,51600,1800,81,9.9
2026-07-02,2026-07-28,1370.0,PE,100200,15000,74,10.95
2026-07-02,2026-07-28,1380.0,PE,7200,0,0,22.15
2026-07-02,2026-07-28,1390.0,PE,1200,0,0,46.05
2026-07-02,2026-07-28,1400.0,CE,162600,15000,83,174.9
2026-07-02,2026-07-28,1400.0,PE,339600,48600,361,14.5
2026-07-02,2026-07-28,1420.0,CE,0,0,0,89.8
2026-07-02,2026-07-28,1420.0,PE,36600,6600,104,17.6
2026-07-02,2026-07-28,1430.0,CE,3000,0,4,152.0
2026-07-02,2026-07-28,1430.0,PE,12600,0,0,24.25
2026-07-02,2026-07-28,1440.0,CE,1800,0,0,90.2
2026-07-02,2026-07-28,1440.0,PE,35400,2400,72,21.25
2026-07-02,2026-07-28,1450.0,CE,44400,-600,32,130.55
2026-07-02,2026-07-28,1450.0,PE,47400,-1800,84,23.3
2026-07-02,2026-07-28,1460.0,CE,69000,55200,112,130.45
2026-07-02,2026-07-28,1460.0,PE,52200,15000,88,25.9
2026-07-02,2026-07-28,1470.0,CE,4200,0,0,109.9
2026-07-02,2026-07-28,1470.0,PE,11400,0,0,34.7
2026-07-02,2026-07-28,1480.0,CE,34200,-600,35,114.8
2026-07-02,2026-07-28,1480.0,PE,95400,12600,160,31.6
2026-07-02,2026-07-28,1490.0,CE,15000,-4800,23,109.2
2026-07-02,2026-07-28,1490.0,PE,42600,6000,84,34.55
2026-07-02,2026-07-28,1500.0,CE,743400,5400,1359,104.85
2026-07-02,2026-07-28,1500.0,PE,598800,37200,931,38.0
2026-07-02,2026-07-28,1510.0,CE,50400,9000,173,96.95
2026-07-02,2026-07-28,1510.0,PE,46200,16200,194,40.75
2026-07-02,2026-07-28,1520.0,CE,137400,-15600,535,90.6
2026-07-02,2026-07-28,1520.0,PE,84000,15000,348,44.6
2026-07-02,2026-07-28,1530.0,CE,76800,-2400,354,84.4
2026-07-02,2026-07-28,1530.0,PE,56400,24600,270,48.55
2026-07-02,2026-07-28,1540.0,CE,130200,-22800,870,78.7
2026-07-02,2026-07-28,1540.0,PE,106200,51000,344,52.85
2026-07-02,2026-07-28,1550.0,CE,286800,56400,1466,73.0
2026-07-02,2026-07-28,1550.0,PE,167400,42000,515,56.95
2026-07-02,2026-07-28,1560.0,CE,77400,15600,454,68.45
2026-07-02,2026-07-28,1560.0,PE,0,0,0,343.95
2026-07-02,2026-07-28,1570.0,CE,54000,39000,257,63.05
2026-07-02,2026-07-28,1570.0,PE,36600,30600,124,66.65
2026-07-02,2026-07-28,1580.0,CE,52800,11400,272,58.5
2026-07-02,2026-07-28,1580.0,PE,1800,0,0,112.85
2026-07-02,2026-07-28,1590.0,CE,36000,25200,126,54.35
2026-07-02,2026-07-28,1590.0,PE,23400,21600,51,77.65
2026-07-02,2026-07-28,1600.0,CE,798000,103800,3377,49.9
2026-07-02,2026-07-28,1600.0,PE,242400,17400,192,82.8
2026-07-02,2026-07-28,1620.0,CE,51000,6600,194,42.25
2026-07-02,2026-07-28,1620.0,PE,0,0,0,286.75
2026-07-02,2026-07-28,1640.0,CE,132000,5400,292,36.0
2026-07-02,2026-07-28,1640.0,PE,600,600,1,110.0
2026-07-02,2026-07-28,1660.0,CE,0,0,0,72.7
2026-07-02,2026-07-28,1660.0,PE,0,0,0,297.95
2026-07-02,2026-07-28,1670.0,CE,22200,-5400,67,27.3
2026-07-02,2026-07-28,1680.0,CE,55800,-1200,122,25.4
2026-07-02,2026-07-28,1680.0,PE,0,0,0,377.3
2026-07-02,2026-07-28,1690.0,CE,18000,3000,54,24.15
2026-07-02,2026-07-28,1700.0,CE,372600,-71400,745,21.05
2026-07-02,2026-07-28,1700.0,PE,184800,0,0,202.45
2026-07-02,2026-07-28,1720.0,CE,41400,33600,287,18.25
2026-07-02,2026-07-28,1720.0,PE,0,0,0,393.05
2026-07-02,2026-07-28,1760.0,CE,57600,57600,279,12.55
2026-07-02,2026-07-28,1760.0,PE,0,0,0,396.45
2026-07-02,2026-08-25,1280.0,CE,0,0,0,273.2
2026-07-02,2026-08-25,1280.0,PE,0,0,0,76.85
2026-07-02,2026-08-25,1320.0,CE,0,0,0,248.8
2026-07-02,2026-08-25,1320.0,PE,0,0,0,91.9
2026-07-02,2026-08-25,1360.0,CE,0,0,0,226.0
2026-07-02,2026-08-25,1360.0,PE,0,0,0,108.5
2026-07-02,2026-08-25,1400.0,CE,0,0,0,204.75
2026-07-02,2026-08-25,1400.0,PE,0,0,0,126.7
2026-07-02,2026-08-25,1420.0,CE,0,0,0,194.75
2026-07-02,2026-08-25,1420.0,PE,0,0,0,136.35
2026-07-02,2026-08-25,1440.0,CE,0,0,0,185.1
2026-07-02,2026-08-25,1440.0,PE,0,0,0,146.4
2026-07-02,2026-08-25,1460.0,CE,0,0,0,175.85
2026-07-02,2026-08-25,1460.0,PE,0,0,0,156.85
2026-07-02,2026-08-25,1480.0,CE,0,0,0,166.95
2026-07-02,2026-08-25,1480.0,PE,0,0,0,167.7
2026-07-02,2026-08-25,1500.0,CE,13200,4200,14,132.0
2026-07-02,2026-08-25,1500.0,PE,15000,15000,32,60.15
2026-07-02,2026-08-25,1520.0,CE,600,600,1,126.35
2026-07-02,2026-08-25,1520.0,PE,0,0,0,190.4
2026-07-02,2026-08-25,1540.0,CE,0,0,0,142.4
2026-07-02,2026-08-25,1540.0,PE,0,0,0,202.25
2026-07-02,2026-08-25,1560.0,CE,0,0,0,134.95
2026-07-02,2026-08-25,1560.0,PE,0,0,0,214.5
2026-07-02,2026-08-25,1580.0,CE,0,0,0,127.8
2026-07-02,2026-08-25,1580.0,PE,0,0,0,227.05
2026-07-02,2026-08-25,1600.0,CE,600,600,1,74.0
2026-07-02,2026-08-25,1600.0,PE,600,600,1,105.0
2026-07-02,2026-08-25,1620.0,CE,0,0,0,114.45
2026-07-02,2026-08-25,1620.0,PE,0,0,0,253.1
2026-07-02,2026-08-25,1640.0,CE,0,0,0,108.2
2026-07-02,2026-08-25,1640.0,PE,0,0,0,266.6
2026-07-02,2026-08-25,1660.0,CE,0,0,0,102.3
2026-07-02,2026-08-25,1660.0,PE,0,0,0,280.35
2026-07-02,2026-08-25,1680.0,CE,0,0,0,96.65
2026-07-02,2026-08-25,1680.0,PE,0,0,0,294.45
2026-07-02,2026-08-25,1720.0,CE,0,0,0,86.25
2026-07-02,2026-08-25,1720.0,PE,0,0,0,323.45
2026-07-02,2026-08-25,1760.0,CE,0,0,0,76.8
2026-07-02,2026-08-25,1760.0,PE,0,0,0,353.4
2026-07-02,2026-09-29,1280.0,CE,0,0,0,296.7
2026-07-02,2026-09-29,1280.0,PE,0,0,0,64.85
2026-07-02,2026-09-29,1360.0,CE,0,0,0,246.45
2026-07-02,2026-09-29,1360.0,PE,0,0,0,93.4
2026-07-02,2026-09-29,1400.0,CE,0,0,0,223.75
2026-07-02,2026-09-29,1400.0,PE,0,0,0,110.1
2026-07-02,2026-09-29,1440.0,CE,0,0,0,202.65
2026-07-02,2026-09-29,1440.0,PE,0,0,0,128.35
2026-07-02,2026-09-29,1480.0,CE,0,0,0,183.05
2026-07-02,2026-09-29,1480.0,PE,0,0,0,148.15
2026-07-02,2026-09-29,1520.0,CE,0,0,0,165.0
2026-07-02,2026-09-29,1520.0,PE,0,0,0,169.5
2026-07-02,2026-09-29,1560.0,CE,0,0,0,148.4
2026-07-02,2026-09-29,1560.0,PE,0,0,0,192.25
2026-07-02,2026-09-29,1600.0,CE,0,0,0,133.2
2026-07-02,2026-09-29,1600.0,PE,0,0,0,216.45
2026-07-02,2026-09-29,1640.0,CE,0,0,0,119.3
2026-07-02,2026-09-29,1640.0,PE,0,0,0,241.95
2026-07-02,2026-09-29,1680.0,CE,0,0,0,106.65
2026-07-02,2026-09-29,1680.0,PE,0,0,0,268.65
2026-07-02,2026-09-29,1760.0,CE,0,0,0,84.85
2026-07-02,2026-09-29,1760.0,PE,0,0,0,325.65
2026-07-03,2026-07-28,1280.0,CE,48000,-600,3,286.5
2026-07-03,2026-07-28,1280.0,PE,37200,9000,97,4.4
2026-07-03,2026-07-28,1300.0,CE,20400,-600,4,263.4
2026-07-03,2026-07-28,1300.0,PE,391200,-1200,79,5.3
2026-07-03,2026-07-28,1320.0,CE,1200,0,0,214.25
2026-07-03,2026-07-28,1320.0,PE,50400,-6000,208,6.35
2026-07-03,2026-07-28,1330.0,PE,600,0,0,16.05
2026-07-03,2026-07-28,1340.0,PE,42000,4800,39,8.15
2026-07-03,2026-07-28,1350.0,PE,66000,-1200,70,8.35
2026-07-03,2026-07-28,1360.0,CE,3000,0,0,201.0
2026-07-03,2026-07-28,1360.0,PE,57000,5400,60,9.25
2026-07-03,2026-07-28,1370.0,PE,82800,-17400,62,10.3
2026-07-03,2026-07-28,1380.0,PE,7200,0,0,22.15
2026-07-03,2026-07-28,1390.0,PE,23400,22200,41,12.2
2026-07-03,2026-07-28,1400.0,CE,159600,-3000,69,174.5
2026-07-03,2026-07-28,1400.0,PE,337200,-2400,449,14.2
2026-07-03,2026-07-28,1420.0,CE,0,0,0,89.8
2026-07-03,2026-07-28,1420.0,PE,27600,-9000,102,17.9
2026-07-03,2026-07-28,1430.0,CE,6000,3000,19,149.1
2026-07-03,2026-07-28,1430.0,PE,12600,0,0,24.25
2026-07-03,2026-07-28,1440.0,CE,1800,0,0,90.2
2026-07-03,2026-07-28,1440.0,PE,42000,6600,67,22.2
2026-07-03,2026-07-28,1450.0,CE,33000,-11400,51,135.6
2026-07-03,2026-07-28,1450.0,PE,49800,2400,122,23.55
2026-07-03,2026-07-28,1460.0,CE,100200,31200,68,134.55
2026-07-03,2026-07-28,1460.0,PE,51600,-600,95,25.5
2026-07-03,2026-07-28,1470.0,CE,4200,0,5,119.85
2026-07-03,2026-07-28,1470.0,PE,13200,1800,30,28.7
2026-07-03,2026-07-28,1480.0,CE,34800,600,28,112.3
2026-07-03,2026-07-28,1480.0,PE,88200,-7200,179,31.4
2026-07-03,2026-07-28,1490.0,CE,15000,0,0,109.2
2026-07-03,2026-07-28,1490.0,PE,43800,1200,29,34.6
2026-07-03,2026-07-28,1500.0,CE,751200,7800,1767,102.5
2026-07-03,2026-07-28,1500.0,PE,595200,-3600,691,36.8
2026-07-03,2026-07-28,1510.0,CE,58200,7800,77,94.85
2026-07-03,2026-07-28,1510.0,PE,39600,-6600,147,42.0
2026-07-03,2026-07-28,1520.0,CE,139200,1800,366,89.1
2026-07-03,2026-07-28,1520.0,PE,85800,1800,428,45.1
2026-07-03,2026-07-28,1530.0,CE,88200,11400,391,81.75
2026-07-03,2026-07-28,1530.0,PE,63600,7200,404,48.65
2026-07-03,2026-07-28,1540.0,CE,177000,46800,1619,77.4
2026-07-03,2026-07-28,1540.0,PE,120600,14400,732,52.95
2026-07-03,2026-07-28,1550.0,CE,343800,57000,1614,72.3
2026-07-03,2026-07-28,1550.0,PE,192600,25200,719,57.0
2026-07-03,2026-07-28,1560.0,CE,87600,10200,925,67.6
2026-07-03,2026-07-28,1560.0,PE,0,0,0,343.95
2026-07-03,2026-07-28,1570.0,CE,55800,1800,218,62.3
2026-07-03,2026-07-28,1570.0,PE,49200,12600,110,65.6
2026-07-03,2026-07-28,1580.0,CE,61200,8400,417,57.0
2026-07-03,2026-07-28,1580.0,PE,13800,12000,49,72.6
2026-07-03,2026-07-28,1590.0,CE,39000,3000,140,52.4
2026-07-03,2026-07-28,1590.0,PE,27600,4200,56,76.4
2026-07-03,2026-07-28,1600.0,CE,783000,-15000,2573,49.7
2026-07-03,2026-07-28,1600.0,PE,273000,30600,136,81.8
2026-07-03,2026-07-28,1620.0,CE,51000,0,203,41.85
2026-07-03,2026-07-28,1620.0,PE,0,0,0,286.75
2026-07-03,2026-07-28,1640.0,CE,140400,8400,322,35.85
2026-07-03,2026-07-28,1640.0,PE,600,0,0,110.0
2026-07-03,2026-07-28,1660.0,CE,0,0,0,72.7
2026-07-03,2026-07-28,1660.0,PE,0,0,0,297.95
2026-07-03,2026-07-28,1670.0,CE,16800,-5400,71,26.6
2026-07-03,2026-07-28,1680.0,CE,55800,0,121,24.75
2026-07-03,2026-07-28,1680.0,PE,0,0,0,377.3
2026-07-03,2026-07-28,1690.0,CE,19800,1800,53,23.65
2026-07-03,2026-07-28,1700.0,CE,388800,16200,828,20.95
2026-07-03,2026-07-28,1700.0,PE,184800,0,11,155.85
2026-07-03,2026-07-28,1720.0,CE,43200,1800,81,17.35
2026-07-03,2026-07-28,1720.0,PE,0,0,0,393.05
2026-07-03,2026-07-28,1760.0,CE,46800,-10800,370,12.15
2026-07-03,2026-07-28,1760.0,PE,0,0,0,396.45
2026-07-03,2026-07-28,1800.0,CE,81000,81000,266,8.55
2026-07-03,2026-07-28,1800.0,PE,0,0,0,367.7
2026-07-03,2026-08-25,1280.0,CE,0,0,0,273.2
2026-07-03,2026-08-25,1280.0,PE,0,0,0,76.85
2026-07-03,2026-08-25,1320.0,CE,0,0,0,248.8
2026-07-03,2026-08-25,1320.0,PE,0,0,0,91.9
2026-07-03,2026-08-25,1360.0,CE,0,0,0,226.0
2026-07-03,2026-08-25,1360.0,PE,0,0,0,108.5
2026-07-03,2026-08-25,1400.0,CE,0,0,0,204.75
2026-07-03,2026-08-25,1400.0,PE,0,0,0,126.7
2026-07-03,2026-08-25,1420.0,CE,0,0,0,194.75
2026-07-03,2026-08-25,1420.0,PE,0,0,0,136.35
2026-07-03,2026-08-25,1440.0,CE,0,0,0,185.1
2026-07-03,2026-08-25,1440.0,PE,0,0,0,146.4
2026-07-03,2026-08-25,1460.0,CE,0,0,0,175.85
2026-07-03,2026-08-25,1460.0,PE,0,0,0,156.85
2026-07-03,2026-08-25,1480.0,CE,0,0,0,166.95
2026-07-03,2026-08-25,1480.0,PE,0,0,0,167.7
2026-07-03,2026-08-25,1500.0,CE,28800,15600,44,130.35
2026-07-03,2026-08-25,1500.0,PE,43200,28200,114,60.2
2026-07-03,2026-08-25,1520.0,CE,1200,600,2,110.9
2026-07-03,2026-08-25,1520.0,PE,0,0,0,190.4
2026-07-03,2026-08-25,1540.0,CE,1200,1200,2,102.2
2026-07-03,2026-08-25,1540.0,PE,0,0,0,202.25
2026-07-03,2026-08-25,1560.0,CE,0,0,0,134.95
2026-07-03,2026-08-25,1560.0,PE,0,0,0,214.5
2026-07-03,2026-08-25,1580.0,CE,0,0,0,127.8
2026-07-03,2026-08-25,1580.0,PE,0,0,0,227.05
2026-07-03,2026-08-25,1600.0,CE,29400,28800,61,74.0
2026-07-03,2026-08-25,1600.0,PE,600,0,0,105.0
2026-07-03,2026-08-25,1620.0,CE,0,0,0,114.45
2026-07-03,2026-08-25,1620.0,PE,0,0,0,253.1
2026-07-03,2026-08-25,1640.0,CE,0,0,0,108.2
2026-07-03,2026-08-25,1640.0,PE,0,0,0,266.6
2026-07-03,2026-08-25,1660.0,CE,0,0,0,102.3
2026-07-03,2026-08-25,1660.0,PE,0,0,0,280.35
2026-07-03,2026-08-25,1680.0,CE,0,0,0,96.65
2026-07-03,2026-08-25,1680.0,PE,0,0,0,294.45
2026-07-03,2026-08-25,1700.0,CE,0,0,0,91.3
2026-07-03,2026-08-25,1700.0,PE,0,0,0,308.8
2026-07-03,2026-08-25,1720.0,CE,0,0,0,86.25
2026-07-03,2026-08-25,1720.0,PE,0,0,0,323.45
2026-07-03,2026-08-25,1760.0,CE,0,0,0,76.8
2026-07-03,2026-08-25,1760.0,PE,0,0,0,353.4
2026-07-03,2026-08-25,1800.0,CE,0,0,0,68.35
2026-07-03,2026-08-25,1800.0,PE,0,0,0,384.35
2026-07-03,2026-09-29,1280.0,CE,0,0,0,296.7
2026-07-03,2026-09-29,1280.0,PE,0,0,0,64.85
2026-07-03,2026-09-29,1360.0,CE,0,0,0,246.45
2026-07-03,2026-09-29,1360.0,PE,0,0,0,93.4
2026-07-03,2026-09-29,1400.0,CE,0,0,0,223.75
2026-07-03,2026-09-29,1400.0,PE,0,0,0,110.1
2026-07-03,2026-09-29,1440.0,CE,0,0,0,202.65
2026-07-03,2026-09-29,1440.0,PE,0,0,0,128.35
2026-07-03,2026-09-29,1480.0,CE,0,0,0,183.05
2026-07-03,2026-09-29,1480.0,PE,0,0,0,148.15
2026-07-03,2026-09-29,1520.0,CE,0,0,0,165.0
2026-07-03,2026-09-29,1520.0,PE,0,0,0,169.5
2026-07-03,2026-09-29,1560.0,CE,0,0,0,148.4
2026-07-03,2026-09-29,1560.0,PE,0,0,0,192.25
2026-07-03,2026-09-29,1600.0,CE,0,0,0,133.2
2026-07-03,2026-09-29,1600.0,PE,0,0,0,216.45
2026-07-03,2026-09-29,1640.0,CE,0,0,0,119.3
2026-07-03,2026-09-29,1640.0,PE,0,0,0,241.95
2026-07-03,2026-09-29,1680.0,CE,0,0,0,106.65
2026-07-03,2026-09-29,1680.0,PE,0,0,0,268.65
2026-07-03,2026-09-29,1720.0,CE,0,0,0,95.15
2026-07-03,2026-09-29,1720.0,PE,0,0,0,296.55
2026-07-03,2026-09-29,1760.0,CE,0,0,0,84.85
2026-07-03,2026-09-29,1760.0,PE,0,0,0,325.65
