date,expiry,strike,opt_type,oi,chg_oi,volume,close
2026-06-11,2026-06-30,180.0,CE,10650,-3550,2,41.5
2026-06-11,2026-06-30,180.0,PE,582200,-223650,143,0.56
2026-06-11,2026-06-30,185.0,CE,3550,0,1,37.0
2026-06-11,2026-06-30,190.0,CE,10650,0,0,35.2
2026-06-11,2026-06-30,190.0,PE,433100,99400,188,1.23
2026-06-11,2026-06-30,195.0,CE,10650,0,0,38.0
2026-06-11,2026-06-30,195.0,PE,301750,-28400,71,1.82
2026-06-11,2026-06-30,200.0,CE,248500,21300,22,19.52
2026-06-11,2026-06-30,200.0,PE,2996200,383400,511,2.68
2026-06-11,2026-06-30,202.5,PE,28400,0,0,1.21
2026-06-11,2026-06-30,205.0,CE,3550,0,0,27.25
2026-06-11,2026-06-30,205.0,PE,1018850,323050,306,3.95
2026-06-11,2026-06-30,207.5,CE,0,0,0,28.96
2026-06-11,2026-06-30,207.5,PE,0,0,0,11.05
2026-06-11,2026-06-30,210.0,CE,710000,28400,77,12.21
2026-06-11,2026-06-30,210.0,PE,3411550,-454400,722,5.61
2026-06-11,2026-06-30,212.5,CE,0,0,0,24.95
2026-06-11,2026-06-30,212.5,PE,142000,14200,37,6.58
2026-06-11,2026-06-30,215.0,CE,266250,205900,192,9.43
2026-06-11,2026-06-30,215.0,PE,933650,230750,380,7.74
2026-06-11,2026-06-30,217.5,CE,188150,134900,125,8.16
2026-06-11,2026-06-30,217.5,PE,298200,56800,142,8.97
2026-06-11,2026-06-30,220.0,CE,6684650,3624550,2946,7.07
2026-06-11,2026-06-30,220.0,PE,5339200,1285100,1078,10.15
2026-06-11,2026-06-30,222.5,CE,166850,35500,194,6.14
2026-06-11,2026-06-30,222.5,PE,152650,-24850,89,11.8
2026-06-11,2026-06-30,225.0,CE,1540700,415350,861,5.26
2026-06-11,2026-06-30,225.0,PE,1047250,-85200,95,13.48
2026-06-11,2026-06-30,227.5,CE,553800,42600,112,4.46
2026-06-11,2026-06-30,227.5,PE,766800,0,8,14.94
2026-06-11,2026-06-30,230.0,CE,5143950,695800,1848,3.85
2026-06-11,2026-06-30,230.0,PE,2900350,-1182150,558,17.04
2026-06-11,2026-06-30,232.5,CE,624800,7100,155,3.31
2026-06-11,2026-06-30,232.5,PE,447300,-17750,18,19.03
2026-06-11,2026-06-30,235.0,CE,2708650,-78100,710,2.88
2026-06-11,2026-06-30,235.0,PE,951400,-7100,26,21.28
2026-06-11,2026-06-30,237.5,CE,624800,-49700,215,2.46
2026-06-11,2026-06-30,237.5,PE,124250,-3550,1,22.57
2026-06-11,2026-06-30,240.0,CE,7082250,120700,1136,2.16
2026-06-11,2026-06-30,240.0,PE,1735950,-17750,12,25.2
2026-06-11,2026-06-30,242.5,CE,440200,-3550,141,1.89
2026-06-11,2026-06-30,242.5,PE,454400,0,1,23.55
2026-06-11,2026-06-30,245.0,CE,2499200,7100,343,1.66
2026-06-11,2026-06-30,245.0,PE,681600,-3550,6,29.5
2026-06-11,2026-06-30,247.5,CE,702900,-60350,146,1.48
2026-06-11,2026-06-30,247.5,PE,557350,0,0,28.0
2026-06-11,2026-06-30,250.0,CE,9350700,273350,1096,1.32
2026-06-11,2026-06-30,250.0,PE,1721750,-14200,12,33.61
2026-06-11,2026-06-30,252.5,CE,756150,-220100,135,1.15
2026-06-11,2026-06-30,252.5,PE,241400,-7100,3,32.81
2026-06-11,2026-06-30,255.0,CE,1551350,60350,280,1.03
2026-06-11,2026-06-30,255.0,PE,138450,-3550,1,34.46
2026-06-11,2026-06-30,257.5,CE,205900,-10650,7,0.88
2026-06-11,2026-06-30,257.5,PE,0,0,0,40.3
2026-06-11,2026-06-30,260.0,CE,3731050,-479250,990,0.82
2026-06-11,2026-06-30,260.0,PE,461500,0,0,37.8
2026-06-11,2026-06-30,262.5,CE,149100,-14200,10,0.85
2026-06-11,2026-06-30,262.5,PE,0,0,0,44.14
2026-06-11,2026-06-30,265.0,CE,1469700,-3550,228,0.66
2026-06-11,2026-06-30,265.0,PE,17750,0,0,23.58
2026-06-11,2026-06-30,267.5,CE,181050,0,0,1.26
2026-06-11,2026-06-30,270.0,CE,1491000,-209450,782,0.55
2026-06-11,2026-06-30,270.0,PE,39050,0,0,28.0
2026-06-11,2026-06-30,272.5,CE,134900,-3550,1,0.6
2026-06-11,2026-06-30,275.0,CE,422450,-113600,77,0.42
2026-06-11,2026-06-30,275.0,PE,0,0,0,54.26
2026-06-11,2026-06-30,277.5,CE,120700,0,0,0.71
2026-06-11,2026-06-30,280.0,CE,2179700,-17750,220,0.37
2026-06-11,2026-06-30,280.0,PE,14200,0,0,32.05
2026-06-11,2026-07-28,195.0,CE,0,0,0,40.73
2026-06-11,2026-07-28,195.0,PE,3550,3550,1,4.0
2026-06-11,2026-07-28,200.0,CE,7100,7100,2,24.9
2026-06-11,2026-07-28,200.0,PE,81650,0,19,6.27
2026-06-11,2026-07-28,205.0,CE,0,0,0,34.46
2026-06-11,2026-07-28,205.0,PE,21300,0,0,4.8
2026-06-11,2026-07-28,207.5,CE,0,0,0,45.06
2026-06-11,2026-07-28,207.5,PE,0,0,0,5.9
2026-06-11,2026-07-28,210.0,CE,7100,7100,4,18.0
2026-06-11,2026-07-28,210.0,PE,497000,39050,26,9.25
2026-06-11,2026-07-28,212.5,CE,0,0,0,41.42
2026-06-11,2026-07-28,212.5,PE,0,0,0,7.21
2026-06-11,2026-07-28,215.0,CE,0,0,0,28.92
2026-06-11,2026-07-28,215.0,PE,7100,7100,5,10.97
2026-06-11,2026-07-28,217.5,CE,0,0,0,37.94
2026-06-11,2026-07-28,217.5,PE,0,0,0,8.68
2026-06-11,2026-07-28,220.0,CE,78100,71000,22,13.8
2026-06-11,2026-07-28,220.0,PE,110050,7100,4,12.0
2026-06-11,2026-07-28,222.5,CE,0,0,0,34.65
2026-06-11,2026-07-28,222.5,PE,0,0,0,10.34
2026-06-11,2026-07-28,225.0,CE,42600,-7100,18,10.2
2026-06-11,2026-07-28,225.0,PE,17750,17750,5,14.4
2026-06-11,2026-07-28,227.5,CE,0,0,0,31.56
2026-06-11,2026-07-28,227.5,PE,0,0,0,12.2
2026-06-11,2026-07-28,230.0,CE,1366750,106500,95,8.55
2026-06-11,2026-07-28,230.0,PE,1139550,-7100,17,19.93
2026-06-11,2026-07-28,232.5,CE,0,0,0,28.66
2026-06-11,2026-07-28,232.5,PE,3550,0,0,15.9
2026-06-11,2026-07-28,235.0,CE,7100,3550,2,7.0
2026-06-11,2026-07-28,235.0,PE,0,0,0,28.14
2026-06-11,2026-07-28,237.5,CE,0,0,0,25.95
2026-06-11,2026-07-28,237.5,PE,3550,0,0,13.55
2026-06-11,2026-07-28,240.0,CE,269800,74550,55,5.96
2026-06-11,2026-07-28,240.0,PE,99400,0,0,17.68
2026-06-11,2026-07-28,242.5,CE,0,0,0,23.43
2026-06-11,2026-07-28,242.5,PE,0,0,0,18.91
2026-06-11,2026-07-28,245.0,CE,0,0,0,16.28
2026-06-11,2026-07-28,245.0,PE,0,0,0,34.41
2026-06-11,2026-07-28,247.5,CE,0,0,0,21.09
2026-06-11,2026-07-28,247.5,PE,0,0,0,21.52
2026-06-11,2026-07-28,250.0,CE,369200,92300,92,4.21
2026-06-11,2026-07-28,250.0,PE,35500,3550,1,32.2
2026-06-11,2026-07-28,252.5,CE,0,0,0,18.94
2026-06-11,2026-07-28,252.5,PE,0,0,0,24.32
2026-06-11,2026-07-28,255.0,CE,0,0,0,13.26
2026-06-11,2026-07-28,255.0,PE,0,0,0,41.25
2026-06-11,2026-07-28,257.5,CE,0,0,0,7.95
2026-06-11,2026-07-28,257.5,PE,0,0,0,27.29
2026-06-11,2026-07-28,260.0,CE,230750,17750,28,2.96
2026-06-11,2026-07-28,260.0,PE,3550,0,0,23.6
2026-06-11,2026-07-28,262.5,CE,0,0,0,15.15
2026-06-11,2026-07-28,262.5,PE,0,0,0,30.43
2026-06-11,2026-07-28,265.0,CE,0,0,0,10.74
2026-06-11,2026-07-28,265.0,PE,0,0,0,48.59
2026-06-11,2026-07-28,270.0,CE,156200,117150,56,2.4
2026-06-11,2026-07-28,270.0,PE,0,0,0,52.42
2026-06-11,2026-07-28,275.0,CE,0,0,0,9.57
2026-06-11,2026-07-28,275.0,PE,0,0,0,50.91
2026-06-11,2026-07-28,280.0,CE,17750,10650,6,1.67
2026-06-11,2026-08-25,200.0,CE,0,0,0,54.14
2026-06-11,2026-08-25,200.0,PE,0,0,0,6.65
2026-06-11,2026-08-25,205.0,CE,0,0,0,50.5
2026-06-11,2026-08-25,205.0,PE,0,0,0,7.94
2026-06-11,2026-08-25,210.0,CE,0,0,0,47.0
2026-06-11,2026-08-25,210.0,PE,0,0,0,9.37
2026-06-11,2026-08-25,215.0,CE,0,0,0,43.66
2026-06-11,2026-08-25,215.0,PE,0,0,0,10.96
2026-06-11,2026-08-25,220.0,CE,0,0,0,40.48
2026-06-11,2026-08-25,220.0,PE,0,0,0,12.7
2026-06-11,2026-08-25,225.0,CE,0,0,0,37.46
2026-06-11,2026-08-25,225.0,PE,0,0,0,14.61
2026-06-11,2026-08-25,230.0,CE,0,0,0,34.61
2026-06-11,2026-08-25,230.0,PE,3550,0,0,15.0
2026-06-11,2026-08-25,235.0,CE,0,0,0,31.92
2026-06-11,2026-08-25,235.0,PE,0,0,0,18.91
2026-06-11,2026-08-25,240.0,CE,0,0,0,29.38
2026-06-11,2026-08-25,240.0,PE,0,0,0,21.31
2026-06-11,2026-08-25,245.0,CE,0,0,0,27.0
2026-06-11,2026-08-25,245.0,PE,0,0,0,23.85
2026-06-11,2026-08-25,250.0,CE,0,0,0,24.78
2026-06-11,2026-08-25,250.0,PE,0,0,0,26.55
2026-06-11,2026-08-25,255.0,CE,0,0,0,22.7
2026-06-11,2026-08-25,255.0,PE,0,0,0,29.4
2026-06-11,2026-08-25,260.0,CE,0,0,0,20.76
2026-06-11,2026-08-25,260.0,PE,0,0,0,32.39
2026-06-11,2026-08-25,265.0,CE,0,0,0,18.96
2026-06-11,2026-08-25,265.0,PE,0,0,0,35.52
2026-06-11,2026-08-25,270.0,CE,0,0,0,17.29
2026-06-11,2026-08-25,270.0,PE,0,0,0,38.77
2026-06-12,2026-06-30,180.0,CE,10650,0,0,41.5
2026-06-12,2026-06-30,180.0,PE,717100,134900,143,0.16
2026-06-12,2026-06-30,185.0,CE,3550,0,0,37.0
2026-06-12,2026-06-30,190.0,CE,10650,0,0,35.2
2026-06-12,2026-06-30,190.0,PE,404700,-28400,147,0.41
2026-06-12,2026-06-30,195.0,CE,10650,0,0,38.0
2026-06-12,2026-06-30,195.0,PE,294650,-7100,108,0.62
2026-06-12,2026-06-30,200.0,CE,248500,0,61,25.13
2026-06-12,2026-06-30,200.0,PE,2747700,-248500,541,1.04
2026-06-12,2026-06-30,202.5,CE,0,0,0,43.55
2026-06-12,2026-06-30,202.5,PE,134900,106500,72,1.32
2026-06-12,2026-06-30,205.0,CE,3550,0,0,27.25
2026-06-12,2026-06-30,205.0,PE,1065000,46150,385,1.64
2026-06-12,2026-06-30,207.5,CE,0,0,0,28.96
2026-06-12,2026-06-30,207.5,PE,3550,3550,1,1.25
2026-06-12,2026-06-30,210.0,CE,727750,17750,157,17.05
2026-06-12,2026-06-30,210.0,PE,3368950,-42600,745,2.67
2026-06-12,2026-06-30,212.5,CE,0,0,0,24.95
2026-06-12,2026-06-30,212.5,PE,142000,0,108,3.52
2026-06-12,2026-06-30,215.0,CE,248500,-17750,292,13.31
2026-06-12,2026-06-30,215.0,PE,898150,-35500,513,4.03
2026-06-12,2026-06-30,217.5,CE,308850,120700,475,11.52
2026-06-12,2026-06-30,217.5,PE,507650,209450,253,4.95
2026-06-12,2026-06-30,220.0,CE,4256450,-2428200,4261,10.05
2026-06-12,2026-06-30,220.0,PE,5676450,337250,898,5.89
2026-06-12,2026-06-30,222.5,CE,173950,7100,368,8.81
2026-06-12,2026-06-30,222.5,PE,191700,39050,101,6.81
2026-06-12,2026-06-30,225.0,CE,1551350,10650,1347,7.59
2026-06-12,2026-06-30,225.0,PE,1008200,-39050,113,8.32
2026-06-12,2026-06-30,227.5,CE,631900,78100,243,6.68
2026-06-12,2026-06-30,227.5,PE,550250,-216550,92,9.7
2026-06-12,2026-06-30,230.0,CE,5520250,376300,2679,5.62
2026-06-12,2026-06-30,230.0,PE,2701550,-198800,174,11.44
2026-06-12,2026-06-30,232.5,CE,560900,-63900,176,4.97
2026-06-12,2026-06-30,232.5,PE,447300,0,0,19.03
2026-06-12,2026-06-30,235.0,CE,2623450,-85200,621,4.26
2026-06-12,2026-06-30,235.0,PE,930100,-21300,32,15.09
2026-06-12,2026-06-30,237.5,CE,646100,21300,281,3.65
2026-06-12,2026-06-30,237.5,PE,124250,0,0,22.57
2026-06-12,2026-06-30,240.0,CE,5861050,-1221200,1952,3.12
2026-06-12,2026-06-30,240.0,PE,1672050,-63900,49,18.78
2026-06-12,2026-06-30,242.5,CE,518300,78100,91,2.7
2026-06-12,2026-06-30,242.5,PE,436650,-17750,10,20.62
2026-06-12,2026-06-30,245.0,CE,2573750,74550,237,2.38
2026-06-12,2026-06-30,245.0,PE,653200,-28400,12,22.97
2026-06-12,2026-06-30,247.5,CE,859100,156200,109,2.05
2026-06-12,2026-06-30,247.5,PE,557350,0,0,28.0
2026-06-12,2026-06-30,250.0,CE,9428800,78100,1893,1.86
2026-06-12,2026-06-30,250.0,PE,1721750,0,0,33.61
2026-06-12,2026-06-30,252.5,CE,781000,24850,73,1.63
2026-06-12,2026-06-30,252.5,PE,241400,0,0,32.81
2026-06-12,2026-06-30,255.0,CE,1668500,117150,264,1.43
2026-06-12,2026-06-30,255.0,PE,138450,0,0,34.46
2026-06-12,2026-06-30,257.5,CE,248500,42600,54,1.19
2026-06-12,2026-06-30,257.5,PE,0,0,0,40.3
2026-06-12,2026-06-30,260.0,CE,3890800,159750,714,1.13
2026-06-12,2026-06-30,260.0,PE,440200,-21300,16,37.5
2026-06-12,2026-06-30,262.5,CE,145550,-3550,28,0.97
2026-06-12,2026-06-30,262.5,PE,0,0,0,44.14
2026-06-12,2026-06-30,265.0,CE,1547800,78100,164,0.91
2026-06-12,2026-06-30,265.0,PE,14200,-3550,3,41.61
2026-06-12,2026-06-30,267.5,CE,145550,-35500,13,0.46
2026-06-12,2026-06-30,270.0,CE,1530050,39050,262,0.74
2026-06-12,2026-06-30,270.0,PE,39050,0,0,28.0
2026-06-12,2026-06-30,272.5,CE,134900,0,0,0.6
2026-06-12,2026-06-30,275.0,CE,365650,-56800,30,0.6
2026-06-12,2026-06-30,275.0,PE,0,0,0,54.26
2026-06-12,2026-06-30,277.5,CE,120700,0,0,0.71
2026-06-12,2026-06-30,280.0,CE,2066100,-113600,222,0.46
2026-06-12,2026-06-30,280.0,PE,14200,0,0,32.05
2026-06-12,2026-07-28,190.0,CE,0,0,0,44.12
2026-06-12,2026-07-28,190.0,PE,3550,3550,1,2.6
2026-06-12,2026-07-28,195.0,CE,0,0,0,40.73
2026-06-12,2026-07-28,195.0,PE,3550,0,0,4.0
2026-06-12,2026-07-28,200.0,CE,7100,0,21,29.7
2026-06-12,2026-07-28,200.0,PE,81650,0,17,4.04
2026-06-12,2026-07-28,202.5,CE,0,0,0,47.24
2026-06-12,2026-07-28,202.5,PE,0,0,0,4.44
2026-06-12,2026-07-28,205.0,CE,0,0,0,34.46
2026-06-12,2026-07-28,205.0,PE,21300,0,0,4.8
2026-06-12,2026-07-28,207.5,CE,0,0,0,45.06
2026-06-12,2026-07-28,207.5,PE,0,0,0,5.9
2026-06-12,2026-07-28,210.0,CE,7100,0,4,21.44
2026-06-12,2026-07-28,210.0,PE,553800,56800,37,6.54
2026-06-12,2026-07-28,212.5,CE,0,0,0,41.42
2026-06-12,2026-07-28,212.5,PE,0,0,0,7.21
2026-06-12,2026-07-28,215.0,CE,0,0,0,28.92
2026-06-12,2026-07-28,215.0,PE,7100,0,0,10.97
2026-06-12,2026-07-28,217.5,CE,0,0,0,37.94
2026-06-12,2026-07-28,217.5,PE,0,0,0,8.68
2026-06-12,2026-07-28,220.0,CE,110050,31950,23,15.65
2026-06-12,2026-07-28,220.0,PE,166850,56800,20,11.1
2026-06-12,2026-07-28,222.5,CE,0,0,0,34.65
2026-06-12,2026-07-28,222.5,PE,0,0,0,10.34
2026-06-12,2026-07-28,225.0,CE,42600,0,6,13.27
2026-06-12,2026-07-28,225.0,PE,17750,0,0,14.4
2026-06-12,2026-07-28,227.5,CE,0,0,0,31.56
2026-06-12,2026-07-28,227.5,PE,0,0,0,12.2
2026-06-12,2026-07-28,230.0,CE,1455500,88750,89,10.92
2026-06-12,2026-07-28,230.0,PE,1153750,14200,20,15.47
2026-06-12,2026-07-28,232.5,CE,0,0,0,28.66
2026-06-12,2026-07-28,232.5,PE,3550,0,0,15.9
2026-06-12,2026-07-28,235.0,CE,7100,0,0,7.0
2026-06-12,2026-07-28,235.0,PE,0,0,0,28.14
2026-06-12,2026-07-28,237.5,CE,0,0,0,25.95
2026-06-12,2026-07-28,237.5,PE,3550,0,0,13.55
2026-06-12,2026-07-28,240.0,CE,315950,46150,41,7.48
2026-06-12,2026-07-28,240.0,PE,99400,0,1,23.0
2026-06-12,2026-07-28,242.5,CE,0,0,0,23.43
2026-06-12,2026-07-28,242.5,PE,0,0,0,18.91
2026-06-12,2026-07-28,245.0,CE,0,0,0,16.28
2026-06-12,2026-07-28,245.0,PE,0,0,0,34.41
2026-06-12,2026-07-28,247.5,CE,0,0,0,21.09
2026-06-12,2026-07-28,247.5,PE,0,0,0,21.52
2026-06-12,2026-07-28,250.0,CE,386950,17750,60,5.29
2026-06-12,2026-07-28,250.0,PE,35500,0,0,32.2
2026-06-12,2026-07-28,252.5,CE,0,0,0,18.94
2026-06-12,2026-07-28,252.5,PE,0,0,0,24.32
2026-06-12,2026-07-28,255.0,CE,0,0,0,13.26
2026-06-12,2026-07-28,255.0,PE,0,0,0,41.25
2026-06-12,2026-07-28,257.5,CE,0,0,0,7.95
2026-06-12,2026-07-28,257.5,PE,0,0,0,27.29
2026-06-12,2026-07-28,260.0,CE,259150,28400,16,3.69
2026-06-12,2026-07-28,260.0,PE,39050,35500,10,38.0
2026-06-12,2026-07-28,262.5,CE,0,0,0,15.15
2026-06-12,2026-07-28,262.5,PE,0,0,0,30.43
2026-06-12,2026-07-28,265.0,CE,0,0,0,10.74
2026-06-12,2026-07-28,265.0,PE,0,0,0,48.59
2026-06-12,2026-07-28,270.0,CE,188150,31950,16,2.05
2026-06-12,2026-07-28,270.0,PE,0,0,0,52.42
2026-06-12,2026-07-28,275.0,CE,0,0,0,9.57
2026-06-12,2026-07-28,275.0,PE,0,0,0,50.91
2026-06-12,2026-07-28,280.0,CE,35500,17750,8,1.75
2026-06-12,2026-08-25,200.0,CE,0,0,0,54.14
2026-06-12,2026-08-25,200.0,PE,0,0,0,6.65
2026-06-12,2026-08-25,205.0,CE,0,0,0,50.5
2026-06-12,2026-08-25,205.0,PE,0,0,0,7.94
2026-06-12,2026-08-25,210.0,CE,0,0,0,47.0
2026-06-12,2026-08-25,210.0,PE,0,0,0,9.37
2026-06-12,2026-08-25,215.0,CE,0,0,0,43.66
2026-06-12,2026-08-25,215.0,PE,0,0,0,10.96
2026-06-12,2026-08-25,220.0,CE,0,0,0,40.48
2026-06-12,2026-08-25,220.0,PE,0,0,0,12.7
2026-06-12,2026-08-25,225.0,CE,0,0,0,37.46
2026-06-12,2026-08-25,225.0,PE,0,0,0,14.61
2026-06-12,2026-08-25,230.0,CE,0,0,0,34.61
2026-06-12,2026-08-25,230.0,PE,3550,0,0,15.0
2026-06-12,2026-08-25,235.0,CE,0,0,0,31.92
2026-06-12,2026-08-25,235.0,PE,0,0,0,18.91
2026-06-12,2026-08-25,240.0,CE,0,0,0,29.38
2026-06-12,2026-08-25,240.0,PE,0,0,0,21.31
2026-06-12,2026-08-25,245.0,CE,0,0,0,27.0
2026-06-12,2026-08-25,245.0,PE,0,0,0,23.85
2026-06-12,2026-08-25,250.0,CE,0,0,0,24.78
2026-06-12,2026-08-25,250.0,PE,0,0,0,26.55
2026-06-12,2026-08-25,255.0,CE,0,0,0,22.7
2026-06-12,2026-08-25,255.0,PE,0,0,0,29.4
2026-06-12,2026-08-25,260.0,CE,0,0,0,20.76
2026-06-12,2026-08-25,260.0,PE,0,0,0,32.39
2026-06-12,2026-08-25,265.0,CE,0,0,0,18.96
2026-06-12,2026-08-25,265.0,PE,0,0,0,35.52
2026-06-12,2026-08-25,270.0,CE,0,0,0,17.29
2026-06-12,2026-08-25,270.0,PE,0,0,0,38.77
2026-06-15,2026-06-30,180.0,CE,10650,0,3,42.04
2026-06-15,2026-06-30,180.0,PE,639000,-78100,166,0.35
2026-06-15,2026-06-30,185.0,CE,3550,0,0,37.0
2026-06-15,2026-06-30,190.0,CE,14200,3550,2,33.68
2026-06-15,2026-06-30,190.0,PE,429550,24850,155,0.61
2026-06-15,2026-06-30,195.0,CE,10650,0,0,38.0
2026-06-15,2026-06-30,195.0,PE,266250,-28400,54,0.84
2026-06-15,2026-06-30,200.0,CE,262700,14200,37,22.75
2026-06-15,2026-06-30,200.0,PE,2825800,78100,368,1.32
2026-06-15,2026-06-30,202.5,CE,0,0,0,43.55
2026-06-15,2026-06-30,202.5,PE,131350,-3550,29,1.59
2026-06-15,2026-06-30,205.0,CE,3550,0,0,27.25
2026-06-15,2026-06-30,205.0,PE,1224750,159750,234,2.03
2026-06-15,2026-06-30,207.5,CE,0,0,0,28.96
2026-06-15,2026-06-30,207.5,PE,21300,17750,6,2.35
2026-06-15,2026-06-30,210.0,CE,855550,127800,65,14.58
2026-06-15,2026-06-30,210.0,PE,3713300,344350,662,3.17
2026-06-15,2026-06-30,212.5,CE,0,0,0,24.95
2026-06-15,2026-06-30,212.5,PE,202350,60350,58,4.01
2026-06-15,2026-06-30,215.0,CE,294650,46150,75,11.23
2026-06-15,2026-06-30,215.0,PE,1025950,127800,294,4.79
2026-06-15,2026-06-30,217.5,CE,301750,-7100,31,9.64
2026-06-15,2026-06-30,217.5,PE,489900,-17750,131,5.75
2026-06-15,2026-06-30,220.0,CE,4654050,397600,1048,8.54
2026-06-15,2026-06-30,220.0,PE,5942700,266250,938,7.11
2026-06-15,2026-06-30,222.5,CE,674500,500550,544,7.39
2026-06-15,2026-06-30,222.5,PE,252050,60350,183,8.18
2026-06-15,2026-06-30,225.0,CE,2474350,923000,1389,6.31
2026-06-15,2026-06-30,225.0,PE,1121800,113600,254,9.81
2026-06-15,2026-06-30,227.5,CE,699350,67450,441,5.49
2026-06-15,2026-06-30,227.5,PE,550250,0,0,9.7
2026-06-15,2026-06-30,230.0,CE,6372250,852000,3622,4.67
2026-06-15,2026-06-30,230.0,PE,2630550,-71000,97,13.02
2026-06-15,2026-06-30,232.5,CE,568000,7100,326,4.03
2026-06-15,2026-06-30,232.5,PE,447300,0,0,19.03
2026-06-15,2026-06-30,235.0,CE,3092050,468600,1417,3.49
2026-06-15,2026-06-30,235.0,PE,940750,10650,38,17.04
2026-06-15,2026-06-30,237.5,CE,820050,173950,729,3.01
2026-06-15,2026-06-30,237.5,PE,110050,-14200,13,18.75
2026-06-15,2026-06-30,240.0,CE,6109550,248500,3521,2.68
2026-06-15,2026-06-30,240.0,PE,1668500,-3550,8,20.3
2026-06-15,2026-06-30,242.5,CE,724200,205900,137,2.29
2026-06-15,2026-06-30,242.5,PE,440200,3550,3,22.46
2026-06-15,2026-06-30,245.0,CE,2818700,244950,1984,1.95
2026-06-15,2026-06-30,245.0,PE,653200,0,0,22.97
2026-06-15,2026-06-30,247.5,CE,972700,113600,88,1.7
2026-06-15,2026-06-30,247.5,PE,557350,0,0,28.0
2026-06-15,2026-06-30,250.0,CE,9986150,557350,1546,1.54
2026-06-15,2026-06-30,250.0,PE,1721750,0,0,33.61
2026-06-15,2026-06-30,252.5,CE,823600,42600,108,1.37
2026-06-15,2026-06-30,252.5,PE,241400,0,0,32.81
2026-06-15,2026-06-30,255.0,CE,1792750,124250,183,1.22
2026-06-15,2026-06-30,255.0,PE,138450,0,0,34.46
2026-06-15,2026-06-30,257.5,CE,255600,7100,33,1.05
2026-06-15,2026-06-30,257.5,PE,0,0,0,40.3
2026-06-15,2026-06-30,260.0,CE,3912100,21300,433,0.91
2026-06-15,2026-06-30,260.0,PE,429550,-10650,9,38.45
2026-06-15,2026-06-30,262.5,CE,138450,-7100,41,0.89
2026-06-15,2026-06-30,262.5,PE,0,0,0,44.14
2026-06-15,2026-06-30,265.0,CE,1462600,-85200,162,0.75
2026-06-15,2026-06-30,265.0,PE,14200,0,0,41.61
2026-06-15,2026-06-30,267.5,CE,159750,14200,16,0.72
2026-06-15,2026-06-30,270.0,CE,1537150,7100,155,0.6
2026-06-15,2026-06-30,270.0,PE,39050,0,0,28.0
2026-06-15,2026-06-30,272.5,CE,127800,-7100,15,0.45
2026-06-15,2026-06-30,275.0,CE,308850,-56800,51,0.47
2026-06-15,2026-06-30,275.0,PE,0,0,0,54.26
2026-06-15,2026-06-30,277.5,CE,131350,10650,14,0.41
2026-06-15,2026-06-30,280.0,CE,2382050,315950,237,0.39
2026-06-15,2026-06-30,280.0,PE,14200,0,0,32.05
2026-06-15,2026-07-28,190.0,CE,0,0,0,44.12
2026-06-15,2026-07-28,190.0,PE,74550,71000,30,2.02
2026-06-15,2026-07-28,195.0,CE,0,0,0,40.73
2026-06-15,2026-07-28,195.0,PE,3550,0,0,4.0
2026-06-15,2026-07-28,200.0,CE,7100,0,0,29.7
2026-06-15,2026-07-28,200.0,PE,170400,88750,34,3.98
2026-06-15,2026-07-28,202.5,CE,0,0,0,47.24
2026-06-15,2026-07-28,202.5,PE,0,0,0,4.44
2026-06-15,2026-07-28,205.0,CE,0,0,0,34.46
2026-06-15,2026-07-28,205.0,PE,14200,-7100,2,4.8
2026-06-15,2026-07-28,207.5,CE,0,0,0,45.06
2026-06-15,2026-07-28,207.5,PE,0,0,0,5.9
2026-06-15,2026-07-28,210.0,CE,7100,0,1,21.44
2026-06-15,2026-07-28,210.0,PE,607050,53250,43,7.11
2026-06-15,2026-07-28,212.5,CE,0,0,0,41.42
2026-06-15,2026-07-28,212.5,PE,0,0,0,7.21
2026-06-15,2026-07-28,215.0,CE,0,0,0,28.92
2026-06-15,2026-07-28,215.0,PE,7100,0,0,10.97
2026-06-15,2026-07-28,217.5,CE,0,0,0,37.94
2026-06-15,2026-07-28,217.5,PE,0,0,0,8.68
2026-06-15,2026-07-28,220.0,CE,159750,49700,27,14.27
2026-06-15,2026-07-28,220.0,PE,191700,24850,24,10.95
2026-06-15,2026-07-28,222.5,CE,0,0,0,34.65
2026-06-15,2026-07-28,222.5,PE,0,0,0,10.34
2026-06-15,2026-07-28,225.0,CE,49700,7100,8,13.15
2026-06-15,2026-07-28,225.0,PE,28400,10650,6,13.73
2026-06-15,2026-07-28,227.5,CE,3550,3550,1,9.83
2026-06-15,2026-07-28,227.5,PE,0,0,0,12.2
2026-06-15,2026-07-28,230.0,CE,1693350,237850,160,10.1
2026-06-15,2026-07-28,230.0,PE,1171500,17750,33,16.5
2026-06-15,2026-07-28,232.5,CE,0,0,0,28.66
2026-06-15,2026-07-28,232.5,PE,3550,0,0,15.9
2026-06-15,2026-07-28,235.0,CE,7100,0,0,7.0
2026-06-15,2026-07-28,235.0,PE,0,0,0,28.14
2026-06-15,2026-07-28,237.5,CE,0,0,0,25.95
2026-06-15,2026-07-28,237.5,PE,3550,0,0,13.55
2026-06-15,2026-07-28,240.0,CE,362100,46150,33,6.75
2026-06-15,2026-07-28,240.0,PE,102950,3550,2,23.65
2026-06-15,2026-07-28,242.5,CE,0,0,0,23.43
2026-06-15,2026-07-28,242.5,PE,0,0,0,18.91
2026-06-15,2026-07-28,245.0,CE,0,0,0,16.28
2026-06-15,2026-07-28,245.0,PE,0,0,0,34.41
2026-06-15,2026-07-28,247.5,CE,0,0,0,21.09
2026-06-15,2026-07-28,247.5,PE,0,0,0,21.52
2026-06-15,2026-07-28,250.0,CE,521850,134900,98,4.71
2026-06-15,2026-07-28,250.0,PE,42600,7100,7,30.8
2026-06-15,2026-07-28,252.5,CE,0,0,0,18.94
2026-06-15,2026-07-28,252.5,PE,0,0,0,24.32
2026-06-15,2026-07-28,255.0,CE,0,0,0,13.26
2026-06-15,2026-07-28,255.0,PE,0,0,0,41.25
2026-06-15,2026-07-28,257.5,CE,0,0,0,7.95
2026-06-15,2026-07-28,257.5,PE,0,0,0,27.29
2026-06-15,2026-07-28,260.0,CE,269800,10650,12,3.17
2026-06-15,2026-07-28,260.0,PE,42600,3550,7,39.55
2026-06-15,2026-07-28,262.5,CE,0,0,0,15.15
2026-06-15,2026-07-28,262.5,PE,0,0,0,30.43
2026-06-15,2026-07-28,265.0,CE,0,0,0,10.74
2026-06-15,2026-07-28,265.0,PE,0,0,0,48.59
2026-06-15,2026-07-28,270.0,CE,234300,46150,64,2.14
2026-06-15,2026-07-28,270.0,PE,0,0,0,52.42
2026-06-15,2026-07-28,275.0,CE,0,0,0,9.57
2026-06-15,2026-07-28,275.0,PE,0,0,0,50.91
2026-06-15,2026-07-28,280.0,CE,39050,3550,4,1.52
2026-06-15,2026-08-25,200.0,CE,0,0,0,54.14
2026-06-15,2026-08-25,200.0,PE,0,0,0,6.65
2026-06-15,2026-08-25,205.0,CE,0,0,0,50.5
2026-06-15,2026-08-25,205.0,PE,0,0,0,7.94
2026-06-15,2026-08-25,210.0,CE,0,0,0,47.0
2026-06-15,2026-08-25,210.0,PE,0,0,0,9.37
2026-06-15,2026-08-25,215.0,CE,0,0,0,43.66
2026-06-15,2026-08-25,215.0,PE,0,0,0,10.96
2026-06-15,2026-08-25,220.0,CE,0,0,0,40.48
2026-06-15,2026-08-25,220.0,PE,0,0,0,12.7
2026-06-15,2026-08-25,225.0,CE,0,0,0,37.46
2026-06-15,2026-08-25,225.0,PE,0,0,0,14.61
2026-06-15,2026-08-25,230.0,CE,0,0,0,34.61
2026-06-15,2026-08-25,230.0,PE,3550,0,0,15.0
2026-06-15,2026-08-25,235.0,CE,0,0,0,31.92
2026-06-15,2026-08-25,235.0,PE,0,0,0,18.91
2026-06-15,2026-08-25,240.0,CE,0,0,0,29.38
2026-06-15,2026-08-25,240.0,PE,0,0,0,21.31
2026-06-15,2026-08-25,245.0,CE,0,0,0,27.0
2026-06-15,2026-08-25,245.0,PE,0,0,0,23.85
2026-06-15,2026-08-25,250.0,CE,0,0,0,24.78
2026-06-15,2026-08-25,250.0,PE,0,0,0,26.55
2026-06-15,2026-08-25,255.0,CE,0,0,0,22.7
2026-06-15,2026-08-25,255.0,PE,0,0,0,29.4
2026-06-15,2026-08-25,260.0,CE,0,0,0,20.76
2026-06-15,2026-08-25,260.0,PE,0,0,0,32.39
2026-06-15,2026-08-25,265.0,CE,0,0,0,18.96
2026-06-15,2026-08-25,265.0,PE,0,0,0,35.52
2026-06-15,2026-08-25,270.0,CE,0,0,0,17.29
2026-06-15,2026-08-25,270.0,PE,0,0,0,38.77
2026-06-16,2026-06-30,180.0,CE,10650,0,0,42.04
2026-06-16,2026-06-30,180.0,PE,727750,88750,109,0.17
2026-06-16,2026-06-30,185.0,CE,3550,0,0,37.0
2026-06-16,2026-06-30,190.0,CE,10650,-3550,7,34.62
2026-06-16,2026-06-30,190.0,PE,457950,28400,93,0.41
2026-06-16,2026-06-30,195.0,CE,10650,0,0,38.0
2026-06-16,2026-06-30,195.0,PE,298200,31950,32,0.7
2026-06-16,2026-06-30,200.0,CE,259150,-3550,60,25.09
2026-06-16,2026-06-30,200.0,PE,3077850,252050,268,1.1
2026-06-16,2026-06-30,202.5,CE,0,0,0,43.55
2026-06-16,2026-06-30,202.5,PE,149100,17750,13,1.47
2026-06-16,2026-06-30,205.0,CE,21300,17750,9,20.76
2026-06-16,2026-06-30,205.0,PE,1455500,230750,279,1.84
2026-06-16,2026-06-30,207.5,CE,0,0,0,28.96
2026-06-16,2026-06-30,207.5,PE,85200,63900,169,2.25
2026-06-16,2026-06-30,210.0,CE,873300,17750,63,16.95
2026-06-16,2026-06-30,210.0,PE,3922750,209450,558,2.86
2026-06-16,2026-06-30,212.5,CE,0,0,0,24.95
2026-06-16,2026-06-30,212.5,PE,173950,-28400,287,3.5
2026-06-16,2026-06-30,215.0,CE,326600,31950,134,13.23
2026-06-16,2026-06-30,215.0,PE,1096950,71000,231,4.36
2026-06-16,2026-06-30,217.5,CE,386950,85200,96,11.68
2026-06-16,2026-06-30,217.5,PE,511200,21300,187,5.24
2026-06-16,2026-06-30,220.0,CE,4888350,234300,1750,10.12
2026-06-16,2026-06-30,220.0,PE,5949800,7100,1079,6.31
2026-06-16,2026-06-30,222.5,CE,688700,14200,741,8.86
2026-06-16,2026-06-30,222.5,PE,294650,42600,182,7.43
2026-06-16,2026-06-30,225.0,CE,6769850,4295500,3725,7.68
2026-06-16,2026-06-30,225.0,PE,1771450,649650,371,8.77
2026-06-16,2026-06-30,227.5,CE,702900,3550,423,6.5
2026-06-16,2026-06-30,227.5,PE,550250,0,0,9.7
2026-06-16,2026-06-30,230.0,CE,7465650,1093400,3341,5.57
2026-06-16,2026-06-30,230.0,PE,2616350,-14200,110,11.66
2026-06-16,2026-06-30,232.5,CE,695800,127800,968,4.76
2026-06-16,2026-06-30,232.5,PE,447300,0,0,19.03
2026-06-16,2026-06-30,235.0,CE,2715750,-376300,2577,4.04
2026-06-16,2026-06-30,235.0,PE,940750,0,0,17.04
2026-06-16,2026-06-30,237.5,CE,692250,-127800,1377,3.44
2026-06-16,2026-06-30,237.5,PE,110050,0,0,18.75
2026-06-16,2026-06-30,240.0,CE,5779400,-330150,1616,2.91
2026-06-16,2026-06-30,240.0,PE,1597500,-71000,37,19.11
2026-06-16,2026-06-30,242.5,CE,649650,-74550,1683,2.46
2026-06-16,2026-06-30,242.5,PE,440200,0,0,22.46
2026-06-16,2026-06-30,245.0,CE,2815150,-3550,701,2.11
2026-06-16,2026-06-30,245.0,PE,663850,10650,11,23.06
2026-06-16,2026-06-30,247.5,CE,1040150,67450,73,1.78
2026-06-16,2026-06-30,247.5,PE,557350,0,0,28.0
2026-06-16,2026-06-30,250.0,CE,10195600,209450,2250,1.53
2026-06-16,2026-06-30,250.0,PE,1728850,7100,8,27.5
2026-06-16,2026-06-30,252.5,CE,816500,-7100,34,1.28
2026-06-16,2026-06-30,252.5,PE,241400,0,3,30.55
2026-06-16,2026-06-30,255.0,CE,1725300,-67450,185,1.13
2026-06-16,2026-06-30,255.0,PE,138450,0,0,34.46
2026-06-16,2026-06-30,257.5,CE,259150,3550,28,0.98
2026-06-16,2026-06-30,257.5,PE,0,0,0,40.3
2026-06-16,2026-06-30,260.0,CE,3610350,-301750,765,0.87
2026-06-16,2026-06-30,260.0,PE,429550,0,4,37.15
2026-06-16,2026-06-30,262.5,CE,120700,-17750,43,0.76
2026-06-16,2026-06-30,262.5,PE,10650,10650,3,41.06
2026-06-16,2026-06-30,265.0,CE,1437750,-24850,183,0.68
2026-06-16,2026-06-30,265.0,PE,14200,0,0,41.61
2026-06-16,2026-06-30,267.5,CE,156200,-3550,8,0.6
2026-06-16,2026-06-30,270.0,CE,1444850,-92300,149,0.53
2026-06-16,2026-06-30,270.0,PE,39050,0,0,28.0
2026-06-16,2026-06-30,272.5,CE,138450,10650,5,0.43
2026-06-16,2026-06-30,275.0,CE,376300,67450,48,0.42
2026-06-16,2026-06-30,275.0,PE,0,0,0,54.26
2026-06-16,2026-06-30,277.5,CE,131350,0,2,0.25
2026-06-16,2026-06-30,280.0,CE,2225850,-156200,191,0.35
2026-06-16,2026-06-30,280.0,PE,14200,0,0,32.05
2026-06-16,2026-07-28,190.0,CE,0,0,0,44.12
2026-06-16,2026-07-28,190.0,PE,220100,145550,55,2.19
2026-06-16,2026-07-28,195.0,CE,0,0,0,40.73
2026-06-16,2026-07-28,195.0,PE,10650,7100,2,2.32
2026-06-16,2026-07-28,200.0,CE,7100,0,0,29.7
2026-06-16,2026-07-28,200.0,PE,269800,99400,48,3.86
2026-06-16,2026-07-28,202.5,CE,0,0,0,47.24
2026-06-16,2026-07-28,202.5,PE,0,0,0,4.44
2026-06-16,2026-07-28,205.0,CE,0,0,0,34.46
2026-06-16,2026-07-28,205.0,PE,14200,0,0,4.8
2026-06-16,2026-07-28,207.5,CE,0,0,0,45.06
2026-06-16,2026-07-28,207.5,PE,0,0,0,5.9
2026-06-16,2026-07-28,210.0,CE,7100,0,0,21.44
2026-06-16,2026-07-28,210.0,PE,589300,-17750,18,6.25
2026-06-16,2026-07-28,212.5,CE,0,0,0,41.42
2026-06-16,2026-07-28,212.5,PE,0,0,0,7.21
2026-06-16,2026-07-28,215.0,CE,0,0,0,28.92
2026-06-16,2026-07-28,215.0,PE,7100,0,0,10.97
2026-06-16,2026-07-28,217.5,CE,0,0,0,37.94
2026-06-16,2026-07-28,217.5,PE,0,0,0,8.68
2026-06-16,2026-07-28,220.0,CE,184600,24850,36,15.4
2026-06-16,2026-07-28,220.0,PE,216550,24850,22,10.4
2026-06-16,2026-07-28,222.5,CE,0,0,0,34.65
2026-06-16,2026-07-28,222.5,PE,0,0,0,10.34
2026-06-16,2026-07-28,225.0,CE,63900,14200,10,13.28
2026-06-16,2026-07-28,225.0,PE,53250,24850,10,13.0
2026-06-16,2026-07-28,227.5,CE,3550,0,0,9.83
2026-06-16,2026-07-28,227.5,PE,0,0,0,12.2
2026-06-16,2026-07-28,230.0,CE,1732400,39050,100,11.03
2026-06-16,2026-07-28,230.0,PE,1185700,14200,18,15.35
2026-06-16,2026-07-28,232.5,CE,0,0,0,28.66
2026-06-16,2026-07-28,232.5,PE,3550,0,0,15.9
2026-06-16,2026-07-28,235.0,CE,7100,0,0,7.0
2026-06-16,2026-07-28,235.0,PE,0,0,0,28.14
2026-06-16,2026-07-28,237.5,CE,0,0,0,25.95
2026-06-16,2026-07-28,237.5,PE,3550,0,0,13.55
2026-06-16,2026-07-28,240.0,CE,390500,28400,67,7.44
2026-06-16,2026-07-28,240.0,PE,120700,17750,6,22.25
2026-06-16,2026-07-28,242.5,CE,0,0,0,23.43
2026-06-16,2026-07-28,242.5,PE,0,0,0,18.91
2026-06-16,2026-07-28,245.0,CE,0,0,0,16.28
2026-06-16,2026-07-28,245.0,PE,0,0,0,34.41
2026-06-16,2026-07-28,247.5,CE,0,0,0,21.09
2026-06-16,2026-07-28,247.5,PE,0,0,0,21.52
2026-06-16,2026-07-28,250.0,CE,585750,63900,64,5.21
2026-06-16,2026-07-28,250.0,PE,42600,0,0,30.8
2026-06-16,2026-07-28,252.5,CE,0,0,0,18.94
2026-06-16,2026-07-28,252.5,PE,0,0,0,24.32
2026-06-16,2026-07-28,255.0,CE,0,0,0,13.26
2026-06-16,2026-07-28,255.0,PE,0,0,0,41.25
2026-06-16,2026-07-28,257.5,CE,0,0,0,7.95
2026-06-16,2026-07-28,257.5,PE,0,0,0,27.29
2026-06-16,2026-07-28,260.0,CE,337250,67450,50,3.45
2026-06-16,2026-07-28,260.0,PE,49700,7100,3,39.95
2026-06-16,2026-07-28,262.5,CE,0,0,0,15.15
2026-06-16,2026-07-28,262.5,PE,0,0,0,30.43
2026-06-16,2026-07-28,265.0,CE,0,0,0,10.74
2026-06-16,2026-07-28,265.0,PE,0,0,0,48.59
2026-06-16,2026-07-28,270.0,CE,344350,110050,60,2.31
2026-06-16,2026-07-28,270.0,PE,0,0,0,52.42
2026-06-16,2026-07-28,275.0,CE,0,0,0,9.57
2026-06-16,2026-07-28,275.0,PE,0,0,0,50.91
2026-06-16,2026-07-28,280.0,CE,39050,0,0,1.52
2026-06-16,2026-08-25,200.0,CE,0,0,0,54.14
2026-06-16,2026-08-25,200.0,PE,0,0,0,6.65
2026-06-16,2026-08-25,205.0,CE,0,0,0,50.5
2026-06-16,2026-08-25,205.0,PE,0,0,0,7.94
2026-06-16,2026-08-25,210.0,CE,0,0,0,47.0
2026-06-16,2026-08-25,210.0,PE,0,0,0,9.37
2026-06-16,2026-08-25,215.0,CE,0,0,0,43.66
2026-06-16,2026-08-25,215.0,PE,0,0,0,10.96
2026-06-16,2026-08-25,220.0,CE,0,0,0,40.48
2026-06-16,2026-08-25,220.0,PE,0,0,0,12.7
2026-06-16,2026-08-25,225.0,CE,0,0,0,37.46
2026-06-16,2026-08-25,225.0,PE,0,0,0,14.61
2026-06-16,2026-08-25,230.0,CE,0,0,0,34.61
2026-06-16,2026-08-25,230.0,PE,3550,0,0,15.0
2026-06-16,2026-08-25,235.0,CE,0,0,0,31.92
2026-06-16,2026-08-25,235.0,PE,0,0,0,18.91
2026-06-16,2026-08-25,240.0,CE,0,0,0,29.38
2026-06-16,2026-08-25,240.0,PE,0,0,0,21.31
2026-06-16,2026-08-25,245.0,CE,0,0,0,27.0
2026-06-16,2026-08-25,245.0,PE,0,0,0,23.85
2026-06-16,2026-08-25,250.0,CE,0,0,0,24.78
2026-06-16,2026-08-25,250.0,PE,0,0,0,26.55
2026-06-16,2026-08-25,255.0,CE,0,0,0,22.7
2026-06-16,2026-08-25,255.0,PE,0,0,0,29.4
2026-06-16,2026-08-25,260.0,CE,0,0,0,20.76
2026-06-16,2026-08-25,260.0,PE,0,0,0,32.39
2026-06-16,2026-08-25,265.0,CE,0,0,0,18.96
2026-06-16,2026-08-25,265.0,PE,0,0,0,35.52
2026-06-16,2026-08-25,270.0,CE,0,0,0,17.29
2026-06-16,2026-08-25,270.0,PE,0,0,0,38.77
2026-06-17,2026-06-30,180.0,CE,10650,0,0,42.04
2026-06-17,2026-06-30,180.0,PE,724200,-3550,62,0.14
2026-06-17,2026-06-30,185.0,CE,3550,0,0,37.0
2026-06-17,2026-06-30,190.0,CE,10650,0,0,34.62
2026-06-17,2026-06-30,190.0,PE,489900,31950,62,0.36
2026-06-17,2026-06-30,195.0,CE,10650,0,0,38.0
2026-06-17,2026-06-30,195.0,PE,308850,10650,15,0.58
2026-06-17,2026-06-30,200.0,CE,997550,738400,280,22.44
2026-06-17,2026-06-30,200.0,PE,3404450,326600,270,0.96
2026-06-17,2026-06-30,202.5,CE,0,0,0,43.55
2026-06-17,2026-06-30,202.5,PE,159750,10650,12,1.2
2026-06-17,2026-06-30,205.0,CE,21300,0,0,20.76
2026-06-17,2026-06-30,205.0,PE,2030600,575100,350,1.53
2026-06-17,2026-06-30,207.5,CE,0,0,0,28.96
2026-06-17,2026-06-30,207.5,PE,120700,35500,23,2.03
2026-06-17,2026-06-30,210.0,CE,969150,95850,109,14.27
2026-06-17,2026-06-30,210.0,PE,4071850,149100,719,2.54
2026-06-17,2026-06-30,212.5,CE,0,0,0,24.95
2026-06-17,2026-06-30,212.5,PE,191700,17750,13,3.28
2026-06-17,2026-06-30,215.0,CE,347900,21300,68,10.83
2026-06-17,2026-06-30,215.0,PE,1249600,152650,264,4.15
2026-06-17,2026-06-30,217.5,CE,390500,3550,42,9.32
2026-06-17,2026-06-30,217.5,PE,500550,-10650,85,5.13
2026-06-17,2026-06-30,220.0,CE,5584150,695800,1832,7.96
2026-06-17,2026-06-30,220.0,PE,6006600,56800,714,6.34
2026-06-17,2026-06-30,222.5,CE,1238950,550250,531,6.82
2026-06-17,2026-06-30,222.5,PE,422450,127800,150,7.65
2026-06-17,2026-06-30,225.0,CE,8807550,2037700,2493,5.86
2026-06-17,2026-06-30,225.0,PE,1952500,181050,164,9.19
2026-06-17,2026-06-30,227.5,CE,777450,74550,214,5.03
2026-06-17,2026-06-30,227.5,PE,550250,0,0,9.7
2026-06-17,2026-06-30,230.0,CE,7398200,-67450,2427,4.21
2026-06-17,2026-06-30,230.0,PE,2744150,127800,113,12.55
2026-06-17,2026-06-30,232.5,CE,667400,-28400,151,3.62
2026-06-17,2026-06-30,232.5,PE,436650,-10650,7,14.8
2026-06-17,2026-06-30,235.0,CE,2769000,53250,721,3.07
2026-06-17,2026-06-30,235.0,PE,940750,0,11,16.65
2026-06-17,2026-06-30,237.5,CE,656750,-35500,627,2.68
2026-06-17,2026-06-30,237.5,PE,110050,0,0,18.75
2026-06-17,2026-06-30,240.0,CE,6627850,848450,3520,2.31
2026-06-17,2026-06-30,240.0,PE,1583300,-14200,18,20.59
2026-06-17,2026-06-30,242.5,CE,720650,71000,156,1.98
2026-06-17,2026-06-30,242.5,PE,440200,0,0,22.46
2026-06-17,2026-06-30,245.0,CE,3212750,397600,1279,1.7
2026-06-17,2026-06-30,245.0,PE,663850,0,11,24.73
2026-06-17,2026-06-30,247.5,CE,1043700,3550,46,1.51
2026-06-17,2026-06-30,247.5,PE,557350,0,0,28.0
2026-06-17,2026-06-30,250.0,CE,11178950,983350,1674,1.3
2026-06-17,2026-06-30,250.0,PE,1728850,0,10,29.34
2026-06-17,2026-06-30,252.5,CE,809400,-7100,21,1.16
2026-06-17,2026-06-30,252.5,PE,241400,0,0,30.55
2026-06-17,2026-06-30,255.0,CE,1899250,173950,182,0.98
2026-06-17,2026-06-30,255.0,PE,138450,0,0,34.46
2026-06-17,2026-06-30,257.5,CE,259150,0,5,0.88
2026-06-17,2026-06-30,257.5,PE,0,0,0,40.3
2026-06-17,2026-06-30,260.0,CE,3709750,99400,347,0.78
2026-06-17,2026-06-30,260.0,PE,429550,0,15,38.65
2026-06-17,2026-06-30,262.5,CE,113600,-7100,8,0.7
2026-06-17,2026-06-30,262.5,PE,10650,0,0,41.06
2026-06-17,2026-06-30,265.0,CE,1409350,-28400,103,0.63
2026-06-17,2026-06-30,265.0,PE,14200,0,0,41.61
2026-06-17,2026-06-30,267.5,CE,163300,7100,6,0.56
2026-06-17,2026-06-30,270.0,CE,1462600,17750,103,0.48
2026-06-17,2026-06-30,270.0,PE,39050,0,0,28.0
2026-06-17,2026-06-30,272.5,CE,138450,0,0,0.43
2026-06-17,2026-06-30,275.0,CE,433100,56800,43,0.37
2026-06-17,2026-06-30,275.0,PE,0,0,0,54.26
2026-06-17,2026-06-30,277.5,CE,131350,0,0,0.25
2026-06-17,2026-06-30,280.0,CE,2161950,-63900,152,0.31
2026-06-17,2026-06-30,280.0,PE,14200,0,0,32.05
2026-06-17,2026-07-28,190.0,CE,0,0,0,44.12
2026-06-17,2026-07-28,190.0,PE,415350,195250,70,2.01
2026-06-17,2026-07-28,195.0,CE,0,0,0,40.73
2026-06-17,2026-07-28,195.0,PE,10650,0,1,2.69
2026-06-17,2026-07-28,200.0,CE,7100,0,0,29.7
2026-06-17,2026-07-28,200.0,PE,383400,113600,75,3.93
2026-06-17,2026-07-28,202.5,CE,0,0,0,47.24
2026-06-17,2026-07-28,202.5,PE,0,0,0,4.44
2026-06-17,2026-07-28,205.0,CE,0,0,0,34.46
2026-06-17,2026-07-28,205.0,PE,14200,0,0,4.8
2026-06-17,2026-07-28,207.5,CE,0,0,0,45.06
2026-06-17,2026-07-28,207.5,PE,0,0,0,5.9
2026-06-17,2026-07-28,210.0,CE,7100,0,0,21.44
2026-06-17,2026-07-28,210.0,PE,639000,49700,18,6.85
2026-06-17,2026-07-28,212.5,CE,0,0,0,41.42
2026-06-17,2026-07-28,212.5,PE,0,0,0,7.21
2026-06-17,2026-07-28,215.0,CE,0,0,0,28.92
2026-06-17,2026-07-28,215.0,PE,14200,7100,2,8.25
2026-06-17,2026-07-28,217.5,CE,0,0,0,37.94
2026-06-17,2026-07-28,217.5,PE,0,0,0,8.68
2026-06-17,2026-07-28,220.0,CE,678050,493450,173,13.88
2026-06-17,2026-07-28,220.0,PE,447300,230750,83,11.06
2026-06-17,2026-07-28,222.5,CE,0,0,0,34.65
2026-06-17,2026-07-28,222.5,PE,0,0,0,10.34
2026-06-17,2026-07-28,225.0,CE,95850,31950,21,11.35
2026-06-17,2026-07-28,225.0,PE,56800,3550,3,14.03
2026-06-17,2026-07-28,227.5,CE,3550,0,0,9.83
2026-06-17,2026-07-28,227.5,PE,0,0,0,12.2
2026-06-17,2026-07-28,230.0,CE,1743050,10650,31,9.54
2026-06-17,2026-07-28,230.0,PE,1199900,14200,17,16.4
2026-06-17,2026-07-28,232.5,CE,0,0,0,28.66
2026-06-17,2026-07-28,232.5,PE,3550,0,0,15.9
2026-06-17,2026-07-28,235.0,CE,7100,0,0,7.0
2026-06-17,2026-07-28,235.0,PE,31950,31950,9,19.9
2026-06-17,2026-07-28,237.5,CE,0,0,0,25.95
2026-06-17,2026-07-28,237.5,PE,3550,0,0,13.55
2026-06-17,2026-07-28,240.0,CE,408250,17750,14,6.41
2026-06-17,2026-07-28,240.0,PE,138450,17750,8,23.4
2026-06-17,2026-07-28,242.5,CE,0,0,0,23.43
2026-06-17,2026-07-28,242.5,PE,0,0,0,18.91
2026-06-17,2026-07-28,245.0,CE,0,0,0,16.28
2026-06-17,2026-07-28,245.0,PE,14200,14200,4,26.8
2026-06-17,2026-07-28,247.5,CE,0,0,0,21.09
2026-06-17,2026-07-28,247.5,PE,0,0,0,21.52
2026-06-17,2026-07-28,250.0,CE,717100,131350,102,4.34
2026-06-17,2026-07-28,250.0,PE,42600,0,0,30.8
2026-06-17,2026-07-28,252.5,CE,0,0,0,18.94
2026-06-17,2026-07-28,252.5,PE,0,0,0,24.32
2026-06-17,2026-07-28,255.0,CE,0,0,0,13.26
2026-06-17,2026-07-28,255.0,PE,0,0,0,41.25
2026-06-17,2026-07-28,257.5,CE,0,0,0,7.95
2026-06-17,2026-07-28,257.5,PE,0,0,0,27.29
2026-06-17,2026-07-28,260.0,CE,411800,74550,25,2.93
2026-06-17,2026-07-28,260.0,PE,85200,35500,10,39.5
2026-06-17,2026-07-28,262.5,CE,0,0,0,15.15
2026-06-17,2026-07-28,262.5,PE,0,0,0,30.43
2026-06-17,2026-07-28,265.0,CE,0,0,0,10.74
2026-06-17,2026-07-28,265.0,PE,0,0,0,48.59
2026-06-17,2026-07-28,270.0,CE,479250,134900,51,2.05
2026-06-17,2026-07-28,270.0,PE,0,0,0,52.42
2026-06-17,2026-07-28,275.0,CE,0,0,0,9.57
2026-06-17,2026-07-28,275.0,PE,0,0,0,50.91
2026-06-17,2026-07-28,280.0,CE,71000,31950,20,1.35
2026-06-17,2026-08-25,200.0,CE,0,0,0,54.14
2026-06-17,2026-08-25,200.0,PE,0,0,0,6.65
2026-06-17,2026-08-25,205.0,CE,0,0,0,50.5
2026-06-17,2026-08-25,205.0,PE,0,0,0,7.94
2026-06-17,2026-08-25,210.0,CE,0,0,0,47.0
2026-06-17,2026-08-25,210.0,PE,0,0,0,9.37
2026-06-17,2026-08-25,215.0,CE,0,0,0,43.66
2026-06-17,2026-08-25,215.0,PE,0,0,0,10.96
2026-06-17,2026-08-25,220.0,CE,0,0,0,40.48
2026-06-17,2026-08-25,220.0,PE,0,0,0,12.7
2026-06-17,2026-08-25,225.0,CE,0,0,0,37.46
2026-06-17,2026-08-25,225.0,PE,0,0,0,14.61
2026-06-17,2026-08-25,230.0,CE,0,0,0,34.61
2026-06-17,2026-08-25,230.0,PE,3550,0,0,15.0
2026-06-17,2026-08-25,235.0,CE,0,0,0,31.92
2026-06-17,2026-08-25,235.0,PE,0,0,0,18.91
2026-06-17,2026-08-25,240.0,CE,0,0,0,29.38
2026-06-17,2026-08-25,240.0,PE,0,0,0,21.31
2026-06-17,2026-08-25,245.0,CE,0,0,0,27.0
2026-06-17,2026-08-25,245.0,PE,0,0,0,23.85
2026-06-17,2026-08-25,250.0,CE,0,0,0,24.78
2026-06-17,2026-08-25,250.0,PE,0,0,0,26.55
2026-06-17,2026-08-25,255.0,CE,0,0,0,22.7
2026-06-17,2026-08-25,255.0,PE,0,0,0,29.4
2026-06-17,2026-08-25,260.0,CE,0,0,0,20.76
2026-06-17,2026-08-25,260.0,PE,0,0,0,32.39
2026-06-17,2026-08-25,265.0,CE,0,0,0,18.96
2026-06-17,2026-08-25,265.0,PE,0,0,0,35.52
2026-06-17,2026-08-25,270.0,CE,0,0,0,17.29
2026-06-17,2026-08-25,270.0,PE,0,0,0,38.77
2026-06-18,2026-06-30,180.0,CE,10650,0,0,42.04
2026-06-18,2026-06-30,180.0,PE,635450,-88750,120,0.1
2026-06-18,2026-06-30,185.0,CE,7100,3550,6,45.0
2026-06-18,2026-06-30,190.0,CE,10650,0,1,41.59
2026-06-18,2026-06-30,190.0,PE,500550,10650,81,0.18
2026-06-18,2026-06-30,195.0,CE,7100,-3550,2,33.86
2026-06-18,2026-06-30,195.0,PE,284000,-24850,23,0.22
2026-06-18,2026-06-30,200.0,CE,504100,-493450,281,32.06
2026-06-18,2026-06-30,200.0,PE,3127550,-276900,712,0.38
2026-06-18,2026-06-30,202.5,CE,0,0,0,43.55
2026-06-18,2026-06-30,202.5,PE,209450,49700,91,0.3
2026-06-18,2026-06-30,205.0,CE,21300,0,0,20.76
2026-06-18,2026-06-30,205.0,PE,1373850,-656750,1350,0.6
2026-06-18,2026-06-30,207.5,CE,0,0,0,28.96
2026-06-18,2026-06-30,207.5,PE,142000,21300,358,0.7
2026-06-18,2026-06-30,210.0,CE,1235400,266250,188,23.19
2026-06-18,2026-06-30,210.0,PE,5431500,1359650,2310,0.98
2026-06-18,2026-06-30,212.5,CE,0,0,0,24.95
2026-06-18,2026-06-30,212.5,PE,596400,404700,760,1.08
2026-06-18,2026-06-30,215.0,CE,337250,-10650,117,17.6
2026-06-18,2026-06-30,215.0,PE,1711100,461500,1035,1.48
2026-06-18,2026-06-30,217.5,CE,429550,39050,160,15.73
2026-06-18,2026-06-30,217.5,PE,720650,220100,574,2.01
2026-06-18,2026-06-30,220.0,CE,5371150,-213000,3147,14.35
2026-06-18,2026-06-30,220.0,PE,6670450,663850,2984,2.73
2026-06-18,2026-06-30,222.5,CE,1590400,351450,1189,12.49
2026-06-18,2026-06-30,222.5,PE,670950,248500,472,3.38
2026-06-18,2026-06-30,225.0,CE,4441050,-4366500,6485,11.21
2026-06-18,2026-06-30,225.0,PE,2733500,781000,1734,4.17
2026-06-18,2026-06-30,227.5,CE,752600,-24850,1996,9.56
2026-06-18,2026-06-30,227.5,PE,628350,78100,442,5.38
2026-06-18,2026-06-30,230.0,CE,8516450,1118250,12895,8.3
2026-06-18,2026-06-30,230.0,PE,4007950,1263800,1403,6.45
2026-06-18,2026-06-30,232.5,CE,1128900,461500,1053,7.35
2026-06-18,2026-06-30,232.5,PE,656750,220100,161,7.8
2026-06-18,2026-06-30,235.0,CE,2907450,138450,3612,6.2
2026-06-18,2026-06-30,235.0,PE,969150,28400,179,9.11
2026-06-18,2026-06-30,237.5,CE,685150,28400,675,5.34
2026-06-18,2026-06-30,237.5,PE,237850,127800,37,10.31
2026-06-18,2026-06-30,240.0,CE,6162800,-465050,5683,4.46
2026-06-18,2026-06-30,240.0,PE,1455500,-127800,152,12.49
2026-06-18,2026-06-30,242.5,CE,734850,14200,890,3.84
2026-06-18,2026-06-30,242.5,PE,422450,-17750,10,13.62
2026-06-18,2026-06-30,245.0,CE,2630550,-582200,1311,3.2
2026-06-18,2026-06-30,245.0,PE,674500,10650,28,16.06
2026-06-18,2026-06-30,247.5,CE,834250,-209450,430,2.64
2026-06-18,2026-06-30,247.5,PE,557350,0,0,28.0
2026-06-18,2026-06-30,250.0,CE,10113950,-1065000,5910,2.29
2026-06-18,2026-06-30,250.0,PE,1789200,60350,48,20.48
2026-06-18,2026-06-30,252.5,CE,816500,7100,219,1.96
2026-06-18,2026-06-30,252.5,PE,241400,0,0,30.55
2026-06-18,2026-06-30,255.0,CE,2548900,649650,1008,1.66
2026-06-18,2026-06-30,255.0,PE,138450,0,0,34.46
2026-06-18,2026-06-30,257.5,CE,248500,-10650,82,1.42
2026-06-18,2026-06-30,257.5,PE,0,0,0,40.3
2026-06-18,2026-06-30,260.0,CE,3897900,188150,1410,1.22
2026-06-18,2026-06-30,260.0,PE,457950,28400,45,28.64
2026-06-18,2026-06-30,262.5,CE,166850,53250,41,1.0
2026-06-18,2026-06-30,262.5,PE,14200,3550,1,39.0
2026-06-18,2026-06-30,265.0,CE,1391600,-17750,313,0.92
2026-06-18,2026-06-30,265.0,PE,14200,0,0,41.61
2026-06-18,2026-06-30,267.5,CE,166850,3550,1,0.91
2026-06-18,2026-06-30,270.0,CE,1224750,-237850,418,0.69
2026-06-18,2026-06-30,270.0,PE,39050,0,0,28.0
2026-06-18,2026-06-30,272.5,CE,145550,7100,13,0.65
2026-06-18,2026-06-30,275.0,CE,440200,7100,104,0.52
2026-06-18,2026-06-30,275.0,PE,0,0,0,54.26
2026-06-18,2026-06-30,277.5,CE,131350,0,1,0.36
2026-06-18,2026-06-30,280.0,CE,2115800,-46150,346,0.41
2026-06-18,2026-06-30,280.0,PE,14200,0,0,32.05
2026-06-18,2026-07-28,190.0,CE,0,0,0,44.12
2026-06-18,2026-07-28,190.0,PE,362100,-53250,133,1.23
2026-06-18,2026-07-28,195.0,CE,0,0,0,40.73
2026-06-18,2026-07-28,195.0,PE,10650,0,0,2.69
2026-06-18,2026-07-28,200.0,CE,7100,0,0,29.7
2026-06-18,2026-07-28,200.0,PE,457950,74550,125,2.29
2026-06-18,2026-07-28,202.5,CE,0,0,0,47.24
2026-06-18,2026-07-28,202.5,PE,0,0,0,4.44
2026-06-18,2026-07-28,205.0,CE,0,0,0,34.46
2026-06-18,2026-07-28,205.0,PE,14200,0,0,4.8
2026-06-18,2026-07-28,207.5,CE,0,0,0,45.06
2026-06-18,2026-07-28,207.5,PE,0,0,0,5.9
2026-06-18,2026-07-28,210.0,CE,17750,10650,7,27.98
2026-06-18,2026-07-28,210.0,PE,962050,323050,238,4.12
2026-06-18,2026-07-28,212.5,CE,0,0,0,41.42
2026-06-18,2026-07-28,212.5,PE,0,0,0,7.21
2026-06-18,2026-07-28,215.0,CE,0,0,0,28.92
2026-06-18,2026-07-28,215.0,PE,31950,17750,6,6.0
2026-06-18,2026-07-28,217.5,CE,0,0,0,37.94
2026-06-18,2026-07-28,217.5,PE,0,0,0,8.68
2026-06-18,2026-07-28,220.0,CE,564450,-113600,124,20.32
2026-06-18,2026-07-28,220.0,PE,596400,149100,98,7.25
2026-06-18,2026-07-28,222.5,CE,0,0,0,34.65
2026-06-18,2026-07-28,222.5,PE,0,0,0,10.34
2026-06-18,2026-07-28,225.0,CE,188150,92300,103,17.24
2026-06-18,2026-07-28,225.0,PE,67450,10650,15,8.81
2026-06-18,2026-07-28,227.5,CE,3550,0,0,9.83
2026-06-18,2026-07-28,227.5,PE,0,0,0,12.2
2026-06-18,2026-07-28,230.0,CE,1931200,188150,620,14.56
2026-06-18,2026-07-28,230.0,PE,1281550,81650,86,11.45
2026-06-18,2026-07-28,232.5,CE,0,0,0,28.66
2026-06-18,2026-07-28,232.5,PE,3550,0,0,15.9
2026-06-18,2026-07-28,235.0,CE,74550,67450,26,12.84
2026-06-18,2026-07-28,235.0,PE,35500,3550,8,14.54
2026-06-18,2026-07-28,237.5,CE,0,0,0,25.95
2026-06-18,2026-07-28,237.5,PE,3550,0,0,13.55
2026-06-18,2026-07-28,240.0,CE,685150,276900,243,10.26
2026-06-18,2026-07-28,240.0,PE,166850,28400,23,17.08
2026-06-18,2026-07-28,242.5,CE,0,0,0,23.43
2026-06-18,2026-07-28,242.5,PE,0,0,0,18.91
2026-06-18,2026-07-28,245.0,CE,99400,99400,28,7.0
2026-06-18,2026-07-28,245.0,PE,21300,7100,3,22.02
2026-06-18,2026-07-28,247.5,CE,0,0,0,21.09
2026-06-18,2026-07-28,247.5,PE,0,0,0,21.52
2026-06-18,2026-07-28,250.0,CE,876850,159750,260,7.06
2026-06-18,2026-07-28,250.0,PE,46150,3550,2,23.5
2026-06-18,2026-07-28,252.5,CE,0,0,0,18.94
2026-06-18,2026-07-28,252.5,PE,0,0,0,24.32
2026-06-18,2026-07-28,255.0,CE,0,0,0,13.26
2026-06-18,2026-07-28,255.0,PE,0,0,0,41.25
2026-06-18,2026-07-28,257.5,CE,0,0,0,7.95
2026-06-18,2026-07-28,257.5,PE,0,0,0,27.29
2026-06-18,2026-07-28,260.0,CE,599950,188150,121,4.75
2026-06-18,2026-07-28,260.0,PE,127800,42600,12,30.5
2026-06-18,2026-07-28,262.5,CE,0,0,0,15.15
2026-06-18,2026-07-28,262.5,PE,0,0,0,30.43
2026-06-18,2026-07-28,265.0,CE,0,0,0,10.74
2026-06-18,2026-07-28,265.0,PE,0,0,0,48.59
2026-06-18,2026-07-28,270.0,CE,834250,355000,269,3.06
2026-06-18,2026-07-28,270.0,PE,0,0,0,52.42
2026-06-18,2026-07-28,275.0,CE,0,0,0,9.57
2026-06-18,2026-07-28,275.0,PE,0,0,0,50.91
2026-06-18,2026-07-28,280.0,CE,202350,131350,54,2.13
2026-06-18,2026-08-25,200.0,CE,0,0,0,54.14
2026-06-18,2026-08-25,200.0,PE,0,0,0,6.65
2026-06-18,2026-08-25,205.0,CE,0,0,0,50.5
2026-06-18,2026-08-25,205.0,PE,0,0,0,7.94
2026-06-18,2026-08-25,210.0,CE,0,0,0,47.0
2026-06-18,2026-08-25,210.0,PE,0,0,0,9.37
2026-06-18,2026-08-25,215.0,CE,0,0,0,43.66
2026-06-18,2026-08-25,215.0,PE,0,0,0,10.96
2026-06-18,2026-08-25,220.0,CE,0,0,0,40.48
2026-06-18,2026-08-25,220.0,PE,0,0,0,12.7
2026-06-18,2026-08-25,225.0,CE,0,0,0,37.46
2026-06-18,2026-08-25,225.0,PE,0,0,0,14.61
2026-06-18,2026-08-25,230.0,CE,0,0,0,34.61
2026-06-18,2026-08-25,230.0,PE,3550,0,0,15.0
2026-06-18,2026-08-25,235.0,CE,0,0,0,31.92
2026-06-18,2026-08-25,235.0,PE,0,0,0,18.91
2026-06-18,2026-08-25,240.0,CE,0,0,0,29.38
2026-06-18,2026-08-25,240.0,PE,0,0,0,21.31
2026-06-18,2026-08-25,245.0,CE,0,0,0,27.0
2026-06-18,2026-08-25,245.0,PE,0,0,0,23.85
2026-06-18,2026-08-25,250.0,CE,0,0,0,24.78
2026-06-18,2026-08-25,250.0,PE,0,0,0,26.55
2026-06-18,2026-08-25,255.0,CE,0,0,0,22.7
2026-06-18,2026-08-25,255.0,PE,0,0,0,29.4
2026-06-18,2026-08-25,260.0,CE,0,0,0,20.76
2026-06-18,2026-08-25,260.0,PE,0,0,0,32.39
2026-06-18,2026-08-25,265.0,CE,0,0,0,18.96
2026-06-18,2026-08-25,265.0,PE,0,0,0,35.52
2026-06-18,2026-08-25,270.0,CE,0,0,0,17.29
2026-06-18,2026-08-25,270.0,PE,0,0,0,38.77
2026-06-19,2026-06-30,180.0,CE,10650,0,0,42.04
2026-06-19,2026-06-30,180.0,PE,610600,-24850,26,0.08
2026-06-19,2026-06-30,185.0,CE,10650,3550,3,43.8
2026-06-19,2026-06-30,190.0,CE,10650,0,0,41.59
2026-06-19,2026-06-30,190.0,PE,365650,-134900,58,0.15
2026-06-19,2026-06-30,195.0,CE,7100,0,1,35.0
2026-06-19,2026-06-30,195.0,PE,244950,-39050,32,0.21
2026-06-19,2026-06-30,200.0,CE,493450,-10650,15,31.6
2026-06-19,2026-06-30,200.0,PE,2758350,-369200,533,0.3
2026-06-19,2026-06-30,202.5,CE,0,0,0,43.55
2026-06-19,2026-06-30,202.5,PE,134900,-74550,33,0.29
2026-06-19,2026-06-30,205.0,CE,21300,0,0,20.76
2026-06-19,2026-06-30,205.0,PE,1214100,-159750,317,0.46
2026-06-19,2026-06-30,207.5,CE,0,0,0,28.96
2026-06-19,2026-06-30,207.5,PE,124250,-17750,53,0.5
2026-06-19,2026-06-30,210.0,CE,1167950,-67450,226,20.18
2026-06-19,2026-06-30,210.0,PE,4217400,-1214100,1444,0.62
2026-06-19,2026-06-30,212.5,CE,0,0,0,24.95
2026-06-19,2026-06-30,212.5,PE,617700,21300,177,0.79
2026-06-19,2026-06-30,215.0,CE,262700,-74550,31,18.24
2026-06-19,2026-06-30,215.0,PE,1473250,-237850,1004,1.08
2026-06-19,2026-06-30,217.5,CE,429550,0,0,15.73
2026-06-19,2026-06-30,217.5,PE,710000,-10650,498,1.47
2026-06-19,2026-06-30,220.0,CE,4760550,-610600,1507,13.87
2026-06-19,2026-06-30,220.0,PE,6240900,-429550,1312,1.94
2026-06-19,2026-06-30,222.5,CE,1533600,-56800,45,11.58
2026-06-19,2026-06-30,222.5,PE,816500,145550,226,2.64
2026-06-19,2026-06-30,225.0,CE,3212750,-1228300,1455,10.32
2026-06-19,2026-06-30,225.0,PE,2683800,-49700,823,3.56
2026-06-19,2026-06-30,227.5,CE,585750,-166850,287,8.43
2026-06-19,2026-06-30,227.5,PE,575100,-53250,501,4.5
2026-06-19,2026-06-30,230.0,CE,8317650,-198800,5813,7.48
2026-06-19,2026-06-30,230.0,PE,3475450,-532500,1507,5.76
2026-06-19,2026-06-30,232.5,CE,1760800,631900,2432,6.3
2026-06-19,2026-06-30,232.5,PE,766800,110050,438,6.95
2026-06-19,2026-06-30,235.0,CE,4778300,1870850,4928,5.4
2026-06-19,2026-06-30,235.0,PE,1018850,49700,243,8.64
2026-06-19,2026-06-30,237.5,CE,809400,124250,715,4.63
2026-06-19,2026-06-30,237.5,PE,237850,0,0,10.31
2026-06-19,2026-06-30,240.0,CE,6091800,-71000,5642,3.84
2026-06-19,2026-06-30,240.0,PE,1412900,-42600,126,11.88
2026-06-19,2026-06-30,242.5,CE,773900,39050,891,3.27
2026-06-19,2026-06-30,242.5,PE,411800,-10650,6,13.36
2026-06-19,2026-06-30,245.0,CE,2516950,-113600,1433,2.73
2026-06-19,2026-06-30,245.0,PE,674500,0,2,14.9
2026-06-19,2026-06-30,247.5,CE,880400,46150,756,2.34
2026-06-19,2026-06-30,247.5,PE,553800,-3550,7,17.17
2026-06-19,2026-06-30,250.0,CE,10124600,10650,3664,1.92
2026-06-19,2026-06-30,250.0,PE,1753700,-35500,45,19.57
2026-06-19,2026-06-30,252.5,CE,805850,-10650,1247,1.63
2026-06-19,2026-06-30,252.5,PE,241400,0,0,30.55
2026-06-19,2026-06-30,255.0,CE,2563100,14200,758,1.39
2026-06-19,2026-06-30,255.0,PE,138450,0,0,34.46
2026-06-19,2026-06-30,257.5,CE,369200,120700,403,1.14
2026-06-19,2026-06-30,257.5,PE,0,0,0,40.3
2026-06-19,2026-06-30,260.0,CE,4107350,209450,1435,1.03
2026-06-19,2026-06-30,260.0,PE,447300,-10650,4,28.5
2026-06-19,2026-06-30,262.5,CE,184600,17750,27,0.79
2026-06-19,2026-06-30,262.5,PE,28400,14200,7,30.95
2026-06-19,2026-06-30,265.0,CE,1434200,42600,373,0.76
2026-06-19,2026-06-30,265.0,PE,14200,0,0,41.61
2026-06-19,2026-06-30,267.5,CE,159750,-7100,3,0.33
2026-06-19,2026-06-30,270.0,CE,1267350,42600,320,0.57
2026-06-19,2026-06-30,270.0,PE,39050,0,1,38.0
2026-06-19,2026-06-30,272.5,CE,145550,0,15,0.55
2026-06-19,2026-06-30,275.0,CE,543150,102950,127,0.45
2026-06-19,2026-06-30,275.0,PE,0,0,0,54.26
2026-06-19,2026-06-30,277.5,CE,131350,0,17,0.35
2026-06-19,2026-06-30,280.0,CE,2218750,102950,414,0.34
2026-06-19,2026-06-30,280.0,PE,14200,0,0,32.05
2026-06-19,2026-07-28,190.0,CE,0,0,0,44.12
2026-06-19,2026-07-28,190.0,PE,355000,-7100,72,0.97
2026-06-19,2026-07-28,195.0,CE,0,0,0,40.73
2026-06-19,2026-07-28,195.0,PE,46150,35500,10,1.41
2026-06-19,2026-07-28,200.0,CE,17750,10650,4,34.5
2026-06-19,2026-07-28,200.0,PE,497000,39050,119,2.03
2026-06-19,2026-07-28,202.5,CE,0,0,0,47.24
2026-06-19,2026-07-28,202.5,PE,0,0,0,4.44
2026-06-19,2026-07-28,205.0,CE,0,0,0,34.46
2026-06-19,2026-07-28,205.0,PE,28400,14200,4,2.79
2026-06-19,2026-07-28,207.5,CE,0,0,0,45.06
2026-06-19,2026-07-28,207.5,PE,0,0,0,5.9
2026-06-19,2026-07-28,210.0,CE,17750,0,0,27.98
2026-06-19,2026-07-28,210.0,PE,994000,31950,132,3.88
2026-06-19,2026-07-28,212.5,CE,0,0,0,41.42
2026-06-19,2026-07-28,212.5,PE,0,0,0,7.21
2026-06-19,2026-07-28,215.0,CE,0,0,0,28.92
2026-06-19,2026-07-28,215.0,PE,149100,117150,52,5.78
2026-06-19,2026-07-28,217.5,CE,0,0,0,37.94
2026-06-19,2026-07-28,217.5,PE,0,0,0,8.68
2026-06-19,2026-07-28,220.0,CE,468600,-95850,111,20.7
2026-06-19,2026-07-28,220.0,PE,752600,156200,87,6.76
2026-06-19,2026-07-28,222.5,CE,0,0,0,34.65
2026-06-19,2026-07-28,222.5,PE,0,0,0,10.34
2026-06-19,2026-07-28,225.0,CE,184600,-3550,12,18.98
2026-06-19,2026-07-28,225.0,PE,88750,21300,12,10.21
2026-06-19,2026-07-28,227.5,CE,3550,0,0,9.83
2026-06-19,2026-07-28,227.5,PE,0,0,0,12.2
2026-06-19,2026-07-28,230.0,CE,2236500,305300,422,14.82
2026-06-19,2026-07-28,230.0,PE,1270900,-10650,95,11.1
2026-06-19,2026-07-28,232.5,CE,0,0,0,28.66
2026-06-19,2026-07-28,232.5,PE,3550,0,0,15.9
2026-06-19,2026-07-28,235.0,CE,273350,198800,87,12.63
2026-06-19,2026-07-28,235.0,PE,145550,110050,31,13.61
2026-06-19,2026-07-28,237.5,CE,0,0,0,25.95
2026-06-19,2026-07-28,237.5,PE,3550,0,0,13.55
2026-06-19,2026-07-28,240.0,CE,841350,156200,209,10.41
2026-06-19,2026-07-28,240.0,PE,163300,-3550,17,17.17
2026-06-19,2026-07-28,242.5,CE,0,0,0,23.43
2026-06-19,2026-07-28,242.5,PE,0,0,0,18.91
2026-06-19,2026-07-28,245.0,CE,124250,24850,20,8.64
2026-06-19,2026-07-28,245.0,PE,31950,10650,3,20.2
2026-06-19,2026-07-28,247.5,CE,0,0,0,21.09
2026-06-19,2026-07-28,247.5,PE,0,0,0,21.52
2026-06-19,2026-07-28,250.0,CE,1253150,376300,326,7.25
2026-06-19,2026-07-28,250.0,PE,85200,39050,12,23.06
2026-06-19,2026-07-28,252.5,CE,0,0,0,18.94
2026-06-19,2026-07-28,252.5,PE,0,0,0,24.32
2026-06-19,2026-07-28,255.0,CE,0,0,0,13.26
2026-06-19,2026-07-28,255.0,PE,3550,3550,1,27.0
2026-06-19,2026-07-28,257.5,CE,0,0,0,7.95
2026-06-19,2026-07-28,257.5,PE,0,0,0,27.29
2026-06-19,2026-07-28,260.0,CE,894600,294650,297,4.94
2026-06-19,2026-07-28,260.0,PE,131350,3550,1,30.6
2026-06-19,2026-07-28,262.5,CE,0,0,0,15.15
2026-06-19,2026-07-28,262.5,PE,0,0,0,30.43
2026-06-19,2026-07-28,265.0,CE,0,0,0,10.74
2026-06-19,2026-07-28,265.0,PE,0,0,0,48.59
2026-06-19,2026-07-28,270.0,CE,859100,24850,262,3.12
2026-06-19,2026-07-28,270.0,PE,0,0,0,52.42
2026-06-19,2026-07-28,275.0,CE,0,0,0,9.57
2026-06-19,2026-07-28,275.0,PE,0,0,0,50.91
2026-06-19,2026-07-28,280.0,CE,372750,170400,118,2.05
2026-06-19,2026-08-25,200.0,CE,0,0,0,54.14
2026-06-19,2026-08-25,200.0,PE,0,0,0,6.65
2026-06-19,2026-08-25,205.0,CE,0,0,0,50.5
2026-06-19,2026-08-25,205.0,PE,0,0,0,7.94
2026-06-19,2026-08-25,210.0,CE,0,0,0,47.0
2026-06-19,2026-08-25,210.0,PE,0,0,0,9.37
2026-06-19,2026-08-25,215.0,CE,0,0,0,43.66
2026-06-19,2026-08-25,215.0,PE,0,0,0,10.96
2026-06-19,2026-08-25,220.0,CE,0,0,0,40.48
2026-06-19,2026-08-25,220.0,PE,0,0,0,12.7
2026-06-19,2026-08-25,225.0,CE,0,0,0,37.46
2026-06-19,2026-08-25,225.0,PE,0,0,0,14.61
2026-06-19,2026-08-25,230.0,CE,0,0,0,34.61
2026-06-19,2026-08-25,230.0,PE,3550,0,0,15.0
2026-06-19,2026-08-25,235.0,CE,0,0,0,31.92
2026-06-19,2026-08-25,235.0,PE,0,0,0,18.91
2026-06-19,2026-08-25,240.0,CE,0,0,0,29.38
2026-06-19,2026-08-25,240.0,PE,0,0,0,21.31
2026-06-19,2026-08-25,245.0,CE,0,0,0,27.0
2026-06-19,2026-08-25,245.0,PE,0,0,0,23.85
2026-06-19,2026-08-25,250.0,CE,0,0,0,24.78
2026-06-19,2026-08-25,250.0,PE,0,0,0,26.55
2026-06-19,2026-08-25,255.0,CE,0,0,0,22.7
2026-06-19,2026-08-25,255.0,PE,0,0,0,29.4
2026-06-19,2026-08-25,260.0,CE,0,0,0,20.76
2026-06-19,2026-08-25,260.0,PE,0,0,0,32.39
2026-06-19,2026-08-25,265.0,CE,0,0,0,18.96
2026-06-19,2026-08-25,265.0,PE,0,0,0,35.52
2026-06-19,2026-08-25,270.0,CE,0,0,0,17.29
2026-06-19,2026-08-25,270.0,PE,0,0,0,38.77
2026-06-22,2026-06-30,180.0,CE,10650,0,0,42.04
2026-06-22,2026-06-30,180.0,PE,614150,3550,2,0.08
2026-06-22,2026-06-30,185.0,CE,10650,0,0,43.8
2026-06-22,2026-06-30,190.0,CE,10650,0,0,41.59
2026-06-22,2026-06-30,190.0,PE,337250,-28400,53,0.1
2026-06-22,2026-06-30,195.0,CE,7100,0,0,35.0
2026-06-22,2026-06-30,195.0,PE,248500,3550,10,0.21
2026-06-22,2026-06-30,200.0,CE,489900,-3550,12,34.49
2026-06-22,2026-06-30,200.0,PE,2527600,-230750,249,0.15
2026-06-22,2026-06-30,202.5,CE,0,0,0,43.55
2026-06-22,2026-06-30,202.5,PE,102950,-31950,74,0.19
2026-06-22,2026-06-30,205.0,CE,21300,0,0,20.76
2026-06-22,2026-06-30,205.0,PE,940750,-273350,587,0.22
2026-06-22,2026-06-30,207.5,CE,0,0,0,28.96
2026-06-22,2026-06-30,207.5,PE,152650,28400,18,0.39
2026-06-22,2026-06-30,210.0,CE,1295750,127800,69,24.6
2026-06-22,2026-06-30,210.0,PE,3621000,-596400,430,0.38
2026-06-22,2026-06-30,212.5,CE,0,0,0,24.95
2026-06-22,2026-06-30,212.5,PE,411800,-205900,145,0.48
2026-06-22,2026-06-30,215.0,CE,262700,0,27,19.4
2026-06-22,2026-06-30,215.0,PE,1522950,49700,551,0.69
2026-06-22,2026-06-30,217.5,CE,429550,0,14,14.87
2026-06-22,2026-06-30,217.5,PE,749050,39050,213,0.98
2026-06-22,2026-06-30,220.0,CE,5023250,262700,778,15.24
2026-06-22,2026-06-30,220.0,PE,6127300,-113600,875,1.24
2026-06-22,2026-06-30,222.5,CE,1498100,-35500,34,13.33
2026-06-22,2026-06-30,222.5,PE,923000,106500,333,1.69
2026-06-22,2026-06-30,225.0,CE,2857750,-355000,523,11.44
2026-06-22,2026-06-30,225.0,PE,2470800,-213000,990,2.25
2026-06-22,2026-06-30,227.5,CE,525400,-60350,117,9.79
2026-06-22,2026-06-30,227.5,PE,610600,35500,302,3.1
2026-06-22,2026-06-30,230.0,CE,7870350,-447300,3652,8.14
2026-06-22,2026-06-30,230.0,PE,3794950,319500,1400,4.02
2026-06-22,2026-06-30,232.5,CE,1537150,-223650,1522,6.83
2026-06-22,2026-06-30,232.5,PE,798750,31950,237,5.14
2026-06-22,2026-06-30,235.0,CE,4590150,-188150,3696,5.66
2026-06-22,2026-06-30,235.0,PE,1182150,163300,146,6.38
2026-06-22,2026-06-30,237.5,CE,862650,53250,475,4.67
2026-06-22,2026-06-30,237.5,PE,301750,63900,43,8.0
2026-06-22,2026-06-30,240.0,CE,5960450,-131350,5367,3.85
2026-06-22,2026-06-30,240.0,PE,1295750,-117150,129,9.45
2026-06-22,2026-06-30,242.5,CE,745500,-28400,761,3.15
2026-06-22,2026-06-30,242.5,PE,408250,-3550,7,11.17
2026-06-22,2026-06-30,245.0,CE,2687350,170400,2358,2.59
2026-06-22,2026-06-30,245.0,PE,674500,0,0,14.9
2026-06-22,2026-06-30,247.5,CE,962050,81650,1315,2.11
2026-06-22,2026-06-30,247.5,PE,553800,0,0,17.17
2026-06-22,2026-06-30,250.0,CE,9886750,-237850,1866,1.74
2026-06-22,2026-06-30,250.0,PE,1771450,17750,7,17.6
2026-06-22,2026-06-30,252.5,CE,834250,28400,192,1.44
2026-06-22,2026-06-30,252.5,PE,241400,0,0,30.55
2026-06-22,2026-06-30,255.0,CE,2687350,124250,370,1.18
2026-06-22,2026-06-30,255.0,PE,138450,0,0,34.46
2026-06-22,2026-06-30,257.5,CE,376300,7100,96,0.94
2026-06-22,2026-06-30,257.5,PE,0,0,0,40.3
2026-06-22,2026-06-30,260.0,CE,3951150,-156200,788,0.84
2026-06-22,2026-06-30,260.0,PE,454400,7100,23,26.99
2026-06-22,2026-06-30,262.5,CE,195250,10650,15,0.69
2026-06-22,2026-06-30,262.5,PE,28400,0,0,30.95
2026-06-22,2026-06-30,265.0,CE,1551350,117150,311,0.59
2026-06-22,2026-06-30,265.0,PE,10650,-3550,1,33.9
2026-06-22,2026-06-30,267.5,CE,159750,0,0,0.33
2026-06-22,2026-06-30,270.0,CE,1224750,-42600,320,0.45
2026-06-22,2026-06-30,270.0,PE,39050,0,0,38.0
2026-06-22,2026-06-30,272.5,CE,131350,-14200,4,0.38
2026-06-22,2026-06-30,275.0,CE,610600,67450,60,0.31
2026-06-22,2026-06-30,275.0,PE,0,0,0,54.26
2026-06-22,2026-06-30,277.5,CE,131350,0,0,0.35
2026-06-22,2026-06-30,280.0,CE,2243600,24850,359,0.24
2026-06-22,2026-06-30,280.0,PE,14200,0,0,32.05
2026-06-22,2026-07-28,190.0,CE,0,0,0,44.12
2026-06-22,2026-07-28,190.0,PE,355000,0,3,1.02
2026-06-22,2026-07-28,195.0,CE,0,0,0,40.73
2026-06-22,2026-07-28,195.0,PE,46150,0,2,1.56
2026-06-22,2026-07-28,200.0,CE,17750,0,4,37.0
2026-06-22,2026-07-28,200.0,PE,521850,24850,74,1.76
2026-06-22,2026-07-28,202.5,CE,0,0,0,47.24
2026-06-22,2026-07-28,202.5,PE,0,0,0,4.44
2026-06-22,2026-07-28,205.0,CE,0,0,0,34.46
2026-06-22,2026-07-28,205.0,PE,56800,28400,36,2.49
2026-06-22,2026-07-28,207.5,CE,0,0,0,45.06
2026-06-22,2026-07-28,207.5,PE,0,0,0,5.9
2026-06-22,2026-07-28,210.0,CE,17750,0,0,27.98
2026-06-22,2026-07-28,210.0,PE,1096950,102950,73,3.52
2026-06-22,2026-07-28,212.5,CE,0,0,0,41.42
2026-06-22,2026-07-28,212.5,PE,0,0,0,7.21
2026-06-22,2026-07-28,215.0,CE,0,0,0,28.92
2026-06-22,2026-07-28,215.0,PE,149100,0,0,5.78
2026-06-22,2026-07-28,217.5,CE,0,0,0,37.94
2026-06-22,2026-07-28,217.5,PE,0,0,0,8.68
2026-06-22,2026-07-28,220.0,CE,532500,63900,67,22.11
2026-06-22,2026-07-28,220.0,PE,848450,95850,89,6.27
2026-06-22,2026-07-28,222.5,CE,0,0,0,34.65
2026-06-22,2026-07-28,222.5,PE,0,0,0,10.34
2026-06-22,2026-07-28,225.0,CE,184600,0,3,18.96
2026-06-22,2026-07-28,225.0,PE,95850,7100,5,8.05
2026-06-22,2026-07-28,227.5,CE,3550,0,0,9.83
2026-06-22,2026-07-28,227.5,PE,0,0,0,12.2
2026-06-22,2026-07-28,230.0,CE,2722850,486350,361,15.76
2026-06-22,2026-07-28,230.0,PE,1554900,284000,212,10.31
2026-06-22,2026-07-28,232.5,CE,21300,21300,19,14.19
2026-06-22,2026-07-28,232.5,PE,3550,0,0,15.9
2026-06-22,2026-07-28,235.0,CE,433100,159750,67,13.42
2026-06-22,2026-07-28,235.0,PE,156200,10650,15,12.41
2026-06-22,2026-07-28,237.5,CE,0,0,0,25.95
2026-06-22,2026-07-28,237.5,PE,3550,0,0,13.55
2026-06-22,2026-07-28,240.0,CE,979800,138450,159,11.03
2026-06-22,2026-07-28,240.0,PE,291100,127800,44,15.16
2026-06-22,2026-07-28,242.5,CE,0,0,0,23.43
2026-06-22,2026-07-28,242.5,PE,0,0,0,18.91
2026-06-22,2026-07-28,245.0,CE,124250,0,0,8.64
2026-06-22,2026-07-28,245.0,PE,21300,-10650,3,18.6
2026-06-22,2026-07-28,247.5,CE,0,0,0,21.09
2026-06-22,2026-07-28,247.5,PE,0,0,0,21.52
2026-06-22,2026-07-28,250.0,CE,1554900,301750,387,7.52
2026-06-22,2026-07-28,250.0,PE,88750,3550,1,22.24
2026-06-22,2026-07-28,252.5,CE,0,0,0,18.94
2026-06-22,2026-07-28,252.5,PE,0,0,0,24.32
2026-06-22,2026-07-28,255.0,CE,3550,3550,2,6.7
2026-06-22,2026-07-28,255.0,PE,3550,0,0,27.0
2026-06-22,2026-07-28,257.5,CE,3550,3550,2,4.73
2026-06-22,2026-07-28,257.5,PE,0,0,0,27.29
2026-06-22,2026-07-28,260.0,CE,1001100,106500,145,4.94
2026-06-22,2026-07-28,260.0,PE,166850,35500,17,29.0
2026-06-22,2026-07-28,262.5,CE,0,0,0,15.15
2026-06-22,2026-07-28,262.5,PE,0,0,0,30.43
2026-06-22,2026-07-28,265.0,CE,0,0,0,10.74
2026-06-22,2026-07-28,265.0,PE,0,0,0,48.59
2026-06-22,2026-07-28,270.0,CE,972700,113600,174,3.16
2026-06-22,2026-07-28,270.0,PE,0,0,0,52.42
2026-06-22,2026-07-28,275.0,CE,0,0,0,9.57
2026-06-22,2026-07-28,275.0,PE,0,0,0,50.91
2026-06-22,2026-07-28,280.0,CE,465050,92300,51,2.07
2026-06-22,2026-08-25,200.0,CE,0,0,0,54.14
2026-06-22,2026-08-25,200.0,PE,0,0,0,6.65
2026-06-22,2026-08-25,205.0,CE,0,0,0,50.5
2026-06-22,2026-08-25,205.0,PE,0,0,0,7.94
2026-06-22,2026-08-25,210.0,CE,0,0,0,47.0
2026-06-22,2026-08-25,210.0,PE,0,0,0,9.37
2026-06-22,2026-08-25,215.0,CE,0,0,0,43.66
2026-06-22,2026-08-25,215.0,PE,0,0,0,10.96
2026-06-22,2026-08-25,220.0,CE,0,0,0,40.48
2026-06-22,2026-08-25,220.0,PE,0,0,0,12.7
2026-06-22,2026-08-25,225.0,CE,0,0,0,37.46
2026-06-22,2026-08-25,225.0,PE,0,0,0,14.61
2026-06-22,2026-08-25,230.0,CE,0,0,0,34.61
2026-06-22,2026-08-25,230.0,PE,14200,10650,8,12.66
2026-06-22,2026-08-25,235.0,CE,0,0,0,31.92
2026-06-22,2026-08-25,235.0,PE,0,0,0,18.91
2026-06-22,2026-08-25,240.0,CE,0,0,0,29.38
2026-06-22,2026-08-25,240.0,PE,0,0,0,21.31
2026-06-22,2026-08-25,245.0,CE,0,0,0,27.0
2026-06-22,2026-08-25,245.0,PE,0,0,0,23.85
2026-06-22,2026-08-25,250.0,CE,0,0,0,24.78
2026-06-22,2026-08-25,250.0,PE,0,0,0,26.55
2026-06-22,2026-08-25,255.0,CE,0,0,0,22.7
2026-06-22,2026-08-25,255.0,PE,0,0,0,29.4
2026-06-22,2026-08-25,260.0,CE,0,0,0,20.76
2026-06-22,2026-08-25,260.0,PE,0,0,0,32.39
2026-06-22,2026-08-25,265.0,CE,0,0,0,18.96
2026-06-22,2026-08-25,265.0,PE,0,0,0,35.52
2026-06-22,2026-08-25,270.0,CE,0,0,0,17.29
2026-06-22,2026-08-25,270.0,PE,0,0,0,38.77
2026-06-23,2026-06-30,180.0,CE,10650,0,0,42.04
2026-06-23,2026-06-30,180.0,PE,568000,-46150,26,0.08
2026-06-23,2026-06-30,185.0,CE,7100,-3550,3,45.63
2026-06-23,2026-06-30,190.0,CE,10650,0,0,41.59
2026-06-23,2026-06-30,190.0,PE,394050,56800,42,0.07
2026-06-23,2026-06-30,195.0,CE,7100,0,0,35.0
2026-06-23,2026-06-30,195.0,PE,241400,-7100,37,0.17
2026-06-23,2026-06-30,200.0,CE,486350,-3550,8,31.75
2026-06-23,2026-06-30,200.0,PE,2264900,-262700,559,0.24
2026-06-23,2026-06-30,202.5,CE,0,0,0,43.55
2026-06-23,2026-06-30,202.5,PE,88750,-14200,18,0.3
2026-06-23,2026-06-30,205.0,CE,21300,0,0,20.76
2026-06-23,2026-06-30,205.0,PE,855550,-85200,109,0.26
2026-06-23,2026-06-30,207.5,CE,0,0,0,28.96
2026-06-23,2026-06-30,207.5,PE,170400,17750,25,0.35
2026-06-23,2026-06-30,210.0,CE,1270900,-24850,112,22.24
2026-06-23,2026-06-30,210.0,PE,3127550,-493450,1091,0.44
2026-06-23,2026-06-30,212.5,CE,0,0,0,24.95
2026-06-23,2026-06-30,212.5,PE,259150,-152650,191,0.49
2026-06-23,2026-06-30,215.0,CE,230750,-31950,29,18.0
2026-06-23,2026-06-30,215.0,PE,1061450,-461500,657,0.7
2026-06-23,2026-06-30,217.5,CE,422450,-7100,3,12.95
2026-06-23,2026-06-30,217.5,PE,688700,-60350,185,0.81
2026-06-23,2026-06-30,220.0,CE,4139300,-883950,577,12.82
2026-06-23,2026-06-30,220.0,PE,6333200,205900,1649,1.1
2026-06-23,2026-06-30,222.5,CE,1455500,-42600,102,10.24
2026-06-23,2026-06-30,222.5,PE,844900,-78100,269,1.53
2026-06-23,2026-06-30,225.0,CE,2534700,-323050,755,8.16
2026-06-23,2026-06-30,225.0,PE,2193900,-276900,1558,2.26
2026-06-23,2026-06-30,227.5,CE,514750,-10650,354,6.96
2026-06-23,2026-06-30,227.5,PE,695800,85200,446,2.8
2026-06-23,2026-06-30,230.0,CE,7387550,-482800,4083,5.48
2026-06-23,2026-06-30,230.0,PE,3645850,-149100,1503,4.07
2026-06-23,2026-06-30,232.5,CE,1522950,-14200,1634,4.54
2026-06-23,2026-06-30,232.5,PE,628350,-170400,309,5.24
2026-06-23,2026-06-30,235.0,CE,6379350,1789200,4934,3.59
2026-06-23,2026-06-30,235.0,PE,1139550,-42600,172,6.93
2026-06-23,2026-06-30,237.5,CE,1004650,142000,1092,2.83
2026-06-23,2026-06-30,237.5,PE,301750,0,69,8.45
2026-06-23,2026-06-30,240.0,CE,6279950,319500,5288,2.21
2026-06-23,2026-06-30,240.0,PE,1199900,-95850,114,10.77
2026-06-23,2026-06-30,242.5,CE,635450,-110050,722,1.82
2026-06-23,2026-06-30,242.5,PE,408250,0,0,11.17
2026-06-23,2026-06-30,245.0,CE,2921650,234300,2124,1.43
2026-06-23,2026-06-30,245.0,PE,660300,-14200,6,14.68
2026-06-23,2026-06-30,247.5,CE,1249600,287550,1120,1.18
2026-06-23,2026-06-30,247.5,PE,525400,-28400,13,18.06
2026-06-23,2026-06-30,250.0,CE,10291450,404700,4747,0.95
2026-06-23,2026-06-30,250.0,PE,1746600,-24850,15,21.82
2026-06-23,2026-06-30,252.5,CE,994000,159750,287,0.78
2026-06-23,2026-06-30,252.5,PE,241400,0,0,30.55
2026-06-23,2026-06-30,255.0,CE,2577300,-110050,1300,0.65
2026-06-23,2026-06-30,255.0,PE,138450,0,0,34.46
2026-06-23,2026-06-30,257.5,CE,362100,-14200,92,0.53
2026-06-23,2026-06-30,257.5,PE,0,0,0,40.3
2026-06-23,2026-06-30,260.0,CE,4572400,621250,1781,0.46
2026-06-23,2026-06-30,260.0,PE,450850,-3550,3,30.73
2026-06-23,2026-06-30,262.5,CE,188150,-7100,38,0.4
2026-06-23,2026-06-30,262.5,PE,28400,0,0,30.95
2026-06-23,2026-06-30,265.0,CE,1324150,-227200,360,0.35
2026-06-23,2026-06-30,265.0,PE,10650,0,0,33.9
2026-06-23,2026-06-30,267.5,CE,127800,-31950,49,0.35
2026-06-23,2026-06-30,270.0,CE,1136000,-88750,242,0.25
2026-06-23,2026-06-30,270.0,PE,39050,0,0,38.0
2026-06-23,2026-06-30,272.5,CE,131350,0,3,0.15
2026-06-23,2026-06-30,275.0,CE,575100,-35500,77,0.19
2026-06-23,2026-06-30,275.0,PE,0,0,0,54.26
2026-06-23,2026-06-30,277.5,CE,131350,0,2,0.12
2026-06-23,2026-06-30,280.0,CE,2296850,53250,236,0.12
2026-06-23,2026-06-30,280.0,PE,14200,0,0,32.05
2026-06-23,2026-07-28,190.0,CE,0,0,0,44.12
2026-06-23,2026-07-28,190.0,PE,266250,-88750,55,1.2
2026-06-23,2026-07-28,195.0,CE,0,0,0,40.73
2026-06-23,2026-07-28,195.0,PE,46150,0,1,1.58
2026-06-23,2026-07-28,200.0,CE,17750,0,3,36.0
2026-06-23,2026-07-28,200.0,PE,685150,163300,252,2.22
2026-06-23,2026-07-28,202.5,CE,0,0,0,47.24
2026-06-23,2026-07-28,202.5,PE,0,0,0,4.44
2026-06-23,2026-07-28,205.0,CE,0,0,0,34.46
2026-06-23,2026-07-28,205.0,PE,99400,42600,31,2.88
2026-06-23,2026-07-28,207.5,CE,0,0,0,45.06
2026-06-23,2026-07-28,207.5,PE,17750,17750,6,2.73
2026-06-23,2026-07-28,210.0,CE,17750,0,0,27.98
2026-06-23,2026-07-28,210.0,PE,1242500,145550,303,4.05
2026-06-23,2026-07-28,212.5,CE,0,0,0,41.42
2026-06-23,2026-07-28,212.5,PE,17750,17750,7,5.62
2026-06-23,2026-07-28,215.0,CE,3550,3550,1,19.5
2026-06-23,2026-07-28,215.0,PE,134900,-14200,16,6.34
2026-06-23,2026-07-28,217.5,CE,0,0,0,37.94
2026-06-23,2026-07-28,217.5,PE,0,0,0,8.68
2026-06-23,2026-07-28,220.0,CE,610600,78100,79,20.36
2026-06-23,2026-07-28,220.0,PE,876850,28400,101,6.75
2026-06-23,2026-07-28,222.5,CE,0,0,0,34.65
2026-06-23,2026-07-28,222.5,PE,3550,3550,1,10.34
2026-06-23,2026-07-28,225.0,CE,142000,-42600,57,15.49
2026-06-23,2026-07-28,225.0,PE,145550,49700,36,8.85
2026-06-23,2026-07-28,227.5,CE,3550,0,0,9.83
2026-06-23,2026-07-28,227.5,PE,7100,7100,3,11.73
2026-06-23,2026-07-28,230.0,CE,3095600,372750,427,14.33
2026-06-23,2026-07-28,230.0,PE,1675600,120700,195,11.43
2026-06-23,2026-07-28,232.5,CE,53250,31950,20,12.86
2026-06-23,2026-07-28,232.5,PE,3550,0,1,11.0
2026-06-23,2026-07-28,235.0,CE,617700,184600,159,11.57
2026-06-23,2026-07-28,235.0,PE,266250,110050,43,13.58
2026-06-23,2026-07-28,237.5,CE,35500,35500,24,10.78
2026-06-23,2026-07-28,237.5,PE,3550,0,0,13.55
2026-06-23,2026-07-28,240.0,CE,1210550,230750,339,9.61
2026-06-23,2026-07-28,240.0,PE,344350,53250,38,16.7
2026-06-23,2026-07-28,242.5,CE,0,0,0,23.43
2026-06-23,2026-07-28,242.5,PE,0,0,0,18.91
2026-06-23,2026-07-28,245.0,CE,124250,0,0,8.64
2026-06-23,2026-07-28,245.0,PE,24850,3550,1,18.25
2026-06-23,2026-07-28,247.5,CE,0,0,0,21.09
2026-06-23,2026-07-28,247.5,PE,0,0,0,21.52
2026-06-23,2026-07-28,250.0,CE,1661400,106500,447,6.31
2026-06-23,2026-07-28,250.0,PE,92300,3550,2,24.4
2026-06-23,2026-07-28,252.5,CE,0,0,0,18.94
2026-06-23,2026-07-28,252.5,PE,0,0,0,24.32
2026-06-23,2026-07-28,255.0,CE,3550,0,0,6.7
2026-06-23,2026-07-28,255.0,PE,3550,0,0,27.0
2026-06-23,2026-07-28,257.5,CE,3550,0,0,4.73
2026-06-23,2026-07-28,257.5,PE,0,0,0,27.29
2026-06-23,2026-07-28,260.0,CE,1015300,14200,130,4.06
2026-06-23,2026-07-28,260.0,PE,166850,0,0,29.0
2026-06-23,2026-07-28,262.5,CE,0,0,0,15.15
2026-06-23,2026-07-28,262.5,PE,0,0,0,30.43
2026-06-23,2026-07-28,265.0,CE,0,0,0,10.74
2026-06-23,2026-07-28,265.0,PE,0,0,0,48.59
2026-06-23,2026-07-28,270.0,CE,1029500,56800,220,2.57
2026-06-23,2026-07-28,270.0,PE,0,0,0,52.42
2026-06-23,2026-07-28,275.0,CE,0,0,0,9.57
2026-06-23,2026-07-28,275.0,PE,0,0,0,50.91
2026-06-23,2026-07-28,280.0,CE,521850,56800,112,1.53
2026-06-23,2026-08-25,200.0,CE,0,0,0,54.14
2026-06-23,2026-08-25,200.0,PE,0,0,0,6.65
2026-06-23,2026-08-25,205.0,CE,0,0,0,50.5
2026-06-23,2026-08-25,205.0,PE,0,0,0,7.94
2026-06-23,2026-08-25,210.0,CE,0,0,0,47.0
2026-06-23,2026-08-25,210.0,PE,0,0,0,9.37
2026-06-23,2026-08-25,215.0,CE,0,0,0,43.66
2026-06-23,2026-08-25,215.0,PE,0,0,0,10.96
2026-06-23,2026-08-25,220.0,CE,0,0,0,40.48
2026-06-23,2026-08-25,220.0,PE,0,0,0,12.7
2026-06-23,2026-08-25,225.0,CE,0,0,0,37.46
2026-06-23,2026-08-25,225.0,PE,0,0,0,14.61
2026-06-23,2026-08-25,230.0,CE,0,0,0,34.61
2026-06-23,2026-08-25,230.0,PE,10650,-3550,5,15.0
2026-06-23,2026-08-25,235.0,CE,0,0,0,31.92
2026-06-23,2026-08-25,235.0,PE,0,0,0,18.91
2026-06-23,2026-08-25,240.0,CE,0,0,0,29.38
2026-06-23,2026-08-25,240.0,PE,0,0,0,21.31
2026-06-23,2026-08-25,245.0,CE,0,0,0,27.0
2026-06-23,2026-08-25,245.0,PE,0,0,0,23.85
2026-06-23,2026-08-25,250.0,CE,0,0,0,24.78
2026-06-23,2026-08-25,250.0,PE,0,0,0,26.55
2026-06-23,2026-08-25,255.0,CE,0,0,0,22.7
2026-06-23,2026-08-25,255.0,PE,0,0,0,29.4
2026-06-23,2026-08-25,260.0,CE,0,0,0,20.76
2026-06-23,2026-08-25,260.0,PE,0,0,0,32.39
2026-06-23,2026-08-25,265.0,CE,0,0,0,18.96
2026-06-23,2026-08-25,265.0,PE,0,0,0,35.52
2026-06-23,2026-08-25,270.0,CE,0,0,0,17.29
2026-06-23,2026-08-25,270.0,PE,0,0,0,38.77
2026-06-24,2026-06-30,180.0,CE,10650,0,0,42.04
2026-06-24,2026-06-30,180.0,PE,560900,-7100,13,0.03
2026-06-24,2026-06-30,185.0,CE,7100,0,0,45.63
2026-06-24,2026-06-30,190.0,CE,10650,0,0,41.59
2026-06-24,2026-06-30,190.0,PE,454400,60350,23,0.07
2026-06-24,2026-06-30,195.0,CE,7100,0,0,35.0
2026-06-24,2026-06-30,195.0,PE,273350,31950,16,0.11
2026-06-24,2026-06-30,200.0,CE,440200,-46150,24,30.5
2026-06-24,2026-06-30,200.0,PE,2414000,149100,380,0.19
2026-06-24,2026-06-30,202.5,CE,0,0,0,43.55
2026-06-24,2026-06-30,202.5,PE,95850,7100,6,0.21
2026-06-24,2026-06-30,205.0,CE,17750,-3550,1,26.08
2026-06-24,2026-06-30,205.0,PE,837800,-17750,20,0.25
2026-06-24,2026-06-30,207.5,CE,0,0,0,28.96
2026-06-24,2026-06-30,207.5,PE,170400,0,0,0.35
2026-06-24,2026-06-30,210.0,CE,1235400,-35500,22,20.0
2026-06-24,2026-06-30,210.0,PE,3067200,-60350,205,0.35
2026-06-24,2026-06-30,212.5,CE,0,0,0,24.95
2026-06-24,2026-06-30,212.5,PE,294650,35500,38,0.37
2026-06-24,2026-06-30,215.0,CE,216550,-14200,8,15.41
2026-06-24,2026-06-30,215.0,PE,1011750,-49700,191,0.48
2026-06-24,2026-06-30,217.5,CE,422450,0,0,12.95
2026-06-24,2026-06-30,217.5,PE,1331250,642550,691,0.68
2026-06-24,2026-06-30,220.0,CE,3791400,-347900,392,11.01
2026-06-24,2026-06-30,220.0,PE,5896550,-436650,957,0.94
2026-06-24,2026-06-30,222.5,CE,1416450,-39050,29,9.2
2026-06-24,2026-06-30,222.5,PE,830700,-14200,287,1.35
2026-06-24,2026-06-30,225.0,CE,2264900,-269800,241,7.1
2026-06-24,2026-06-30,225.0,PE,2272000,78100,939,1.95
2026-06-24,2026-06-30,227.5,CE,528950,14200,73,5.36
2026-06-24,2026-06-30,227.5,PE,749050,53250,374,2.91
2026-06-24,2026-06-30,230.0,CE,6918950,-468600,2695,4.34
2026-06-24,2026-06-30,230.0,PE,3092050,-553800,1070,4.21
2026-06-24,2026-06-30,232.5,CE,1931200,408250,1507,3.35
2026-06-24,2026-06-30,232.5,PE,656750,28400,104,5.73
2026-06-24,2026-06-30,235.0,CE,6240900,-138450,2442,2.62
2026-06-24,2026-06-30,235.0,PE,1164400,24850,70,7.32
2026-06-24,2026-06-30,237.5,CE,795200,-209450,525,2.02
2026-06-24,2026-06-30,237.5,PE,276900,-24850,21,9.31
2026-06-24,2026-06-30,240.0,CE,6336750,56800,3553,1.62
2026-06-24,2026-06-30,240.0,PE,1072100,-127800,57,11.42
2026-06-24,2026-06-30,242.5,CE,653200,17750,223,1.28
2026-06-24,2026-06-30,242.5,PE,408250,0,0,11.17
2026-06-24,2026-06-30,245.0,CE,3187900,266250,1293,1.04
2026-06-24,2026-06-30,245.0,PE,628350,-31950,15,16.41
2026-06-24,2026-06-30,247.5,CE,1498100,248500,1012,0.86
2026-06-24,2026-06-30,247.5,PE,507650,-17750,18,18.06
2026-06-24,2026-06-30,250.0,CE,10337600,46150,1159,0.71
2026-06-24,2026-06-30,250.0,PE,1675600,-71000,32,19.57
2026-06-24,2026-06-30,252.5,CE,1143100,149100,369,0.59
2026-06-24,2026-06-30,252.5,PE,241400,0,0,30.55
2026-06-24,2026-06-30,255.0,CE,2502750,-74550,194,0.49
2026-06-24,2026-06-30,255.0,PE,127800,-10650,6,24.78
2026-06-24,2026-06-30,257.5,CE,298200,-63900,55,0.41
2026-06-24,2026-06-30,257.5,PE,0,0,0,40.3
2026-06-24,2026-06-30,260.0,CE,4274200,-298200,869,0.35
2026-06-24,2026-06-30,260.0,PE,450850,0,0,30.73
2026-06-24,2026-06-30,262.5,CE,202350,14200,8,0.24
2026-06-24,2026-06-30,262.5,PE,28400,0,0,30.95
2026-06-24,2026-06-30,265.0,CE,1451950,127800,157,0.25
2026-06-24,2026-06-30,265.0,PE,10650,0,0,33.9
2026-06-24,2026-06-30,267.5,CE,127800,0,2,0.3
2026-06-24,2026-06-30,270.0,CE,1136000,0,160,0.19
2026-06-24,2026-06-30,270.0,PE,39050,0,0,38.0
2026-06-24,2026-06-30,272.5,CE,131350,0,7,0.19
2026-06-24,2026-06-30,275.0,CE,631900,56800,57,0.14
2026-06-24,2026-06-30,275.0,PE,0,0,0,54.26
2026-06-24,2026-06-30,277.5,CE,131350,0,0,0.12
2026-06-24,2026-06-30,280.0,CE,2300400,3550,93,0.1
2026-06-24,2026-06-30,280.0,PE,14200,0,0,32.05
2026-06-24,2026-07-28,190.0,CE,0,0,0,44.12
2026-06-24,2026-07-28,190.0,PE,220100,-46150,27,0.9
2026-06-24,2026-07-28,195.0,CE,0,0,0,40.73
2026-06-24,2026-07-28,195.0,PE,49700,3550,1,1.58
2026-06-24,2026-07-28,200.0,CE,49700,31950,10,34.0
2026-06-24,2026-07-28,200.0,PE,674500,-10650,128,1.83
2026-06-24,2026-07-28,202.5,CE,0,0,0,47.24
2026-06-24,2026-07-28,202.5,PE,0,0,0,4.44
2026-06-24,2026-07-28,205.0,CE,0,0,0,34.46
2026-06-24,2026-07-28,205.0,PE,134900,35500,18,3.05
2026-06-24,2026-07-28,207.5,CE,0,0,0,45.06
2026-06-24,2026-07-28,207.5,PE,17750,0,0,2.73
2026-06-24,2026-07-28,210.0,CE,21300,3550,2,25.2
2026-06-24,2026-07-28,210.0,PE,1253150,10650,61,3.78
2026-06-24,2026-07-28,212.5,CE,0,0,0,41.42
2026-06-24,2026-07-28,212.5,PE,17750,0,0,5.62
2026-06-24,2026-07-28,215.0,CE,3550,0,0,19.5
2026-06-24,2026-07-28,215.0,PE,138450,3550,1,5.0
2026-06-24,2026-07-28,217.5,CE,0,0,0,37.94
2026-06-24,2026-07-28,217.5,PE,0,0,0,8.68
2026-06-24,2026-07-28,220.0,CE,656750,46150,52,18.39
2026-06-24,2026-07-28,220.0,PE,894600,17750,37,6.93
2026-06-24,2026-07-28,222.5,CE,0,0,0,34.65
2026-06-24,2026-07-28,222.5,PE,3550,0,0,10.34
2026-06-24,2026-07-28,225.0,CE,156200,14200,5,16.67
2026-06-24,2026-07-28,225.0,PE,149100,3550,18,8.74
2026-06-24,2026-07-28,227.5,CE,3550,0,0,9.83
2026-06-24,2026-07-28,227.5,PE,7100,0,0,11.73
2026-06-24,2026-07-28,230.0,CE,3464800,369200,339,13.13
2026-06-24,2026-07-28,230.0,PE,1899250,223650,132,11.22
2026-06-24,2026-07-28,232.5,CE,415350,362100,129,11.93
2026-06-24,2026-07-28,232.5,PE,312400,308850,91,12.36
2026-06-24,2026-07-28,235.0,CE,759700,142000,136,10.81
2026-06-24,2026-07-28,235.0,PE,298200,31950,23,13.65
2026-06-24,2026-07-28,237.5,CE,74550,39050,12,10.14
2026-06-24,2026-07-28,237.5,PE,156200,152650,44,15.08
2026-06-24,2026-07-28,240.0,CE,1640100,429550,265,8.92
2026-06-24,2026-07-28,240.0,PE,390500,46150,22,17.25
2026-06-24,2026-07-28,242.5,CE,0,0,0,23.43
2026-06-24,2026-07-28,242.5,PE,0,0,0,18.91
2026-06-24,2026-07-28,245.0,CE,127800,3550,3,7.25
2026-06-24,2026-07-28,245.0,PE,24850,0,0,18.25
2026-06-24,2026-07-28,247.5,CE,0,0,0,21.09
2026-06-24,2026-07-28,247.5,PE,0,0,0,21.52
2026-06-24,2026-07-28,250.0,CE,1799850,138450,260,5.86
2026-06-24,2026-07-28,250.0,PE,92300,0,0,24.4
2026-06-24,2026-07-28,252.5,CE,0,0,0,18.94
2026-06-24,2026-07-28,252.5,PE,0,0,0,24.32
2026-06-24,2026-07-28,255.0,CE,3550,0,0,6.7
2026-06-24,2026-07-28,255.0,PE,3550,0,0,27.0
2026-06-24,2026-07-28,257.5,CE,3550,0,0,4.73
2026-06-24,2026-07-28,257.5,PE,0,0,0,27.29
2026-06-24,2026-07-28,260.0,CE,1072100,56800,102,3.75
2026-06-24,2026-07-28,260.0,PE,173950,7100,4,31.2
2026-06-24,2026-07-28,262.5,CE,0,0,0,15.15
2026-06-24,2026-07-28,262.5,PE,0,0,0,30.43
2026-06-24,2026-07-28,265.0,CE,0,0,0,10.74
2026-06-24,2026-07-28,265.0,PE,0,0,0,48.59
2026-06-24,2026-07-28,270.0,CE,1050800,21300,194,2.37
2026-06-24,2026-07-28,270.0,PE,0,0,0,52.42
2026-06-24,2026-07-28,275.0,CE,0,0,0,9.57
2026-06-24,2026-07-28,275.0,PE,0,0,0,50.91
2026-06-24,2026-07-28,280.0,CE,688700,166850,74,1.61
2026-06-24,2026-08-25,200.0,CE,0,0,0,54.14
2026-06-24,2026-08-25,200.0,PE,0,0,0,6.65
2026-06-24,2026-08-25,205.0,CE,0,0,0,50.5
2026-06-24,2026-08-25,205.0,PE,0,0,0,7.94
2026-06-24,2026-08-25,210.0,CE,0,0,0,47.0
2026-06-24,2026-08-25,210.0,PE,0,0,0,9.37
2026-06-24,2026-08-25,215.0,CE,0,0,0,43.66
2026-06-24,2026-08-25,215.0,PE,0,0,0,10.96
2026-06-24,2026-08-25,220.0,CE,0,0,0,40.48
2026-06-24,2026-08-25,220.0,PE,0,0,0,12.7
2026-06-24,2026-08-25,225.0,CE,0,0,0,37.46
2026-06-24,2026-08-25,225.0,PE,0,0,0,14.61
2026-06-24,2026-08-25,230.0,CE,0,0,0,34.61
2026-06-24,2026-08-25,230.0,PE,10650,0,0,15.0
2026-06-24,2026-08-25,235.0,CE,0,0,0,31.92
2026-06-24,2026-08-25,235.0,PE,0,0,0,18.91
2026-06-24,2026-08-25,240.0,CE,0,0,0,29.38
2026-06-24,2026-08-25,240.0,PE,0,0,0,21.31
2026-06-24,2026-08-25,245.0,CE,0,0,0,27.0
2026-06-24,2026-08-25,245.0,PE,0,0,0,23.85
2026-06-24,2026-08-25,250.0,CE,0,0,0,24.78
2026-06-24,2026-08-25,250.0,PE,0,0,0,26.55
2026-06-24,2026-08-25,255.0,CE,0,0,0,22.7
2026-06-24,2026-08-25,255.0,PE,0,0,0,29.4
2026-06-24,2026-08-25,260.0,CE,0,0,0,20.76
2026-06-24,2026-08-25,260.0,PE,0,0,0,32.39
2026-06-24,2026-08-25,265.0,CE,0,0,0,18.96
2026-06-24,2026-08-25,265.0,PE,0,0,0,35.52
2026-06-24,2026-08-25,270.0,CE,0,0,0,17.29
2026-06-24,2026-08-25,270.0,PE,0,0,0,38.77
2026-06-25,2026-06-30,180.0,CE,10650,0,0,42.04
2026-06-25,2026-06-30,180.0,PE,550250,-10650,29,0.01
2026-06-25,2026-06-30,185.0,CE,7100,0,0,45.63
2026-06-25,2026-06-30,190.0,CE,10650,0,1,42.24
2026-06-25,2026-06-30,190.0,PE,564450,110050,191,0.05
2026-06-25,2026-06-30,195.0,CE,7100,0,0,35.0
2026-06-25,2026-06-30,195.0,PE,273350,0,84,0.12
2026-06-25,2026-06-30,200.0,CE,436650,-3550,11,30.28
2026-06-25,2026-06-30,200.0,PE,3195000,781000,2401,0.15
2026-06-25,2026-06-30,202.5,CE,0,0,0,43.55
2026-06-25,2026-06-30,202.5,PE,81650,-14200,5,0.13
2026-06-25,2026-06-30,205.0,CE,17750,0,0,26.08
2026-06-25,2026-06-30,205.0,PE,695800,-142000,358,0.18
2026-06-25,2026-06-30,207.5,CE,0,0,0,28.96
2026-06-25,2026-06-30,207.5,PE,170400,0,3,0.1
2026-06-25,2026-06-30,210.0,CE,1150200,-85200,38,21.2
2026-06-25,2026-06-30,210.0,PE,2772550,-294650,693,0.25
2026-06-25,2026-06-30,212.5,CE,0,0,0,24.95
2026-06-25,2026-06-30,212.5,PE,213000,-81650,65,0.28
2026-06-25,2026-06-30,215.0,CE,216550,0,0,15.41
2026-06-25,2026-06-30,215.0,PE,1150200,138450,942,0.32
2026-06-25,2026-06-30,217.5,CE,422450,0,0,12.95
2026-06-25,2026-06-30,217.5,PE,1306400,-24850,237,0.43
2026-06-25,2026-06-30,220.0,CE,2832900,-958500,545,9.91
2026-06-25,2026-06-30,220.0,PE,5495400,-401150,2782,0.63
2026-06-25,2026-06-30,222.5,CE,887500,-528950,199,8.01
2026-06-25,2026-06-30,222.5,PE,741950,-88750,254,0.99
2026-06-25,2026-06-30,225.0,CE,1231850,-1033050,605,6.13
2026-06-25,2026-06-30,225.0,PE,2112250,-159750,1842,1.62
2026-06-25,2026-06-30,227.5,CE,440200,-88750,172,4.57
2026-06-25,2026-06-30,227.5,PE,663850,-85200,520,2.71
2026-06-25,2026-06-30,230.0,CE,9190950,2272000,4919,3.51
2026-06-25,2026-06-30,230.0,PE,3400900,308850,1576,4.05
2026-06-25,2026-06-30,232.5,CE,1991550,60350,2803,2.61
2026-06-25,2026-06-30,232.5,PE,589300,-67450,150,5.46
2026-06-25,2026-06-30,235.0,CE,4281300,-1959600,4468,1.93
2026-06-25,2026-06-30,235.0,PE,1065000,-99400,153,7.69
2026-06-25,2026-06-30,237.5,CE,1125350,330150,1261,1.4
2026-06-25,2026-06-30,237.5,PE,244950,-31950,47,9.43
2026-06-25,2026-06-30,240.0,CE,5520250,-816500,4548,1.05
2026-06-25,2026-06-30,240.0,PE,994000,-78100,73,11.68
2026-06-25,2026-06-30,242.5,CE,741950,88750,775,0.78
2026-06-25,2026-06-30,242.5,PE,408250,0,0,11.17
2026-06-25,2026-06-30,245.0,CE,3521600,333700,3368,0.61
2026-06-25,2026-06-30,245.0,PE,582200,-46150,32,16.18
2026-06-25,2026-06-30,247.5,CE,1427100,-71000,493,0.48
2026-06-25,2026-06-30,247.5,PE,507650,0,0,18.06
2026-06-25,2026-06-30,250.0,CE,9272600,-1065000,3512,0.38
2026-06-25,2026-06-30,250.0,PE,1551350,-124250,58,21.2
2026-06-25,2026-06-30,252.5,CE,1033050,-110050,481,0.31
2026-06-25,2026-06-30,252.5,PE,241400,0,0,30.55
2026-06-25,2026-06-30,255.0,CE,2222300,-280450,581,0.26
2026-06-25,2026-06-30,255.0,PE,127800,0,0,24.78
2026-06-25,2026-06-30,257.5,CE,340800,42600,151,0.24
2026-06-25,2026-06-30,257.5,PE,0,0,0,40.3
2026-06-25,2026-06-30,260.0,CE,4171250,-102950,1841,0.19
2026-06-25,2026-06-30,260.0,PE,401150,-49700,16,30.65
2026-06-25,2026-06-30,262.5,CE,152650,-49700,34,0.19
2026-06-25,2026-06-30,262.5,PE,28400,0,0,30.95
2026-06-25,2026-06-30,265.0,CE,1380950,-71000,343,0.14
2026-06-25,2026-06-30,265.0,PE,10650,0,0,33.9
2026-06-25,2026-06-30,267.5,CE,127800,0,0,0.3
2026-06-25,2026-06-30,270.0,CE,1132450,-3550,138,0.09
2026-06-25,2026-06-30,270.0,PE,39050,0,0,38.0
2026-06-25,2026-06-30,272.5,CE,131350,0,3,0.07
2026-06-25,2026-06-30,275.0,CE,525400,-106500,47,0.08
2026-06-25,2026-06-30,275.0,PE,0,0,0,54.26
2026-06-25,2026-06-30,277.5,CE,131350,0,1,0.06
2026-06-25,2026-06-30,280.0,CE,2076750,-223650,216,0.06
2026-06-25,2026-06-30,280.0,PE,14200,0,0,32.05
2026-06-25,2026-07-28,190.0,CE,3550,3550,1,45.0
2026-06-25,2026-07-28,190.0,PE,365650,145550,136,1.4
2026-06-25,2026-07-28,195.0,CE,0,0,0,40.73
2026-06-25,2026-07-28,195.0,PE,63900,14200,6,1.93
2026-06-25,2026-07-28,200.0,CE,49700,0,0,34.0
2026-06-25,2026-07-28,200.0,PE,869750,195250,180,2.67
2026-06-25,2026-07-28,202.5,CE,0,0,0,47.24
2026-06-25,2026-07-28,202.5,PE,0,0,0,4.44
2026-06-25,2026-07-28,205.0,CE,0,0,0,34.46
2026-06-25,2026-07-28,205.0,PE,110050,-24850,10,3.54
2026-06-25,2026-07-28,207.5,CE,0,0,0,45.06
2026-06-25,2026-07-28,207.5,PE,17750,0,0,2.73
2026-06-25,2026-07-28,210.0,CE,1128900,1107600,333,25.99
2026-06-25,2026-07-28,210.0,PE,1480350,227200,201,4.71
2026-06-25,2026-07-28,212.5,CE,0,0,0,41.42
2026-06-25,2026-07-28,212.5,PE,17750,0,0,5.62
2026-06-25,2026-07-28,215.0,CE,3550,0,0,19.5
2026-06-25,2026-07-28,215.0,PE,205900,67450,60,6.15
2026-06-25,2026-07-28,217.5,CE,0,0,0,37.94
2026-06-25,2026-07-28,217.5,PE,0,0,0,8.68
2026-06-25,2026-07-28,220.0,CE,759700,102950,53,18.6
2026-06-25,2026-07-28,220.0,PE,1150200,255600,252,7.7
2026-06-25,2026-07-28,222.5,CE,0,0,0,34.65
2026-06-25,2026-07-28,222.5,PE,3550,0,0,10.34
2026-06-25,2026-07-28,225.0,CE,191700,35500,25,15.75
2026-06-25,2026-07-28,225.0,PE,170400,21300,27,9.84
2026-06-25,2026-07-28,227.5,CE,3550,0,0,9.83
2026-06-25,2026-07-28,227.5,PE,21300,14200,5,10.15
2026-06-25,2026-07-28,230.0,CE,3897900,433100,765,13.06
2026-06-25,2026-07-28,230.0,PE,2417550,518300,310,12.16
2026-06-25,2026-07-28,232.5,CE,646100,230750,167,12.06
2026-06-25,2026-07-28,232.5,PE,415350,102950,46,12.31
2026-06-25,2026-07-28,235.0,CE,5836200,5076500,1991,10.85
2026-06-25,2026-07-28,235.0,PE,1405800,1107600,371,14.83
2026-06-25,2026-07-28,237.5,CE,152650,78100,34,11.14
2026-06-25,2026-07-28,237.5,PE,191700,35500,42,15.53
2026-06-25,2026-07-28,240.0,CE,2122900,482800,688,8.81
2026-06-25,2026-07-28,240.0,PE,564450,173950,105,17.65
2026-06-25,2026-07-28,242.5,CE,0,0,0,23.43
2026-06-25,2026-07-28,242.5,PE,14200,14200,4,18.49
2026-06-25,2026-07-28,245.0,CE,230750,102950,56,7.05
2026-06-25,2026-07-28,245.0,PE,24850,0,0,18.25
2026-06-25,2026-07-28,247.5,CE,17750,17750,5,6.42
2026-06-25,2026-07-28,247.5,PE,0,0,0,21.52
2026-06-25,2026-07-28,250.0,CE,1984450,184600,584,5.68
2026-06-25,2026-07-28,250.0,PE,102950,10650,6,25.0
2026-06-25,2026-07-28,252.5,CE,0,0,0,18.94
2026-06-25,2026-07-28,252.5,PE,0,0,0,24.32
2026-06-25,2026-07-28,255.0,CE,3550,0,0,6.7
2026-06-25,2026-07-28,255.0,PE,3550,0,0,27.0
2026-06-25,2026-07-28,257.5,CE,28400,24850,17,4.0
2026-06-25,2026-07-28,257.5,PE,0,0,0,27.29
2026-06-25,2026-07-28,260.0,CE,1231850,159750,232,3.64
2026-06-25,2026-07-28,260.0,PE,177500,3550,1,30.0
2026-06-25,2026-07-28,262.5,CE,0,0,0,15.15
2026-06-25,2026-07-28,262.5,PE,0,0,0,30.43
2026-06-25,2026-07-28,265.0,CE,28400,28400,8,2.85
2026-06-25,2026-07-28,265.0,PE,0,0,0,48.59
2026-06-25,2026-07-28,270.0,CE,1164400,113600,190,2.29
2026-06-25,2026-07-28,270.0,PE,56800,56800,16,39.25
2026-06-25,2026-07-28,275.0,CE,0,0,0,9.57
2026-06-25,2026-07-28,275.0,PE,0,0,0,50.91
2026-06-25,2026-07-28,280.0,CE,663850,-24850,177,1.43
2026-06-25,2026-08-25,200.0,CE,0,0,0,54.14
2026-06-25,2026-08-25,200.0,PE,0,0,0,6.65
2026-06-25,2026-08-25,205.0,CE,0,0,0,50.5
2026-06-25,2026-08-25,205.0,PE,0,0,0,7.94
2026-06-25,2026-08-25,210.0,CE,0,0,0,47.0
2026-06-25,2026-08-25,210.0,PE,0,0,0,9.37
2026-06-25,2026-08-25,215.0,CE,0,0,0,43.66
2026-06-25,2026-08-25,215.0,PE,0,0,0,10.96
2026-06-25,2026-08-25,220.0,CE,0,0,0,40.48
2026-06-25,2026-08-25,220.0,PE,56800,56800,25,10.79
2026-06-25,2026-08-25,225.0,CE,0,0,0,37.46
2026-06-25,2026-08-25,225.0,PE,0,0,0,14.61
2026-06-25,2026-08-25,230.0,CE,0,0,0,34.61
2026-06-25,2026-08-25,230.0,PE,10650,0,0,15.0
2026-06-25,2026-08-25,235.0,CE,0,0,0,31.92
2026-06-25,2026-08-25,235.0,PE,0,0,0,18.91
2026-06-25,2026-08-25,240.0,CE,0,0,0,29.38
2026-06-25,2026-08-25,240.0,PE,0,0,0,21.31
2026-06-25,2026-08-25,245.0,CE,0,0,0,27.0
2026-06-25,2026-08-25,245.0,PE,0,0,0,23.85
2026-06-25,2026-08-25,250.0,CE,0,0,0,24.78
2026-06-25,2026-08-25,250.0,PE,0,0,0,26.55
2026-06-25,2026-08-25,255.0,CE,0,0,0,22.7
2026-06-25,2026-08-25,255.0,PE,0,0,0,29.4
2026-06-25,2026-08-25,260.0,CE,0,0,0,20.76
2026-06-25,2026-08-25,260.0,PE,0,0,0,32.39
2026-06-25,2026-08-25,265.0,CE,0,0,0,18.96
2026-06-25,2026-08-25,265.0,PE,0,0,0,35.52
2026-06-25,2026-08-25,270.0,CE,0,0,0,17.29
2026-06-25,2026-08-25,270.0,PE,0,0,0,38.77
2026-06-29,2026-06-30,180.0,CE,10650,0,0,42.04
2026-06-29,2026-06-30,180.0,PE,514750,-35500,33,0.01
2026-06-29,2026-06-30,185.0,CE,7100,0,0,45.63
2026-06-29,2026-06-30,190.0,CE,10650,0,0,42.24
2026-06-29,2026-06-30,190.0,PE,347900,-216550,184,0.02
2026-06-29,2026-06-30,195.0,CE,7100,0,1,31.88
2026-06-29,2026-06-30,195.0,PE,237850,-35500,24,0.04
2026-06-29,2026-06-30,200.0,CE,408250,-28400,14,26.24
2026-06-29,2026-06-30,200.0,PE,2520500,-674500,698,0.05
2026-06-29,2026-06-30,202.5,CE,0,0,0,43.55
2026-06-29,2026-06-30,202.5,PE,39050,-42600,68,0.05
2026-06-29,2026-06-30,205.0,CE,17750,0,0,26.08
2026-06-29,2026-06-30,205.0,PE,500550,-195250,286,0.04
2026-06-29,2026-06-30,207.5,CE,0,0,0,28.96
2026-06-29,2026-06-30,207.5,PE,117150,-53250,84,0.05
2026-06-29,2026-06-30,210.0,CE,933650,-216550,74,16.89
2026-06-29,2026-06-30,210.0,PE,2506300,-266250,460,0.07
2026-06-29,2026-06-30,212.5,CE,0,0,0,24.95
2026-06-29,2026-06-30,212.5,PE,163300,-49700,120,0.05
2026-06-29,2026-06-30,215.0,CE,188150,-28400,41,11.89
2026-06-29,2026-06-30,215.0,PE,688700,-461500,820,0.11
2026-06-29,2026-06-30,217.5,CE,372750,-49700,18,10.31
2026-06-29,2026-06-30,217.5,PE,1814050,507650,531,0.29
2026-06-29,2026-06-30,220.0,CE,1508750,-1324150,665,6.46
2026-06-29,2026-06-30,220.0,PE,4341650,-1153750,2552,0.29
2026-06-29,2026-06-30,222.5,CE,702900,-184600,254,4.14
2026-06-29,2026-06-30,222.5,PE,585750,-156200,546,0.63
2026-06-29,2026-06-30,225.0,CE,1146650,-85200,1665,3.11
2026-06-29,2026-06-30,225.0,PE,1913450,-198800,2738,1.43
2026-06-29,2026-06-30,227.5,CE,578650,138450,3228,1.77
2026-06-29,2026-06-30,227.5,PE,532500,-131350,792,2.68
2026-06-29,2026-06-30,230.0,CE,6734350,-2456600,13635,0.97
2026-06-29,2026-06-30,230.0,PE,2282650,-1118250,1399,4.42
2026-06-29,2026-06-30,232.5,CE,2183250,191700,4315,0.71
2026-06-29,2026-06-30,232.5,PE,433100,-156200,94,6.73
2026-06-29,2026-06-30,235.0,CE,3574850,-706450,9986,0.48
2026-06-29,2026-06-30,235.0,PE,678050,-386950,187,8.89
2026-06-29,2026-06-30,237.5,CE,891050,-234300,1782,0.29
2026-06-29,2026-06-30,237.5,PE,220100,-24850,13,11.47
2026-06-29,2026-06-30,240.0,CE,3947600,-1572650,9028,0.24
2026-06-29,2026-06-30,240.0,PE,681600,-312400,156,13.62
2026-06-29,2026-06-30,242.5,CE,685150,-56800,1576,0.14
2026-06-29,2026-06-30,242.5,PE,394050,-14200,9,16.56
2026-06-29,2026-06-30,245.0,CE,2903900,-617700,10061,0.14
2026-06-29,2026-06-30,245.0,PE,553800,-28400,18,17.99
2026-06-29,2026-06-30,247.5,CE,1125350,-301750,310,0.09
2026-06-29,2026-06-30,247.5,PE,493450,-14200,5,21.07
2026-06-29,2026-06-30,250.0,CE,6798250,-2474350,6549,0.11
2026-06-29,2026-06-30,250.0,PE,1114700,-436650,169,22.85
2026-06-29,2026-06-30,252.5,CE,660300,-372750,292,0.18
2026-06-29,2026-06-30,252.5,PE,223650,-17750,6,26.11
2026-06-29,2026-06-30,255.0,CE,1608150,-614150,484,0.09
2026-06-29,2026-06-30,255.0,PE,127800,0,0,24.78
2026-06-29,2026-06-30,257.5,CE,252050,-88750,117,0.05
2026-06-29,2026-06-30,257.5,PE,0,0,0,40.3
2026-06-29,2026-06-30,260.0,CE,3358300,-812950,926,0.04
2026-06-29,2026-06-30,260.0,PE,383400,-17750,7,32.35
2026-06-29,2026-06-30,262.5,CE,131350,-21300,40,0.04
2026-06-29,2026-06-30,262.5,PE,28400,0,1,34.5
2026-06-29,2026-06-30,265.0,CE,834250,-546700,377,0.02
2026-06-29,2026-06-30,265.0,PE,10650,0,0,33.9
2026-06-29,2026-06-30,267.5,CE,60350,-67450,20,0.03
2026-06-29,2026-06-30,270.0,CE,656750,-475700,161,0.02
2026-06-29,2026-06-30,270.0,PE,39050,0,0,38.0
2026-06-29,2026-06-30,272.5,CE,117150,-14200,13,0.02
2026-06-29,2026-06-30,275.0,CE,411800,-113600,39,0.01
2026-06-29,2026-06-30,275.0,PE,0,0,0,54.26
2026-06-29,2026-06-30,277.5,CE,124250,-7100,28,0.03
2026-06-29,2026-06-30,280.0,CE,1558450,-518300,325,0.04
2026-06-29,2026-06-30,280.0,PE,7100,-7100,3,55.5
2026-06-29,2026-07-28,190.0,CE,3550,0,0,45.0
2026-06-29,2026-07-28,190.0,PE,546700,181050,101,1.55
2026-06-29,2026-07-28,195.0,CE,3550,3550,1,33.3
2026-06-29,2026-07-28,195.0,PE,117150,53250,25,2.27
2026-06-29,2026-07-28,200.0,CE,67450,17750,6,30.83
2026-06-29,2026-07-28,200.0,PE,1696900,827150,684,2.98
2026-06-29,2026-07-28,202.5,CE,0,0,0,47.24
2026-06-29,2026-07-28,202.5,PE,0,0,0,4.44
2026-06-29,2026-07-28,205.0,CE,0,0,0,34.46
2026-06-29,2026-07-28,205.0,PE,177500,67450,71,3.83
2026-06-29,2026-07-28,207.5,CE,0,0,0,45.06
2026-06-29,2026-07-28,207.5,PE,17750,0,0,2.73
2026-06-29,2026-07-28,210.0,CE,1136000,7100,5,23.49
2026-06-29,2026-07-28,210.0,PE,2087400,607050,341,5.09
2026-06-29,2026-07-28,212.5,CE,0,0,0,41.42
2026-06-29,2026-07-28,212.5,PE,17750,0,0,5.62
2026-06-29,2026-07-28,215.0,CE,7100,3550,1,19.5
2026-06-29,2026-07-28,215.0,PE,298200,92300,65,6.56
2026-06-29,2026-07-28,217.5,CE,0,0,0,37.94
2026-06-29,2026-07-28,217.5,PE,0,0,0,8.68
2026-06-29,2026-07-28,220.0,CE,763250,3550,88,16.34
2026-06-29,2026-07-28,220.0,PE,1448400,298200,306,8.43
2026-06-29,2026-07-28,222.5,CE,0,0,0,34.65
2026-06-29,2026-07-28,222.5,PE,21300,17750,10,9.78
2026-06-29,2026-07-28,225.0,CE,408250,216550,209,13.58
2026-06-29,2026-07-28,225.0,PE,386950,216550,143,10.77
2026-06-29,2026-07-28,227.5,CE,71000,67450,59,12.59
2026-06-29,2026-07-28,227.5,PE,46150,24850,18,11.92
2026-06-29,2026-07-28,230.0,CE,4739250,841350,1093,11.3
2026-06-29,2026-07-28,230.0,PE,2676700,259150,303,13.41
2026-06-29,2026-07-28,232.5,CE,667400,21300,24,9.94
2026-06-29,2026-07-28,232.5,PE,415350,0,0,12.31
2026-06-29,2026-07-28,235.0,CE,5921400,85200,275,9.05
2026-06-29,2026-07-28,235.0,PE,1434200,28400,31,16.09
2026-06-29,2026-07-28,237.5,CE,152650,0,0,11.14
2026-06-29,2026-07-28,237.5,PE,191700,0,0,15.53
2026-06-29,2026-07-28,240.0,CE,2666050,543150,508,7.22
2026-06-29,2026-07-28,240.0,PE,646100,81650,93,18.91
2026-06-29,2026-07-28,242.5,CE,0,0,0,23.43
2026-06-29,2026-07-28,242.5,PE,14200,0,0,18.49
2026-06-29,2026-07-28,245.0,CE,312400,81650,67,6.01
2026-06-29,2026-07-28,245.0,PE,28400,3550,1,23.0
2026-06-29,2026-07-28,247.5,CE,17750,0,4,5.01
2026-06-29,2026-07-28,247.5,PE,0,0,0,21.52
2026-06-29,2026-07-28,250.0,CE,2648300,663850,675,4.41
2026-06-29,2026-07-28,250.0,PE,102950,0,8,26.01
2026-06-29,2026-07-28,252.5,CE,0,0,0,18.94
2026-06-29,2026-07-28,252.5,PE,0,0,0,24.32
2026-06-29,2026-07-28,255.0,CE,31950,28400,10,3.72
2026-06-29,2026-07-28,255.0,PE,3550,0,0,27.0
2026-06-29,2026-07-28,257.5,CE,24850,-3550,13,3.0
2026-06-29,2026-07-28,257.5,PE,0,0,0,27.29
2026-06-29,2026-07-28,260.0,CE,1324150,92300,222,2.72
2026-06-29,2026-07-28,260.0,PE,184600,7100,2,34.0
2026-06-29,2026-07-28,262.5,CE,0,0,0,15.15
2026-06-29,2026-07-28,262.5,PE,0,0,0,30.43
2026-06-29,2026-07-28,265.0,CE,149100,120700,43,2.0
2026-06-29,2026-07-28,265.0,PE,0,0,0,48.59
2026-06-29,2026-07-28,270.0,CE,1246050,81650,136,1.73
2026-06-29,2026-07-28,270.0,PE,56800,0,0,39.25
2026-06-29,2026-07-28,275.0,CE,0,0,0,9.57
2026-06-29,2026-07-28,275.0,PE,0,0,0,50.91
2026-06-29,2026-07-28,280.0,CE,599950,-63900,113,1.06
2026-06-29,2026-08-25,200.0,CE,0,0,0,54.14
2026-06-29,2026-08-25,200.0,PE,0,0,0,6.65
2026-06-29,2026-08-25,205.0,CE,0,0,0,50.5
2026-06-29,2026-08-25,205.0,PE,0,0,0,7.94
2026-06-29,2026-08-25,210.0,CE,0,0,0,47.0
2026-06-29,2026-08-25,210.0,PE,0,0,0,9.37
2026-06-29,2026-08-25,215.0,CE,0,0,0,43.66
2026-06-29,2026-08-25,215.0,PE,0,0,0,10.96
2026-06-29,2026-08-25,220.0,CE,0,0,0,40.48
2026-06-29,2026-08-25,220.0,PE,60350,3550,1,11.7
2026-06-29,2026-08-25,225.0,CE,0,0,0,37.46
2026-06-29,2026-08-25,225.0,PE,0,0,0,14.61
2026-06-29,2026-08-25,230.0,CE,0,0,0,34.61
2026-06-29,2026-08-25,230.0,PE,17750,7100,3,16.35
2026-06-29,2026-08-25,235.0,CE,0,0,0,31.92
2026-06-29,2026-08-25,235.0,PE,0,0,0,18.91
2026-06-29,2026-08-25,240.0,CE,0,0,0,29.38
2026-06-29,2026-08-25,240.0,PE,0,0,0,21.31
2026-06-29,2026-08-25,245.0,CE,0,0,0,27.0
2026-06-29,2026-08-25,245.0,PE,0,0,0,23.85
2026-06-29,2026-08-25,250.0,CE,3550,3550,2,7.2
2026-06-29,2026-08-25,250.0,PE,0,0,0,26.55
2026-06-29,2026-08-25,255.0,CE,0,0,0,22.7
2026-06-29,2026-08-25,255.0,PE,0,0,0,29.4
2026-06-29,2026-08-25,260.0,CE,0,0,0,20.76
2026-06-29,2026-08-25,260.0,PE,0,0,0,32.39
2026-06-29,2026-08-25,265.0,CE,0,0,0,18.96
2026-06-29,2026-08-25,265.0,PE,0,0,0,35.52
2026-06-29,2026-08-25,270.0,CE,0,0,0,17.29
2026-06-29,2026-08-25,270.0,PE,0,0,0,38.77
2026-06-30,2026-06-30,180.0,CE,10650,0,0,42.04
2026-06-30,2026-06-30,180.0,PE,493450,-21300,11,0.01
2026-06-30,2026-06-30,185.0,CE,7100,0,0,45.63
2026-06-30,2026-06-30,190.0,CE,10650,0,1,33.0
2026-06-30,2026-06-30,190.0,PE,340800,-7100,64,0.01
2026-06-30,2026-06-30,195.0,CE,7100,0,0,31.88
2026-06-30,2026-06-30,195.0,PE,163300,-74550,44,0.01
2026-06-30,2026-06-30,200.0,CE,266250,-142000,59,23.67
2026-06-30,2026-06-30,200.0,PE,2247150,-273350,460,0.01
2026-06-30,2026-06-30,202.5,CE,0,0,0,43.55
2026-06-30,2026-06-30,202.5,PE,74550,35500,30,0.01
2026-06-30,2026-06-30,205.0,CE,17750,0,0,26.08
2026-06-30,2026-06-30,205.0,PE,482800,-17750,89,0.01
2026-06-30,2026-06-30,207.5,CE,0,0,0,28.96
2026-06-30,2026-06-30,207.5,PE,106500,-10650,52,0.01
2026-06-30,2026-06-30,210.0,CE,688700,-244950,78,13.84
2026-06-30,2026-06-30,210.0,PE,2144200,-362100,510,0.01
2026-06-30,2026-06-30,212.5,CE,0,0,0,24.95
2026-06-30,2026-06-30,212.5,PE,159750,-3550,88,0.01
2026-06-30,2026-06-30,215.0,CE,188150,0,0,11.89
2026-06-30,2026-06-30,215.0,PE,504100,-184600,405,0.01
2026-06-30,2026-06-30,217.5,CE,358550,-14200,10,6.5
2026-06-30,2026-06-30,217.5,PE,883950,-930100,811,0.01
2026-06-30,2026-06-30,220.0,CE,1040150,-468600,253,3.42
2026-06-30,2026-06-30,220.0,PE,1043700,-3297950,1926,0.04
2026-06-30,2026-06-30,222.5,CE,418900,-284000,176,1.05
2026-06-30,2026-06-30,222.5,PE,333700,-252050,392,0.12
2026-06-30,2026-06-30,225.0,CE,429550,-717100,1181,0.19
2026-06-30,2026-06-30,225.0,PE,511200,-1402250,875,1.62
2026-06-30,2026-06-30,227.5,CE,394050,-184600,640,0.01
2026-06-30,2026-06-30,227.5,PE,287550,-244950,120,3.79
2026-06-30,2026-06-30,230.0,CE,2477900,-4256450,3450,0.01
2026-06-30,2026-06-30,230.0,PE,1515850,-766800,316,6.22
2026-06-30,2026-06-30,232.5,CE,1373850,-809400,908,0.01
2026-06-30,2026-06-30,232.5,PE,411800,-21300,10,8.79
2026-06-30,2026-06-30,235.0,CE,1622350,-1952500,1440,0.01
2026-06-30,2026-06-30,235.0,PE,553800,-124250,61,11.32
2026-06-30,2026-06-30,237.5,CE,379850,-511200,341,0.01
2026-06-30,2026-06-30,237.5,PE,202350,-17750,8,13.6
2026-06-30,2026-06-30,240.0,CE,2293300,-1654300,1159,0.01
2026-06-30,2026-06-30,240.0,PE,521850,-159750,100,16.44
2026-06-30,2026-06-30,242.5,CE,440200,-244950,229,0.01
2026-06-30,2026-06-30,242.5,PE,358550,-35500,32,19.0
2026-06-30,2026-06-30,245.0,CE,1902800,-1001100,428,0.01
2026-06-30,2026-06-30,245.0,PE,504100,-49700,25,21.23
2026-06-30,2026-06-30,247.5,CE,820050,-305300,192,0.01
2026-06-30,2026-06-30,247.5,PE,436650,-56800,26,26.35
2026-06-30,2026-06-30,250.0,CE,4558200,-2240050,1058,0.01
2026-06-30,2026-06-30,250.0,PE,933650,-181050,103,26.35
2026-06-30,2026-06-30,252.5,CE,507650,-152650,98,0.01
2026-06-30,2026-06-30,252.5,PE,216550,-7100,6,29.21
2026-06-30,2026-06-30,255.0,CE,923000,-685150,260,0.01
2026-06-30,2026-06-30,255.0,PE,124250,-3550,5,31.0
2026-06-30,2026-06-30,257.5,CE,227200,-24850,10,0.01
2026-06-30,2026-06-30,257.5,PE,0,0,0,40.3
2026-06-30,2026-06-30,260.0,CE,2467250,-891050,292,0.01
2026-06-30,2026-06-30,260.0,PE,340800,-42600,22,36.0
2026-06-30,2026-06-30,262.5,CE,85200,-46150,16,0.01
2026-06-30,2026-06-30,262.5,PE,28400,0,0,34.5
2026-06-30,2026-06-30,265.0,CE,599950,-234300,108,0.01
2026-06-30,2026-06-30,265.0,PE,10650,0,0,33.9
2026-06-30,2026-06-30,267.5,CE,56800,-3550,6,0.01
2026-06-30,2026-06-30,270.0,CE,539600,-117150,87,0.01
2026-06-30,2026-06-30,270.0,PE,35500,-3550,3,46.0
2026-06-30,2026-06-30,272.5,CE,95850,-21300,10,0.01
2026-06-30,2026-06-30,275.0,CE,362100,-49700,51,0.01
2026-06-30,2026-06-30,275.0,PE,0,0,0,54.26
2026-06-30,2026-06-30,277.5,CE,106500,-17750,9,0.01
2026-06-30,2026-06-30,280.0,CE,1270900,-287550,115,0.01
2026-06-30,2026-06-30,280.0,PE,7100,0,0,55.5
2026-06-30,2026-07-28,190.0,CE,3550,0,0,45.0
2026-06-30,2026-07-28,190.0,PE,546700,0,172,1.2
2026-06-30,2026-07-28,195.0,CE,7100,3550,1,32.0
2026-06-30,2026-07-28,195.0,PE,202350,85200,54,1.7
2026-06-30,2026-07-28,200.0,CE,46150,-21300,19,28.06
2026-06-30,2026-07-28,200.0,PE,2382050,685150,467,2.56
2026-06-30,2026-07-28,202.5,CE,0,0,0,47.24
2026-06-30,2026-07-28,202.5,PE,0,0,0,4.44
2026-06-30,2026-07-28,205.0,CE,0,0,0,34.46
2026-06-30,2026-07-28,205.0,PE,287550,110050,158,3.58
2026-06-30,2026-07-28,207.5,CE,0,0,0,45.06
2026-06-30,2026-07-28,207.5,PE,110050,92300,42,4.22
2026-06-30,2026-07-28,210.0,CE,1171500,35500,30,20.66
2026-06-30,2026-07-28,210.0,PE,2556000,468600,379,4.87
2026-06-30,2026-07-28,212.5,CE,0,0,0,41.42
2026-06-30,2026-07-28,212.5,PE,17750,0,0,5.62
2026-06-30,2026-07-28,215.0,CE,46150,39050,19,17.37
2026-06-30,2026-07-28,215.0,PE,507650,209450,151,6.33
2026-06-30,2026-07-28,217.5,CE,0,0,0,37.94
2026-06-30,2026-07-28,217.5,PE,0,0,0,8.68
2026-06-30,2026-07-28,220.0,CE,947850,184600,153,14.01
2026-06-30,2026-07-28,220.0,PE,1821150,372750,406,8.49
2026-06-30,2026-07-28,222.5,CE,0,0,0,34.65
2026-06-30,2026-07-28,222.5,PE,28400,7100,3,9.47
2026-06-30,2026-07-28,225.0,CE,1004650,596400,553,11.52
2026-06-30,2026-07-28,225.0,PE,759700,372750,258,10.86
2026-06-30,2026-07-28,227.5,CE,234300,163300,82,10.44
2026-06-30,2026-07-28,227.5,PE,49700,3550,23,12.62
2026-06-30,2026-07-28,230.0,CE,5711950,972700,1367,9.26
2026-06-30,2026-07-28,230.0,PE,3028150,351450,208,13.71
2026-06-30,2026-07-28,232.5,CE,823600,156200,78,8.19
2026-06-30,2026-07-28,232.5,PE,415350,0,0,12.31
2026-06-30,2026-07-28,235.0,CE,6152150,230750,360,7.31
2026-06-30,2026-07-28,235.0,PE,1437750,3550,16,16.1
2026-06-30,2026-07-28,237.5,CE,149100,-3550,7,6.56
2026-06-30,2026-07-28,237.5,PE,191700,0,0,15.53
2026-06-30,2026-07-28,240.0,CE,2886150,220100,674,5.7
2026-06-30,2026-07-28,240.0,PE,756150,110050,64,19.9
2026-06-30,2026-07-28,242.5,CE,10650,10650,12,4.98
2026-06-30,2026-07-28,242.5,PE,21300,7100,4,21.25
2026-06-30,2026-07-28,245.0,CE,344350,31950,111,4.34
2026-06-30,2026-07-28,245.0,PE,28400,0,0,23.0
2026-06-30,2026-07-28,247.5,CE,49700,31950,30,3.6
2026-06-30,2026-07-28,247.5,PE,0,0,0,21.52
2026-06-30,2026-07-28,250.0,CE,3152400,504100,691,3.33
2026-06-30,2026-07-28,250.0,PE,181050,78100,29,27.42
2026-06-30,2026-07-28,252.5,CE,49700,49700,14,2.88
2026-06-30,2026-07-28,252.5,PE,3550,3550,1,29.8
2026-06-30,2026-07-28,255.0,CE,49700,17750,11,2.49
2026-06-30,2026-07-28,255.0,PE,3550,0,0,27.0
2026-06-30,2026-07-28,257.5,CE,28400,3550,1,2.68
2026-06-30,2026-07-28,257.5,PE,0,0,0,27.29
2026-06-30,2026-07-28,260.0,CE,1466150,142000,288,1.99
2026-06-30,2026-07-28,260.0,PE,184600,0,0,34.0
2026-06-30,2026-07-28,262.5,CE,0,0,0,15.15
2026-06-30,2026-07-28,262.5,PE,0,0,0,30.43
2026-06-30,2026-07-28,265.0,CE,163300,14200,13,1.56
2026-06-30,2026-07-28,265.0,PE,0,0,0,48.59
2026-06-30,2026-07-28,270.0,CE,1228300,-17750,194,1.18
2026-06-30,2026-07-28,270.0,PE,56800,0,0,39.25
2026-06-30,2026-07-28,275.0,CE,0,0,0,9.57
2026-06-30,2026-07-28,275.0,PE,0,0,0,50.91
2026-06-30,2026-07-28,280.0,CE,628350,28400,46,0.8
2026-06-30,2026-08-25,200.0,CE,0,0,0,54.14
2026-06-30,2026-08-25,200.0,PE,0,0,0,6.65
2026-06-30,2026-08-25,205.0,CE,0,0,0,50.5
2026-06-30,2026-08-25,205.0,PE,0,0,0,7.94
2026-06-30,2026-08-25,210.0,CE,0,0,0,47.0
2026-06-30,2026-08-25,210.0,PE,0,0,0,9.37
2026-06-30,2026-08-25,215.0,CE,0,0,0,43.66
2026-06-30,2026-08-25,215.0,PE,0,0,0,10.96
2026-06-30,2026-08-25,220.0,CE,0,0,0,40.48
2026-06-30,2026-08-25,220.0,PE,60350,0,1,12.65
2026-06-30,2026-08-25,225.0,CE,0,0,0,37.46
2026-06-30,2026-08-25,225.0,PE,0,0,0,14.61
2026-06-30,2026-08-25,230.0,CE,0,0,0,34.61
2026-06-30,2026-08-25,230.0,PE,17750,0,0,16.35
2026-06-30,2026-08-25,235.0,CE,0,0,0,31.92
2026-06-30,2026-08-25,235.0,PE,0,0,0,18.91
2026-06-30,2026-08-25,240.0,CE,0,0,0,29.38
2026-06-30,2026-08-25,240.0,PE,0,0,0,21.31
2026-06-30,2026-08-25,245.0,CE,0,0,0,27.0
2026-06-30,2026-08-25,245.0,PE,0,0,0,23.85
2026-06-30,2026-08-25,250.0,CE,3550,0,0,7.2
2026-06-30,2026-08-25,250.0,PE,0,0,0,26.55
2026-06-30,2026-08-25,255.0,CE,0,0,0,22.7
2026-06-30,2026-08-25,255.0,PE,0,0,0,29.4
2026-06-30,2026-08-25,260.0,CE,0,0,0,20.76
2026-06-30,2026-08-25,260.0,PE,0,0,0,32.39
2026-06-30,2026-08-25,265.0,CE,0,0,0,18.96
2026-06-30,2026-08-25,265.0,PE,0,0,0,35.52
2026-06-30,2026-08-25,270.0,CE,0,0,0,17.29
2026-06-30,2026-08-25,270.0,PE,0,0,0,38.77
2026-07-01,2026-07-28,190.0,CE,3550,0,0,45.0
2026-07-01,2026-07-28,190.0,PE,624800,78100,299,1.05
2026-07-01,2026-07-28,195.0,CE,7100,0,0,32.0
2026-07-01,2026-07-28,195.0,PE,159750,-42600,69,1.48
2026-07-01,2026-07-28,200.0,CE,46150,0,18,30.5
2026-07-01,2026-07-28,200.0,PE,2627000,244950,541,2.2
2026-07-01,2026-07-28,202.5,CE,0,0,0,47.24
2026-07-01,2026-07-28,202.5,PE,0,0,0,4.44
2026-07-01,2026-07-28,205.0,CE,0,0,0,34.46
2026-07-01,2026-07-28,205.0,PE,848450,560900,392,2.96
2026-07-01,2026-07-28,207.5,CE,35500,35500,19,24.28
2026-07-01,2026-07-28,207.5,PE,170400,60350,63,3.42
2026-07-01,2026-07-28,210.0,CE,1207000,35500,40,22.5
2026-07-01,2026-07-28,210.0,PE,3021050,465050,520,4.17
2026-07-01,2026-07-28,212.5,CE,0,0,0,41.42
2026-07-01,2026-07-28,212.5,PE,120700,102950,94,4.63
2026-07-01,2026-07-28,215.0,CE,127800,81650,50,18.8
2026-07-01,2026-07-28,215.0,PE,706450,198800,277,5.38
2026-07-01,2026-07-28,217.5,CE,0,0,0,37.94
2026-07-01,2026-07-28,217.5,PE,3550,3550,1,6.5
2026-07-01,2026-07-28,220.0,CE,1107600,159750,323,15.75
2026-07-01,2026-07-28,220.0,PE,2257800,436650,606,7.49
2026-07-01,2026-07-28,222.5,CE,0,0,0,34.65
2026-07-01,2026-07-28,222.5,PE,124250,95850,67,8.27
2026-07-01,2026-07-28,225.0,CE,1292200,287550,1150,12.98
2026-07-01,2026-07-28,225.0,PE,1086300,326600,376,9.6
2026-07-01,2026-07-28,227.5,CE,507650,273350,492,11.73
2026-07-01,2026-07-28,227.5,PE,234300,184600,159,10.68
2026-07-01,2026-07-28,230.0,CE,9230000,3518050,4509,10.58
2026-07-01,2026-07-28,230.0,PE,4228050,1199900,957,11.97
2026-07-01,2026-07-28,232.5,CE,848450,24850,203,9.5
2026-07-01,2026-07-28,232.5,PE,415350,0,0,12.31
2026-07-01,2026-07-28,235.0,CE,6290600,138450,862,8.49
2026-07-01,2026-07-28,235.0,PE,1565550,127800,122,14.66
2026-07-01,2026-07-28,237.5,CE,177500,28400,68,7.54
2026-07-01,2026-07-28,237.5,PE,191700,0,0,15.53
2026-07-01,2026-07-28,240.0,CE,2605700,-280450,1397,6.72
2026-07-01,2026-07-28,240.0,PE,876850,120700,85,17.98
2026-07-01,2026-07-28,242.5,CE,39050,28400,51,5.91
2026-07-01,2026-07-28,242.5,PE,21300,0,0,21.25
2026-07-01,2026-07-28,245.0,CE,440200,95850,357,5.25
2026-07-01,2026-07-28,245.0,PE,28400,0,0,23.0
2026-07-01,2026-07-28,247.5,CE,120700,71000,38,4.6
2026-07-01,2026-07-28,247.5,PE,3550,3550,1,23.0
2026-07-01,2026-07-28,250.0,CE,3422200,269800,1591,4.08
2026-07-01,2026-07-28,250.0,PE,184600,3550,22,25.33
2026-07-01,2026-07-28,252.5,CE,71000,21300,48,3.55
2026-07-01,2026-07-28,252.5,PE,3550,0,0,29.8
2026-07-01,2026-07-28,255.0,CE,88750,39050,92,3.09
2026-07-01,2026-07-28,255.0,PE,3550,0,0,27.0
2026-07-01,2026-07-28,257.5,CE,74550,46150,32,2.7
2026-07-01,2026-07-28,257.5,PE,0,0,0,27.29
2026-07-01,2026-07-28,260.0,CE,1444850,-21300,563,2.4
2026-07-01,2026-07-28,260.0,PE,276900,92300,56,33.49
2026-07-01,2026-07-28,262.5,CE,0,0,0,15.15
2026-07-01,2026-07-28,262.5,PE,0,0,0,30.43
2026-07-01,2026-07-28,265.0,CE,216550,53250,55,1.82
2026-07-01,2026-07-28,265.0,PE,0,0,0,48.59
2026-07-01,2026-07-28,270.0,CE,1317050,88750,309,1.37
2026-07-01,2026-07-28,270.0,PE,56800,0,0,39.25
2026-07-01,2026-07-28,275.0,CE,0,0,0,9.57
2026-07-01,2026-07-28,275.0,PE,0,0,0,50.91
2026-07-01,2026-07-28,280.0,CE,830700,202350,416,0.81
2026-07-01,2026-08-25,190.0,CE,0,0,0,61.86
2026-07-01,2026-08-25,190.0,PE,0,0,0,4.52
2026-07-01,2026-08-25,200.0,CE,0,0,0,54.14
2026-07-01,2026-08-25,200.0,PE,0,0,0,6.65
2026-07-01,2026-08-25,205.0,CE,0,0,0,50.5
2026-07-01,2026-08-25,205.0,PE,0,0,0,7.94
2026-07-01,2026-08-25,210.0,CE,0,0,0,47.0
2026-07-01,2026-08-25,210.0,PE,0,0,0,9.37
2026-07-01,2026-08-25,215.0,CE,0,0,0,43.66
2026-07-01,2026-08-25,215.0,PE,0,0,0,10.96
2026-07-01,2026-08-25,220.0,CE,3550,3550,1,20.4
2026-07-01,2026-08-25,220.0,PE,67450,7100,2,11.0
2026-07-01,2026-08-25,225.0,CE,0,0,0,37.46
2026-07-01,2026-08-25,225.0,PE,0,0,0,14.61
2026-07-01,2026-08-25,230.0,CE,31950,31950,9,15.5
2026-07-01,2026-08-25,230.0,PE,24850,7100,4,16.0
2026-07-01,2026-08-25,235.0,CE,0,0,0,31.92
2026-07-01,2026-08-25,235.0,PE,0,0,0,18.91
2026-07-01,2026-08-25,240.0,CE,3550,3550,1,11.1
2026-07-01,2026-08-25,240.0,PE,0,0,0,21.31
2026-07-01,2026-08-25,245.0,CE,0,0,0,27.0
2026-07-01,2026-08-25,245.0,PE,0,0,0,23.85
2026-07-01,2026-08-25,250.0,CE,10650,7100,3,9.2
2026-07-01,2026-08-25,250.0,PE,0,0,0,26.55
2026-07-01,2026-08-25,255.0,CE,0,0,0,22.7
2026-07-01,2026-08-25,255.0,PE,0,0,0,29.4
2026-07-01,2026-08-25,260.0,CE,0,0,0,20.76
2026-07-01,2026-08-25,260.0,PE,0,0,0,32.39
2026-07-01,2026-08-25,265.0,CE,0,0,0,18.96
2026-07-01,2026-08-25,265.0,PE,0,0,0,35.52
2026-07-01,2026-08-25,270.0,CE,0,0,0,17.29
2026-07-01,2026-08-25,270.0,PE,0,0,0,38.77
2026-07-01,2026-09-29,180.0,CE,0,0,0,51.52
2026-07-01,2026-09-29,180.0,PE,0,0,0,4.99
2026-07-01,2026-09-29,190.0,CE,0,0,0,44.14
2026-07-01,2026-09-29,190.0,PE,0,0,0,7.45
2026-07-01,2026-09-29,200.0,CE,0,0,0,37.42
2026-07-01,2026-09-29,200.0,PE,0,0,0,10.58
2026-07-01,2026-09-29,210.0,CE,0,0,0,31.43
2026-07-01,2026-09-29,210.0,PE,0,0,0,14.43
2026-07-01,2026-09-29,220.0,CE,0,0,0,26.15
2026-07-01,2026-09-29,220.0,PE,0,0,0,19.01
2026-07-01,2026-09-29,230.0,CE,0,0,0,21.58
2026-07-01,2026-09-29,230.0,PE,0,0,0,24.28
2026-07-01,2026-09-29,240.0,CE,0,0,0,17.66
2026-07-01,2026-09-29,240.0,PE,0,0,0,30.2
2026-07-01,2026-09-29,250.0,CE,0,0,0,14.34
2026-07-01,2026-09-29,250.0,PE,0,0,0,36.73
2026-07-01,2026-09-29,260.0,CE,0,0,0,11.56
2026-07-01,2026-09-29,260.0,PE,0,0,0,43.81
2026-07-02,2026-07-28,190.0,CE,3550,0,3,36.88
2026-07-02,2026-07-28,190.0,PE,685150,60350,81,1.17
2026-07-02,2026-07-28,195.0,CE,7100,0,3,31.9
2026-07-02,2026-07-28,195.0,PE,298200,138450,82,1.7
2026-07-02,2026-07-28,200.0,CE,53250,7100,6,28.49
2026-07-02,2026-07-28,200.0,PE,2683800,56800,213,2.42
2026-07-02,2026-07-28,205.0,CE,0,0,0,34.46
2026-07-02,2026-07-28,205.0,PE,933650,85200,64,3.36
2026-07-02,2026-07-28,207.5,CE,49700,14200,4,22.51
2026-07-02,2026-07-28,207.5,PE,202350,31950,102,3.95
2026-07-02,2026-07-28,210.0,CE,1104050,-102950,147,20.44
2026-07-02,2026-07-28,210.0,PE,3645850,624800,380,4.64
2026-07-02,2026-07-28,212.5,PE,152650,31950,21,5.37
2026-07-02,2026-07-28,215.0,CE,195250,67450,32,16.91
2026-07-02,2026-07-28,215.0,PE,770350,63900,102,6.33
2026-07-02,2026-07-28,217.5,PE,56800,53250,45,7.21
2026-07-02,2026-07-28,220.0,CE,1221200,113600,170,14.26
2026-07-02,2026-07-28,220.0,PE,2463700,205900,277,8.25
2026-07-02,2026-07-28,222.5,PE,202350,78100,64,9.49
2026-07-02,2026-07-28,225.0,CE,1835350,543150,630,11.61
2026-07-02,2026-07-28,225.0,PE,1278000,191700,362,10.7
2026-07-02,2026-07-28,227.5,CE,646100,138450,240,10.43
2026-07-02,2026-07-28,227.5,PE,294650,60350,142,11.91
2026-07-02,2026-07-28,230.0,CE,9812200,582200,1538,9.34
2026-07-02,2026-07-28,230.0,PE,4455250,227200,284,13.4
2026-07-02,2026-07-28,232.5,CE,883950,35500,105,8.44
2026-07-02,2026-07-28,232.5,PE,415350,0,0,12.31
2026-07-02,2026-07-28,235.0,CE,6375800,85200,476,7.53
2026-07-02,2026-07-28,235.0,PE,1565550,0,0,14.66
2026-07-02,2026-07-28,237.5,CE,195250,17750,81,6.67
2026-07-02,2026-07-28,237.5,PE,191700,0,0,15.53
2026-07-02,2026-07-28,240.0,CE,2868400,262700,773,5.93
2026-07-02,2026-07-28,240.0,PE,923000,46150,29,19.85
2026-07-02,2026-07-28,242.5,CE,71000,31950,177,5.31
2026-07-02,2026-07-28,242.5,PE,28400,7100,7,22.25
2026-07-02,2026-07-28,245.0,CE,465050,24850,114,4.67
2026-07-02,2026-07-28,245.0,PE,63900,35500,16,24.19
2026-07-02,2026-07-28,247.5,CE,127800,7100,2,4.42
2026-07-02,2026-07-28,247.5,PE,3550,0,0,23.0
2026-07-02,2026-07-28,250.0,CE,3830450,408250,625,3.63
2026-07-02,2026-07-28,250.0,PE,184600,0,0,25.33
2026-07-02,2026-07-28,252.5,CE,71000,0,0,3.55
2026-07-02,2026-07-28,252.5,PE,3550,0,0,29.8
2026-07-02,2026-07-28,255.0,CE,113600,24850,49,2.81
2026-07-02,2026-07-28,255.0,PE,3550,0,0,27.0
2026-07-02,2026-07-28,257.5,CE,71000,-3550,9,2.44
2026-07-02,2026-07-28,260.0,CE,1530050,85200,273,2.17
2026-07-02,2026-07-28,260.0,PE,291100,14200,7,33.94
2026-07-02,2026-07-28,265.0,CE,216550,0,28,1.64
2026-07-02,2026-07-28,270.0,CE,1363200,46150,190,1.27
2026-07-02,2026-07-28,270.0,PE,56800,0,0,39.25
2026-07-02,2026-07-28,280.0,CE,883950,53250,325,0.73
2026-07-02,2026-08-25,200.0,CE,0,0,0,54.14
2026-07-02,2026-08-25,200.0,PE,3550,3550,1,5.0
2026-07-02,2026-08-25,205.0,CE,0,0,0,50.5
2026-07-02,2026-08-25,205.0,PE,0,0,0,7.94
2026-07-02,2026-08-25,210.0,CE,0,0,0,47.0
2026-07-02,2026-08-25,210.0,PE,0,0,0,9.37
2026-07-02,2026-08-25,215.0,CE,0,0,0,43.66
2026-07-02,2026-08-25,215.0,PE,0,0,0,10.96
2026-07-02,2026-08-25,220.0,CE,3550,0,0,20.4
2026-07-02,2026-08-25,220.0,PE,67450,0,0,11.0
2026-07-02,2026-08-25,225.0,CE,7100,7100,3,18.45
2026-07-02,2026-08-25,225.0,PE,0,0,0,14.61
2026-07-02,2026-08-25,230.0,CE,35500,3550,6,14.5
2026-07-02,2026-08-25,230.0,PE,24850,0,0,16.0
2026-07-02,2026-08-25,235.0,CE,0,0,0,31.92
2026-07-02,2026-08-25,235.0,PE,0,0,0,18.91
2026-07-02,2026-08-25,240.0,CE,3550,0,0,11.1
2026-07-02,2026-08-25,240.0,PE,0,0,0,21.31
2026-07-02,2026-08-25,245.0,CE,0,0,0,27.0
2026-07-02,2026-08-25,245.0,PE,0,0,0,23.85
2026-07-02,2026-08-25,250.0,CE,10650,0,0,9.2
2026-07-02,2026-08-25,250.0,PE,0,0,0,26.55
2026-07-02,2026-08-25,260.0,CE,0,0,0,20.76
2026-07-02,2026-08-25,260.0,PE,0,0,0,32.39
2026-07-02,2026-09-29,180.0,CE,0,0,0,51.52
2026-07-02,2026-09-29,180.0,PE,0,0,0,4.99
2026-07-02,2026-09-29,200.0,CE,0,0,0,37.42
2026-07-02,2026-09-29,200.0,PE,0,0,0,10.58
2026-07-02,2026-09-29,210.0,CE,0,0,0,31.43
2026-07-02,2026-09-29,210.0,PE,0,0,0,14.43
2026-07-02,2026-09-29,220.0,CE,0,0,0,26.15
2026-07-02,2026-09-29,220.0,PE,0,0,0,19.01
2026-07-02,2026-09-29,230.0,CE,0,0,0,21.58
2026-07-02,2026-09-29,230.0,PE,0,0,0,24.28
2026-07-02,2026-09-29,240.0,CE,0,0,0,17.66
2026-07-02,2026-09-29,240.0,PE,0,0,0,30.2
2026-07-02,2026-09-29,250.0,CE,0,0,0,14.34
2026-07-02,2026-09-29,250.0,PE,0,0,0,36.73
2026-07-02,2026-09-29,260.0,CE,0,0,0,11.56
2026-07-02,2026-09-29,260.0,PE,0,0,0,43.81
2026-07-03,2026-07-28,190.0,CE,3550,0,0,36.88
2026-07-03,2026-07-28,190.0,PE,781000,95850,163,1.13
2026-07-03,2026-07-28,195.0,CE,7100,0,0,31.9
2026-07-03,2026-07-28,195.0,PE,582200,284000,265,1.69
2026-07-03,2026-07-28,200.0,CE,74550,21300,31,25.19
2026-07-03,2026-07-28,200.0,PE,3063650,379850,405,2.43
2026-07-03,2026-07-28,205.0,CE,99400,99400,41,21.19
2026-07-03,2026-07-28,205.0,PE,1040150,106500,125,3.46
2026-07-03,2026-07-28,207.5,CE,71000,21300,9,19.44
2026-07-03,2026-07-28,207.5,PE,220100,17750,80,4.09
2026-07-03,2026-07-28,210.0,CE,777450,-326600,270,17.65
2026-07-03,2026-07-28,210.0,PE,4398450,752600,586,4.83
2026-07-03,2026-07-28,212.5,PE,156200,3550,21,5.73
2026-07-03,2026-07-28,215.0,CE,401150,205900,88,14.48
2026-07-03,2026-07-28,215.0,PE,766800,-3550,203,6.7
2026-07-03,2026-07-28,217.5,PE,81650,24850,16,7.6
2026-07-03,2026-07-28,220.0,CE,2598600,1377400,1138,11.77
2026-07-03,2026-07-28,220.0,PE,3266000,802300,794,8.91
2026-07-03,2026-07-28,222.5,PE,269800,67450,100,10.3
2026-07-03,2026-07-28,225.0,CE,2538250,702900,1404,9.47
2026-07-03,2026-07-28,225.0,PE,1679150,401150,445,11.62
2026-07-03,2026-07-28,227.5,CE,749050,102950,164,8.48
2026-07-03,2026-07-28,227.5,PE,308850,14200,16,13.12
2026-07-03,2026-07-28,230.0,CE,10735200,923000,2002,7.55
2026-07-03,2026-07-28,230.0,PE,4565300,110050,217,14.63
2026-07-03,2026-07-28,232.5,CE,898150,14200,114,6.69
2026-07-03,2026-07-28,232.5,PE,415350,0,0,12.31
2026-07-03,2026-07-28,235.0,CE,6613650,237850,580,6.0
2026-07-03,2026-07-28,235.0,PE,1558450,-7100,29,18.0
2026-07-03,2026-07-28,237.5,CE,291100,95850,177,5.29
2026-07-03,2026-07-28,237.5,PE,191700,0,0,15.53
2026-07-03,2026-07-28,240.0,CE,3486100,617700,1869,4.62
2026-07-03,2026-07-28,240.0,PE,962050,39050,31,21.55
2026-07-03,2026-07-28,242.5,CE,149100,78100,61,4.15
2026-07-03,2026-07-28,242.5,PE,28400,0,0,22.25
2026-07-03,2026-07-28,245.0,CE,784550,319500,1056,3.61
2026-07-03,2026-07-28,245.0,PE,63900,0,0,24.19
2026-07-03,2026-07-28,247.5,CE,152650,24850,55,3.11
2026-07-03,2026-07-28,247.5,PE,7100,3550,1,26.02
2026-07-03,2026-07-28,250.0,CE,4554650,724200,1176,2.74
2026-07-03,2026-07-28,250.0,PE,184600,0,0,25.33
2026-07-03,2026-07-28,252.5,CE,209450,138450,92,2.4
2026-07-03,2026-07-28,252.5,PE,7100,3550,1,30.02
2026-07-03,2026-07-28,255.0,CE,216550,102950,121,2.1
2026-07-03,2026-07-28,255.0,PE,3550,0,0,27.0
2026-07-03,2026-07-28,257.5,CE,71000,0,0,2.44
2026-07-03,2026-07-28,260.0,CE,1757250,227200,475,1.56
2026-07-03,2026-07-28,260.0,PE,308850,17750,6,38.13
2026-07-03,2026-07-28,265.0,CE,244950,28400,94,1.17
2026-07-03,2026-07-28,270.0,CE,1444850,81650,250,0.86
2026-07-03,2026-07-28,270.0,PE,56800,0,0,39.25
2026-07-03,2026-07-28,280.0,CE,823600,-60350,94,0.52
2026-07-03,2026-08-25,190.0,CE,0,0,0,61.86
2026-07-03,2026-08-25,190.0,PE,0,0,0,4.52
2026-07-03,2026-08-25,200.0,CE,0,0,0,54.14
2026-07-03,2026-08-25,200.0,PE,53250,49700,22,5.38
2026-07-03,2026-08-25,205.0,CE,0,0,0,50.5
2026-07-03,2026-08-25,205.0,PE,0,0,0,7.94
2026-07-03,2026-08-25,210.0,CE,0,0,0,47.0
2026-07-03,2026-08-25,210.0,PE,0,0,0,9.37
2026-07-03,2026-08-25,215.0,CE,0,0,0,43.66
2026-07-03,2026-08-25,215.0,PE,0,0,0,10.96
2026-07-03,2026-08-25,220.0,CE,7100,3550,1,16.27
2026-07-03,2026-08-25,220.0,PE,81650,14200,8,12.3
2026-07-03,2026-08-25,225.0,CE,10650,3550,2,15.3
2026-07-03,2026-08-25,225.0,PE,0,0,0,14.61
2026-07-03,2026-08-25,230.0,CE,71000,35500,19,12.15
2026-07-03,2026-08-25,230.0,PE,81650,56800,18,17.92
2026-07-03,2026-08-25,235.0,CE,0,0,0,31.92
2026-07-03,2026-08-25,235.0,PE,0,0,0,18.91
2026-07-03,2026-08-25,240.0,CE,10650,7100,4,9.32
2026-07-03,2026-08-25,240.0,PE,3550,3550,1,24.6
2026-07-03,2026-08-25,245.0,CE,0,0,0,27.0
2026-07-03,2026-08-25,245.0,PE,0,0,0,23.85
2026-07-03,2026-08-25,250.0,CE,53250,42600,17,6.24
2026-07-03,2026-08-25,250.0,PE,0,0,0,26.55
2026-07-03,2026-08-25,260.0,CE,0,0,0,20.76
2026-07-03,2026-08-25,260.0,PE,0,0,0,32.39
2026-07-03,2026-09-29,180.0,CE,0,0,0,51.52
2026-07-03,2026-09-29,180.0,PE,0,0,0,4.99
2026-07-03,2026-09-29,190.0,CE,0,0,0,44.14
2026-07-03,2026-09-29,190.0,PE,0,0,0,7.45
2026-07-03,2026-09-29,200.0,CE,0,0,0,37.42
2026-07-03,2026-09-29,200.0,PE,0,0,0,10.58
2026-07-03,2026-09-29,210.0,CE,0,0,0,31.43
2026-07-03,2026-09-29,210.0,PE,0,0,0,14.43
2026-07-03,2026-09-29,220.0,CE,0,0,0,26.15
2026-07-03,2026-09-29,220.0,PE,0,0,0,19.01
2026-07-03,2026-09-29,230.0,CE,0,0,0,21.58
2026-07-03,2026-09-29,230.0,PE,0,0,0,24.28
2026-07-03,2026-09-29,240.0,CE,0,0,0,17.66
2026-07-03,2026-09-29,240.0,PE,0,0,0,30.2
2026-07-03,2026-09-29,250.0,CE,0,0,0,14.34
2026-07-03,2026-09-29,250.0,PE,0,0,0,36.73
2026-07-03,2026-09-29,260.0,CE,0,0,0,11.56
2026-07-03,2026-09-29,260.0,PE,0,0,0,43.81
2026-07-07,2026-07-28,190.0,CE,39050,10650,4,29.7
2026-07-07,2026-07-28,190.0,PE,1203450,308850,516,1.16
2026-07-07,2026-07-28,195.0,CE,17750,10650,3,25.22
2026-07-07,2026-07-28,195.0,PE,805850,298200,220,1.82
2026-07-07,2026-07-28,200.0,CE,117150,-3550,58,21.96
2026-07-07,2026-07-28,200.0,PE,4359400,965600,992,2.67
2026-07-07,2026-07-28,205.0,CE,237850,39050,42,17.34
2026-07-07,2026-07-28,205.0,PE,1238950,-88750,308,3.86
2026-07-07,2026-07-28,207.5,CE,88750,17750,9,16.07
2026-07-07,2026-07-28,207.5,PE,248500,7100,69,4.64
2026-07-07,2026-07-28,210.0,CE,685150,-3550,126,14.72
2026-07-07,2026-07-28,210.0,PE,3837550,-184600,438,5.45
2026-07-07,2026-07-28,212.5,PE,241400,42600,82,6.54
2026-07-07,2026-07-28,215.0,CE,1221200,528950,394,11.72
2026-07-07,2026-07-28,215.0,PE,1210550,241400,491,7.57
2026-07-07,2026-07-28,217.5,PE,163300,35500,45,8.66
2026-07-07,2026-07-28,220.0,CE,7415950,4018600,4302,9.28
2026-07-07,2026-07-28,220.0,PE,5190100,1146650,1205,9.98
2026-07-07,2026-07-28,222.5,PE,720650,-35500,31,11.24
2026-07-07,2026-07-28,225.0,CE,3908550,323050,1296,7.26
2026-07-07,2026-07-28,225.0,PE,2591500,344350,278,12.73
2026-07-07,2026-07-28,227.5,CE,834250,7100,245,6.37
2026-07-07,2026-07-28,227.5,PE,585750,81650,94,14.69
2026-07-07,2026-07-28,230.0,CE,18506150,536050,1852,5.62
2026-07-07,2026-07-28,230.0,PE,5243350,35500,144,16.0
2026-07-07,2026-07-28,232.5,CE,962050,-42600,117,4.87
2026-07-07,2026-07-28,232.5,PE,415350,0,0,12.31
2026-07-07,2026-07-28,235.0,CE,4004400,31950,1068,4.24
2026-07-07,2026-07-28,235.0,PE,1558450,0,0,18.0
2026-07-07,2026-07-28,237.5,CE,514750,63900,336,3.65
2026-07-07,2026-07-28,237.5,PE,191700,0,0,15.53
2026-07-07,2026-07-28,240.0,CE,4778300,589300,1583,3.15
2026-07-07,2026-07-28,240.0,PE,1050800,60350,66,23.66
2026-07-07,2026-07-28,242.5,CE,436650,273350,645,2.76
2026-07-07,2026-07-28,242.5,PE,35500,0,0,24.52
2026-07-07,2026-07-28,245.0,CE,1047250,173950,498,2.41
2026-07-07,2026-07-28,245.0,PE,273350,49700,20,27.5
2026-07-07,2026-07-28,247.5,CE,191700,31950,33,2.07
2026-07-07,2026-07-28,247.5,PE,17750,10650,3,30.67
2026-07-07,2026-07-28,250.0,CE,6478750,731300,1470,1.83
2026-07-07,2026-07-28,250.0,PE,195250,3550,3,32.25
2026-07-07,2026-07-28,252.5,CE,198800,113600,70,1.55
2026-07-07,2026-07-28,252.5,PE,7100,0,0,30.02
2026-07-07,2026-07-28,255.0,CE,252050,-198800,220,1.36
2026-07-07,2026-07-28,255.0,PE,3550,0,0,27.0
2026-07-07,2026-07-28,257.5,CE,95850,-17750,42,1.09
2026-07-07,2026-07-28,260.0,CE,2385600,173950,265,1.05
2026-07-07,2026-07-28,260.0,PE,386950,0,0,39.07
2026-07-07,2026-07-28,265.0,CE,227200,-7100,63,0.78
2026-07-07,2026-07-28,270.0,CE,1352550,-95850,125,0.6
2026-07-07,2026-07-28,270.0,PE,56800,0,0,39.25
2026-07-07,2026-07-28,280.0,CE,915900,-71000,210,0.36
2026-07-07,2026-08-25,190.0,CE,0,0,0,61.86
2026-07-07,2026-08-25,190.0,PE,24850,21300,7,3.36
2026-07-07,2026-08-25,200.0,CE,0,0,0,54.14
2026-07-07,2026-08-25,200.0,PE,88750,24850,16,6.0
2026-07-07,2026-08-25,205.0,CE,0,0,0,50.5
2026-07-07,2026-08-25,205.0,PE,0,0,0,7.94
2026-07-07,2026-08-25,210.0,CE,0,0,0,47.0
2026-07-07,2026-08-25,210.0,PE,39050,3550,4,9.25
2026-07-07,2026-08-25,215.0,CE,0,0,0,43.66
2026-07-07,2026-08-25,215.0,PE,0,0,0,10.96
2026-07-07,2026-08-25,220.0,CE,31950,14200,6,14.45
2026-07-07,2026-08-25,220.0,PE,95850,3550,3,14.44
2026-07-07,2026-08-25,225.0,CE,39050,7100,5,13.18
2026-07-07,2026-08-25,225.0,PE,0,0,0,14.61
2026-07-07,2026-08-25,230.0,CE,145550,53250,43,9.96
2026-07-07,2026-08-25,230.0,PE,124250,39050,14,19.66
2026-07-07,2026-08-25,235.0,CE,0,0,0,31.92
2026-07-07,2026-08-25,235.0,PE,0,0,0,18.91
2026-07-07,2026-08-25,240.0,CE,28400,-7100,5,7.28
2026-07-07,2026-08-25,240.0,PE,3550,0,0,24.6
2026-07-07,2026-08-25,245.0,CE,0,0,0,27.0
2026-07-07,2026-08-25,245.0,PE,0,0,0,23.85
2026-07-07,2026-08-25,250.0,CE,127800,17750,14,4.75
2026-07-07,2026-08-25,250.0,PE,0,0,0,26.55
2026-07-07,2026-08-25,260.0,CE,0,0,0,20.76
2026-07-07,2026-08-25,260.0,PE,0,0,0,32.39
2026-07-07,2026-09-29,180.0,CE,0,0,0,51.52
2026-07-07,2026-09-29,180.0,PE,0,0,0,4.99
2026-07-07,2026-09-29,190.0,CE,0,0,0,44.14
2026-07-07,2026-09-29,190.0,PE,0,0,0,7.45
2026-07-07,2026-09-29,200.0,CE,0,0,0,37.42
2026-07-07,2026-09-29,200.0,PE,0,0,0,10.58
2026-07-07,2026-09-29,210.0,CE,0,0,0,31.43
2026-07-07,2026-09-29,210.0,PE,0,0,0,14.43
2026-07-07,2026-09-29,220.0,CE,0,0,0,26.15
2026-07-07,2026-09-29,220.0,PE,0,0,0,19.01
2026-07-07,2026-09-29,230.0,CE,0,0,0,21.58
2026-07-07,2026-09-29,230.0,PE,0,0,0,24.28
2026-07-07,2026-09-29,240.0,CE,0,0,0,17.66
2026-07-07,2026-09-29,240.0,PE,0,0,0,30.2
2026-07-07,2026-09-29,250.0,CE,0,0,0,14.34
2026-07-07,2026-09-29,250.0,PE,0,0,0,36.73
2026-07-07,2026-09-29,260.0,CE,0,0,0,11.56
2026-07-07,2026-09-29,260.0,PE,0,0,0,43.81
2026-07-08,2026-07-28,190.0,CE,71000,31950,13,28.0
2026-07-08,2026-07-28,190.0,PE,1842450,639000,533,1.78
2026-07-08,2026-07-28,195.0,CE,63900,46150,31,23.93
2026-07-08,2026-07-28,195.0,PE,695800,-110050,364,2.51
2026-07-08,2026-07-28,200.0,CE,142000,24850,61,20.78
2026-07-08,2026-07-28,200.0,PE,4114450,-244950,923,3.73
2026-07-08,2026-07-28,205.0,CE,237850,0,13,16.69
2026-07-08,2026-07-28,205.0,PE,1171500,-67450,378,5.07
2026-07-08,2026-07-28,207.5,CE,177500,88750,64,15.28
2026-07-08,2026-07-28,207.5,PE,252050,3550,97,5.97
2026-07-08,2026-07-28,210.0,CE,763250,78100,142,14.12
2026-07-08,2026-07-28,210.0,PE,3763000,-74550,700,6.43
2026-07-08,2026-07-28,212.5,PE,213000,-28400,106,7.52
2026-07-08,2026-07-28,215.0,CE,1412900,191700,373,11.27
2026-07-08,2026-07-28,215.0,PE,1448400,237850,614,8.78
2026-07-08,2026-07-28,217.5,PE,223650,60350,112,10.31
2026-07-08,2026-07-28,220.0,CE,9219350,1803400,4840,9.06
2026-07-08,2026-07-28,220.0,PE,5427950,237850,1155,11.12
2026-07-08,2026-07-28,222.5,PE,482800,-237850,130,12.28
2026-07-08,2026-07-28,225.0,CE,4291950,383400,2376,6.76
2026-07-08,2026-07-28,225.0,PE,2861300,269800,360,14.66
2026-07-08,2026-07-28,227.5,CE,812950,-21300,286,5.86
2026-07-08,2026-07-28,227.5,PE,639000,53250,63,16.19
2026-07-08,2026-07-28,230.0,CE,17778400,-727750,3242,5.19
2026-07-08,2026-07-28,230.0,PE,5488300,244950,217,17.8
2026-07-08,2026-07-28,232.5,CE,972700,10650,203,4.64
2026-07-08,2026-07-28,232.5,PE,415350,0,11,19.19
2026-07-08,2026-07-28,235.0,CE,3667150,-337250,900,3.8
2026-07-08,2026-07-28,235.0,PE,1558450,0,0,18.0
2026-07-08,2026-07-28,237.5,CE,564450,49700,200,3.17
2026-07-08,2026-07-28,237.5,PE,202350,10650,17,22.95
2026-07-08,2026-07-28,240.0,CE,4849300,71000,1760,2.79
2026-07-08,2026-07-28,240.0,PE,1065000,14200,43,25.54
2026-07-08,2026-07-28,242.5,CE,333700,-102950,298,2.44
2026-07-08,2026-07-28,242.5,PE,35500,0,0,24.52
2026-07-08,2026-07-28,245.0,CE,1153750,106500,935,2.09
2026-07-08,2026-07-28,245.0,PE,269800,-3550,1,28.8
2026-07-08,2026-07-28,247.5,CE,191700,0,37,1.88
2026-07-08,2026-07-28,247.5,PE,17750,0,0,30.67
2026-07-08,2026-07-28,250.0,CE,6187650,-291100,1654,1.67
2026-07-08,2026-07-28,250.0,PE,244950,49700,30,32.56
2026-07-08,2026-07-28,252.5,CE,241400,42600,49,1.27
2026-07-08,2026-07-28,252.5,PE,14200,7100,11,37.29
2026-07-08,2026-07-28,255.0,CE,326600,74550,133,1.19
2026-07-08,2026-07-28,255.0,PE,14200,10650,8,39.17
2026-07-08,2026-07-28,257.5,CE,156200,60350,45,1.13
2026-07-08,2026-07-28,260.0,CE,2037700,-347900,488,1.0
2026-07-08,2026-07-28,260.0,PE,408250,21300,9,43.01
2026-07-08,2026-07-28,265.0,CE,220100,-7100,71,0.69
2026-07-08,2026-07-28,270.0,CE,1345450,-7100,167,0.52
2026-07-08,2026-07-28,270.0,PE,56800,0,0,39.25
2026-07-08,2026-07-28,280.0,CE,912350,-3550,67,0.27
2026-07-08,2026-08-25,190.0,CE,0,0,0,61.86
2026-07-08,2026-08-25,190.0,PE,39050,14200,8,3.98
2026-07-08,2026-08-25,200.0,CE,0,0,0,54.14
2026-07-08,2026-08-25,200.0,PE,102950,14200,16,6.65
2026-07-08,2026-08-25,205.0,CE,0,0,0,50.5
2026-07-08,2026-08-25,205.0,PE,0,0,0,7.94
2026-07-08,2026-08-25,210.0,CE,0,0,0,47.0
2026-07-08,2026-08-25,210.0,PE,39050,0,4,10.4
2026-07-08,2026-08-25,215.0,CE,0,0,0,43.66
2026-07-08,2026-08-25,215.0,PE,0,0,0,10.96
2026-07-08,2026-08-25,220.0,CE,39050,7100,4,14.09
2026-07-08,2026-08-25,220.0,PE,106500,10650,16,15.37
2026-07-08,2026-08-25,225.0,CE,46150,7100,5,11.53
2026-07-08,2026-08-25,225.0,PE,0,0,0,14.61
2026-07-08,2026-08-25,230.0,CE,159750,14200,32,9.53
2026-07-08,2026-08-25,230.0,PE,156200,31950,16,20.67
2026-07-08,2026-08-25,235.0,CE,0,0,0,31.92
2026-07-08,2026-08-25,235.0,PE,0,0,0,18.91
2026-07-08,2026-08-25,240.0,CE,35500,7100,7,6.6
2026-07-08,2026-08-25,240.0,PE,3550,0,0,24.6
2026-07-08,2026-08-25,245.0,CE,0,0,0,27.0
2026-07-08,2026-08-25,245.0,PE,0,0,0,23.85
2026-07-08,2026-08-25,250.0,CE,134900,7100,32,4.62
2026-07-08,2026-08-25,250.0,PE,0,0,0,26.55
2026-07-08,2026-08-25,260.0,CE,7100,7100,3,4.11
2026-07-08,2026-08-25,260.0,PE,0,0,0,32.39
2026-07-08,2026-09-29,180.0,CE,0,0,0,51.52
2026-07-08,2026-09-29,180.0,PE,0,0,0,4.99
2026-07-08,2026-09-29,190.0,CE,0,0,0,44.14
2026-07-08,2026-09-29,190.0,PE,0,0,0,7.45
2026-07-08,2026-09-29,200.0,CE,0,0,0,37.42
2026-07-08,2026-09-29,200.0,PE,0,0,0,10.58
2026-07-08,2026-09-29,210.0,CE,0,0,0,31.43
2026-07-08,2026-09-29,210.0,PE,0,0,0,14.43
2026-07-08,2026-09-29,220.0,CE,0,0,0,26.15
2026-07-08,2026-09-29,220.0,PE,0,0,0,19.01
2026-07-08,2026-09-29,230.0,CE,0,0,0,21.58
2026-07-08,2026-09-29,230.0,PE,0,0,0,24.28
2026-07-08,2026-09-29,240.0,CE,0,0,0,17.66
2026-07-08,2026-09-29,240.0,PE,0,0,0,30.2
2026-07-08,2026-09-29,250.0,CE,0,0,0,14.34
2026-07-08,2026-09-29,250.0,PE,0,0,0,36.73
2026-07-08,2026-09-29,260.0,CE,0,0,0,11.56
2026-07-08,2026-09-29,260.0,PE,0,0,0,43.81
2026-07-09,2026-07-28,190.0,CE,67450,-3550,11,27.89
2026-07-09,2026-07-28,190.0,PE,1157300,-685150,531,1.44
2026-07-09,2026-07-28,195.0,CE,63900,0,0,23.93
2026-07-09,2026-07-28,195.0,PE,820050,124250,302,2.13
2026-07-09,2026-07-28,200.0,CE,198800,56800,35,20.25
2026-07-09,2026-07-28,200.0,PE,4164150,49700,631,3.08
2026-07-09,2026-07-28,205.0,CE,220100,-17750,28,16.76
2026-07-09,2026-07-28,205.0,PE,1189250,17750,147,4.45
2026-07-09,2026-07-28,207.5,CE,209450,31950,17,14.96
2026-07-09,2026-07-28,207.5,PE,255600,3550,23,5.28
2026-07-09,2026-07-28,210.0,CE,745500,-17750,145,13.35
2026-07-09,2026-07-28,210.0,PE,3905000,142000,593,6.17
2026-07-09,2026-07-28,212.5,PE,138450,-74550,107,7.1
2026-07-09,2026-07-28,215.0,CE,1487450,74550,363,10.53
2026-07-09,2026-07-28,215.0,PE,1444850,-3550,369,8.24
2026-07-09,2026-07-28,217.5,PE,259150,35500,85,9.19
2026-07-09,2026-07-28,220.0,CE,10401500,1182150,2649,8.23
2026-07-09,2026-07-28,220.0,PE,5598350,170400,883,10.93
2026-07-09,2026-07-28,222.5,PE,461500,-21300,9,12.64
2026-07-09,2026-07-28,225.0,CE,4721500,429550,1726,6.28
2026-07-09,2026-07-28,225.0,PE,2896800,35500,165,14.09
2026-07-09,2026-07-28,227.5,CE,802300,-10650,267,5.4
2026-07-09,2026-07-28,227.5,PE,649650,10650,51,15.52
2026-07-09,2026-07-28,230.0,CE,18296700,518300,2091,4.75
2026-07-09,2026-07-28,230.0,PE,5449250,-39050,111,17.34
2026-07-09,2026-07-28,232.5,CE,940750,-31950,256,4.08
2026-07-09,2026-07-28,232.5,PE,418900,3550,19,19.18
2026-07-09,2026-07-28,235.0,CE,3837550,170400,1100,3.52
2026-07-09,2026-07-28,235.0,PE,1558450,0,1,21.0
2026-07-09,2026-07-28,237.5,CE,568000,3550,716,3.06
2026-07-09,2026-07-28,237.5,PE,202350,0,0,22.95
2026-07-09,2026-07-28,240.0,CE,4955800,106500,1121,2.65
2026-07-09,2026-07-28,240.0,PE,1079200,14200,40,25.37
2026-07-09,2026-07-28,242.5,CE,266250,-67450,727,2.3
2026-07-09,2026-07-28,242.5,PE,35500,0,0,24.52
2026-07-09,2026-07-28,245.0,CE,1015300,-138450,548,2.0
2026-07-09,2026-07-28,245.0,PE,273350,3550,1,26.0
2026-07-09,2026-07-28,247.5,CE,223650,31950,36,1.67
2026-07-09,2026-07-28,247.5,PE,10650,-7100,7,30.05
2026-07-09,2026-07-28,250.0,CE,6049200,-138450,859,1.49
2026-07-09,2026-07-28,250.0,PE,294650,49700,30,33.44
2026-07-09,2026-07-28,252.5,CE,280450,39050,24,1.26
2026-07-09,2026-07-28,252.5,PE,14200,0,0,37.29
2026-07-09,2026-07-28,255.0,CE,276900,-49700,57,1.1
2026-07-09,2026-07-28,255.0,PE,14200,0,0,39.17
2026-07-09,2026-07-28,257.5,CE,152650,-3550,1,1.1
2026-07-09,2026-07-28,260.0,CE,2264900,227200,348,0.86
2026-07-09,2026-07-28,260.0,PE,454400,46150,27,43.17
2026-07-09,2026-07-28,265.0,CE,220100,0,32,0.66
2026-07-09,2026-07-28,270.0,CE,1324150,-21300,27,0.49
2026-07-09,2026-07-28,270.0,PE,56800,0,0,39.25
2026-07-09,2026-07-28,280.0,CE,873300,-39050,37,0.3
2026-07-09,2026-08-25,190.0,CE,3550,3550,1,34.2
2026-07-09,2026-08-25,190.0,PE,46150,7100,2,3.2
2026-07-09,2026-08-25,195.0,CE,0,0,0,47.15
2026-07-09,2026-08-25,195.0,PE,0,0,0,7.13
2026-07-09,2026-08-25,200.0,CE,0,0,0,54.14
2026-07-09,2026-08-25,200.0,PE,106500,3550,9,6.42
2026-07-09,2026-08-25,205.0,CE,0,0,0,50.5
2026-07-09,2026-08-25,205.0,PE,0,0,0,7.94
2026-07-09,2026-08-25,210.0,CE,0,0,0,47.0
2026-07-09,2026-08-25,210.0,PE,42600,3550,4,10.0
2026-07-09,2026-08-25,215.0,CE,0,0,0,43.66
2026-07-09,2026-08-25,215.0,PE,0,0,0,10.96
2026-07-09,2026-08-25,220.0,CE,63900,24850,20,13.3
2026-07-09,2026-08-25,220.0,PE,110050,3550,2,13.79
2026-07-09,2026-08-25,225.0,CE,56800,10650,8,12.5
2026-07-09,2026-08-25,225.0,PE,0,0,0,14.61
2026-07-09,2026-08-25,230.0,CE,177500,17750,12,10.76
2026-07-09,2026-08-25,230.0,PE,156200,0,0,20.67
2026-07-09,2026-08-25,235.0,CE,0,0,0,31.92
2026-07-09,2026-08-25,235.0,PE,0,0,0,18.91
2026-07-09,2026-08-25,240.0,CE,35500,0,1,7.5
2026-07-09,2026-08-25,240.0,PE,3550,0,0,24.6
2026-07-09,2026-08-25,245.0,CE,0,0,0,27.0
2026-07-09,2026-08-25,245.0,PE,0,0,0,23.85
2026-07-09,2026-08-25,250.0,CE,149100,14200,14,4.59
2026-07-09,2026-08-25,250.0,PE,0,0,0,26.55
2026-07-09,2026-08-25,260.0,CE,24850,17750,8,2.9
2026-07-09,2026-08-25,260.0,PE,0,0,0,32.39
2026-07-09,2026-09-29,180.0,CE,0,0,0,51.52
2026-07-09,2026-09-29,180.0,PE,0,0,0,4.99
2026-07-09,2026-09-29,190.0,CE,0,0,0,44.14
2026-07-09,2026-09-29,190.0,PE,0,0,0,7.45
2026-07-09,2026-09-29,200.0,CE,0,0,0,37.42
2026-07-09,2026-09-29,200.0,PE,0,0,0,10.58
2026-07-09,2026-09-29,210.0,CE,0,0,0,31.43
2026-07-09,2026-09-29,210.0,PE,0,0,0,14.43
2026-07-09,2026-09-29,220.0,CE,0,0,0,26.15
2026-07-09,2026-09-29,220.0,PE,0,0,0,19.01
2026-07-09,2026-09-29,230.0,CE,0,0,0,21.58
2026-07-09,2026-09-29,230.0,PE,0,0,0,24.28
2026-07-09,2026-09-29,240.0,CE,0,0,0,17.66
2026-07-09,2026-09-29,240.0,PE,0,0,0,30.2
2026-07-09,2026-09-29,250.0,CE,0,0,0,14.34
2026-07-09,2026-09-29,250.0,PE,0,0,0,36.73
2026-07-09,2026-09-29,260.0,CE,0,0,0,11.56
2026-07-09,2026-09-29,260.0,PE,0,0,0,43.81
2026-07-10,2026-07-28,190.0,CE,67450,0,5,30.1
2026-07-10,2026-07-28,190.0,PE,1249600,92300,382,1.02
2026-07-10,2026-07-28,195.0,CE,63900,0,0,23.93
2026-07-10,2026-07-28,195.0,PE,883950,63900,141,1.5
2026-07-10,2026-07-28,200.0,CE,198800,0,36,21.39
2026-07-10,2026-07-28,200.0,PE,4412650,248500,802,2.2
2026-07-10,2026-07-28,205.0,CE,230750,10650,22,17.38
2026-07-10,2026-07-28,205.0,PE,1327700,138450,208,3.37
2026-07-10,2026-07-28,207.5,CE,209450,0,0,14.96
2026-07-10,2026-07-28,207.5,PE,255600,0,0,5.28
2026-07-10,2026-07-28,210.0,CE,798750,53250,289,14.23
2026-07-10,2026-07-28,210.0,PE,3947600,42600,569,4.83
2026-07-10,2026-07-28,212.5,PE,159750,21300,35,5.67
2026-07-10,2026-07-28,215.0,CE,1526500,39050,335,11.17
2026-07-10,2026-07-28,215.0,PE,1483900,39050,340,6.76
2026-07-10,2026-07-28,217.5,PE,294650,35500,67,8.04
2026-07-10,2026-07-28,220.0,CE,11370650,969150,2980,8.7
2026-07-10,2026-07-28,220.0,PE,5719050,120700,532,9.26
2026-07-10,2026-07-28,222.5,PE,479250,17750,6,9.58
2026-07-10,2026-07-28,225.0,CE,4622100,-99400,1060,6.57
2026-07-10,2026-07-28,225.0,PE,3709750,812950,395,12.17
2026-07-10,2026-07-28,227.5,CE,841350,39050,143,5.7
2026-07-10,2026-07-28,227.5,PE,674500,24850,25,13.87
2026-07-10,2026-07-28,230.0,CE,18296700,0,2399,4.97
2026-07-10,2026-07-28,230.0,PE,5506050,56800,112,15.42
2026-07-10,2026-07-28,232.5,CE,983350,42600,105,4.41
2026-07-10,2026-07-28,232.5,PE,418900,0,0,19.18
2026-07-10,2026-07-28,235.0,CE,3887250,49700,732,3.68
2026-07-10,2026-07-28,235.0,PE,1547800,-10650,30,19.1
2026-07-10,2026-07-28,237.5,CE,564450,-3550,132,3.23
2026-07-10,2026-07-28,237.5,PE,202350,0,13,20.92
2026-07-10,2026-07-28,240.0,CE,5112000,156200,928,2.75
2026-07-10,2026-07-28,240.0,PE,1100500,21300,24,23.7
2026-07-10,2026-07-28,242.5,CE,315950,49700,483,2.36
2026-07-10,2026-07-28,242.5,PE,35500,0,0,24.52
2026-07-10,2026-07-28,245.0,CE,933650,-81650,462,2.05
2026-07-10,2026-07-28,245.0,PE,273350,0,0,26.0
2026-07-10,2026-07-28,247.5,CE,202350,-21300,62,1.72
2026-07-10,2026-07-28,247.5,PE,17750,7100,4,29.2
2026-07-10,2026-07-28,250.0,CE,6145050,95850,912,1.52
2026-07-10,2026-07-28,250.0,PE,319500,24850,14,31.83
2026-07-10,2026-07-28,252.5,CE,262700,-17750,7,1.3
2026-07-10,2026-07-28,252.5,PE,14200,0,0,37.29
2026-07-10,2026-07-28,255.0,CE,337250,60350,73,1.2
2026-07-10,2026-07-28,255.0,PE,14200,0,0,39.17
2026-07-10,2026-07-28,257.5,CE,156200,3550,8,0.95
2026-07-10,2026-07-28,260.0,CE,2250700,-14200,351,0.85
2026-07-10,2026-07-28,260.0,PE,472150,17750,9,41.23
2026-07-10,2026-07-28,265.0,CE,223650,3550,17,0.69
2026-07-10,2026-07-28,270.0,CE,1370300,46150,36,0.52
2026-07-10,2026-07-28,270.0,PE,56800,0,0,39.25
2026-07-10,2026-07-28,280.0,CE,866200,-7100,50,0.27
2026-07-10,2026-08-25,190.0,CE,3550,0,0,34.2
2026-07-10,2026-08-25,190.0,PE,60350,14200,11,3.1
2026-07-10,2026-08-25,195.0,CE,0,0,0,47.15
2026-07-10,2026-08-25,195.0,PE,0,0,0,7.13
2026-07-10,2026-08-25,200.0,CE,0,0,0,54.14
2026-07-10,2026-08-25,200.0,PE,124250,17750,19,5.44
2026-07-10,2026-08-25,205.0,CE,0,0,0,50.5
2026-07-10,2026-08-25,205.0,PE,0,0,0,7.94
2026-07-10,2026-08-25,210.0,CE,0,0,0,47.0
2026-07-10,2026-08-25,210.0,PE,53250,10650,10,8.17
2026-07-10,2026-08-25,215.0,CE,0,0,0,43.66
2026-07-10,2026-08-25,215.0,PE,0,0,0,10.96
2026-07-10,2026-08-25,220.0,CE,149100,85200,34,14.43
2026-07-10,2026-08-25,220.0,PE,188150,78100,39,13.2
2026-07-10,2026-08-25,225.0,CE,63900,7100,9,12.0
2026-07-10,2026-08-25,225.0,PE,3550,3550,1,16.1
2026-07-10,2026-08-25,230.0,CE,202350,24850,13,9.98
2026-07-10,2026-08-25,230.0,PE,170400,14200,10,19.01
2026-07-10,2026-08-25,235.0,CE,0,0,0,31.92
2026-07-10,2026-08-25,235.0,PE,0,0,0,18.91
2026-07-10,2026-08-25,240.0,CE,46150,10650,4,6.48
2026-07-10,2026-08-25,240.0,PE,3550,0,0,24.6
2026-07-10,2026-08-25,245.0,CE,0,0,0,27.0
2026-07-10,2026-08-25,245.0,PE,0,0,0,23.85
2026-07-10,2026-08-25,250.0,CE,230750,81650,37,5.0
2026-07-10,2026-08-25,250.0,PE,0,0,0,26.55
2026-07-10,2026-08-25,260.0,CE,24850,0,0,2.9
2026-07-10,2026-08-25,260.0,PE,0,0,0,32.39
2026-07-10,2026-09-29,180.0,CE,0,0,0,51.52
2026-07-10,2026-09-29,180.0,PE,0,0,0,4.99
2026-07-10,2026-09-29,190.0,CE,0,0,0,44.14
2026-07-10,2026-09-29,190.0,PE,0,0,0,7.45
2026-07-10,2026-09-29,200.0,CE,0,0,0,37.42
2026-07-10,2026-09-29,200.0,PE,0,0,0,10.58
2026-07-10,2026-09-29,210.0,CE,0,0,0,31.43
2026-07-10,2026-09-29,210.0,PE,0,0,0,14.43
2026-07-10,2026-09-29,220.0,CE,0,0,0,26.15
2026-07-10,2026-09-29,220.0,PE,0,0,0,19.01
2026-07-10,2026-09-29,230.0,CE,0,0,0,21.58
2026-07-10,2026-09-29,230.0,PE,0,0,0,24.28
2026-07-10,2026-09-29,240.0,CE,0,0,0,17.66
2026-07-10,2026-09-29,240.0,PE,0,0,0,30.2
2026-07-10,2026-09-29,250.0,CE,0,0,0,14.34
2026-07-10,2026-09-29,250.0,PE,0,0,0,36.73
2026-07-10,2026-09-29,260.0,CE,0,0,0,11.56
2026-07-10,2026-09-29,260.0,PE,0,0,0,43.81
