date,expiry,strike,opt_type,oi,chg_oi,volume,close
2026-06-05,2026-06-30,4400.0,CE,0,0,0,1000.1
2026-06-05,2026-06-30,4400.0,PE,0,0,0,22.3
2026-06-05,2026-06-30,4500.0,CE,125,0,0,858.05
2026-06-05,2026-06-30,4500.0,PE,4875,250,11,4.25
2026-06-05,2026-06-30,4600.0,CE,0,0,0,825.8
2026-06-05,2026-06-30,4600.0,PE,125,0,1,1.4
2026-06-05,2026-06-30,4700.0,CE,500,0,0,570.35
2026-06-05,2026-06-30,4700.0,PE,2375,125,2,6.85
2026-06-05,2026-06-30,4750.0,CE,0,0,0,752.6
2026-06-05,2026-06-30,4750.0,PE,0,0,0,36.8
2026-06-05,2026-06-30,4800.0,CE,0,0,0,665.2
2026-06-05,2026-06-30,4800.0,PE,52875,33125,323,12.75
2026-06-05,2026-06-30,4850.0,CE,0,0,0,668.85
2026-06-05,2026-06-30,4850.0,PE,2250,0,0,17.9
2026-06-05,2026-06-30,4900.0,CE,0,0,0,591.35
2026-06-05,2026-06-30,4900.0,PE,19750,1875,40,23.4
2026-06-05,2026-06-30,4950.0,CE,0,0,0,589.4
2026-06-05,2026-06-30,4950.0,PE,2375,0,0,20.0
2026-06-05,2026-06-30,5000.0,CE,625,0,0,412.75
2026-06-05,2026-06-30,5000.0,PE,27875,1750,105,37.6
2026-06-05,2026-06-30,5050.0,CE,0,0,0,515.0
2026-06-05,2026-06-30,5050.0,PE,2250,0,0,45.1
2026-06-05,2026-06-30,5100.0,CE,0,0,0,457.4
2026-06-05,2026-06-30,5100.0,PE,47500,3750,147,58.75
2026-06-05,2026-06-30,5150.0,CE,0,0,0,445.55
2026-06-05,2026-06-30,5150.0,PE,1125,0,0,73.2
2026-06-05,2026-06-30,5200.0,CE,6500,1375,60,175.85
2026-06-05,2026-06-30,5200.0,PE,19500,250,317,94.05
2026-06-05,2026-06-30,5250.0,CE,6375,250,65,150.5
2026-06-05,2026-06-30,5250.0,PE,14125,2625,96,112.85
2026-06-05,2026-06-30,5300.0,CE,34250,3250,724,125.85
2026-06-05,2026-06-30,5300.0,PE,30250,-7250,365,136.05
2026-06-05,2026-06-30,5350.0,CE,24000,-125,61,104.9
2026-06-05,2026-06-30,5350.0,PE,16750,-625,30,168.85
2026-06-05,2026-06-30,5400.0,CE,32000,-375,393,85.75
2026-06-05,2026-06-30,5400.0,PE,25625,-625,47,200.05
2026-06-05,2026-06-30,5450.0,CE,10625,750,33,66.8
2026-06-05,2026-06-30,5450.0,PE,5375,-125,6,228.0
2026-06-05,2026-06-30,5500.0,CE,62750,-1875,676,57.55
2026-06-05,2026-06-30,5500.0,PE,37375,375,17,253.95
2026-06-05,2026-06-30,5550.0,CE,14750,3250,67,47.85
2026-06-05,2026-06-30,5550.0,PE,2375,0,0,261.75
2026-06-05,2026-06-30,5600.0,CE,58750,-6000,370,38.75
2026-06-05,2026-06-30,5600.0,PE,21375,-1000,17,351.7
2026-06-05,2026-06-30,5650.0,CE,20000,125,11,43.0
2026-06-05,2026-06-30,5650.0,PE,14125,-500,13,395.5
2026-06-05,2026-06-30,5700.0,CE,112625,9000,237,26.45
2026-06-05,2026-06-30,5700.0,PE,11500,0,1,435.0
2026-06-05,2026-06-30,5750.0,CE,19000,250,18,20.9
2026-06-05,2026-06-30,5750.0,PE,5500,0,0,432.95
2026-06-05,2026-06-30,5800.0,CE,101500,2125,215,18.4
2026-06-05,2026-06-30,5800.0,PE,36375,0,0,473.65
2026-06-05,2026-06-30,5850.0,CE,10750,-125,1,19.2
2026-06-05,2026-06-30,5850.0,PE,625,0,0,348.95
2026-06-05,2026-06-30,5900.0,CE,52875,750,124,13.15
2026-06-05,2026-06-30,5900.0,PE,1250,0,0,406.15
2026-06-05,2026-06-30,5950.0,CE,4000,-125,6,9.25
2026-06-05,2026-06-30,5950.0,PE,125,0,0,301.2
2026-06-05,2026-06-30,6000.0,CE,98625,10250,203,10.9
2026-06-05,2026-06-30,6000.0,PE,0,0,0,696.1
2026-06-05,2026-06-30,6050.0,CE,2250,0,0,16.0
2026-06-05,2026-06-30,6050.0,PE,0,0,0,650.6
2026-06-05,2026-06-30,6100.0,CE,1375,-1375,20,9.8
2026-06-05,2026-06-30,6100.0,PE,0,0,0,775.8
2026-06-05,2026-06-30,6150.0,CE,625,-875,7,8.4
2026-06-05,2026-06-30,6150.0,PE,0,0,0,732.8
2026-06-05,2026-06-30,6200.0,CE,37250,-500,9,7.5
2026-06-05,2026-06-30,6200.0,PE,0,0,0,760.4
2026-06-05,2026-06-30,6250.0,CE,1875,0,0,8.5
2026-06-05,2026-06-30,6250.0,PE,0,0,0,818.1
2026-06-05,2026-06-30,6300.0,CE,4625,0,1,6.05
2026-06-05,2026-06-30,6300.0,PE,0,0,0,943.55
2026-06-05,2026-06-30,6350.0,CE,0,0,0,37.8
2026-06-05,2026-06-30,6350.0,PE,0,0,0,906.05
2026-06-05,2026-06-30,6400.0,CE,31625,2000,70,4.0
2026-06-05,2026-06-30,6400.0,PE,0,0,0,1030.95
2026-06-05,2026-06-30,6450.0,CE,0,0,0,29.05
2026-06-05,2026-06-30,6450.0,PE,0,0,0,996.3
2026-06-05,2026-06-30,6500.0,CE,5375,750,178,3.0
2026-06-05,2026-06-30,6500.0,PE,0,0,0,1120.25
2026-06-05,2026-06-30,6550.0,CE,125,-250,11,2.6
2026-06-05,2026-06-30,6550.0,PE,0,0,0,1088.35
2026-06-05,2026-07-28,4400.0,CE,0,0,0,1101.2
2026-06-05,2026-07-28,4400.0,PE,0,0,0,19.55
2026-06-05,2026-07-28,4500.0,CE,0,0,0,1011.0
2026-06-05,2026-07-28,4500.0,PE,0,0,0,27.9
2026-06-05,2026-07-28,4600.0,CE,0,0,0,923.35
2026-06-05,2026-07-28,4600.0,PE,0,0,0,38.8
2026-06-05,2026-07-28,4700.0,CE,0,0,0,838.7
2026-06-05,2026-07-28,4700.0,PE,250,250,2,34.5
2026-06-05,2026-07-28,4750.0,CE,0,0,0,717.55
2026-06-05,2026-07-28,4750.0,PE,0,0,0,38.9
2026-06-05,2026-07-28,4800.0,CE,0,0,0,757.55
2026-06-05,2026-07-28,4800.0,PE,0,0,0,70.15
2026-06-05,2026-07-28,4850.0,CE,0,0,0,634.75
2026-06-05,2026-07-28,4850.0,PE,0,0,0,55.05
2026-06-05,2026-07-28,4900.0,CE,0,0,0,680.25
2026-06-05,2026-07-28,4900.0,PE,1250,0,0,70.0
2026-06-05,2026-07-28,4950.0,CE,0,0,0,556.5
2026-06-05,2026-07-28,4950.0,PE,125,0,0,70.0
2026-06-05,2026-07-28,5000.0,CE,0,0,0,607.35
2026-06-05,2026-07-28,5000.0,PE,250,250,2,88.85
2026-06-05,2026-07-28,5050.0,CE,0,0,0,483.45
2026-06-05,2026-07-28,5050.0,PE,0,0,0,101.7
2026-06-05,2026-07-28,5100.0,CE,0,0,0,538.65
2026-06-05,2026-07-28,5100.0,PE,0,0,0,146.9
2026-06-05,2026-07-28,5150.0,CE,0,0,0,415.7
2026-06-05,2026-07-28,5150.0,PE,0,0,0,132.9
2026-06-05,2026-07-28,5200.0,CE,0,0,0,474.95
2026-06-05,2026-07-28,5200.0,PE,0,0,0,181.8
2026-06-05,2026-07-28,5250.0,CE,125,0,0,354.1
2026-06-05,2026-07-28,5250.0,PE,0,0,0,170.25
2026-06-05,2026-07-28,5300.0,CE,0,0,0,416.2
2026-06-05,2026-07-28,5300.0,PE,0,0,0,221.6
2026-06-05,2026-07-28,5350.0,CE,0,0,0,298.6
2026-06-05,2026-07-28,5350.0,PE,0,0,0,213.75
2026-06-05,2026-07-28,5400.0,CE,0,0,0,362.45
2026-06-05,2026-07-28,5400.0,PE,0,0,0,266.45
2026-06-05,2026-07-28,5450.0,CE,0,0,0,249.3
2026-06-05,2026-07-28,5450.0,PE,0,0,0,263.4
2026-06-05,2026-07-28,5500.0,CE,125,0,1,146.15
2026-06-05,2026-07-28,5500.0,PE,0,0,0,316.25
2026-06-05,2026-07-28,5550.0,CE,0,0,0,206.0
2026-06-05,2026-07-28,5550.0,PE,0,0,0,319.1
2026-06-05,2026-07-28,5600.0,CE,0,0,0,269.8
2026-06-05,2026-07-28,5600.0,PE,0,0,0,370.95
2026-06-05,2026-07-28,5650.0,CE,1250,1000,8,91.35
2026-06-05,2026-07-28,5650.0,PE,0,0,0,380.6
2026-06-05,2026-07-28,5700.0,CE,0,0,0,230.65
2026-06-05,2026-07-28,5700.0,PE,0,0,0,430.35
2026-06-05,2026-07-28,5750.0,CE,0,0,0,136.45
2026-06-05,2026-07-28,5750.0,PE,0,0,0,447.5
2026-06-05,2026-07-28,5800.0,CE,1000,0,0,83.45
2026-06-05,2026-07-28,5800.0,PE,0,0,0,494.25
2026-06-05,2026-07-28,5850.0,CE,0,0,0,109.65
2026-06-05,2026-07-28,5850.0,PE,0,0,0,519.7
2026-06-05,2026-07-28,5900.0,CE,0,0,0,165.55
2026-06-05,2026-07-28,5900.0,PE,0,0,0,562.35
2026-06-05,2026-07-28,5950.0,CE,0,0,0,87.0
2026-06-05,2026-07-28,5950.0,PE,0,0,0,596.0
2026-06-05,2026-07-28,6000.0,CE,875,0,0,35.0
2026-06-05,2026-07-28,6000.0,PE,0,0,0,634.65
2026-06-05,2026-07-28,6050.0,CE,0,0,0,68.45
2026-06-05,2026-07-28,6050.0,PE,125,0,0,673.45
2026-06-05,2026-07-28,6100.0,CE,0,0,0,116.4
2026-06-05,2026-07-28,6100.0,PE,500,0,3,811.95
2026-06-05,2026-07-28,6150.0,CE,0,0,0,53.3
2026-06-05,2026-07-28,6150.0,PE,500,0,0,761.25
2026-06-05,2026-07-28,6200.0,CE,0,0,0,96.55
2026-06-05,2026-07-28,6200.0,PE,500,0,0,808.2
2026-06-05,2026-07-28,6250.0,CE,0,0,0,41.15
2026-06-05,2026-07-28,6250.0,PE,0,0,0,847.1
2026-06-05,2026-07-28,6300.0,CE,0,0,0,79.75
2026-06-05,2026-07-28,6300.0,PE,0,0,0,870.8
2026-06-05,2026-07-28,6350.0,CE,0,0,0,31.5
2026-06-05,2026-07-28,6350.0,PE,0,0,0,936.4
2026-06-05,2026-07-28,6400.0,CE,250,0,0,13.1
2026-06-05,2026-07-28,6400.0,PE,0,0,0,955.15
2026-06-05,2026-07-28,6450.0,CE,0,0,0,23.85
2026-06-05,2026-07-28,6450.0,PE,0,0,0,1027.75
2026-06-05,2026-07-28,6500.0,CE,0,0,0,53.55
2026-06-05,2026-07-28,6500.0,PE,0,0,0,1041.7
2026-06-05,2026-07-28,6550.0,CE,0,0,0,17.95
2026-06-05,2026-07-28,6550.0,PE,0,0,0,1120.8
2026-06-05,2026-08-25,4400.0,CE,0,0,0,1065.1
2026-06-05,2026-08-25,4400.0,PE,0,0,0,20.1
2026-06-05,2026-08-25,4600.0,CE,0,0,0,888.1
2026-06-05,2026-08-25,4600.0,PE,0,0,0,40.15
2026-06-05,2026-08-25,4700.0,CE,0,0,0,804.1
2026-06-05,2026-08-25,4700.0,PE,0,0,0,54.65
2026-06-05,2026-08-25,4800.0,CE,0,0,0,723.75
2026-06-05,2026-08-25,4800.0,PE,0,0,0,72.8
2026-06-05,2026-08-25,4900.0,CE,0,0,0,647.4
2026-06-05,2026-08-25,4900.0,PE,0,0,0,95.0
2026-06-05,2026-08-25,5000.0,CE,0,0,0,575.55
2026-06-05,2026-08-25,5000.0,PE,125,0,0,125.0
2026-06-05,2026-08-25,5100.0,CE,0,0,0,508.15
2026-06-05,2026-08-25,5100.0,PE,0,0,0,152.8
2026-06-05,2026-08-25,5200.0,CE,0,0,0,445.9
2026-06-05,2026-08-25,5200.0,PE,0,0,0,189.05
2026-06-05,2026-08-25,5300.0,CE,0,0,0,388.7
2026-06-05,2026-08-25,5300.0,PE,0,0,0,230.4
2026-06-05,2026-08-25,5400.0,CE,0,0,0,336.65
2026-06-05,2026-08-25,5400.0,PE,0,0,0,276.9
2026-06-05,2026-08-25,5500.0,CE,0,0,0,289.65
2026-06-05,2026-08-25,5500.0,PE,0,0,0,328.4
2026-06-05,2026-08-25,5600.0,CE,0,0,0,247.6
2026-06-05,2026-08-25,5600.0,PE,0,0,0,384.9
2026-06-05,2026-08-25,5700.0,CE,0,0,0,210.3
2026-06-05,2026-08-25,5700.0,PE,0,0,0,446.1
2026-06-05,2026-08-25,5800.0,CE,0,0,0,177.5
2026-06-05,2026-08-25,5800.0,PE,0,0,0,511.8
2026-06-05,2026-08-25,5900.0,CE,0,0,0,148.85
2026-06-05,2026-08-25,5900.0,PE,0,0,0,581.7
2026-06-05,2026-08-25,6000.0,CE,0,0,0,124.4
2026-06-05,2026-08-25,6000.0,PE,0,0,0,655.75
2026-06-05,2026-08-25,6100.0,CE,0,0,0,102.95
2026-06-05,2026-08-25,6100.0,PE,0,0,0,732.85
2026-06-05,2026-08-25,6200.0,CE,0,0,0,84.85
2026-06-05,2026-08-25,6200.0,PE,0,0,0,813.25
2026-06-05,2026-08-25,6300.0,CE,0,0,0,69.5
2026-06-05,2026-08-25,6300.0,PE,0,0,0,896.45
2026-06-05,2026-08-25,6400.0,CE,0,0,0,56.65
2026-06-05,2026-08-25,6400.0,PE,0,0,0,982.1
2026-06-05,2026-08-25,6500.0,CE,0,0,0,45.9
2026-06-05,2026-08-25,6500.0,PE,0,0,0,1069.85
2026-06-08,2026-06-30,4400.0,CE,0,0,0,1000.1
2026-06-08,2026-06-30,4400.0,PE,250,250,9,2.65
2026-06-08,2026-06-30,4500.0,CE,125,0,0,858.05
2026-06-08,2026-06-30,4500.0,PE,9625,4750,949,3.1
2026-06-08,2026-06-30,4600.0,CE,375,375,3,705.5
2026-06-08,2026-06-30,4600.0,PE,125,0,0,1.4
2026-06-08,2026-06-30,4700.0,CE,500,0,0,570.35
2026-06-08,2026-06-30,4700.0,PE,1500,-875,18,3.9
2026-06-08,2026-06-30,4750.0,CE,0,0,0,752.6
2026-06-08,2026-06-30,4750.0,PE,0,0,0,36.8
2026-06-08,2026-06-30,4800.0,CE,0,0,0,665.2
2026-06-08,2026-06-30,4800.0,PE,51750,-1125,128,8.2
2026-06-08,2026-06-30,4850.0,CE,0,0,0,668.85
2026-06-08,2026-06-30,4850.0,PE,2250,0,0,17.9
2026-06-08,2026-06-30,4900.0,CE,0,0,0,591.35
2026-06-08,2026-06-30,4900.0,PE,18875,-875,59,13.2
2026-06-08,2026-06-30,4950.0,CE,0,0,0,589.4
2026-06-08,2026-06-30,4950.0,PE,2250,-125,3,12.95
2026-06-08,2026-06-30,5000.0,CE,625,0,0,412.75
2026-06-08,2026-06-30,5000.0,PE,24875,-3000,170,23.4
2026-06-08,2026-06-30,5050.0,CE,0,0,0,515.0
2026-06-08,2026-06-30,5050.0,PE,2000,-250,14,24.3
2026-06-08,2026-06-30,5100.0,CE,0,0,0,457.4
2026-06-08,2026-06-30,5100.0,PE,44250,-3250,276,37.05
2026-06-08,2026-06-30,5150.0,CE,0,0,0,445.55
2026-06-08,2026-06-30,5150.0,PE,3375,2250,63,50.0
2026-06-08,2026-06-30,5200.0,CE,5750,-750,71,264.1
2026-06-08,2026-06-30,5200.0,PE,20625,1125,417,63.65
2026-06-08,2026-06-30,5250.0,CE,4875,-1500,90,201.9
2026-06-08,2026-06-30,5250.0,PE,17125,3000,180,76.5
2026-06-08,2026-06-30,5300.0,CE,33875,-375,1712,175.15
2026-06-08,2026-06-30,5300.0,PE,33750,3500,917,93.95
2026-06-08,2026-06-30,5350.0,CE,22000,-2000,594,146.05
2026-06-08,2026-06-30,5350.0,PE,19250,2500,286,119.0
2026-06-08,2026-06-30,5400.0,CE,28750,-3250,2315,121.25
2026-06-08,2026-06-30,5400.0,PE,26750,1125,278,139.85
2026-06-08,2026-06-30,5450.0,CE,14750,4125,235,101.45
2026-06-08,2026-06-30,5450.0,PE,5250,-125,1,176.45
2026-06-08,2026-06-30,5500.0,CE,56250,-6500,1624,84.2
2026-06-08,2026-06-30,5500.0,PE,37500,125,7,200.2
2026-06-08,2026-06-30,5550.0,CE,14625,-125,205,69.05
2026-06-08,2026-06-30,5550.0,PE,2375,0,0,261.75
2026-06-08,2026-06-30,5600.0,CE,54125,-4625,790,56.5
2026-06-08,2026-06-30,5600.0,PE,21375,0,26,272.7
2026-06-08,2026-06-30,5650.0,CE,18250,-1750,216,46.55
2026-06-08,2026-06-30,5650.0,PE,14125,0,0,395.5
2026-06-08,2026-06-30,5700.0,CE,96750,-15875,681,38.4
2026-06-08,2026-06-30,5700.0,PE,11625,125,8,371.85
2026-06-08,2026-06-30,5750.0,CE,19500,500,68,30.5
2026-06-08,2026-06-30,5750.0,PE,5500,0,1,408.65
2026-06-08,2026-06-30,5800.0,CE,86375,-15125,651,25.3
2026-06-08,2026-06-30,5800.0,PE,36375,0,0,473.65
2026-06-08,2026-06-30,5850.0,CE,9375,-1375,17,21.2
2026-06-08,2026-06-30,5850.0,PE,625,0,0,348.95
2026-06-08,2026-06-30,5900.0,CE,51125,-1750,318,17.25
2026-06-08,2026-06-30,5900.0,PE,1250,0,0,406.15
2026-06-08,2026-06-30,5950.0,CE,3000,-1000,27,14.75
2026-06-08,2026-06-30,5950.0,PE,125,0,0,301.2
2026-06-08,2026-06-30,6000.0,CE,96250,-2375,775,12.4
2026-06-08,2026-06-30,6000.0,PE,0,0,0,696.1
2026-06-08,2026-06-30,6050.0,CE,3125,875,9,13.05
2026-06-08,2026-06-30,6050.0,PE,0,0,0,650.6
2026-06-08,2026-06-30,6100.0,CE,500,-875,43,10.1
2026-06-08,2026-06-30,6100.0,PE,0,0,0,775.8
2026-06-08,2026-06-30,6150.0,CE,625,0,0,8.4
2026-06-08,2026-06-30,6150.0,PE,0,0,0,732.8
2026-06-08,2026-06-30,6200.0,CE,34375,-2875,115,7.1
2026-06-08,2026-06-30,6200.0,PE,0,0,0,760.4
2026-06-08,2026-06-30,6250.0,CE,1875,0,2,5.0
2026-06-08,2026-06-30,6250.0,PE,0,0,0,818.1
2026-06-08,2026-06-30,6300.0,CE,4375,-250,15,4.15
2026-06-08,2026-06-30,6300.0,PE,0,0,0,943.55
2026-06-08,2026-06-30,6350.0,CE,0,0,0,37.8
2026-06-08,2026-06-30,6350.0,PE,0,0,0,906.05
2026-06-08,2026-06-30,6400.0,CE,30625,-1000,36,4.05
2026-06-08,2026-06-30,6400.0,PE,0,0,0,1030.95
2026-06-08,2026-06-30,6450.0,CE,0,0,0,29.05
2026-06-08,2026-06-30,6450.0,PE,0,0,0,996.3
2026-06-08,2026-06-30,6500.0,CE,5750,375,18,3.4
2026-06-08,2026-06-30,6500.0,PE,0,0,0,1120.25
2026-06-08,2026-06-30,6550.0,CE,1625,1500,501,3.05
2026-06-08,2026-06-30,6550.0,PE,0,0,0,1088.35
2026-06-08,2026-07-28,4400.0,CE,0,0,0,1101.2
2026-06-08,2026-07-28,4400.0,PE,0,0,0,19.55
2026-06-08,2026-07-28,4500.0,CE,0,0,0,1011.0
2026-06-08,2026-07-28,4500.0,PE,0,0,0,27.9
2026-06-08,2026-07-28,4600.0,CE,0,0,0,923.35
2026-06-08,2026-07-28,4600.0,PE,0,0,0,38.8
2026-06-08,2026-07-28,4700.0,CE,0,0,0,838.7
2026-06-08,2026-07-28,4700.0,PE,250,0,0,34.5
2026-06-08,2026-07-28,4750.0,CE,0,0,0,717.55
2026-06-08,2026-07-28,4750.0,PE,0,0,0,38.9
2026-06-08,2026-07-28,4800.0,CE,0,0,0,757.55
2026-06-08,2026-07-28,4800.0,PE,0,0,0,70.15
2026-06-08,2026-07-28,4850.0,CE,0,0,0,634.75
2026-06-08,2026-07-28,4850.0,PE,0,0,0,55.05
2026-06-08,2026-07-28,4900.0,CE,0,0,0,680.25
2026-06-08,2026-07-28,4900.0,PE,1250,0,10,50.0
2026-06-08,2026-07-28,4950.0,CE,0,0,0,556.5
2026-06-08,2026-07-28,4950.0,PE,125,0,0,70.0
2026-06-08,2026-07-28,5000.0,CE,0,0,0,607.35
2026-06-08,2026-07-28,5000.0,PE,125,-125,1,65.0
2026-06-08,2026-07-28,5050.0,CE,0,0,0,483.45
2026-06-08,2026-07-28,5050.0,PE,0,0,0,101.7
2026-06-08,2026-07-28,5100.0,CE,0,0,0,538.65
2026-06-08,2026-07-28,5100.0,PE,0,0,0,146.9
2026-06-08,2026-07-28,5150.0,CE,0,0,0,415.7
2026-06-08,2026-07-28,5150.0,PE,0,0,0,132.9
2026-06-08,2026-07-28,5200.0,CE,0,0,0,474.95
2026-06-08,2026-07-28,5200.0,PE,0,0,0,181.8
2026-06-08,2026-07-28,5250.0,CE,125,0,0,354.1
2026-06-08,2026-07-28,5250.0,PE,0,0,0,170.25
2026-06-08,2026-07-28,5300.0,CE,125,125,1,230.95
2026-06-08,2026-07-28,5300.0,PE,0,0,0,221.6
2026-06-08,2026-07-28,5350.0,CE,0,0,0,298.6
2026-06-08,2026-07-28,5350.0,PE,0,0,0,213.75
2026-06-08,2026-07-28,5400.0,CE,0,0,0,362.45
2026-06-08,2026-07-28,5400.0,PE,0,0,0,266.45
2026-06-08,2026-07-28,5450.0,CE,0,0,0,249.3
2026-06-08,2026-07-28,5450.0,PE,0,0,0,263.4
2026-06-08,2026-07-28,5500.0,CE,250,125,1,174.0
2026-06-08,2026-07-28,5500.0,PE,0,0,0,316.25
2026-06-08,2026-07-28,5550.0,CE,0,0,0,206.0
2026-06-08,2026-07-28,5550.0,PE,0,0,0,319.1
2026-06-08,2026-07-28,5600.0,CE,0,0,0,269.8
2026-06-08,2026-07-28,5600.0,PE,0,0,0,370.95
2026-06-08,2026-07-28,5650.0,CE,1250,0,0,91.35
2026-06-08,2026-07-28,5650.0,PE,0,0,0,380.6
2026-06-08,2026-07-28,5700.0,CE,0,0,0,230.65
2026-06-08,2026-07-28,5700.0,PE,0,0,0,430.35
2026-06-08,2026-07-28,5750.0,CE,0,0,0,136.45
2026-06-08,2026-07-28,5750.0,PE,0,0,0,447.5
2026-06-08,2026-07-28,5800.0,CE,1000,0,0,83.45
2026-06-08,2026-07-28,5800.0,PE,0,0,0,494.25
2026-06-08,2026-07-28,5850.0,CE,0,0,0,109.65
2026-06-08,2026-07-28,5850.0,PE,0,0,0,519.7
2026-06-08,2026-07-28,5900.0,CE,0,0,0,165.55
2026-06-08,2026-07-28,5900.0,PE,0,0,0,562.35
2026-06-08,2026-07-28,5950.0,CE,625,625,5,56.05
2026-06-08,2026-07-28,5950.0,PE,0,0,0,596.0
2026-06-08,2026-07-28,6000.0,CE,875,0,0,35.0
2026-06-08,2026-07-28,6000.0,PE,0,0,0,634.65
2026-06-08,2026-07-28,6050.0,CE,0,0,0,68.45
2026-06-08,2026-07-28,6050.0,PE,125,0,0,673.45
2026-06-08,2026-07-28,6100.0,CE,0,0,0,116.4
2026-06-08,2026-07-28,6100.0,PE,625,125,2,839.7
2026-06-08,2026-07-28,6150.0,CE,0,0,0,53.3
2026-06-08,2026-07-28,6150.0,PE,500,0,0,761.25
2026-06-08,2026-07-28,6200.0,CE,0,0,0,96.55
2026-06-08,2026-07-28,6200.0,PE,500,0,0,808.2
2026-06-08,2026-07-28,6250.0,CE,0,0,0,41.15
2026-06-08,2026-07-28,6250.0,PE,0,0,0,847.1
2026-06-08,2026-07-28,6300.0,CE,0,0,0,79.75
2026-06-08,2026-07-28,6300.0,PE,0,0,0,870.8
2026-06-08,2026-07-28,6350.0,CE,0,0,0,31.5
2026-06-08,2026-07-28,6350.0,PE,0,0,0,936.4
2026-06-08,2026-07-28,6400.0,CE,375,125,1,18.0
2026-06-08,2026-07-28,6400.0,PE,0,0,0,955.15
2026-06-08,2026-07-28,6450.0,CE,0,0,0,23.85
2026-06-08,2026-07-28,6450.0,PE,0,0,0,1027.75
2026-06-08,2026-07-28,6500.0,CE,0,0,0,53.55
2026-06-08,2026-07-28,6500.0,PE,0,0,0,1041.7
2026-06-08,2026-07-28,6550.0,CE,0,0,0,17.95
2026-06-08,2026-07-28,6550.0,PE,0,0,0,1120.8
2026-06-08,2026-08-25,4400.0,CE,0,0,0,1065.1
2026-06-08,2026-08-25,4400.0,PE,0,0,0,20.1
2026-06-08,2026-08-25,4600.0,CE,0,0,0,888.1
2026-06-08,2026-08-25,4600.0,PE,0,0,0,40.15
2026-06-08,2026-08-25,4700.0,CE,0,0,0,804.1
2026-06-08,2026-08-25,4700.0,PE,0,0,0,54.65
2026-06-08,2026-08-25,4800.0,CE,0,0,0,723.75
2026-06-08,2026-08-25,4800.0,PE,0,0,0,72.8
2026-06-08,2026-08-25,4900.0,CE,0,0,0,647.4
2026-06-08,2026-08-25,4900.0,PE,0,0,0,95.0
2026-06-08,2026-08-25,5000.0,CE,0,0,0,575.55
2026-06-08,2026-08-25,5000.0,PE,125,0,0,125.0
2026-06-08,2026-08-25,5100.0,CE,0,0,0,508.15
2026-06-08,2026-08-25,5100.0,PE,0,0,0,152.8
2026-06-08,2026-08-25,5200.0,CE,0,0,0,445.9
2026-06-08,2026-08-25,5200.0,PE,0,0,0,189.05
2026-06-08,2026-08-25,5300.0,CE,0,0,0,388.7
2026-06-08,2026-08-25,5300.0,PE,0,0,0,230.4
2026-06-08,2026-08-25,5400.0,CE,0,0,0,336.65
2026-06-08,2026-08-25,5400.0,PE,0,0,0,276.9
2026-06-08,2026-08-25,5500.0,CE,0,0,0,289.65
2026-06-08,2026-08-25,5500.0,PE,0,0,0,328.4
2026-06-08,2026-08-25,5600.0,CE,0,0,0,247.6
2026-06-08,2026-08-25,5600.0,PE,0,0,0,384.9
2026-06-08,2026-08-25,5700.0,CE,0,0,0,210.3
2026-06-08,2026-08-25,5700.0,PE,0,0,0,446.1
2026-06-08,2026-08-25,5800.0,CE,0,0,0,177.5
2026-06-08,2026-08-25,5800.0,PE,0,0,0,511.8
2026-06-08,2026-08-25,5900.0,CE,0,0,0,148.85
2026-06-08,2026-08-25,5900.0,PE,0,0,0,581.7
2026-06-08,2026-08-25,6000.0,CE,0,0,0,124.4
2026-06-08,2026-08-25,6000.0,PE,0,0,0,655.75
2026-06-08,2026-08-25,6100.0,CE,0,0,0,102.95
2026-06-08,2026-08-25,6100.0,PE,0,0,0,732.85
2026-06-08,2026-08-25,6200.0,CE,0,0,0,84.85
2026-06-08,2026-08-25,6200.0,PE,0,0,0,813.25
2026-06-08,2026-08-25,6300.0,CE,0,0,0,69.5
2026-06-08,2026-08-25,6300.0,PE,0,0,0,896.45
2026-06-08,2026-08-25,6400.0,CE,0,0,0,56.65
2026-06-08,2026-08-25,6400.0,PE,0,0,0,982.1
2026-06-08,2026-08-25,6500.0,CE,0,0,0,45.9
2026-06-08,2026-08-25,6500.0,PE,0,0,0,1069.85
2026-06-09,2026-06-30,4400.0,CE,0,0,0,1000.1
2026-06-09,2026-06-30,4400.0,PE,375,125,1,2.8
2026-06-09,2026-06-30,4500.0,CE,125,0,0,858.05
2026-06-09,2026-06-30,4500.0,PE,8625,-1000,96,2.85
2026-06-09,2026-06-30,4600.0,CE,375,0,0,705.5
2026-06-09,2026-06-30,4600.0,PE,125,0,0,1.4
2026-06-09,2026-06-30,4700.0,CE,375,-125,1,715.0
2026-06-09,2026-06-30,4700.0,PE,4000,2500,38,5.0
2026-06-09,2026-06-30,4750.0,CE,0,0,0,752.6
2026-06-09,2026-06-30,4750.0,PE,0,0,0,36.8
2026-06-09,2026-06-30,4800.0,CE,0,0,0,665.2
2026-06-09,2026-06-30,4800.0,PE,50375,-1375,86,5.1
2026-06-09,2026-06-30,4850.0,CE,0,0,0,668.85
2026-06-09,2026-06-30,4850.0,PE,2250,0,0,17.9
2026-06-09,2026-06-30,4900.0,CE,0,0,0,591.35
2026-06-09,2026-06-30,4900.0,PE,18125,-750,8,11.7
2026-06-09,2026-06-30,4950.0,CE,0,0,0,589.4
2026-06-09,2026-06-30,4950.0,PE,2250,0,0,12.95
2026-06-09,2026-06-30,5000.0,CE,625,0,0,412.75
2026-06-09,2026-06-30,5000.0,PE,20375,-4500,93,18.65
2026-06-09,2026-06-30,5050.0,CE,0,0,0,515.0
2026-06-09,2026-06-30,5050.0,PE,2000,0,0,24.3
2026-06-09,2026-06-30,5100.0,CE,0,0,0,457.4
2026-06-09,2026-06-30,5100.0,PE,44000,-250,83,31.75
2026-06-09,2026-06-30,5150.0,CE,0,0,0,445.55
2026-06-09,2026-06-30,5150.0,PE,4500,1125,19,43.4
2026-06-09,2026-06-30,5200.0,CE,5625,-125,3,224.8
2026-06-09,2026-06-30,5200.0,PE,23375,2750,162,54.95
2026-06-09,2026-06-30,5250.0,CE,5000,125,17,191.65
2026-06-09,2026-06-30,5250.0,PE,16875,-250,76,69.0
2026-06-09,2026-06-30,5300.0,CE,32750,-1125,337,159.8
2026-06-09,2026-06-30,5300.0,PE,35125,1375,345,89.1
2026-06-09,2026-06-30,5350.0,CE,18000,-4000,251,130.1
2026-06-09,2026-06-30,5350.0,PE,20125,875,94,107.6
2026-06-09,2026-06-30,5400.0,CE,36125,7375,898,105.1
2026-06-09,2026-06-30,5400.0,PE,24625,-2125,244,133.45
2026-06-09,2026-06-30,5450.0,CE,15500,750,129,84.5
2026-06-09,2026-06-30,5450.0,PE,5250,0,0,176.45
2026-06-09,2026-06-30,5500.0,CE,52500,-3750,713,67.6
2026-06-09,2026-06-30,5500.0,PE,37000,-500,14,197.3
2026-06-09,2026-06-30,5550.0,CE,15625,1000,71,53.35
2026-06-09,2026-06-30,5550.0,PE,2375,0,0,261.75
2026-06-09,2026-06-30,5600.0,CE,52625,-1500,316,42.6
2026-06-09,2026-06-30,5600.0,PE,21375,0,1,275.0
2026-06-09,2026-06-30,5650.0,CE,19750,1500,63,33.65
2026-06-09,2026-06-30,5650.0,PE,14125,0,0,395.5
2026-06-09,2026-06-30,5700.0,CE,101750,5000,325,27.2
2026-06-09,2026-06-30,5700.0,PE,11625,0,0,371.85
2026-06-09,2026-06-30,5750.0,CE,16750,-2750,53,21.5
2026-06-09,2026-06-30,5750.0,PE,5500,0,0,408.65
2026-06-09,2026-06-30,5800.0,CE,95125,8750,184,17.75
2026-06-09,2026-06-30,5800.0,PE,36375,0,0,473.65
2026-06-09,2026-06-30,5850.0,CE,10125,750,48,14.7
2026-06-09,2026-06-30,5850.0,PE,625,0,0,348.95
2026-06-09,2026-06-30,5900.0,CE,50875,-250,72,11.45
2026-06-09,2026-06-30,5900.0,PE,1250,0,0,406.15
2026-06-09,2026-06-30,5950.0,CE,2375,-625,14,9.85
2026-06-09,2026-06-30,5950.0,PE,125,0,0,301.2
2026-06-09,2026-06-30,6000.0,CE,98625,2375,265,8.6
2026-06-09,2026-06-30,6000.0,PE,0,0,0,696.1
2026-06-09,2026-06-30,6050.0,CE,3125,0,0,13.05
2026-06-09,2026-06-30,6050.0,PE,0,0,0,650.6
2026-06-09,2026-06-30,6100.0,CE,2125,1625,38,7.0
2026-06-09,2026-06-30,6100.0,PE,0,0,0,775.8
2026-06-09,2026-06-30,6150.0,CE,625,0,0,8.4
2026-06-09,2026-06-30,6150.0,PE,0,0,0,732.8
2026-06-09,2026-06-30,6200.0,CE,33500,-875,48,4.85
2026-06-09,2026-06-30,6200.0,PE,0,0,0,760.4
2026-06-09,2026-06-30,6250.0,CE,1875,0,0,5.0
2026-06-09,2026-06-30,6250.0,PE,0,0,0,818.1
2026-06-09,2026-06-30,6300.0,CE,3125,-1250,24,3.35
2026-06-09,2026-06-30,6300.0,PE,0,0,0,943.55
2026-06-09,2026-06-30,6350.0,CE,0,0,0,37.8
2026-06-09,2026-06-30,6350.0,PE,0,0,0,906.05
2026-06-09,2026-06-30,6400.0,CE,26250,-4375,48,2.7
2026-06-09,2026-06-30,6400.0,PE,0,0,0,1030.95
2026-06-09,2026-06-30,6450.0,CE,0,0,0,29.05
2026-06-09,2026-06-30,6450.0,PE,0,0,0,996.3
2026-06-09,2026-06-30,6500.0,CE,5750,0,8,3.1
2026-06-09,2026-06-30,6500.0,PE,0,0,0,1120.25
2026-06-09,2026-06-30,6550.0,CE,1250,-375,551,2.0
2026-06-09,2026-06-30,6550.0,PE,0,0,0,1088.35
2026-06-09,2026-07-28,4400.0,CE,0,0,0,1101.2
2026-06-09,2026-07-28,4400.0,PE,0,0,0,19.55
2026-06-09,2026-07-28,4500.0,CE,0,0,0,1011.0
2026-06-09,2026-07-28,4500.0,PE,0,0,0,27.9
2026-06-09,2026-07-28,4600.0,CE,0,0,0,923.35
2026-06-09,2026-07-28,4600.0,PE,0,0,0,38.8
2026-06-09,2026-07-28,4700.0,CE,0,0,0,838.7
2026-06-09,2026-07-28,4700.0,PE,250,0,0,34.5
2026-06-09,2026-07-28,4750.0,CE,0,0,0,717.55
2026-06-09,2026-07-28,4750.0,PE,0,0,0,38.9
2026-06-09,2026-07-28,4800.0,CE,0,0,0,757.55
2026-06-09,2026-07-28,4800.0,PE,0,0,0,70.15
2026-06-09,2026-07-28,4850.0,CE,0,0,0,634.75
2026-06-09,2026-07-28,4850.0,PE,0,0,0,55.05
2026-06-09,2026-07-28,4900.0,CE,0,0,0,680.25
2026-06-09,2026-07-28,4900.0,PE,1250,0,0,50.0
2026-06-09,2026-07-28,4950.0,CE,0,0,0,556.5
2026-06-09,2026-07-28,4950.0,PE,125,0,0,70.0
2026-06-09,2026-07-28,5000.0,CE,0,0,0,607.35
2026-06-09,2026-07-28,5000.0,PE,125,0,0,65.0
2026-06-09,2026-07-28,5050.0,CE,0,0,0,483.45
2026-06-09,2026-07-28,5050.0,PE,0,0,0,101.7
2026-06-09,2026-07-28,5100.0,CE,0,0,0,538.65
2026-06-09,2026-07-28,5100.0,PE,0,0,0,146.9
2026-06-09,2026-07-28,5150.0,CE,0,0,0,415.7
2026-06-09,2026-07-28,5150.0,PE,0,0,0,132.9
2026-06-09,2026-07-28,5200.0,CE,0,0,0,474.95
2026-06-09,2026-07-28,5200.0,PE,0,0,0,181.8
2026-06-09,2026-07-28,5250.0,CE,125,0,0,354.1
2026-06-09,2026-07-28,5250.0,PE,0,0,0,170.25
2026-06-09,2026-07-28,5300.0,CE,125,0,0,230.95
2026-06-09,2026-07-28,5300.0,PE,0,0,0,221.6
2026-06-09,2026-07-28,5350.0,CE,0,0,0,298.6
2026-06-09,2026-07-28,5350.0,PE,0,0,0,213.75
2026-06-09,2026-07-28,5400.0,CE,0,0,0,362.45
2026-06-09,2026-07-28,5400.0,PE,0,0,0,266.45
2026-06-09,2026-07-28,5450.0,CE,0,0,0,249.3
2026-06-09,2026-07-28,5450.0,PE,0,0,0,263.4
2026-06-09,2026-07-28,5500.0,CE,250,0,0,174.0
2026-06-09,2026-07-28,5500.0,PE,0,0,0,316.25
2026-06-09,2026-07-28,5550.0,CE,0,0,0,206.0
2026-06-09,2026-07-28,5550.0,PE,0,0,0,319.1
2026-06-09,2026-07-28,5600.0,CE,0,0,0,269.8
2026-06-09,2026-07-28,5600.0,PE,0,0,0,370.95
2026-06-09,2026-07-28,5650.0,CE,1250,0,0,91.35
2026-06-09,2026-07-28,5650.0,PE,0,0,0,380.6
2026-06-09,2026-07-28,5700.0,CE,0,0,0,230.65
2026-06-09,2026-07-28,5700.0,PE,0,0,0,430.35
2026-06-09,2026-07-28,5750.0,CE,0,0,0,136.45
2026-06-09,2026-07-28,5750.0,PE,0,0,0,447.5
2026-06-09,2026-07-28,5800.0,CE,1000,0,0,83.45
2026-06-09,2026-07-28,5800.0,PE,0,0,0,494.25
2026-06-09,2026-07-28,5850.0,CE,0,0,0,109.65
2026-06-09,2026-07-28,5850.0,PE,0,0,0,519.7
2026-06-09,2026-07-28,5900.0,CE,0,0,0,165.55
2026-06-09,2026-07-28,5900.0,PE,0,0,0,562.35
2026-06-09,2026-07-28,5950.0,CE,625,0,0,56.05
2026-06-09,2026-07-28,5950.0,PE,0,0,0,596.0
2026-06-09,2026-07-28,6000.0,CE,875,0,0,35.0
2026-06-09,2026-07-28,6000.0,PE,0,0,0,634.65
2026-06-09,2026-07-28,6050.0,CE,0,0,0,68.45
2026-06-09,2026-07-28,6050.0,PE,125,0,1,676.2
2026-06-09,2026-07-28,6100.0,CE,0,0,0,116.4
2026-06-09,2026-07-28,6100.0,PE,625,0,0,839.7
2026-06-09,2026-07-28,6150.0,CE,0,0,0,53.3
2026-06-09,2026-07-28,6150.0,PE,500,0,3,783.6
2026-06-09,2026-07-28,6200.0,CE,0,0,0,96.55
2026-06-09,2026-07-28,6200.0,PE,500,0,3,828.65
2026-06-09,2026-07-28,6250.0,CE,0,0,0,41.15
2026-06-09,2026-07-28,6250.0,PE,0,0,0,847.1
2026-06-09,2026-07-28,6300.0,CE,0,0,0,79.75
2026-06-09,2026-07-28,6300.0,PE,0,0,0,870.8
2026-06-09,2026-07-28,6350.0,CE,0,0,0,31.5
2026-06-09,2026-07-28,6350.0,PE,0,0,0,936.4
2026-06-09,2026-07-28,6400.0,CE,375,0,0,18.0
2026-06-09,2026-07-28,6400.0,PE,0,0,0,955.15
2026-06-09,2026-07-28,6450.0,CE,0,0,0,23.85
2026-06-09,2026-07-28,6450.0,PE,0,0,0,1027.75
2026-06-09,2026-07-28,6500.0,CE,0,0,0,53.55
2026-06-09,2026-07-28,6500.0,PE,0,0,0,1041.7
2026-06-09,2026-07-28,6550.0,CE,0,0,0,17.95
2026-06-09,2026-07-28,6550.0,PE,0,0,0,1120.8
2026-06-09,2026-08-25,4400.0,CE,0,0,0,1065.1
2026-06-09,2026-08-25,4400.0,PE,0,0,0,20.1
2026-06-09,2026-08-25,4600.0,CE,0,0,0,888.1
2026-06-09,2026-08-25,4600.0,PE,0,0,0,40.15
2026-06-09,2026-08-25,4700.0,CE,0,0,0,804.1
2026-06-09,2026-08-25,4700.0,PE,0,0,0,54.65
2026-06-09,2026-08-25,4800.0,CE,0,0,0,723.75
2026-06-09,2026-08-25,4800.0,PE,0,0,0,72.8
2026-06-09,2026-08-25,4900.0,CE,0,0,0,647.4
2026-06-09,2026-08-25,4900.0,PE,0,0,0,95.0
2026-06-09,2026-08-25,5000.0,CE,0,0,0,575.55
2026-06-09,2026-08-25,5000.0,PE,125,0,0,125.0
2026-06-09,2026-08-25,5100.0,CE,0,0,0,508.15
2026-06-09,2026-08-25,5100.0,PE,0,0,0,152.8
2026-06-09,2026-08-25,5200.0,CE,0,0,0,445.9
2026-06-09,2026-08-25,5200.0,PE,0,0,0,189.05
2026-06-09,2026-08-25,5300.0,CE,0,0,0,388.7
2026-06-09,2026-08-25,5300.0,PE,0,0,0,230.4
2026-06-09,2026-08-25,5400.0,CE,0,0,0,336.65
2026-06-09,2026-08-25,5400.0,PE,0,0,0,276.9
2026-06-09,2026-08-25,5500.0,CE,0,0,0,289.65
2026-06-09,2026-08-25,5500.0,PE,0,0,0,328.4
2026-06-09,2026-08-25,5600.0,CE,0,0,0,247.6
2026-06-09,2026-08-25,5600.0,PE,0,0,0,384.9
2026-06-09,2026-08-25,5700.0,CE,0,0,0,210.3
2026-06-09,2026-08-25,5700.0,PE,0,0,0,446.1
2026-06-09,2026-08-25,5800.0,CE,0,0,0,177.5
2026-06-09,2026-08-25,5800.0,PE,0,0,0,511.8
2026-06-09,2026-08-25,5900.0,CE,0,0,0,148.85
2026-06-09,2026-08-25,5900.0,PE,0,0,0,581.7
2026-06-09,2026-08-25,6000.0,CE,0,0,0,124.4
2026-06-09,2026-08-25,6000.0,PE,0,0,0,655.75
2026-06-09,2026-08-25,6100.0,CE,0,0,0,102.95
2026-06-09,2026-08-25,6100.0,PE,0,0,0,732.85
2026-06-09,2026-08-25,6200.0,CE,0,0,0,84.85
2026-06-09,2026-08-25,6200.0,PE,0,0,0,813.25
2026-06-09,2026-08-25,6300.0,CE,0,0,0,69.5
2026-06-09,2026-08-25,6300.0,PE,0,0,0,896.45
2026-06-09,2026-08-25,6400.0,CE,0,0,0,56.65
2026-06-09,2026-08-25,6400.0,PE,0,0,0,982.1
2026-06-09,2026-08-25,6500.0,CE,0,0,0,45.9
2026-06-09,2026-08-25,6500.0,PE,0,0,0,1069.85
2026-06-10,2026-06-30,4400.0,CE,0,0,0,1000.1
2026-06-10,2026-06-30,4400.0,PE,375,0,3,2.5
2026-06-10,2026-06-30,4500.0,CE,125,0,0,858.05
2026-06-10,2026-06-30,4500.0,PE,7750,-875,22,1.2
2026-06-10,2026-06-30,4600.0,CE,375,0,0,705.5
2026-06-10,2026-06-30,4600.0,PE,125,0,0,1.4
2026-06-10,2026-06-30,4700.0,CE,375,0,0,715.0
2026-06-10,2026-06-30,4700.0,PE,4000,0,0,5.0
2026-06-10,2026-06-30,4750.0,CE,0,0,0,752.6
2026-06-10,2026-06-30,4750.0,PE,0,0,0,36.8
2026-06-10,2026-06-30,4800.0,CE,375,375,3,661.55
2026-06-10,2026-06-30,4800.0,PE,51500,1125,20,6.95
2026-06-10,2026-06-30,4850.0,CE,0,0,0,668.85
2026-06-10,2026-06-30,4850.0,PE,2250,0,0,17.9
2026-06-10,2026-06-30,4900.0,CE,0,0,0,591.35
2026-06-10,2026-06-30,4900.0,PE,17375,-750,9,8.4
2026-06-10,2026-06-30,4950.0,CE,0,0,0,589.4
2026-06-10,2026-06-30,4950.0,PE,2250,0,0,12.95
2026-06-10,2026-06-30,5000.0,CE,625,0,0,412.75
2026-06-10,2026-06-30,5000.0,PE,19000,-1375,84,24.1
2026-06-10,2026-06-30,5050.0,CE,0,0,0,515.0
2026-06-10,2026-06-30,5050.0,PE,2000,0,0,24.3
2026-06-10,2026-06-30,5100.0,CE,0,0,0,457.4
2026-06-10,2026-06-30,5100.0,PE,45875,1875,95,41.25
2026-06-10,2026-06-30,5150.0,CE,0,0,0,445.55
2026-06-10,2026-06-30,5150.0,PE,4875,375,26,37.95
2026-06-10,2026-06-30,5200.0,CE,6625,1000,13,178.25
2026-06-10,2026-06-30,5200.0,PE,26000,2625,198,69.85
2026-06-10,2026-06-30,5250.0,CE,7500,2500,22,148.85
2026-06-10,2026-06-30,5250.0,PE,15500,-1375,76,88.9
2026-06-10,2026-06-30,5300.0,CE,34125,1375,195,124.3
2026-06-10,2026-06-30,5300.0,PE,35875,750,367,111.3
2026-06-10,2026-06-30,5350.0,CE,18625,625,174,101.75
2026-06-10,2026-06-30,5350.0,PE,17500,-2625,107,137.95
2026-06-10,2026-06-30,5400.0,CE,34875,-1250,1007,82.7
2026-06-10,2026-06-30,5400.0,PE,23750,-875,162,171.9
2026-06-10,2026-06-30,5450.0,CE,17000,1500,320,65.4
2026-06-10,2026-06-30,5450.0,PE,5250,0,0,176.45
2026-06-10,2026-06-30,5500.0,CE,58375,5875,1038,52.15
2026-06-10,2026-06-30,5500.0,PE,38625,1625,59,235.0
2026-06-10,2026-06-30,5550.0,CE,16750,1125,52,40.4
2026-06-10,2026-06-30,5550.0,PE,3375,1000,23,218.0
2026-06-10,2026-06-30,5600.0,CE,53250,625,650,33.4
2026-06-10,2026-06-30,5600.0,PE,21250,-125,7,324.0
2026-06-10,2026-06-30,5650.0,CE,19125,-625,132,26.55
2026-06-10,2026-06-30,5650.0,PE,14125,0,0,395.5
2026-06-10,2026-06-30,5700.0,CE,101625,-125,577,22.25
2026-06-10,2026-06-30,5700.0,PE,11500,-125,1,280.0
2026-06-10,2026-06-30,5750.0,CE,16625,-125,17,27.3
2026-06-10,2026-06-30,5750.0,PE,5500,0,0,408.65
2026-06-10,2026-06-30,5800.0,CE,103125,8000,437,14.95
2026-06-10,2026-06-30,5800.0,PE,36375,0,0,473.65
2026-06-10,2026-06-30,5850.0,CE,10125,0,0,14.7
2026-06-10,2026-06-30,5850.0,PE,625,0,0,348.95
2026-06-10,2026-06-30,5900.0,CE,51375,500,102,10.3
2026-06-10,2026-06-30,5900.0,PE,1250,0,0,406.15
2026-06-10,2026-06-30,5950.0,CE,2125,-250,3,16.2
2026-06-10,2026-06-30,5950.0,PE,125,0,0,301.2
2026-06-10,2026-06-30,6000.0,CE,93375,-5250,437,7.65
2026-06-10,2026-06-30,6000.0,PE,0,0,0,696.1
2026-06-10,2026-06-30,6050.0,CE,3250,125,4,11.65
2026-06-10,2026-06-30,6050.0,PE,0,0,0,650.6
2026-06-10,2026-06-30,6100.0,CE,2000,-125,8,8.1
2026-06-10,2026-06-30,6100.0,PE,0,0,0,775.8
2026-06-10,2026-06-30,6150.0,CE,625,0,0,8.4
2026-06-10,2026-06-30,6150.0,PE,0,0,0,732.8
2026-06-10,2026-06-30,6200.0,CE,35875,2375,59,4.9
2026-06-10,2026-06-30,6200.0,PE,0,0,0,760.4
2026-06-10,2026-06-30,6250.0,CE,1875,0,0,5.0
2026-06-10,2026-06-30,6250.0,PE,0,0,0,818.1
2026-06-10,2026-06-30,6300.0,CE,2375,-750,12,3.5
2026-06-10,2026-06-30,6300.0,PE,0,0,0,943.55
2026-06-10,2026-06-30,6350.0,CE,0,0,0,37.8
2026-06-10,2026-06-30,6350.0,PE,0,0,0,906.05
2026-06-10,2026-06-30,6400.0,CE,26125,-125,22,3.3
2026-06-10,2026-06-30,6400.0,PE,0,0,0,1030.95
2026-06-10,2026-06-30,6450.0,CE,0,0,0,29.05
2026-06-10,2026-06-30,6450.0,PE,0,0,0,996.3
2026-06-10,2026-06-30,6500.0,CE,5625,-125,2,1.05
2026-06-10,2026-06-30,6500.0,PE,0,0,0,1120.25
2026-06-10,2026-06-30,6550.0,CE,1375,125,67,2.7
2026-06-10,2026-06-30,6550.0,PE,0,0,0,1088.35
2026-06-10,2026-07-28,4400.0,CE,0,0,0,1101.2
2026-06-10,2026-07-28,4400.0,PE,0,0,0,19.55
2026-06-10,2026-07-28,4500.0,CE,0,0,0,1011.0
2026-06-10,2026-07-28,4500.0,PE,0,0,0,27.9
2026-06-10,2026-07-28,4600.0,CE,0,0,0,923.35
2026-06-10,2026-07-28,4600.0,PE,0,0,0,38.8
2026-06-10,2026-07-28,4700.0,CE,0,0,0,838.7
2026-06-10,2026-07-28,4700.0,PE,250,0,1,25.0
2026-06-10,2026-07-28,4750.0,CE,0,0,0,717.55
2026-06-10,2026-07-28,4750.0,PE,0,0,0,38.9
2026-06-10,2026-07-28,4800.0,CE,0,0,0,757.55
2026-06-10,2026-07-28,4800.0,PE,0,0,0,70.15
2026-06-10,2026-07-28,4850.0,CE,0,0,0,634.75
2026-06-10,2026-07-28,4850.0,PE,0,0,0,55.05
2026-06-10,2026-07-28,4900.0,CE,0,0,0,680.25
2026-06-10,2026-07-28,4900.0,PE,1250,0,0,50.0
2026-06-10,2026-07-28,4950.0,CE,500,500,4,564.8
2026-06-10,2026-07-28,4950.0,PE,125,0,0,70.0
2026-06-10,2026-07-28,5000.0,CE,0,0,0,607.35
2026-06-10,2026-07-28,5000.0,PE,125,0,0,65.0
2026-06-10,2026-07-28,5050.0,CE,0,0,0,483.45
2026-06-10,2026-07-28,5050.0,PE,0,0,0,101.7
2026-06-10,2026-07-28,5100.0,CE,0,0,0,538.65
2026-06-10,2026-07-28,5100.0,PE,0,0,0,146.9
2026-06-10,2026-07-28,5150.0,CE,0,0,0,415.7
2026-06-10,2026-07-28,5150.0,PE,0,0,0,132.9
2026-06-10,2026-07-28,5200.0,CE,0,0,0,474.95
2026-06-10,2026-07-28,5200.0,PE,0,0,0,181.8
2026-06-10,2026-07-28,5250.0,CE,125,0,0,354.1
2026-06-10,2026-07-28,5250.0,PE,0,0,0,170.25
2026-06-10,2026-07-28,5300.0,CE,125,0,0,230.95
2026-06-10,2026-07-28,5300.0,PE,0,0,0,221.6
2026-06-10,2026-07-28,5350.0,CE,0,0,0,298.6
2026-06-10,2026-07-28,5350.0,PE,0,0,0,213.75
2026-06-10,2026-07-28,5400.0,CE,0,0,0,362.45
2026-06-10,2026-07-28,5400.0,PE,0,0,0,266.45
2026-06-10,2026-07-28,5450.0,CE,0,0,0,249.3
2026-06-10,2026-07-28,5450.0,PE,0,0,0,263.4
2026-06-10,2026-07-28,5500.0,CE,375,125,2,160.0
2026-06-10,2026-07-28,5500.0,PE,0,0,0,316.25
2026-06-10,2026-07-28,5550.0,CE,0,0,0,206.0
2026-06-10,2026-07-28,5550.0,PE,0,0,0,319.1
2026-06-10,2026-07-28,5600.0,CE,375,375,3,124.0
2026-06-10,2026-07-28,5600.0,PE,0,0,0,370.95
2026-06-10,2026-07-28,5650.0,CE,1250,0,0,91.35
2026-06-10,2026-07-28,5650.0,PE,0,0,0,380.6
2026-06-10,2026-07-28,5700.0,CE,0,0,0,230.65
2026-06-10,2026-07-28,5700.0,PE,0,0,0,430.35
2026-06-10,2026-07-28,5750.0,CE,0,0,0,136.45
2026-06-10,2026-07-28,5750.0,PE,0,0,0,447.5
2026-06-10,2026-07-28,5800.0,CE,250,-750,9,61.0
2026-06-10,2026-07-28,5800.0,PE,0,0,0,494.25
2026-06-10,2026-07-28,5850.0,CE,0,0,0,109.65
2026-06-10,2026-07-28,5850.0,PE,0,0,0,519.7
2026-06-10,2026-07-28,5900.0,CE,0,0,0,165.55
2026-06-10,2026-07-28,5900.0,PE,0,0,0,562.35
2026-06-10,2026-07-28,5950.0,CE,625,0,0,56.05
2026-06-10,2026-07-28,5950.0,PE,0,0,0,596.0
2026-06-10,2026-07-28,6000.0,CE,875,0,0,35.0
2026-06-10,2026-07-28,6000.0,PE,0,0,0,634.65
2026-06-10,2026-07-28,6050.0,CE,250,250,2,36.5
2026-06-10,2026-07-28,6050.0,PE,125,0,0,676.2
2026-06-10,2026-07-28,6100.0,CE,250,250,2,31.9
2026-06-10,2026-07-28,6100.0,PE,625,0,0,839.7
2026-06-10,2026-07-28,6150.0,CE,0,0,0,53.3
2026-06-10,2026-07-28,6150.0,PE,500,0,0,783.6
2026-06-10,2026-07-28,6200.0,CE,0,0,0,96.55
2026-06-10,2026-07-28,6200.0,PE,500,0,0,828.65
2026-06-10,2026-07-28,6250.0,CE,0,0,0,41.15
2026-06-10,2026-07-28,6250.0,PE,0,0,0,847.1
2026-06-10,2026-07-28,6300.0,CE,0,0,0,79.75
2026-06-10,2026-07-28,6300.0,PE,0,0,0,870.8
2026-06-10,2026-07-28,6350.0,CE,0,0,0,31.5
2026-06-10,2026-07-28,6350.0,PE,0,0,0,936.4
2026-06-10,2026-07-28,6400.0,CE,375,0,0,18.0
2026-06-10,2026-07-28,6400.0,PE,0,0,0,955.15
2026-06-10,2026-07-28,6450.0,CE,0,0,0,23.85
2026-06-10,2026-07-28,6450.0,PE,0,0,0,1027.75
2026-06-10,2026-07-28,6500.0,CE,0,0,0,53.55
2026-06-10,2026-07-28,6500.0,PE,0,0,0,1041.7
2026-06-10,2026-07-28,6550.0,CE,0,0,0,17.95
2026-06-10,2026-07-28,6550.0,PE,0,0,0,1120.8
2026-06-10,2026-08-25,4400.0,CE,0,0,0,1065.1
2026-06-10,2026-08-25,4400.0,PE,0,0,0,20.1
2026-06-10,2026-08-25,4600.0,CE,0,0,0,888.1
2026-06-10,2026-08-25,4600.0,PE,0,0,0,40.15
2026-06-10,2026-08-25,4700.0,CE,0,0,0,804.1
2026-06-10,2026-08-25,4700.0,PE,0,0,0,54.65
2026-06-10,2026-08-25,4800.0,CE,0,0,0,723.75
2026-06-10,2026-08-25,4800.0,PE,0,0,0,72.8
2026-06-10,2026-08-25,4900.0,CE,0,0,0,647.4
2026-06-10,2026-08-25,4900.0,PE,0,0,0,95.0
2026-06-10,2026-08-25,5000.0,CE,0,0,0,575.55
2026-06-10,2026-08-25,5000.0,PE,125,0,0,125.0
2026-06-10,2026-08-25,5100.0,CE,0,0,0,508.15
2026-06-10,2026-08-25,5100.0,PE,0,0,0,152.8
2026-06-10,2026-08-25,5200.0,CE,0,0,0,445.9
2026-06-10,2026-08-25,5200.0,PE,0,0,0,189.05
2026-06-10,2026-08-25,5300.0,CE,0,0,0,388.7
2026-06-10,2026-08-25,5300.0,PE,0,0,0,230.4
2026-06-10,2026-08-25,5400.0,CE,0,0,0,336.65
2026-06-10,2026-08-25,5400.0,PE,0,0,0,276.9
2026-06-10,2026-08-25,5500.0,CE,0,0,0,289.65
2026-06-10,2026-08-25,5500.0,PE,0,0,0,328.4
2026-06-10,2026-08-25,5600.0,CE,0,0,0,247.6
2026-06-10,2026-08-25,5600.0,PE,0,0,0,384.9
2026-06-10,2026-08-25,5700.0,CE,0,0,0,210.3
2026-06-10,2026-08-25,5700.0,PE,0,0,0,446.1
2026-06-10,2026-08-25,5800.0,CE,0,0,0,177.5
2026-06-10,2026-08-25,5800.0,PE,0,0,0,511.8
2026-06-10,2026-08-25,5900.0,CE,0,0,0,148.85
2026-06-10,2026-08-25,5900.0,PE,0,0,0,581.7
2026-06-10,2026-08-25,6000.0,CE,0,0,0,124.4
2026-06-10,2026-08-25,6000.0,PE,0,0,0,655.75
2026-06-10,2026-08-25,6100.0,CE,0,0,0,102.95
2026-06-10,2026-08-25,6100.0,PE,0,0,0,732.85
2026-06-10,2026-08-25,6200.0,CE,0,0,0,84.85
2026-06-10,2026-08-25,6200.0,PE,0,0,0,813.25
2026-06-10,2026-08-25,6300.0,CE,0,0,0,69.5
2026-06-10,2026-08-25,6300.0,PE,0,0,0,896.45
2026-06-10,2026-08-25,6400.0,CE,0,0,0,56.65
2026-06-10,2026-08-25,6400.0,PE,0,0,0,982.1
2026-06-10,2026-08-25,6500.0,CE,0,0,0,45.9
2026-06-10,2026-08-25,6500.0,PE,0,0,0,1069.85
2026-06-11,2026-06-30,4400.0,CE,0,0,0,1000.1
2026-06-11,2026-06-30,4400.0,PE,375,0,6,2.45
2026-06-11,2026-06-30,4500.0,CE,125,0,0,858.05
2026-06-11,2026-06-30,4500.0,PE,7500,-250,8,2.05
2026-06-11,2026-06-30,4600.0,CE,375,0,0,705.5
2026-06-11,2026-06-30,4600.0,PE,875,750,671,3.2
2026-06-11,2026-06-30,4700.0,CE,375,0,0,715.0
2026-06-11,2026-06-30,4700.0,PE,4000,0,0,5.0
2026-06-11,2026-06-30,4750.0,CE,0,0,0,752.6
2026-06-11,2026-06-30,4750.0,PE,0,0,0,36.8
2026-06-11,2026-06-30,4800.0,CE,375,0,0,661.55
2026-06-11,2026-06-30,4800.0,PE,51500,0,5,4.4
2026-06-11,2026-06-30,4850.0,CE,0,0,0,668.85
2026-06-11,2026-06-30,4850.0,PE,2250,0,0,17.9
2026-06-11,2026-06-30,4900.0,CE,0,0,0,591.35
2026-06-11,2026-06-30,4900.0,PE,17375,0,0,8.4
2026-06-11,2026-06-30,4950.0,CE,0,0,0,589.4
2026-06-11,2026-06-30,4950.0,PE,2125,-125,7,15.25
2026-06-11,2026-06-30,5000.0,CE,625,0,0,412.75
2026-06-11,2026-06-30,5000.0,PE,18875,-125,64,21.35
2026-06-11,2026-06-30,5050.0,CE,0,0,0,515.0
2026-06-11,2026-06-30,5050.0,PE,3625,1625,41,28.05
2026-06-11,2026-06-30,5100.0,CE,0,0,0,457.4
2026-06-11,2026-06-30,5100.0,PE,46875,1000,37,36.35
2026-06-11,2026-06-30,5150.0,CE,0,0,0,445.55
2026-06-11,2026-06-30,5150.0,PE,4500,-375,7,42.5
2026-06-11,2026-06-30,5200.0,CE,6875,250,18,196.0
2026-06-11,2026-06-30,5200.0,PE,29250,3250,283,62.65
2026-06-11,2026-06-30,5250.0,CE,7375,-125,8,158.35
2026-06-11,2026-06-30,5250.0,PE,15375,-125,22,80.6
2026-06-11,2026-06-30,5300.0,CE,34500,375,797,120.85
2026-06-11,2026-06-30,5300.0,PE,31125,-4750,435,102.35
2026-06-11,2026-06-30,5350.0,CE,18750,125,68,99.75
2026-06-11,2026-06-30,5350.0,PE,15000,-2500,45,126.65
2026-06-11,2026-06-30,5400.0,CE,41125,6250,372,76.35
2026-06-11,2026-06-30,5400.0,PE,22125,-1625,24,156.5
2026-06-11,2026-06-30,5450.0,CE,17500,500,30,64.35
2026-06-11,2026-06-30,5450.0,PE,5250,0,0,176.45
2026-06-11,2026-06-30,5500.0,CE,59125,750,471,47.4
2026-06-11,2026-06-30,5500.0,PE,38625,0,1,225.0
2026-06-11,2026-06-30,5550.0,CE,16875,125,40,37.45
2026-06-11,2026-06-30,5550.0,PE,3375,0,0,218.0
2026-06-11,2026-06-30,5600.0,CE,47875,-5375,436,28.05
2026-06-11,2026-06-30,5600.0,PE,21250,0,0,324.0
2026-06-11,2026-06-30,5650.0,CE,19500,375,6,22.5
2026-06-11,2026-06-30,5650.0,PE,14000,-125,1,326.6
2026-06-11,2026-06-30,5700.0,CE,104875,3250,368,17.9
2026-06-11,2026-06-30,5700.0,PE,11500,0,0,280.0
2026-06-11,2026-06-30,5750.0,CE,16625,0,0,27.3
2026-06-11,2026-06-30,5750.0,PE,5500,0,0,408.65
2026-06-11,2026-06-30,5800.0,CE,107250,4125,248,12.05
2026-06-11,2026-06-30,5800.0,PE,36375,0,0,473.65
2026-06-11,2026-06-30,5850.0,CE,10125,0,0,14.7
2026-06-11,2026-06-30,5850.0,PE,625,0,0,348.95
2026-06-11,2026-06-30,5900.0,CE,50875,-500,79,8.4
2026-06-11,2026-06-30,5900.0,PE,1250,0,0,406.15
2026-06-11,2026-06-30,5950.0,CE,2125,0,0,16.2
2026-06-11,2026-06-30,5950.0,PE,125,0,0,301.2
2026-06-11,2026-06-30,6000.0,CE,91000,-2375,181,6.1
2026-06-11,2026-06-30,6000.0,PE,0,0,0,696.1
2026-06-11,2026-06-30,6050.0,CE,3250,0,5,6.0
2026-06-11,2026-06-30,6050.0,PE,0,0,0,650.6
2026-06-11,2026-06-30,6100.0,CE,1875,-125,3,5.0
2026-06-11,2026-06-30,6100.0,PE,0,0,0,775.8
2026-06-11,2026-06-30,6150.0,CE,625,0,0,8.4
2026-06-11,2026-06-30,6150.0,PE,0,0,0,732.8
2026-06-11,2026-06-30,6200.0,CE,44625,8750,128,4.0
2026-06-11,2026-06-30,6200.0,PE,0,0,0,760.4
2026-06-11,2026-06-30,6250.0,CE,1875,0,0,5.0
2026-06-11,2026-06-30,6250.0,PE,0,0,0,818.1
2026-06-11,2026-06-30,6300.0,CE,2000,-375,9,3.35
2026-06-11,2026-06-30,6300.0,PE,0,0,0,943.55
2026-06-11,2026-06-30,6350.0,CE,0,0,0,37.8
2026-06-11,2026-06-30,6350.0,PE,0,0,0,906.05
2026-06-11,2026-06-30,6400.0,CE,26375,250,9,3.35
2026-06-11,2026-06-30,6400.0,PE,0,0,0,1030.95
2026-06-11,2026-06-30,6450.0,CE,0,0,0,29.05
2026-06-11,2026-06-30,6450.0,PE,0,0,0,996.3
2026-06-11,2026-06-30,6500.0,CE,5125,-500,90,2.2
2026-06-11,2026-06-30,6500.0,PE,0,0,0,1120.25
2026-06-11,2026-06-30,6550.0,CE,1500,125,520,2.25
2026-06-11,2026-06-30,6550.0,PE,0,0,0,1088.35
2026-06-11,2026-07-28,4400.0,CE,0,0,0,1101.2
2026-06-11,2026-07-28,4400.0,PE,0,0,0,19.55
2026-06-11,2026-07-28,4500.0,CE,0,0,0,1011.0
2026-06-11,2026-07-28,4500.0,PE,0,0,0,27.9
2026-06-11,2026-07-28,4600.0,CE,0,0,0,923.35
2026-06-11,2026-07-28,4600.0,PE,0,0,0,38.8
2026-06-11,2026-07-28,4700.0,CE,0,0,0,838.7
2026-06-11,2026-07-28,4700.0,PE,250,0,0,25.0
2026-06-11,2026-07-28,4750.0,CE,0,0,0,717.55
2026-06-11,2026-07-28,4750.0,PE,0,0,0,38.9
2026-06-11,2026-07-28,4800.0,CE,0,0,0,757.55
2026-06-11,2026-07-28,4800.0,PE,0,0,0,70.15
2026-06-11,2026-07-28,4850.0,CE,0,0,0,634.75
2026-06-11,2026-07-28,4850.0,PE,0,0,0,55.05
2026-06-11,2026-07-28,4900.0,CE,0,0,0,680.25
2026-06-11,2026-07-28,4900.0,PE,1250,0,0,50.0
2026-06-11,2026-07-28,4950.0,CE,500,0,0,564.8
2026-06-11,2026-07-28,4950.0,PE,125,0,0,70.0
2026-06-11,2026-07-28,5000.0,CE,0,0,0,607.35
2026-06-11,2026-07-28,5000.0,PE,125,0,0,65.0
2026-06-11,2026-07-28,5050.0,CE,0,0,0,483.45
2026-06-11,2026-07-28,5050.0,PE,0,0,0,101.7
2026-06-11,2026-07-28,5100.0,CE,0,0,0,538.65
2026-06-11,2026-07-28,5100.0,PE,0,0,0,146.9
2026-06-11,2026-07-28,5150.0,CE,0,0,0,415.7
2026-06-11,2026-07-28,5150.0,PE,0,0,0,132.9
2026-06-11,2026-07-28,5200.0,CE,0,0,0,474.95
2026-06-11,2026-07-28,5200.0,PE,0,0,0,181.8
2026-06-11,2026-07-28,5250.0,CE,125,0,0,354.1
2026-06-11,2026-07-28,5250.0,PE,0,0,0,170.25
2026-06-11,2026-07-28,5300.0,CE,125,0,0,230.95
2026-06-11,2026-07-28,5300.0,PE,0,0,0,221.6
2026-06-11,2026-07-28,5350.0,CE,0,0,0,298.6
2026-06-11,2026-07-28,5350.0,PE,0,0,0,213.75
2026-06-11,2026-07-28,5400.0,CE,0,0,0,362.45
2026-06-11,2026-07-28,5400.0,PE,0,0,0,266.45
2026-06-11,2026-07-28,5450.0,CE,0,0,0,249.3
2026-06-11,2026-07-28,5450.0,PE,0,0,0,263.4
2026-06-11,2026-07-28,5500.0,CE,375,0,0,160.0
2026-06-11,2026-07-28,5500.0,PE,0,0,0,316.25
2026-06-11,2026-07-28,5550.0,CE,0,0,0,206.0
2026-06-11,2026-07-28,5550.0,PE,0,0,0,319.1
2026-06-11,2026-07-28,5600.0,CE,375,0,0,124.0
2026-06-11,2026-07-28,5600.0,PE,0,0,0,370.95
2026-06-11,2026-07-28,5650.0,CE,1250,0,0,91.35
2026-06-11,2026-07-28,5650.0,PE,0,0,0,380.6
2026-06-11,2026-07-28,5700.0,CE,0,0,0,230.65
2026-06-11,2026-07-28,5700.0,PE,0,0,0,430.35
2026-06-11,2026-07-28,5750.0,CE,0,0,0,136.45
2026-06-11,2026-07-28,5750.0,PE,0,0,0,447.5
2026-06-11,2026-07-28,5800.0,CE,250,0,0,61.0
2026-06-11,2026-07-28,5800.0,PE,0,0,0,494.25
2026-06-11,2026-07-28,5850.0,CE,0,0,0,109.65
2026-06-11,2026-07-28,5850.0,PE,0,0,0,519.7
2026-06-11,2026-07-28,5900.0,CE,0,0,0,165.55
2026-06-11,2026-07-28,5900.0,PE,0,0,0,562.35
2026-06-11,2026-07-28,5950.0,CE,625,0,0,56.05
2026-06-11,2026-07-28,5950.0,PE,0,0,0,596.0
2026-06-11,2026-07-28,6000.0,CE,875,0,0,35.0
2026-06-11,2026-07-28,6000.0,PE,0,0,0,634.65
2026-06-11,2026-07-28,6050.0,CE,250,0,0,36.5
2026-06-11,2026-07-28,6050.0,PE,125,0,0,676.2
2026-06-11,2026-07-28,6100.0,CE,250,0,1,21.0
2026-06-11,2026-07-28,6100.0,PE,625,0,0,839.7
2026-06-11,2026-07-28,6150.0,CE,0,0,0,53.3
2026-06-11,2026-07-28,6150.0,PE,500,0,0,783.6
2026-06-11,2026-07-28,6200.0,CE,0,0,0,96.55
2026-06-11,2026-07-28,6200.0,PE,500,0,0,828.65
2026-06-11,2026-07-28,6250.0,CE,0,0,0,41.15
2026-06-11,2026-07-28,6250.0,PE,0,0,0,847.1
2026-06-11,2026-07-28,6300.0,CE,0,0,0,79.75
2026-06-11,2026-07-28,6300.0,PE,0,0,0,870.8
2026-06-11,2026-07-28,6350.0,CE,0,0,0,31.5
2026-06-11,2026-07-28,6350.0,PE,0,0,0,936.4
2026-06-11,2026-07-28,6400.0,CE,375,0,0,18.0
2026-06-11,2026-07-28,6400.0,PE,0,0,0,955.15
2026-06-11,2026-07-28,6450.0,CE,0,0,0,23.85
2026-06-11,2026-07-28,6450.0,PE,0,0,0,1027.75
2026-06-11,2026-07-28,6500.0,CE,0,0,0,53.55
2026-06-11,2026-07-28,6500.0,PE,0,0,0,1041.7
2026-06-11,2026-07-28,6550.0,CE,0,0,0,17.95
2026-06-11,2026-07-28,6550.0,PE,0,0,0,1120.8
2026-06-11,2026-08-25,4400.0,CE,0,0,0,1065.1
2026-06-11,2026-08-25,4400.0,PE,0,0,0,20.1
2026-06-11,2026-08-25,4600.0,CE,0,0,0,888.1
2026-06-11,2026-08-25,4600.0,PE,0,0,0,40.15
2026-06-11,2026-08-25,4700.0,CE,0,0,0,804.1
2026-06-11,2026-08-25,4700.0,PE,0,0,0,54.65
2026-06-11,2026-08-25,4800.0,CE,0,0,0,723.75
2026-06-11,2026-08-25,4800.0,PE,0,0,0,72.8
2026-06-11,2026-08-25,4900.0,CE,0,0,0,647.4
2026-06-11,2026-08-25,4900.0,PE,0,0,0,95.0
2026-06-11,2026-08-25,5000.0,CE,0,0,0,575.55
2026-06-11,2026-08-25,5000.0,PE,125,0,0,125.0
2026-06-11,2026-08-25,5100.0,CE,0,0,0,508.15
2026-06-11,2026-08-25,5100.0,PE,0,0,0,152.8
2026-06-11,2026-08-25,5200.0,CE,0,0,0,445.9
2026-06-11,2026-08-25,5200.0,PE,0,0,0,189.05
2026-06-11,2026-08-25,5300.0,CE,0,0,0,388.7
2026-06-11,2026-08-25,5300.0,PE,0,0,0,230.4
2026-06-11,2026-08-25,5400.0,CE,0,0,0,336.65
2026-06-11,2026-08-25,5400.0,PE,0,0,0,276.9
2026-06-11,2026-08-25,5500.0,CE,0,0,0,289.65
2026-06-11,2026-08-25,5500.0,PE,0,0,0,328.4
2026-06-11,2026-08-25,5600.0,CE,0,0,0,247.6
2026-06-11,2026-08-25,5600.0,PE,0,0,0,384.9
2026-06-11,2026-08-25,5700.0,CE,0,0,0,210.3
2026-06-11,2026-08-25,5700.0,PE,0,0,0,446.1
2026-06-11,2026-08-25,5800.0,CE,0,0,0,177.5
2026-06-11,2026-08-25,5800.0,PE,0,0,0,511.8
2026-06-11,2026-08-25,5900.0,CE,0,0,0,148.85
2026-06-11,2026-08-25,5900.0,PE,0,0,0,581.7
2026-06-11,2026-08-25,6000.0,CE,0,0,0,124.4
2026-06-11,2026-08-25,6000.0,PE,0,0,0,655.75
2026-06-11,2026-08-25,6100.0,CE,0,0,0,102.95
2026-06-11,2026-08-25,6100.0,PE,0,0,0,732.85
2026-06-11,2026-08-25,6200.0,CE,0,0,0,84.85
2026-06-11,2026-08-25,6200.0,PE,0,0,0,813.25
2026-06-11,2026-08-25,6300.0,CE,0,0,0,69.5
2026-06-11,2026-08-25,6300.0,PE,0,0,0,896.45
2026-06-11,2026-08-25,6400.0,CE,0,0,0,56.65
2026-06-11,2026-08-25,6400.0,PE,0,0,0,982.1
2026-06-11,2026-08-25,6500.0,CE,0,0,0,45.9
2026-06-11,2026-08-25,6500.0,PE,0,0,0,1069.85
2026-06-12,2026-06-30,4400.0,CE,0,0,0,1000.1
2026-06-12,2026-06-30,4400.0,PE,1000,625,96,1.85
2026-06-12,2026-06-30,4500.0,CE,125,0,0,858.05
2026-06-12,2026-06-30,4500.0,PE,8875,1375,832,2.0
2026-06-12,2026-06-30,4600.0,CE,375,0,0,705.5
2026-06-12,2026-06-30,4600.0,PE,625,-250,12,3.25
2026-06-12,2026-06-30,4700.0,CE,375,0,0,715.0
2026-06-12,2026-06-30,4700.0,PE,8000,4000,1419,3.6
2026-06-12,2026-06-30,4750.0,CE,0,0,0,752.6
2026-06-12,2026-06-30,4750.0,PE,375,375,38,4.45
2026-06-12,2026-06-30,4800.0,CE,375,0,0,661.55
2026-06-12,2026-06-30,4800.0,PE,51000,-500,87,5.15
2026-06-12,2026-06-30,4850.0,CE,0,0,0,668.85
2026-06-12,2026-06-30,4850.0,PE,2250,0,0,17.9
2026-06-12,2026-06-30,4900.0,CE,0,0,0,591.35
2026-06-12,2026-06-30,4900.0,PE,16875,-500,5,8.65
2026-06-12,2026-06-30,4950.0,CE,0,0,0,589.4
2026-06-12,2026-06-30,4950.0,PE,1625,-500,7,10.15
2026-06-12,2026-06-30,5000.0,CE,500,-125,3,336.05
2026-06-12,2026-06-30,5000.0,PE,17125,-1750,87,16.5
2026-06-12,2026-06-30,5050.0,CE,0,0,0,515.0
2026-06-12,2026-06-30,5050.0,PE,8125,4500,80,22.2
2026-06-12,2026-06-30,5100.0,CE,0,0,0,457.4
2026-06-12,2026-06-30,5100.0,PE,47625,750,109,30.3
2026-06-12,2026-06-30,5150.0,CE,0,0,0,445.55
2026-06-12,2026-06-30,5150.0,PE,4875,375,13,40.55
2026-06-12,2026-06-30,5200.0,CE,6875,0,7,178.6
2026-06-12,2026-06-30,5200.0,PE,28000,-1250,86,54.5
2026-06-12,2026-06-30,5250.0,CE,8000,625,5,157.0
2026-06-12,2026-06-30,5250.0,PE,15125,-250,18,71.8
2026-06-12,2026-06-30,5300.0,CE,37375,2875,503,118.6
2026-06-12,2026-06-30,5300.0,PE,33125,2000,286,92.2
2026-06-12,2026-06-30,5350.0,CE,21500,2750,176,92.65
2026-06-12,2026-06-30,5350.0,PE,13875,-1125,61,118.1
2026-06-12,2026-06-30,5400.0,CE,40000,-1125,485,71.75
2026-06-12,2026-06-30,5400.0,PE,22125,0,12,149.85
2026-06-12,2026-06-30,5450.0,CE,17750,250,37,56.7
2026-06-12,2026-06-30,5450.0,PE,5250,0,0,176.45
2026-06-12,2026-06-30,5500.0,CE,62750,3625,398,43.4
2026-06-12,2026-06-30,5500.0,PE,38625,0,0,225.0
2026-06-12,2026-06-30,5550.0,CE,16500,-375,31,34.55
2026-06-12,2026-06-30,5550.0,PE,3375,0,0,218.0
2026-06-12,2026-06-30,5600.0,CE,53500,5625,264,26.35
2026-06-12,2026-06-30,5600.0,PE,21250,0,1,303.75
2026-06-12,2026-06-30,5650.0,CE,19750,250,15,21.45
2026-06-12,2026-06-30,5650.0,PE,14000,0,0,326.6
2026-06-12,2026-06-30,5700.0,CE,111375,6500,482,16.75
2026-06-12,2026-06-30,5700.0,PE,11500,0,1,400.0
2026-06-12,2026-06-30,5750.0,CE,16625,0,10,13.65
2026-06-12,2026-06-30,5750.0,PE,5500,0,0,408.65
2026-06-12,2026-06-30,5800.0,CE,111125,3875,93,11.4
2026-06-12,2026-06-30,5800.0,PE,36375,0,0,473.65
2026-06-12,2026-06-30,5850.0,CE,10125,0,0,14.7
2026-06-12,2026-06-30,5850.0,PE,625,0,0,348.95
2026-06-12,2026-06-30,5900.0,CE,52625,1750,128,8.2
2026-06-12,2026-06-30,5900.0,PE,1250,0,0,406.15
2026-06-12,2026-06-30,5950.0,CE,2125,0,0,16.2
2026-06-12,2026-06-30,5950.0,PE,125,0,0,301.2
2026-06-12,2026-06-30,6000.0,CE,91875,875,100,6.25
2026-06-12,2026-06-30,6000.0,PE,0,0,0,696.1
2026-06-12,2026-06-30,6050.0,CE,3250,0,6,6.0
2026-06-12,2026-06-30,6050.0,PE,0,0,0,650.6
2026-06-12,2026-06-30,6100.0,CE,1750,-125,1,4.1
2026-06-12,2026-06-30,6100.0,PE,0,0,0,775.8
2026-06-12,2026-06-30,6150.0,CE,625,0,0,8.4
2026-06-12,2026-06-30,6150.0,PE,0,0,0,732.8
2026-06-12,2026-06-30,6200.0,CE,45250,625,57,3.75
2026-06-12,2026-06-30,6200.0,PE,0,0,0,760.4
2026-06-12,2026-06-30,6250.0,CE,1875,0,0,5.0
2026-06-12,2026-06-30,6250.0,PE,0,0,0,818.1
2026-06-12,2026-06-30,6300.0,CE,1875,-125,6,3.45
2026-06-12,2026-06-30,6300.0,PE,0,0,0,943.55
2026-06-12,2026-06-30,6350.0,CE,0,0,0,37.8
2026-06-12,2026-06-30,6350.0,PE,0,0,0,906.05
2026-06-12,2026-06-30,6400.0,CE,25875,-500,78,2.2
2026-06-12,2026-06-30,6400.0,PE,0,0,0,1030.95
2026-06-12,2026-06-30,6450.0,CE,0,0,0,29.05
2026-06-12,2026-06-30,6450.0,PE,0,0,0,996.3
2026-06-12,2026-06-30,6500.0,CE,5375,250,18,1.8
2026-06-12,2026-06-30,6500.0,PE,0,0,0,1120.25
2026-06-12,2026-06-30,6550.0,CE,1625,125,816,2.1
2026-06-12,2026-06-30,6550.0,PE,0,0,0,1088.35
2026-06-12,2026-07-28,4400.0,CE,0,0,0,1101.2
2026-06-12,2026-07-28,4400.0,PE,0,0,0,19.55
2026-06-12,2026-07-28,4500.0,CE,0,0,0,1011.0
2026-06-12,2026-07-28,4500.0,PE,0,0,0,27.9
2026-06-12,2026-07-28,4600.0,CE,0,0,0,923.35
2026-06-12,2026-07-28,4600.0,PE,0,0,0,38.8
2026-06-12,2026-07-28,4700.0,CE,0,0,0,838.7
2026-06-12,2026-07-28,4700.0,PE,250,0,0,25.0
2026-06-12,2026-07-28,4750.0,CE,0,0,0,717.55
2026-06-12,2026-07-28,4750.0,PE,0,0,0,38.9
2026-06-12,2026-07-28,4800.0,CE,0,0,0,757.55
2026-06-12,2026-07-28,4800.0,PE,1625,1625,15,36.95
2026-06-12,2026-07-28,4850.0,CE,0,0,0,634.75
2026-06-12,2026-07-28,4850.0,PE,0,0,0,55.05
2026-06-12,2026-07-28,4900.0,CE,0,0,0,680.25
2026-06-12,2026-07-28,4900.0,PE,1250,0,4,50.35
2026-06-12,2026-07-28,4950.0,CE,500,0,0,564.8
2026-06-12,2026-07-28,4950.0,PE,250,125,2,56.45
2026-06-12,2026-07-28,5000.0,CE,0,0,0,607.35
2026-06-12,2026-07-28,5000.0,PE,375,250,2,65.9
2026-06-12,2026-07-28,5050.0,CE,0,0,0,483.45
2026-06-12,2026-07-28,5050.0,PE,250,250,2,77.65
2026-06-12,2026-07-28,5100.0,CE,0,0,0,538.65
2026-06-12,2026-07-28,5100.0,PE,0,0,0,146.9
2026-06-12,2026-07-28,5150.0,CE,0,0,0,415.7
2026-06-12,2026-07-28,5150.0,PE,0,0,0,132.9
2026-06-12,2026-07-28,5200.0,CE,0,0,0,474.95
2026-06-12,2026-07-28,5200.0,PE,0,0,0,181.8
2026-06-12,2026-07-28,5250.0,CE,125,0,0,354.1
2026-06-12,2026-07-28,5250.0,PE,0,0,0,170.25
2026-06-12,2026-07-28,5300.0,CE,125,0,0,230.95
2026-06-12,2026-07-28,5300.0,PE,0,0,0,221.6
2026-06-12,2026-07-28,5350.0,CE,0,0,0,298.6
2026-06-12,2026-07-28,5350.0,PE,0,0,0,213.75
2026-06-12,2026-07-28,5400.0,CE,0,0,0,362.45
2026-06-12,2026-07-28,5400.0,PE,0,0,0,266.45
2026-06-12,2026-07-28,5450.0,CE,0,0,0,249.3
2026-06-12,2026-07-28,5450.0,PE,0,0,0,263.4
2026-06-12,2026-07-28,5500.0,CE,500,125,2,160.0
2026-06-12,2026-07-28,5500.0,PE,0,0,0,316.25
2026-06-12,2026-07-28,5550.0,CE,0,0,0,206.0
2026-06-12,2026-07-28,5550.0,PE,0,0,0,319.1
2026-06-12,2026-07-28,5600.0,CE,375,0,0,124.0
2026-06-12,2026-07-28,5600.0,PE,0,0,0,370.95
2026-06-12,2026-07-28,5650.0,CE,1250,0,0,91.35
2026-06-12,2026-07-28,5650.0,PE,0,0,0,380.6
2026-06-12,2026-07-28,5700.0,CE,250,250,2,72.75
2026-06-12,2026-07-28,5700.0,PE,0,0,0,430.35
2026-06-12,2026-07-28,5750.0,CE,0,0,0,136.45
2026-06-12,2026-07-28,5750.0,PE,125,125,1,455.0
2026-06-12,2026-07-28,5800.0,CE,250,0,0,61.0
2026-06-12,2026-07-28,5800.0,PE,0,0,0,494.25
2026-06-12,2026-07-28,5850.0,CE,0,0,0,109.65
2026-06-12,2026-07-28,5850.0,PE,0,0,0,519.7
2026-06-12,2026-07-28,5900.0,CE,0,0,0,165.55
2026-06-12,2026-07-28,5900.0,PE,0,0,0,562.35
2026-06-12,2026-07-28,5950.0,CE,625,0,0,56.05
2026-06-12,2026-07-28,5950.0,PE,0,0,0,596.0
2026-06-12,2026-07-28,6000.0,CE,1125,250,2,36.35
2026-06-12,2026-07-28,6000.0,PE,0,0,0,634.65
2026-06-12,2026-07-28,6050.0,CE,250,0,0,36.5
2026-06-12,2026-07-28,6050.0,PE,125,0,0,676.2
2026-06-12,2026-07-28,6100.0,CE,5500,5250,46,23.25
2026-06-12,2026-07-28,6100.0,PE,625,0,0,839.7
2026-06-12,2026-07-28,6150.0,CE,125,125,1,26.05
2026-06-12,2026-07-28,6150.0,PE,500,0,0,783.6
2026-06-12,2026-07-28,6200.0,CE,0,0,0,96.55
2026-06-12,2026-07-28,6200.0,PE,500,0,0,828.65
2026-06-12,2026-07-28,6250.0,CE,0,0,0,41.15
2026-06-12,2026-07-28,6250.0,PE,0,0,0,847.1
2026-06-12,2026-07-28,6300.0,CE,250,250,2,15.3
2026-06-12,2026-07-28,6300.0,PE,0,0,0,870.8
2026-06-12,2026-07-28,6350.0,CE,250,250,2,13.85
2026-06-12,2026-07-28,6350.0,PE,0,0,0,936.4
2026-06-12,2026-07-28,6400.0,CE,375,0,0,18.0
2026-06-12,2026-07-28,6400.0,PE,0,0,0,955.15
2026-06-12,2026-07-28,6450.0,CE,0,0,0,23.85
2026-06-12,2026-07-28,6450.0,PE,0,0,0,1027.75
2026-06-12,2026-07-28,6500.0,CE,0,0,0,53.55
2026-06-12,2026-07-28,6500.0,PE,0,0,0,1041.7
2026-06-12,2026-07-28,6550.0,CE,0,0,0,17.95
2026-06-12,2026-07-28,6550.0,PE,0,0,0,1120.8
2026-06-12,2026-08-25,4400.0,CE,0,0,0,1065.1
2026-06-12,2026-08-25,4400.0,PE,0,0,0,20.1
2026-06-12,2026-08-25,4600.0,CE,0,0,0,888.1
2026-06-12,2026-08-25,4600.0,PE,0,0,0,40.15
2026-06-12,2026-08-25,4700.0,CE,0,0,0,804.1
2026-06-12,2026-08-25,4700.0,PE,0,0,0,54.65
2026-06-12,2026-08-25,4800.0,CE,0,0,0,723.75
2026-06-12,2026-08-25,4800.0,PE,0,0,0,72.8
2026-06-12,2026-08-25,4900.0,CE,0,0,0,647.4
2026-06-12,2026-08-25,4900.0,PE,0,0,0,95.0
2026-06-12,2026-08-25,5000.0,CE,0,0,0,575.55
2026-06-12,2026-08-25,5000.0,PE,0,-125,2,112.0
2026-06-12,2026-08-25,5100.0,CE,0,0,0,508.15
2026-06-12,2026-08-25,5100.0,PE,0,0,0,152.8
2026-06-12,2026-08-25,5200.0,CE,0,0,0,445.9
2026-06-12,2026-08-25,5200.0,PE,0,0,0,189.05
2026-06-12,2026-08-25,5300.0,CE,0,0,0,388.7
2026-06-12,2026-08-25,5300.0,PE,0,0,0,230.4
2026-06-12,2026-08-25,5400.0,CE,0,0,0,336.65
2026-06-12,2026-08-25,5400.0,PE,0,0,0,276.9
2026-06-12,2026-08-25,5500.0,CE,0,0,0,289.65
2026-06-12,2026-08-25,5500.0,PE,0,0,0,328.4
2026-06-12,2026-08-25,5600.0,CE,0,0,0,247.6
2026-06-12,2026-08-25,5600.0,PE,0,0,0,384.9
2026-06-12,2026-08-25,5700.0,CE,0,0,0,210.3
2026-06-12,2026-08-25,5700.0,PE,0,0,0,446.1
2026-06-12,2026-08-25,5800.0,CE,0,0,0,177.5
2026-06-12,2026-08-25,5800.0,PE,0,0,0,511.8
2026-06-12,2026-08-25,5900.0,CE,0,0,0,148.85
2026-06-12,2026-08-25,5900.0,PE,0,0,0,581.7
2026-06-12,2026-08-25,6000.0,CE,0,0,0,124.4
2026-06-12,2026-08-25,6000.0,PE,0,0,0,655.75
2026-06-12,2026-08-25,6100.0,CE,0,0,0,102.95
2026-06-12,2026-08-25,6100.0,PE,0,0,0,732.85
2026-06-12,2026-08-25,6200.0,CE,0,0,0,84.85
2026-06-12,2026-08-25,6200.0,PE,0,0,0,813.25
2026-06-12,2026-08-25,6300.0,CE,0,0,0,69.5
2026-06-12,2026-08-25,6300.0,PE,0,0,0,896.45
2026-06-12,2026-08-25,6400.0,CE,0,0,0,56.65
2026-06-12,2026-08-25,6400.0,PE,0,0,0,982.1
2026-06-12,2026-08-25,6500.0,CE,0,0,0,45.9
2026-06-12,2026-08-25,6500.0,PE,0,0,0,1069.85
2026-06-15,2026-06-30,4400.0,CE,0,0,0,1000.1
2026-06-15,2026-06-30,4400.0,PE,875,-125,63,0.7
2026-06-15,2026-06-30,4500.0,CE,125,0,0,858.05
2026-06-15,2026-06-30,4500.0,PE,14500,5625,1966,1.9
2026-06-15,2026-06-30,4600.0,CE,375,0,0,705.5
2026-06-15,2026-06-30,4600.0,PE,625,0,7,2.05
2026-06-15,2026-06-30,4700.0,CE,375,0,0,715.0
2026-06-15,2026-06-30,4700.0,PE,5625,-2375,302,3.05
2026-06-15,2026-06-30,4750.0,CE,0,0,0,752.6
2026-06-15,2026-06-30,4750.0,PE,375,0,0,4.45
2026-06-15,2026-06-30,4800.0,CE,0,-375,3,561.95
2026-06-15,2026-06-30,4800.0,PE,39000,-12000,122,3.35
2026-06-15,2026-06-30,4850.0,CE,0,0,0,668.85
2026-06-15,2026-06-30,4850.0,PE,2250,0,0,17.9
2026-06-15,2026-06-30,4900.0,CE,0,0,0,591.35
2026-06-15,2026-06-30,4900.0,PE,17500,625,68,7.5
2026-06-15,2026-06-30,4950.0,CE,0,0,0,589.4
2026-06-15,2026-06-30,4950.0,PE,1625,0,0,10.15
2026-06-15,2026-06-30,5000.0,CE,500,0,0,336.05
2026-06-15,2026-06-30,5000.0,PE,14500,-2625,58,12.75
2026-06-15,2026-06-30,5050.0,CE,0,0,0,515.0
2026-06-15,2026-06-30,5050.0,PE,7000,-1125,15,17.95
2026-06-15,2026-06-30,5100.0,CE,0,0,0,457.4
2026-06-15,2026-06-30,5100.0,PE,47125,-500,231,23.6
2026-06-15,2026-06-30,5150.0,CE,0,0,0,445.55
2026-06-15,2026-06-30,5150.0,PE,5750,875,31,32.4
2026-06-15,2026-06-30,5200.0,CE,6750,-125,4,203.05
2026-06-15,2026-06-30,5200.0,PE,26375,-1625,73,44.4
2026-06-15,2026-06-30,5250.0,CE,8000,0,29,166.95
2026-06-15,2026-06-30,5250.0,PE,14625,-500,40,59.4
2026-06-15,2026-06-30,5300.0,CE,29375,-8000,631,136.75
2026-06-15,2026-06-30,5300.0,PE,35625,2500,302,77.9
2026-06-15,2026-06-30,5350.0,CE,20500,-1000,149,110.75
2026-06-15,2026-06-30,5350.0,PE,12750,-1125,107,100.15
2026-06-15,2026-06-30,5400.0,CE,40625,625,584,87.05
2026-06-15,2026-06-30,5400.0,PE,19750,-2375,53,126.5
2026-06-15,2026-06-30,5450.0,CE,17750,0,54,68.35
2026-06-15,2026-06-30,5450.0,PE,5250,0,2,144.6
2026-06-15,2026-06-30,5500.0,CE,56125,-6625,476,51.4
2026-06-15,2026-06-30,5500.0,PE,38625,0,0,225.0
2026-06-15,2026-06-30,5550.0,CE,17625,1125,94,39.9
2026-06-15,2026-06-30,5550.0,PE,3375,0,0,218.0
2026-06-15,2026-06-30,5600.0,CE,50750,-2750,182,30.7
2026-06-15,2026-06-30,5600.0,PE,21375,125,3,258.0
2026-06-15,2026-06-30,5650.0,CE,19625,-125,4,24.45
2026-06-15,2026-06-30,5650.0,PE,14000,0,0,326.6
2026-06-15,2026-06-30,5700.0,CE,111000,-375,157,19.3
2026-06-15,2026-06-30,5700.0,PE,11500,0,0,400.0
2026-06-15,2026-06-30,5750.0,CE,15750,-875,25,15.3
2026-06-15,2026-06-30,5750.0,PE,5000,-500,7,401.45
2026-06-15,2026-06-30,5800.0,CE,98750,-12375,160,12.7
2026-06-15,2026-06-30,5800.0,PE,36375,0,0,473.65
2026-06-15,2026-06-30,5850.0,CE,10250,125,1,7.15
2026-06-15,2026-06-30,5850.0,PE,625,0,0,348.95
2026-06-15,2026-06-30,5900.0,CE,50500,-2125,107,8.5
2026-06-15,2026-06-30,5900.0,PE,1250,0,0,406.15
2026-06-15,2026-06-30,5950.0,CE,2125,0,0,16.2
2026-06-15,2026-06-30,5950.0,PE,125,0,0,301.2
2026-06-15,2026-06-30,6000.0,CE,90500,-1375,104,5.85
2026-06-15,2026-06-30,6000.0,PE,0,0,0,696.1
2026-06-15,2026-06-30,6050.0,CE,3125,-125,1,6.0
2026-06-15,2026-06-30,6050.0,PE,375,375,6,685.0
2026-06-15,2026-06-30,6100.0,CE,1750,0,0,4.1
2026-06-15,2026-06-30,6100.0,PE,0,0,0,775.8
2026-06-15,2026-06-30,6150.0,CE,625,0,0,8.4
2026-06-15,2026-06-30,6150.0,PE,375,375,3,804.25
2026-06-15,2026-06-30,6200.0,CE,48125,2875,76,3.85
2026-06-15,2026-06-30,6200.0,PE,0,0,0,760.4
2026-06-15,2026-06-30,6250.0,CE,1875,0,0,5.0
2026-06-15,2026-06-30,6250.0,PE,375,375,6,887.15
2026-06-15,2026-06-30,6300.0,CE,1875,0,1,3.45
2026-06-15,2026-06-30,6300.0,PE,0,0,0,943.55
2026-06-15,2026-06-30,6350.0,CE,0,0,0,37.8
2026-06-15,2026-06-30,6350.0,PE,0,0,0,906.05
2026-06-15,2026-06-30,6400.0,CE,27125,1250,24,2.65
2026-06-15,2026-06-30,6400.0,PE,0,0,0,1030.95
2026-06-15,2026-06-30,6450.0,CE,0,0,0,29.05
2026-06-15,2026-06-30,6450.0,PE,500,500,7,1096.25
2026-06-15,2026-06-30,6500.0,CE,6375,1000,45,2.2
2026-06-15,2026-06-30,6500.0,PE,0,0,0,1120.25
2026-06-15,2026-06-30,6550.0,CE,1625,0,4,2.0
2026-06-15,2026-06-30,6550.0,PE,0,0,0,1088.35
2026-06-15,2026-07-28,4400.0,CE,0,0,0,1101.2
2026-06-15,2026-07-28,4400.0,PE,0,0,0,19.55
2026-06-15,2026-07-28,4500.0,CE,0,0,0,1011.0
2026-06-15,2026-07-28,4500.0,PE,0,0,0,27.9
2026-06-15,2026-07-28,4600.0,CE,0,0,0,923.35
2026-06-15,2026-07-28,4600.0,PE,0,0,0,38.8
2026-06-15,2026-07-28,4700.0,CE,0,0,0,838.7
2026-06-15,2026-07-28,4700.0,PE,250,0,0,25.0
2026-06-15,2026-07-28,4750.0,CE,0,0,0,717.55
2026-06-15,2026-07-28,4750.0,PE,0,0,0,38.9
2026-06-15,2026-07-28,4800.0,CE,0,0,0,757.55
2026-06-15,2026-07-28,4800.0,PE,625,-1000,10,30.4
2026-06-15,2026-07-28,4850.0,CE,0,0,0,634.75
2026-06-15,2026-07-28,4850.0,PE,0,0,0,55.05
2026-06-15,2026-07-28,4900.0,CE,0,0,0,680.25
2026-06-15,2026-07-28,4900.0,PE,1250,0,0,50.35
2026-06-15,2026-07-28,4950.0,CE,500,0,0,564.8
2026-06-15,2026-07-28,4950.0,PE,750,500,5,57.2
2026-06-15,2026-07-28,5000.0,CE,0,0,0,607.35
2026-06-15,2026-07-28,5000.0,PE,625,250,4,58.0
2026-06-15,2026-07-28,5050.0,CE,0,0,0,483.45
2026-06-15,2026-07-28,5050.0,PE,500,250,2,71.75
2026-06-15,2026-07-28,5100.0,CE,0,0,0,538.65
2026-06-15,2026-07-28,5100.0,PE,250,250,2,84.45
2026-06-15,2026-07-28,5150.0,CE,0,0,0,415.7
2026-06-15,2026-07-28,5150.0,PE,0,0,0,132.9
2026-06-15,2026-07-28,5200.0,CE,0,0,0,474.95
2026-06-15,2026-07-28,5200.0,PE,0,0,0,181.8
2026-06-15,2026-07-28,5250.0,CE,125,0,0,354.1
2026-06-15,2026-07-28,5250.0,PE,0,0,0,170.25
2026-06-15,2026-07-28,5300.0,CE,125,0,0,230.95
2026-06-15,2026-07-28,5300.0,PE,0,0,0,221.6
2026-06-15,2026-07-28,5350.0,CE,0,0,0,298.6
2026-06-15,2026-07-28,5350.0,PE,0,0,0,213.75
2026-06-15,2026-07-28,5400.0,CE,0,0,0,362.45
2026-06-15,2026-07-28,5400.0,PE,0,0,0,266.45
2026-06-15,2026-07-28,5450.0,CE,0,0,0,249.3
2026-06-15,2026-07-28,5450.0,PE,0,0,0,263.4
2026-06-15,2026-07-28,5500.0,CE,625,125,2,132.5
2026-06-15,2026-07-28,5500.0,PE,0,0,0,316.25
2026-06-15,2026-07-28,5550.0,CE,1000,1000,8,116.35
2026-06-15,2026-07-28,5550.0,PE,0,0,0,319.1
2026-06-15,2026-07-28,5600.0,CE,375,0,0,124.0
2026-06-15,2026-07-28,5600.0,PE,0,0,0,370.95
2026-06-15,2026-07-28,5650.0,CE,1750,500,4,90.2
2026-06-15,2026-07-28,5650.0,PE,0,0,0,380.6
2026-06-15,2026-07-28,5700.0,CE,500,250,2,71.65
2026-06-15,2026-07-28,5700.0,PE,0,0,0,430.35
2026-06-15,2026-07-28,5750.0,CE,1000,1000,8,67.45
2026-06-15,2026-07-28,5750.0,PE,125,0,0,455.0
2026-06-15,2026-07-28,5800.0,CE,500,250,2,54.3
2026-06-15,2026-07-28,5800.0,PE,0,0,0,494.25
2026-06-15,2026-07-28,5850.0,CE,0,0,0,109.65
2026-06-15,2026-07-28,5850.0,PE,0,0,0,519.7
2026-06-15,2026-07-28,5900.0,CE,0,0,0,165.55
2026-06-15,2026-07-28,5900.0,PE,0,0,0,562.35
2026-06-15,2026-07-28,5950.0,CE,625,0,0,56.05
2026-06-15,2026-07-28,5950.0,PE,0,0,0,596.0
2026-06-15,2026-07-28,6000.0,CE,1125,0,0,36.35
2026-06-15,2026-07-28,6000.0,PE,0,0,0,634.65
2026-06-15,2026-07-28,6050.0,CE,250,0,0,36.5
2026-06-15,2026-07-28,6050.0,PE,125,0,0,676.2
2026-06-15,2026-07-28,6100.0,CE,5500,0,2,27.3
2026-06-15,2026-07-28,6100.0,PE,625,0,0,839.7
2026-06-15,2026-07-28,6150.0,CE,125,0,2,23.4
2026-06-15,2026-07-28,6150.0,PE,500,0,0,783.6
2026-06-15,2026-07-28,6200.0,CE,250,250,2,18.85
2026-06-15,2026-07-28,6200.0,PE,375,-125,1,840.95
2026-06-15,2026-07-28,6250.0,CE,0,0,0,41.15
2026-06-15,2026-07-28,6250.0,PE,0,0,0,847.1
2026-06-15,2026-07-28,6300.0,CE,500,250,2,15.1
2026-06-15,2026-07-28,6300.0,PE,0,0,0,870.8
2026-06-15,2026-07-28,6350.0,CE,500,250,2,13.6
2026-06-15,2026-07-28,6350.0,PE,0,0,0,936.4
2026-06-15,2026-07-28,6400.0,CE,375,0,0,18.0
2026-06-15,2026-07-28,6400.0,PE,0,0,0,955.15
2026-06-15,2026-07-28,6450.0,CE,500,500,4,12.4
2026-06-15,2026-07-28,6450.0,PE,0,0,0,1027.75
2026-06-15,2026-07-28,6500.0,CE,0,0,0,53.55
2026-06-15,2026-07-28,6500.0,PE,0,0,0,1041.7
2026-06-15,2026-07-28,6550.0,CE,0,0,0,17.95
2026-06-15,2026-07-28,6550.0,PE,0,0,0,1120.8
2026-06-15,2026-08-25,4400.0,CE,0,0,0,1065.1
2026-06-15,2026-08-25,4400.0,PE,0,0,0,20.1
2026-06-15,2026-08-25,4600.0,CE,0,0,0,888.1
2026-06-15,2026-08-25,4600.0,PE,0,0,0,40.15
2026-06-15,2026-08-25,4700.0,CE,0,0,0,804.1
2026-06-15,2026-08-25,4700.0,PE,0,0,0,54.65
2026-06-15,2026-08-25,4800.0,CE,0,0,0,723.75
2026-06-15,2026-08-25,4800.0,PE,0,0,0,72.8
2026-06-15,2026-08-25,4900.0,CE,0,0,0,647.4
2026-06-15,2026-08-25,4900.0,PE,0,0,0,95.0
2026-06-15,2026-08-25,5000.0,CE,0,0,0,575.55
2026-06-15,2026-08-25,5000.0,PE,0,0,0,112.0
2026-06-15,2026-08-25,5100.0,CE,0,0,0,508.15
2026-06-15,2026-08-25,5100.0,PE,0,0,0,152.8
2026-06-15,2026-08-25,5200.0,CE,0,0,0,445.9
2026-06-15,2026-08-25,5200.0,PE,0,0,0,189.05
2026-06-15,2026-08-25,5300.0,CE,0,0,0,388.7
2026-06-15,2026-08-25,5300.0,PE,0,0,0,230.4
2026-06-15,2026-08-25,5400.0,CE,0,0,0,336.65
2026-06-15,2026-08-25,5400.0,PE,0,0,0,276.9
2026-06-15,2026-08-25,5500.0,CE,0,0,0,289.65
2026-06-15,2026-08-25,5500.0,PE,0,0,0,328.4
2026-06-15,2026-08-25,5600.0,CE,0,0,0,247.6
2026-06-15,2026-08-25,5600.0,PE,0,0,0,384.9
2026-06-15,2026-08-25,5700.0,CE,0,0,0,210.3
2026-06-15,2026-08-25,5700.0,PE,0,0,0,446.1
2026-06-15,2026-08-25,5800.0,CE,0,0,0,177.5
2026-06-15,2026-08-25,5800.0,PE,0,0,0,511.8
2026-06-15,2026-08-25,5900.0,CE,0,0,0,148.85
2026-06-15,2026-08-25,5900.0,PE,0,0,0,581.7
2026-06-15,2026-08-25,6000.0,CE,0,0,0,124.4
2026-06-15,2026-08-25,6000.0,PE,0,0,0,655.75
2026-06-15,2026-08-25,6100.0,CE,0,0,0,102.95
2026-06-15,2026-08-25,6100.0,PE,0,0,0,732.85
2026-06-15,2026-08-25,6200.0,CE,0,0,0,84.85
2026-06-15,2026-08-25,6200.0,PE,0,0,0,813.25
2026-06-15,2026-08-25,6300.0,CE,0,0,0,69.5
2026-06-15,2026-08-25,6300.0,PE,0,0,0,896.45
2026-06-15,2026-08-25,6400.0,CE,0,0,0,56.65
2026-06-15,2026-08-25,6400.0,PE,0,0,0,982.1
2026-06-15,2026-08-25,6500.0,CE,0,0,0,45.9
2026-06-15,2026-08-25,6500.0,PE,0,0,0,1069.85
2026-06-16,2026-06-30,4400.0,CE,0,0,0,1000.1
2026-06-16,2026-06-30,4400.0,PE,1000,125,23,1.8
2026-06-16,2026-06-30,4500.0,CE,125,0,0,858.05
2026-06-16,2026-06-30,4500.0,PE,10625,-3875,863,1.65
2026-06-16,2026-06-30,4600.0,CE,375,0,0,705.5
2026-06-16,2026-06-30,4600.0,PE,625,0,0,2.05
2026-06-16,2026-06-30,4700.0,CE,375,0,0,715.0
2026-06-16,2026-06-30,4700.0,PE,3125,-2500,182,2.25
2026-06-16,2026-06-30,4750.0,CE,0,0,0,752.6
2026-06-16,2026-06-30,4750.0,PE,375,0,0,4.45
2026-06-16,2026-06-30,4800.0,CE,0,0,0,561.95
2026-06-16,2026-06-30,4800.0,PE,37375,-1625,18,2.15
2026-06-16,2026-06-30,4850.0,CE,0,0,0,668.85
2026-06-16,2026-06-30,4850.0,PE,2250,0,0,17.9
2026-06-16,2026-06-30,4900.0,CE,0,0,0,591.35
2026-06-16,2026-06-30,4900.0,PE,15500,-2000,110,5.15
2026-06-16,2026-06-30,4950.0,CE,0,0,0,589.4
2026-06-16,2026-06-30,4950.0,PE,1625,0,0,10.15
2026-06-16,2026-06-30,5000.0,CE,500,0,0,336.05
2026-06-16,2026-06-30,5000.0,PE,14375,-125,64,9.6
2026-06-16,2026-06-30,5050.0,CE,0,0,0,515.0
2026-06-16,2026-06-30,5050.0,PE,7000,0,0,17.95
2026-06-16,2026-06-30,5100.0,CE,0,0,0,457.4
2026-06-16,2026-06-30,5100.0,PE,44875,-2250,88,18.55
2026-06-16,2026-06-30,5150.0,CE,0,0,0,445.55
2026-06-16,2026-06-30,5150.0,PE,5125,-625,27,25.5
2026-06-16,2026-06-30,5200.0,CE,8125,1375,12,195.6
2026-06-16,2026-06-30,5200.0,PE,23500,-2875,70,35.95
2026-06-16,2026-06-30,5250.0,CE,8000,0,9,155.65
2026-06-16,2026-06-30,5250.0,PE,14250,-375,37,50.85
2026-06-16,2026-06-30,5300.0,CE,29750,375,234,130.7
2026-06-16,2026-06-30,5300.0,PE,27000,-8625,245,70.15
2026-06-16,2026-06-30,5350.0,CE,17375,-3125,497,100.2
2026-06-16,2026-06-30,5350.0,PE,13750,1000,101,90.85
2026-06-16,2026-06-30,5400.0,CE,44875,4250,396,78.15
2026-06-16,2026-06-30,5400.0,PE,18875,-875,25,115.2
2026-06-16,2026-06-30,5450.0,CE,18500,750,42,61.15
2026-06-16,2026-06-30,5450.0,PE,5250,0,0,144.6
2026-06-16,2026-06-30,5500.0,CE,56000,-125,226,46.35
2026-06-16,2026-06-30,5500.0,PE,38250,-375,15,183.2
2026-06-16,2026-06-30,5550.0,CE,16500,-1125,25,34.65
2026-06-16,2026-06-30,5550.0,PE,3375,0,0,218.0
2026-06-16,2026-06-30,5600.0,CE,53000,2250,103,26.45
2026-06-16,2026-06-30,5600.0,PE,21250,-125,2,261.2
2026-06-16,2026-06-30,5650.0,CE,19375,-250,22,19.9
2026-06-16,2026-06-30,5650.0,PE,14000,0,0,326.6
2026-06-16,2026-06-30,5700.0,CE,101875,-9125,201,15.9
2026-06-16,2026-06-30,5700.0,PE,11500,0,0,400.0
2026-06-16,2026-06-30,5750.0,CE,15750,0,0,15.3
2026-06-16,2026-06-30,5750.0,PE,4875,-125,4,411.5
2026-06-16,2026-06-30,5800.0,CE,96500,-2250,125,10.15
2026-06-16,2026-06-30,5800.0,PE,36125,-250,2,475.3
2026-06-16,2026-06-30,5850.0,CE,8375,-1875,40,8.15
2026-06-16,2026-06-30,5850.0,PE,625,0,0,348.95
2026-06-16,2026-06-30,5900.0,CE,49500,-1000,35,6.5
2026-06-16,2026-06-30,5900.0,PE,1250,0,0,406.15
2026-06-16,2026-06-30,5950.0,CE,2125,0,0,16.2
2026-06-16,2026-06-30,5950.0,PE,125,0,0,301.2
2026-06-16,2026-06-30,6000.0,CE,90000,-500,94,5.25
2026-06-16,2026-06-30,6000.0,PE,0,0,0,696.1
2026-06-16,2026-06-30,6050.0,CE,3125,0,0,6.0
2026-06-16,2026-06-30,6050.0,PE,375,0,0,685.0
2026-06-16,2026-06-30,6100.0,CE,1750,0,0,4.1
2026-06-16,2026-06-30,6100.0,PE,0,0,0,775.8
2026-06-16,2026-06-30,6150.0,CE,625,0,0,8.4
2026-06-16,2026-06-30,6150.0,PE,375,0,3,800.25
2026-06-16,2026-06-30,6200.0,CE,44750,-3375,34,3.2
2026-06-16,2026-06-30,6200.0,PE,0,0,0,760.4
2026-06-16,2026-06-30,6250.0,CE,1875,0,0,5.0
2026-06-16,2026-06-30,6250.0,PE,375,0,0,887.15
2026-06-16,2026-06-30,6300.0,CE,1875,0,0,3.45
2026-06-16,2026-06-30,6300.0,PE,0,0,0,943.55
2026-06-16,2026-06-30,6350.0,CE,0,0,0,37.8
2026-06-16,2026-06-30,6350.0,PE,0,0,0,906.05
2026-06-16,2026-06-30,6400.0,CE,27875,750,16,1.65
2026-06-16,2026-06-30,6400.0,PE,0,0,0,1030.95
2026-06-16,2026-06-30,6450.0,CE,125,125,7,2.5
2026-06-16,2026-06-30,6450.0,PE,500,0,0,1096.25
2026-06-16,2026-06-30,6500.0,CE,8500,2125,1847,1.65
2026-06-16,2026-06-30,6500.0,PE,0,0,0,1120.25
2026-06-16,2026-06-30,6550.0,CE,1500,-125,106,1.5
2026-06-16,2026-06-30,6550.0,PE,0,0,0,1088.35
2026-06-16,2026-07-28,4400.0,CE,0,0,0,1101.2
2026-06-16,2026-07-28,4400.0,PE,0,0,0,19.55
2026-06-16,2026-07-28,4500.0,CE,0,0,0,1011.0
2026-06-16,2026-07-28,4500.0,PE,0,0,0,27.9
2026-06-16,2026-07-28,4600.0,CE,0,0,0,923.35
2026-06-16,2026-07-28,4600.0,PE,0,0,0,38.8
2026-06-16,2026-07-28,4700.0,CE,0,0,0,838.7
2026-06-16,2026-07-28,4700.0,PE,250,0,0,25.0
2026-06-16,2026-07-28,4750.0,CE,0,0,0,717.55
2026-06-16,2026-07-28,4750.0,PE,0,0,0,38.9
2026-06-16,2026-07-28,4800.0,CE,0,0,0,757.55
2026-06-16,2026-07-28,4800.0,PE,625,0,0,30.4
2026-06-16,2026-07-28,4850.0,CE,0,0,0,634.75
2026-06-16,2026-07-28,4850.0,PE,0,0,0,55.05
2026-06-16,2026-07-28,4900.0,CE,0,0,0,680.25
2026-06-16,2026-07-28,4900.0,PE,1250,0,0,50.35
2026-06-16,2026-07-28,4950.0,CE,250,-250,5,477.35
2026-06-16,2026-07-28,4950.0,PE,750,0,0,57.2
2026-06-16,2026-07-28,5000.0,CE,0,0,0,607.35
2026-06-16,2026-07-28,5000.0,PE,1750,1125,9,58.0
2026-06-16,2026-07-28,5050.0,CE,0,0,0,483.45
2026-06-16,2026-07-28,5050.0,PE,500,0,0,71.75
2026-06-16,2026-07-28,5100.0,CE,0,0,0,538.65
2026-06-16,2026-07-28,5100.0,PE,250,0,0,84.45
2026-06-16,2026-07-28,5150.0,CE,0,0,0,415.7
2026-06-16,2026-07-28,5150.0,PE,0,0,0,132.9
2026-06-16,2026-07-28,5200.0,CE,0,0,0,474.95
2026-06-16,2026-07-28,5200.0,PE,0,0,0,181.8
2026-06-16,2026-07-28,5250.0,CE,125,0,0,354.1
2026-06-16,2026-07-28,5250.0,PE,0,0,0,170.25
2026-06-16,2026-07-28,5300.0,CE,125,0,0,230.95
2026-06-16,2026-07-28,5300.0,PE,125,125,1,181.6
2026-06-16,2026-07-28,5350.0,CE,0,0,0,298.6
2026-06-16,2026-07-28,5350.0,PE,0,0,0,213.75
2026-06-16,2026-07-28,5400.0,CE,0,0,0,362.45
2026-06-16,2026-07-28,5400.0,PE,0,0,0,266.45
2026-06-16,2026-07-28,5450.0,CE,0,0,0,249.3
2026-06-16,2026-07-28,5450.0,PE,0,0,0,263.4
2026-06-16,2026-07-28,5500.0,CE,625,0,0,132.5
2026-06-16,2026-07-28,5500.0,PE,0,0,0,316.25
2026-06-16,2026-07-28,5550.0,CE,1000,0,0,116.35
2026-06-16,2026-07-28,5550.0,PE,0,0,0,319.1
2026-06-16,2026-07-28,5600.0,CE,375,0,0,124.0
2026-06-16,2026-07-28,5600.0,PE,0,0,0,370.95
2026-06-16,2026-07-28,5650.0,CE,1750,0,0,90.2
2026-06-16,2026-07-28,5650.0,PE,0,0,0,380.6
2026-06-16,2026-07-28,5700.0,CE,500,0,0,71.65
2026-06-16,2026-07-28,5700.0,PE,0,0,0,430.35
2026-06-16,2026-07-28,5750.0,CE,1000,0,0,67.45
2026-06-16,2026-07-28,5750.0,PE,125,0,0,455.0
2026-06-16,2026-07-28,5800.0,CE,500,0,0,54.3
2026-06-16,2026-07-28,5800.0,PE,250,250,2,485.7
2026-06-16,2026-07-28,5850.0,CE,0,0,0,109.65
2026-06-16,2026-07-28,5850.0,PE,0,0,0,519.7
2026-06-16,2026-07-28,5900.0,CE,0,0,0,165.55
2026-06-16,2026-07-28,5900.0,PE,0,0,0,562.35
2026-06-16,2026-07-28,5950.0,CE,625,0,0,56.05
2026-06-16,2026-07-28,5950.0,PE,0,0,0,596.0
2026-06-16,2026-07-28,6000.0,CE,1125,0,0,36.35
2026-06-16,2026-07-28,6000.0,PE,0,0,0,634.65
2026-06-16,2026-07-28,6050.0,CE,250,0,0,36.5
2026-06-16,2026-07-28,6050.0,PE,125,0,0,676.2
2026-06-16,2026-07-28,6100.0,CE,5500,0,0,27.3
2026-06-16,2026-07-28,6100.0,PE,625,0,0,839.7
2026-06-16,2026-07-28,6150.0,CE,125,0,0,23.4
2026-06-16,2026-07-28,6150.0,PE,500,0,1,790.5
2026-06-16,2026-07-28,6200.0,CE,250,0,0,18.85
2026-06-16,2026-07-28,6200.0,PE,375,0,0,840.95
2026-06-16,2026-07-28,6250.0,CE,0,0,0,41.15
2026-06-16,2026-07-28,6250.0,PE,0,0,0,847.1
2026-06-16,2026-07-28,6300.0,CE,500,0,0,15.1
2026-06-16,2026-07-28,6300.0,PE,0,0,0,870.8
2026-06-16,2026-07-28,6350.0,CE,500,0,0,13.6
2026-06-16,2026-07-28,6350.0,PE,0,0,0,936.4
2026-06-16,2026-07-28,6400.0,CE,375,0,0,18.0
2026-06-16,2026-07-28,6400.0,PE,0,0,0,955.15
2026-06-16,2026-07-28,6450.0,CE,500,0,0,12.4
2026-06-16,2026-07-28,6450.0,PE,0,0,0,1027.75
2026-06-16,2026-07-28,6500.0,CE,0,0,0,53.55
2026-06-16,2026-07-28,6500.0,PE,0,0,0,1041.7
2026-06-16,2026-07-28,6550.0,CE,0,0,0,17.95
2026-06-16,2026-07-28,6550.0,PE,0,0,0,1120.8
2026-06-16,2026-08-25,4400.0,CE,0,0,0,1065.1
2026-06-16,2026-08-25,4400.0,PE,0,0,0,20.1
2026-06-16,2026-08-25,4600.0,CE,0,0,0,888.1
2026-06-16,2026-08-25,4600.0,PE,0,0,0,40.15
2026-06-16,2026-08-25,4700.0,CE,0,0,0,804.1
2026-06-16,2026-08-25,4700.0,PE,0,0,0,54.65
2026-06-16,2026-08-25,4800.0,CE,0,0,0,723.75
2026-06-16,2026-08-25,4800.0,PE,0,0,0,72.8
2026-06-16,2026-08-25,4900.0,CE,0,0,0,647.4
2026-06-16,2026-08-25,4900.0,PE,0,0,0,95.0
2026-06-16,2026-08-25,5000.0,CE,0,0,0,575.55
2026-06-16,2026-08-25,5000.0,PE,0,0,0,112.0
2026-06-16,2026-08-25,5100.0,CE,0,0,0,508.15
2026-06-16,2026-08-25,5100.0,PE,0,0,0,152.8
2026-06-16,2026-08-25,5200.0,CE,0,0,0,445.9
2026-06-16,2026-08-25,5200.0,PE,0,0,0,189.05
2026-06-16,2026-08-25,5300.0,CE,0,0,0,388.7
2026-06-16,2026-08-25,5300.0,PE,0,0,0,230.4
2026-06-16,2026-08-25,5400.0,CE,0,0,0,336.65
2026-06-16,2026-08-25,5400.0,PE,0,0,0,276.9
2026-06-16,2026-08-25,5500.0,CE,0,0,0,289.65
2026-06-16,2026-08-25,5500.0,PE,0,0,0,328.4
2026-06-16,2026-08-25,5600.0,CE,0,0,0,247.6
2026-06-16,2026-08-25,5600.0,PE,0,0,0,384.9
2026-06-16,2026-08-25,5700.0,CE,0,0,0,210.3
2026-06-16,2026-08-25,5700.0,PE,0,0,0,446.1
2026-06-16,2026-08-25,5800.0,CE,0,0,0,177.5
2026-06-16,2026-08-25,5800.0,PE,0,0,0,511.8
2026-06-16,2026-08-25,5900.0,CE,0,0,0,148.85
2026-06-16,2026-08-25,5900.0,PE,0,0,0,581.7
2026-06-16,2026-08-25,6000.0,CE,0,0,0,124.4
2026-06-16,2026-08-25,6000.0,PE,0,0,0,655.75
2026-06-16,2026-08-25,6100.0,CE,0,0,0,102.95
2026-06-16,2026-08-25,6100.0,PE,0,0,0,732.85
2026-06-16,2026-08-25,6200.0,CE,0,0,0,84.85
2026-06-16,2026-08-25,6200.0,PE,0,0,0,813.25
2026-06-16,2026-08-25,6300.0,CE,0,0,0,69.5
2026-06-16,2026-08-25,6300.0,PE,0,0,0,896.45
2026-06-16,2026-08-25,6400.0,CE,0,0,0,56.65
2026-06-16,2026-08-25,6400.0,PE,0,0,0,982.1
2026-06-16,2026-08-25,6500.0,CE,0,0,0,45.9
2026-06-16,2026-08-25,6500.0,PE,0,0,0,1069.85
2026-06-17,2026-06-30,4400.0,CE,0,0,0,1000.1
2026-06-17,2026-06-30,4400.0,PE,1250,250,142,1.3
2026-06-17,2026-06-30,4500.0,CE,125,0,0,858.05
2026-06-17,2026-06-30,4500.0,PE,10625,0,1706,1.8
2026-06-17,2026-06-30,4600.0,CE,375,0,0,705.5
2026-06-17,2026-06-30,4600.0,PE,625,0,9,2.15
2026-06-17,2026-06-30,4700.0,CE,375,0,0,715.0
2026-06-17,2026-06-30,4700.0,PE,3000,-125,1,2.5
2026-06-17,2026-06-30,4750.0,CE,0,0,0,752.6
2026-06-17,2026-06-30,4750.0,PE,375,0,2,3.15
2026-06-17,2026-06-30,4800.0,CE,0,0,0,561.95
2026-06-17,2026-06-30,4800.0,PE,37000,-375,3,4.0
2026-06-17,2026-06-30,4850.0,CE,0,0,0,668.85
2026-06-17,2026-06-30,4850.0,PE,2250,0,0,17.9
2026-06-17,2026-06-30,4900.0,CE,0,0,0,591.35
2026-06-17,2026-06-30,4900.0,PE,13625,-1875,108,4.25
2026-06-17,2026-06-30,4950.0,CE,0,0,0,589.4
2026-06-17,2026-06-30,4950.0,PE,2375,750,34,5.0
2026-06-17,2026-06-30,5000.0,CE,500,0,0,336.05
2026-06-17,2026-06-30,5000.0,PE,15375,1000,32,7.9
2026-06-17,2026-06-30,5050.0,CE,0,0,0,515.0
2026-06-17,2026-06-30,5050.0,PE,7000,0,0,17.95
2026-06-17,2026-06-30,5100.0,CE,0,0,0,457.4
2026-06-17,2026-06-30,5100.0,PE,37125,-7750,344,15.2
2026-06-17,2026-06-30,5150.0,CE,0,0,0,445.55
2026-06-17,2026-06-30,5150.0,PE,7125,2000,41,22.05
2026-06-17,2026-06-30,5200.0,CE,8125,0,0,195.6
2026-06-17,2026-06-30,5200.0,PE,22000,-1500,49,30.9
2026-06-17,2026-06-30,5250.0,CE,8250,250,8,170.7
2026-06-17,2026-06-30,5250.0,PE,18875,4625,560,44.05
2026-06-17,2026-06-30,5300.0,CE,31500,1750,232,131.55
2026-06-17,2026-06-30,5300.0,PE,27375,375,119,59.65
2026-06-17,2026-06-30,5350.0,CE,27000,9625,567,101.45
2026-06-17,2026-06-30,5350.0,PE,13750,0,100,81.05
2026-06-17,2026-06-30,5400.0,CE,46500,1625,1022,80.35
2026-06-17,2026-06-30,5400.0,PE,16500,-2375,80,107.95
2026-06-17,2026-06-30,5450.0,CE,16250,-2250,46,65.85
2026-06-17,2026-06-30,5450.0,PE,5250,0,0,144.6
2026-06-17,2026-06-30,5500.0,CE,51750,-4250,457,46.9
2026-06-17,2026-06-30,5500.0,PE,36625,-1625,64,169.6
2026-06-17,2026-06-30,5550.0,CE,16000,-500,30,35.55
2026-06-17,2026-06-30,5550.0,PE,3375,0,0,218.0
2026-06-17,2026-06-30,5600.0,CE,52250,-750,137,26.95
2026-06-17,2026-06-30,5600.0,PE,21250,0,0,261.2
2026-06-17,2026-06-30,5650.0,CE,18375,-1000,55,21.0
2026-06-17,2026-06-30,5650.0,PE,14000,0,0,326.6
2026-06-17,2026-06-30,5700.0,CE,94375,-7500,157,15.5
2026-06-17,2026-06-30,5700.0,PE,11500,0,0,400.0
2026-06-17,2026-06-30,5750.0,CE,17500,1750,72,11.25
2026-06-17,2026-06-30,5750.0,PE,4875,0,0,411.5
2026-06-17,2026-06-30,5800.0,CE,90625,-5875,86,9.45
2026-06-17,2026-06-30,5800.0,PE,36125,0,0,475.3
2026-06-17,2026-06-30,5850.0,CE,8375,0,0,8.15
2026-06-17,2026-06-30,5850.0,PE,625,0,0,348.95
2026-06-17,2026-06-30,5900.0,CE,49375,-125,13,6.4
2026-06-17,2026-06-30,5900.0,PE,1250,0,0,406.15
2026-06-17,2026-06-30,5950.0,CE,2125,0,0,16.2
2026-06-17,2026-06-30,5950.0,PE,125,0,0,301.2
2026-06-17,2026-06-30,6000.0,CE,89500,-500,60,4.55
2026-06-17,2026-06-30,6000.0,PE,0,0,0,696.1
2026-06-17,2026-06-30,6050.0,CE,2375,-750,11,2.6
2026-06-17,2026-06-30,6050.0,PE,375,0,0,685.0
2026-06-17,2026-06-30,6100.0,CE,1750,0,0,4.1
2026-06-17,2026-06-30,6100.0,PE,0,0,0,775.8
2026-06-17,2026-06-30,6150.0,CE,625,0,0,8.4
2026-06-17,2026-06-30,6150.0,PE,375,0,0,800.25
2026-06-17,2026-06-30,6200.0,CE,44875,125,44,2.9
2026-06-17,2026-06-30,6200.0,PE,0,0,0,760.4
2026-06-17,2026-06-30,6250.0,CE,1875,0,0,5.0
2026-06-17,2026-06-30,6250.0,PE,375,0,0,887.15
2026-06-17,2026-06-30,6300.0,CE,1875,0,0,3.45
2026-06-17,2026-06-30,6300.0,PE,0,0,0,943.55
2026-06-17,2026-06-30,6350.0,CE,0,0,0,37.8
2026-06-17,2026-06-30,6350.0,PE,0,0,0,906.05
2026-06-17,2026-06-30,6400.0,CE,27750,-125,1,2.0
2026-06-17,2026-06-30,6400.0,PE,0,0,0,1030.95
2026-06-17,2026-06-30,6450.0,CE,125,0,0,2.5
2026-06-17,2026-06-30,6450.0,PE,500,0,1,1090.95
2026-06-17,2026-06-30,6500.0,CE,7000,-1500,195,1.7
2026-06-17,2026-06-30,6500.0,PE,0,0,0,1120.25
2026-06-17,2026-06-30,6550.0,CE,1625,125,2,1.65
2026-06-17,2026-06-30,6550.0,PE,0,0,0,1088.35
2026-06-17,2026-07-28,4400.0,CE,0,0,0,1101.2
2026-06-17,2026-07-28,4400.0,PE,0,0,0,19.55
2026-06-17,2026-07-28,4500.0,CE,0,0,0,1011.0
2026-06-17,2026-07-28,4500.0,PE,0,0,0,27.9
2026-06-17,2026-07-28,4600.0,CE,0,0,0,923.35
2026-06-17,2026-07-28,4600.0,PE,0,0,0,38.8
2026-06-17,2026-07-28,4700.0,CE,0,0,0,838.7
2026-06-17,2026-07-28,4700.0,PE,250,0,0,25.0
2026-06-17,2026-07-28,4750.0,CE,0,0,0,717.55
2026-06-17,2026-07-28,4750.0,PE,0,0,0,38.9
2026-06-17,2026-07-28,4800.0,CE,0,0,0,757.55
2026-06-17,2026-07-28,4800.0,PE,375,-250,4,24.75
2026-06-17,2026-07-28,4850.0,CE,0,0,0,634.75
2026-06-17,2026-07-28,4850.0,PE,0,0,0,55.05
2026-06-17,2026-07-28,4900.0,CE,0,0,0,680.25
2026-06-17,2026-07-28,4900.0,PE,750,-500,4,37.05
2026-06-17,2026-07-28,4950.0,CE,250,0,0,477.35
2026-06-17,2026-07-28,4950.0,PE,750,0,0,57.2
2026-06-17,2026-07-28,5000.0,CE,0,0,0,607.35
2026-06-17,2026-07-28,5000.0,PE,1625,-125,3,51.9
2026-06-17,2026-07-28,5050.0,CE,0,0,0,483.45
2026-06-17,2026-07-28,5050.0,PE,500,0,0,71.75
2026-06-17,2026-07-28,5100.0,CE,0,0,0,538.65
2026-06-17,2026-07-28,5100.0,PE,250,0,0,84.45
2026-06-17,2026-07-28,5150.0,CE,0,0,0,415.7
2026-06-17,2026-07-28,5150.0,PE,0,0,0,132.9
2026-06-17,2026-07-28,5200.0,CE,0,0,0,474.95
2026-06-17,2026-07-28,5200.0,PE,0,0,0,181.8
2026-06-17,2026-07-28,5250.0,CE,125,0,0,354.1
2026-06-17,2026-07-28,5250.0,PE,0,0,0,170.25
2026-06-17,2026-07-28,5300.0,CE,125,0,0,230.95
2026-06-17,2026-07-28,5300.0,PE,125,0,0,181.6
2026-06-17,2026-07-28,5350.0,CE,0,0,0,298.6
2026-06-17,2026-07-28,5350.0,PE,0,0,0,213.75
2026-06-17,2026-07-28,5400.0,CE,0,0,0,362.45
2026-06-17,2026-07-28,5400.0,PE,0,0,0,266.45
2026-06-17,2026-07-28,5450.0,CE,0,0,0,249.3
2026-06-17,2026-07-28,5450.0,PE,0,0,0,263.4
2026-06-17,2026-07-28,5500.0,CE,875,250,4,137.4
2026-06-17,2026-07-28,5500.0,PE,125,125,1,235.0
2026-06-17,2026-07-28,5550.0,CE,1000,0,0,116.35
2026-06-17,2026-07-28,5550.0,PE,0,0,0,319.1
2026-06-17,2026-07-28,5600.0,CE,375,0,0,124.0
2026-06-17,2026-07-28,5600.0,PE,0,0,0,370.95
2026-06-17,2026-07-28,5650.0,CE,1750,0,0,90.2
2026-06-17,2026-07-28,5650.0,PE,0,0,0,380.6
2026-06-17,2026-07-28,5700.0,CE,625,125,1,75.15
2026-06-17,2026-07-28,5700.0,PE,0,0,0,430.35
2026-06-17,2026-07-28,5750.0,CE,1000,0,0,67.45
2026-06-17,2026-07-28,5750.0,PE,125,0,0,455.0
2026-06-17,2026-07-28,5800.0,CE,625,125,1,54.3
2026-06-17,2026-07-28,5800.0,PE,250,0,0,485.7
2026-06-17,2026-07-28,5850.0,CE,0,0,0,109.65
2026-06-17,2026-07-28,5850.0,PE,0,0,0,519.7
2026-06-17,2026-07-28,5900.0,CE,0,0,0,165.55
2026-06-17,2026-07-28,5900.0,PE,0,0,0,562.35
2026-06-17,2026-07-28,5950.0,CE,625,0,0,56.05
2026-06-17,2026-07-28,5950.0,PE,0,0,0,596.0
2026-06-17,2026-07-28,6000.0,CE,1250,125,1,36.35
2026-06-17,2026-07-28,6000.0,PE,0,0,0,634.65
2026-06-17,2026-07-28,6050.0,CE,250,0,0,36.5
2026-06-17,2026-07-28,6050.0,PE,125,0,0,676.2
2026-06-17,2026-07-28,6100.0,CE,5500,0,0,27.3
2026-06-17,2026-07-28,6100.0,PE,625,0,0,839.7
2026-06-17,2026-07-28,6150.0,CE,125,0,0,23.4
2026-06-17,2026-07-28,6150.0,PE,500,0,0,790.5
2026-06-17,2026-07-28,6200.0,CE,250,0,2,18.3
2026-06-17,2026-07-28,6200.0,PE,375,0,0,840.95
2026-06-17,2026-07-28,6250.0,CE,0,0,0,41.15
2026-06-17,2026-07-28,6250.0,PE,0,0,0,847.1
2026-06-17,2026-07-28,6300.0,CE,500,0,1,15.1
2026-06-17,2026-07-28,6300.0,PE,0,0,0,870.8
2026-06-17,2026-07-28,6350.0,CE,500,0,0,13.6
2026-06-17,2026-07-28,6350.0,PE,0,0,0,936.4
2026-06-17,2026-07-28,6400.0,CE,375,0,0,18.0
2026-06-17,2026-07-28,6400.0,PE,0,0,0,955.15
2026-06-17,2026-07-28,6450.0,CE,500,0,0,12.4
2026-06-17,2026-07-28,6450.0,PE,0,0,0,1027.75
2026-06-17,2026-07-28,6500.0,CE,0,0,0,53.55
2026-06-17,2026-07-28,6500.0,PE,0,0,0,1041.7
2026-06-17,2026-07-28,6550.0,CE,0,0,0,17.95
2026-06-17,2026-07-28,6550.0,PE,0,0,0,1120.8
2026-06-17,2026-08-25,4400.0,CE,0,0,0,1065.1
2026-06-17,2026-08-25,4400.0,PE,0,0,0,20.1
2026-06-17,2026-08-25,4600.0,CE,0,0,0,888.1
2026-06-17,2026-08-25,4600.0,PE,0,0,0,40.15
2026-06-17,2026-08-25,4700.0,CE,0,0,0,804.1
2026-06-17,2026-08-25,4700.0,PE,0,0,0,54.65
2026-06-17,2026-08-25,4800.0,CE,0,0,0,723.75
2026-06-17,2026-08-25,4800.0,PE,0,0,0,72.8
2026-06-17,2026-08-25,4900.0,CE,0,0,0,647.4
2026-06-17,2026-08-25,4900.0,PE,0,0,0,95.0
2026-06-17,2026-08-25,5000.0,CE,0,0,0,575.55
2026-06-17,2026-08-25,5000.0,PE,0,0,0,112.0
2026-06-17,2026-08-25,5100.0,CE,0,0,0,508.15
2026-06-17,2026-08-25,5100.0,PE,0,0,0,152.8
2026-06-17,2026-08-25,5200.0,CE,0,0,0,445.9
2026-06-17,2026-08-25,5200.0,PE,0,0,0,189.05
2026-06-17,2026-08-25,5300.0,CE,0,0,0,388.7
2026-06-17,2026-08-25,5300.0,PE,0,0,0,230.4
2026-06-17,2026-08-25,5400.0,CE,0,0,0,336.65
2026-06-17,2026-08-25,5400.0,PE,0,0,0,276.9
2026-06-17,2026-08-25,5500.0,CE,0,0,0,289.65
2026-06-17,2026-08-25,5500.0,PE,0,0,0,328.4
2026-06-17,2026-08-25,5600.0,CE,0,0,0,247.6
2026-06-17,2026-08-25,5600.0,PE,0,0,0,384.9
2026-06-17,2026-08-25,5700.0,CE,0,0,0,210.3
2026-06-17,2026-08-25,5700.0,PE,0,0,0,446.1
2026-06-17,2026-08-25,5800.0,CE,0,0,0,177.5
2026-06-17,2026-08-25,5800.0,PE,0,0,0,511.8
2026-06-17,2026-08-25,5900.0,CE,0,0,0,148.85
2026-06-17,2026-08-25,5900.0,PE,0,0,0,581.7
2026-06-17,2026-08-25,6000.0,CE,0,0,0,124.4
2026-06-17,2026-08-25,6000.0,PE,0,0,0,655.75
2026-06-17,2026-08-25,6100.0,CE,0,0,0,102.95
2026-06-17,2026-08-25,6100.0,PE,0,0,0,732.85
2026-06-17,2026-08-25,6200.0,CE,0,0,0,84.85
2026-06-17,2026-08-25,6200.0,PE,0,0,0,813.25
2026-06-17,2026-08-25,6300.0,CE,0,0,0,69.5
2026-06-17,2026-08-25,6300.0,PE,0,0,0,896.45
2026-06-17,2026-08-25,6400.0,CE,0,0,0,56.65
2026-06-17,2026-08-25,6400.0,PE,0,0,0,982.1
2026-06-17,2026-08-25,6500.0,CE,0,0,0,45.9
2026-06-17,2026-08-25,6500.0,PE,0,0,0,1069.85
2026-06-18,2026-06-30,4400.0,CE,0,0,0,1000.1
2026-06-18,2026-06-30,4400.0,PE,1250,0,0,1.3
2026-06-18,2026-06-30,4500.0,CE,125,0,0,858.05
2026-06-18,2026-06-30,4500.0,PE,12375,1750,458,1.55
2026-06-18,2026-06-30,4600.0,CE,0,-375,3,772.5
2026-06-18,2026-06-30,4600.0,PE,625,0,0,2.15
2026-06-18,2026-06-30,4700.0,CE,375,0,0,715.0
2026-06-18,2026-06-30,4700.0,PE,14500,11500,1635,1.9
2026-06-18,2026-06-30,4750.0,CE,0,0,0,752.6
2026-06-18,2026-06-30,4750.0,PE,375,0,0,3.15
2026-06-18,2026-06-30,4800.0,CE,0,0,0,561.95
2026-06-18,2026-06-30,4800.0,PE,33375,-3625,30,2.0
2026-06-18,2026-06-30,4850.0,CE,0,0,0,668.85
2026-06-18,2026-06-30,4850.0,PE,2250,0,0,17.9
2026-06-18,2026-06-30,4900.0,CE,0,0,0,591.35
2026-06-18,2026-06-30,4900.0,PE,13500,-125,6,3.35
2026-06-18,2026-06-30,4950.0,CE,0,0,0,589.4
2026-06-18,2026-06-30,4950.0,PE,2375,0,0,5.0
2026-06-18,2026-06-30,5000.0,CE,250,-250,2,360.0
2026-06-18,2026-06-30,5000.0,PE,14125,-1250,114,4.7
2026-06-18,2026-06-30,5050.0,CE,0,0,0,515.0
2026-06-18,2026-06-30,5050.0,PE,7000,0,0,17.95
2026-06-18,2026-06-30,5100.0,CE,0,0,0,457.4
2026-06-18,2026-06-30,5100.0,PE,35750,-1375,174,9.7
2026-06-18,2026-06-30,5150.0,CE,0,0,0,445.55
2026-06-18,2026-06-30,5150.0,PE,3375,-3750,71,16.55
2026-06-18,2026-06-30,5200.0,CE,8250,125,3,221.0
2026-06-18,2026-06-30,5200.0,PE,20250,-1750,121,20.55
2026-06-18,2026-06-30,5250.0,CE,7750,-500,19,183.55
2026-06-18,2026-06-30,5250.0,PE,26500,7625,560,30.25
2026-06-18,2026-06-30,5300.0,CE,27250,-4250,171,144.55
2026-06-18,2026-06-30,5300.0,PE,27000,-375,92,42.9
2026-06-18,2026-06-30,5350.0,CE,14375,-12625,488,112.6
2026-06-18,2026-06-30,5350.0,PE,15000,1250,119,60.35
2026-06-18,2026-06-30,5400.0,CE,48625,2125,875,84.05
2026-06-18,2026-06-30,5400.0,PE,14750,-1750,61,85.75
2026-06-18,2026-06-30,5450.0,CE,16000,-250,48,61.6
2026-06-18,2026-06-30,5450.0,PE,5250,0,0,144.6
2026-06-18,2026-06-30,5500.0,CE,57000,5250,464,46.6
2026-06-18,2026-06-30,5500.0,PE,36875,250,17,151.8
2026-06-18,2026-06-30,5550.0,CE,15250,-750,87,34.45
2026-06-18,2026-06-30,5550.0,PE,3375,0,0,218.0
2026-06-18,2026-06-30,5600.0,CE,47500,-4750,163,25.35
2026-06-18,2026-06-30,5600.0,PE,21250,0,0,261.2
2026-06-18,2026-06-30,5650.0,CE,18000,-375,44,20.05
2026-06-18,2026-06-30,5650.0,PE,14000,0,0,326.6
2026-06-18,2026-06-30,5700.0,CE,104000,9625,275,15.25
2026-06-18,2026-06-30,5700.0,PE,11500,0,0,400.0
2026-06-18,2026-06-30,5750.0,CE,18000,500,63,9.2
2026-06-18,2026-06-30,5750.0,PE,4875,0,0,411.5
2026-06-18,2026-06-30,5800.0,CE,90000,-625,29,10.05
2026-06-18,2026-06-30,5800.0,PE,36125,0,0,475.3
2026-06-18,2026-06-30,5850.0,CE,8000,-375,18,6.3
2026-06-18,2026-06-30,5850.0,PE,625,0,0,348.95
2026-06-18,2026-06-30,5900.0,CE,49625,250,15,5.55
2026-06-18,2026-06-30,5900.0,PE,1250,0,0,406.15
2026-06-18,2026-06-30,5950.0,CE,2125,0,0,16.2
2026-06-18,2026-06-30,5950.0,PE,125,0,3,595.75
2026-06-18,2026-06-30,6000.0,CE,83000,-6500,287,4.35
2026-06-18,2026-06-30,6000.0,PE,0,0,0,696.1
2026-06-18,2026-06-30,6050.0,CE,2375,0,0,2.6
2026-06-18,2026-06-30,6050.0,PE,375,0,0,685.0
2026-06-18,2026-06-30,6100.0,CE,1500,-250,61,3.0
2026-06-18,2026-06-30,6100.0,PE,0,0,0,775.8
2026-06-18,2026-06-30,6150.0,CE,625,0,0,8.4
2026-06-18,2026-06-30,6150.0,PE,375,0,0,800.25
2026-06-18,2026-06-30,6200.0,CE,42875,-2000,52,2.75
2026-06-18,2026-06-30,6200.0,PE,0,0,0,760.4
2026-06-18,2026-06-30,6250.0,CE,1875,0,0,5.0
2026-06-18,2026-06-30,6250.0,PE,375,0,2,890.55
2026-06-18,2026-06-30,6300.0,CE,1875,0,0,3.45
2026-06-18,2026-06-30,6300.0,PE,125,125,1,926.55
2026-06-18,2026-06-30,6350.0,CE,0,0,0,37.8
2026-06-18,2026-06-30,6350.0,PE,375,375,3,973.15
2026-06-18,2026-06-30,6400.0,CE,24000,-3750,95,1.9
2026-06-18,2026-06-30,6400.0,PE,0,0,0,1030.95
2026-06-18,2026-06-30,6450.0,CE,125,0,0,2.5
2026-06-18,2026-06-30,6450.0,PE,500,0,0,1090.95
2026-06-18,2026-06-30,6500.0,CE,7375,375,50,1.35
2026-06-18,2026-06-30,6500.0,PE,0,0,0,1120.25
2026-06-18,2026-06-30,6550.0,CE,1625,0,0,1.65
2026-06-18,2026-06-30,6550.0,PE,375,375,3,1176.7
2026-06-18,2026-07-28,4400.0,CE,0,0,0,1101.2
2026-06-18,2026-07-28,4400.0,PE,0,0,0,19.55
2026-06-18,2026-07-28,4500.0,CE,0,0,0,1011.0
2026-06-18,2026-07-28,4500.0,PE,0,0,0,27.9
2026-06-18,2026-07-28,4600.0,CE,0,0,0,923.35
2026-06-18,2026-07-28,4600.0,PE,0,0,0,38.8
2026-06-18,2026-07-28,4700.0,CE,0,0,0,838.7
2026-06-18,2026-07-28,4700.0,PE,250,0,0,25.0
2026-06-18,2026-07-28,4750.0,CE,0,0,0,717.55
2026-06-18,2026-07-28,4750.0,PE,0,0,0,38.9
2026-06-18,2026-07-28,4800.0,CE,0,0,0,757.55
2026-06-18,2026-07-28,4800.0,PE,500,125,1,20.0
2026-06-18,2026-07-28,4850.0,CE,0,0,0,634.75
2026-06-18,2026-07-28,4850.0,PE,0,0,0,55.05
2026-06-18,2026-07-28,4900.0,CE,0,0,0,680.25
2026-06-18,2026-07-28,4900.0,PE,875,125,1,36.0
2026-06-18,2026-07-28,4950.0,CE,250,0,0,477.35
2026-06-18,2026-07-28,4950.0,PE,750,0,0,57.2
2026-06-18,2026-07-28,5000.0,CE,0,0,0,607.35
2026-06-18,2026-07-28,5000.0,PE,1625,0,0,51.9
2026-06-18,2026-07-28,5050.0,CE,0,0,0,483.45
2026-06-18,2026-07-28,5050.0,PE,500,0,0,71.75
2026-06-18,2026-07-28,5100.0,CE,0,0,0,538.65
2026-06-18,2026-07-28,5100.0,PE,250,0,0,84.45
2026-06-18,2026-07-28,5150.0,CE,0,0,0,415.7
2026-06-18,2026-07-28,5150.0,PE,0,0,0,132.9
2026-06-18,2026-07-28,5200.0,CE,0,0,0,474.95
2026-06-18,2026-07-28,5200.0,PE,0,0,0,181.8
2026-06-18,2026-07-28,5250.0,CE,125,0,0,354.1
2026-06-18,2026-07-28,5250.0,PE,0,0,0,170.25
2026-06-18,2026-07-28,5300.0,CE,125,0,0,230.95
2026-06-18,2026-07-28,5300.0,PE,125,0,0,181.6
2026-06-18,2026-07-28,5350.0,CE,0,0,0,298.6
2026-06-18,2026-07-28,5350.0,PE,0,0,0,213.75
2026-06-18,2026-07-28,5400.0,CE,0,0,0,362.45
2026-06-18,2026-07-28,5400.0,PE,0,0,0,266.45
2026-06-18,2026-07-28,5450.0,CE,0,0,0,249.3
2026-06-18,2026-07-28,5450.0,PE,0,0,0,263.4
2026-06-18,2026-07-28,5500.0,CE,1000,125,1,135.0
2026-06-18,2026-07-28,5500.0,PE,125,0,0,235.0
2026-06-18,2026-07-28,5550.0,CE,1000,0,0,116.35
2026-06-18,2026-07-28,5550.0,PE,0,0,0,319.1
2026-06-18,2026-07-28,5600.0,CE,375,0,0,124.0
2026-06-18,2026-07-28,5600.0,PE,0,0,0,370.95
2026-06-18,2026-07-28,5650.0,CE,1750,0,0,90.2
2026-06-18,2026-07-28,5650.0,PE,0,0,0,380.6
2026-06-18,2026-07-28,5700.0,CE,625,0,0,75.15
2026-06-18,2026-07-28,5700.0,PE,0,0,0,430.35
2026-06-18,2026-07-28,5750.0,CE,1000,0,0,67.45
2026-06-18,2026-07-28,5750.0,PE,125,0,0,455.0
2026-06-18,2026-07-28,5800.0,CE,625,0,0,54.3
2026-06-18,2026-07-28,5800.0,PE,250,0,0,485.7
2026-06-18,2026-07-28,5850.0,CE,0,0,0,109.65
2026-06-18,2026-07-28,5850.0,PE,0,0,0,519.7
2026-06-18,2026-07-28,5900.0,CE,0,0,0,165.55
2026-06-18,2026-07-28,5900.0,PE,0,0,0,562.35
2026-06-18,2026-07-28,5950.0,CE,625,0,0,56.05
2026-06-18,2026-07-28,5950.0,PE,0,0,0,596.0
2026-06-18,2026-07-28,6000.0,CE,1250,0,0,36.35
2026-06-18,2026-07-28,6000.0,PE,0,0,0,634.65
2026-06-18,2026-07-28,6050.0,CE,250,0,0,36.5
2026-06-18,2026-07-28,6050.0,PE,125,0,0,676.2
2026-06-18,2026-07-28,6100.0,CE,5500,0,0,27.3
2026-06-18,2026-07-28,6100.0,PE,625,0,0,839.7
2026-06-18,2026-07-28,6150.0,CE,125,0,0,23.4
2026-06-18,2026-07-28,6150.0,PE,500,0,0,790.5
2026-06-18,2026-07-28,6200.0,CE,250,0,0,18.3
2026-06-18,2026-07-28,6200.0,PE,375,0,0,840.95
2026-06-18,2026-07-28,6250.0,CE,0,0,0,41.15
2026-06-18,2026-07-28,6250.0,PE,0,0,0,847.1
2026-06-18,2026-07-28,6300.0,CE,500,0,0,15.1
2026-06-18,2026-07-28,6300.0,PE,0,0,0,870.8
2026-06-18,2026-07-28,6350.0,CE,500,0,0,13.6
2026-06-18,2026-07-28,6350.0,PE,0,0,0,936.4
2026-06-18,2026-07-28,6400.0,CE,375,0,0,18.0
2026-06-18,2026-07-28,6400.0,PE,125,125,1,995.0
2026-06-18,2026-07-28,6450.0,CE,500,0,0,12.4
2026-06-18,2026-07-28,6450.0,PE,0,0,0,1027.75
2026-06-18,2026-07-28,6500.0,CE,0,0,0,53.55
2026-06-18,2026-07-28,6500.0,PE,0,0,0,1041.7
2026-06-18,2026-07-28,6550.0,CE,0,0,0,17.95
2026-06-18,2026-07-28,6550.0,PE,0,0,0,1120.8
2026-06-18,2026-08-25,4400.0,CE,0,0,0,1065.1
2026-06-18,2026-08-25,4400.0,PE,0,0,0,20.1
2026-06-18,2026-08-25,4600.0,CE,0,0,0,888.1
2026-06-18,2026-08-25,4600.0,PE,0,0,0,40.15
2026-06-18,2026-08-25,4700.0,CE,0,0,0,804.1
2026-06-18,2026-08-25,4700.0,PE,0,0,0,54.65
2026-06-18,2026-08-25,4800.0,CE,0,0,0,723.75
2026-06-18,2026-08-25,4800.0,PE,0,0,0,72.8
2026-06-18,2026-08-25,4900.0,CE,0,0,0,647.4
2026-06-18,2026-08-25,4900.0,PE,0,0,0,95.0
2026-06-18,2026-08-25,5000.0,CE,0,0,0,575.55
2026-06-18,2026-08-25,5000.0,PE,0,0,0,112.0
2026-06-18,2026-08-25,5100.0,CE,0,0,0,508.15
2026-06-18,2026-08-25,5100.0,PE,0,0,0,152.8
2026-06-18,2026-08-25,5200.0,CE,0,0,0,445.9
2026-06-18,2026-08-25,5200.0,PE,0,0,0,189.05
2026-06-18,2026-08-25,5300.0,CE,0,0,0,388.7
2026-06-18,2026-08-25,5300.0,PE,0,0,0,230.4
2026-06-18,2026-08-25,5400.0,CE,0,0,0,336.65
2026-06-18,2026-08-25,5400.0,PE,0,0,0,276.9
2026-06-18,2026-08-25,5500.0,CE,0,0,0,289.65
2026-06-18,2026-08-25,5500.0,PE,0,0,0,328.4
2026-06-18,2026-08-25,5600.0,CE,0,0,0,247.6
2026-06-18,2026-08-25,5600.0,PE,0,0,0,384.9
2026-06-18,2026-08-25,5700.0,CE,0,0,0,210.3
2026-06-18,2026-08-25,5700.0,PE,0,0,0,446.1
2026-06-18,2026-08-25,5800.0,CE,0,0,0,177.5
2026-06-18,2026-08-25,5800.0,PE,0,0,0,511.8
2026-06-18,2026-08-25,5900.0,CE,0,0,0,148.85
2026-06-18,2026-08-25,5900.0,PE,0,0,0,581.7
2026-06-18,2026-08-25,6000.0,CE,0,0,0,124.4
2026-06-18,2026-08-25,6000.0,PE,0,0,0,655.75
2026-06-18,2026-08-25,6100.0,CE,0,0,0,102.95
2026-06-18,2026-08-25,6100.0,PE,0,0,0,732.85
2026-06-18,2026-08-25,6200.0,CE,0,0,0,84.85
2026-06-18,2026-08-25,6200.0,PE,0,0,0,813.25
2026-06-18,2026-08-25,6300.0,CE,0,0,0,69.5
2026-06-18,2026-08-25,6300.0,PE,0,0,0,896.45
2026-06-18,2026-08-25,6400.0,CE,0,0,0,56.65
2026-06-18,2026-08-25,6400.0,PE,0,0,0,982.1
2026-06-18,2026-08-25,6500.0,CE,0,0,0,45.9
2026-06-18,2026-08-25,6500.0,PE,0,0,0,1069.85
2026-06-19,2026-06-30,4400.0,CE,0,0,0,1000.1
2026-06-19,2026-06-30,4400.0,PE,1125,-125,3,0.85
2026-06-19,2026-06-30,4500.0,CE,125,0,0,858.05
2026-06-19,2026-06-30,4500.0,PE,12250,-125,41,1.35
2026-06-19,2026-06-30,4600.0,CE,0,0,0,772.5
2026-06-19,2026-06-30,4600.0,PE,625,0,3,1.2
2026-06-19,2026-06-30,4700.0,CE,375,0,0,715.0
2026-06-19,2026-06-30,4700.0,PE,8250,-6250,1648,1.4
2026-06-19,2026-06-30,4750.0,CE,0,0,0,752.6
2026-06-19,2026-06-30,4750.0,PE,375,0,0,3.15
2026-06-19,2026-06-30,4800.0,CE,0,0,0,561.95
2026-06-19,2026-06-30,4800.0,PE,22750,-10625,85,3.0
2026-06-19,2026-06-30,4850.0,CE,0,0,0,668.85
2026-06-19,2026-06-30,4850.0,PE,2250,0,0,17.9
2026-06-19,2026-06-30,4900.0,CE,0,0,0,591.35
2026-06-19,2026-06-30,4900.0,PE,13375,-125,23,2.6
2026-06-19,2026-06-30,4950.0,CE,0,0,0,589.4
2026-06-19,2026-06-30,4950.0,PE,2375,0,0,5.0
2026-06-19,2026-06-30,5000.0,CE,250,0,0,360.0
2026-06-19,2026-06-30,5000.0,PE,10625,-3500,48,4.85
2026-06-19,2026-06-30,5050.0,CE,0,0,0,515.0
2026-06-19,2026-06-30,5050.0,PE,7000,0,0,17.95
2026-06-19,2026-06-30,5100.0,CE,0,0,0,457.4
2026-06-19,2026-06-30,5100.0,PE,31875,-3875,69,7.0
2026-06-19,2026-06-30,5150.0,CE,0,0,0,445.55
2026-06-19,2026-06-30,5150.0,PE,4375,1000,80,11.75
2026-06-19,2026-06-30,5200.0,CE,7750,-500,14,204.0
2026-06-19,2026-06-30,5200.0,PE,20500,250,366,17.85
2026-06-19,2026-06-30,5250.0,CE,8125,375,22,173.25
2026-06-19,2026-06-30,5250.0,PE,24500,-2000,206,30.7
2026-06-19,2026-06-30,5300.0,CE,25125,-2125,211,134.95
2026-06-19,2026-06-30,5300.0,PE,27750,750,147,38.7
2026-06-19,2026-06-30,5350.0,CE,25750,11375,655,101.15
2026-06-19,2026-06-30,5350.0,PE,18125,3125,331,58.15
2026-06-19,2026-06-30,5400.0,CE,52250,3625,1120,75.65
2026-06-19,2026-06-30,5400.0,PE,14250,-500,92,78.95
2026-06-19,2026-06-30,5450.0,CE,15250,-750,118,54.7
2026-06-19,2026-06-30,5450.0,PE,5250,0,0,144.6
2026-06-19,2026-06-30,5500.0,CE,58500,1500,1112,40.9
2026-06-19,2026-06-30,5500.0,PE,32875,-4000,75,167.0
2026-06-19,2026-06-30,5550.0,CE,15875,625,168,30.1
2026-06-19,2026-06-30,5550.0,PE,3375,0,0,218.0
2026-06-19,2026-06-30,5600.0,CE,42000,-5500,395,21.3
2026-06-19,2026-06-30,5600.0,PE,21125,-125,10,248.2
2026-06-19,2026-06-30,5650.0,CE,16125,-1875,89,14.2
2026-06-19,2026-06-30,5650.0,PE,14000,0,0,326.6
2026-06-19,2026-06-30,5700.0,CE,101625,-2375,168,12.45
2026-06-19,2026-06-30,5700.0,PE,11500,0,0,400.0
2026-06-19,2026-06-30,5750.0,CE,17875,-125,2,8.0
2026-06-19,2026-06-30,5750.0,PE,4875,0,0,411.5
2026-06-19,2026-06-30,5800.0,CE,84625,-5375,121,8.25
2026-06-19,2026-06-30,5800.0,PE,36125,0,0,475.3
2026-06-19,2026-06-30,5850.0,CE,8000,0,0,6.3
2026-06-19,2026-06-30,5850.0,PE,625,0,0,348.95
2026-06-19,2026-06-30,5900.0,CE,48625,-1000,15,3.05
2026-06-19,2026-06-30,5900.0,PE,1250,0,0,406.15
2026-06-19,2026-06-30,5950.0,CE,2125,0,0,16.2
2026-06-19,2026-06-30,5950.0,PE,125,0,0,595.75
2026-06-19,2026-06-30,6000.0,CE,82125,-875,41,3.95
2026-06-19,2026-06-30,6000.0,PE,0,0,0,696.1
2026-06-19,2026-06-30,6050.0,CE,2375,0,0,2.6
2026-06-19,2026-06-30,6050.0,PE,375,0,0,685.0
2026-06-19,2026-06-30,6100.0,CE,2500,1000,8,2.3
2026-06-19,2026-06-30,6100.0,PE,0,0,0,775.8
2026-06-19,2026-06-30,6150.0,CE,625,0,0,8.4
2026-06-19,2026-06-30,6150.0,PE,375,0,0,800.25
2026-06-19,2026-06-30,6200.0,CE,42750,-125,21,2.5
2026-06-19,2026-06-30,6200.0,PE,0,0,0,760.4
2026-06-19,2026-06-30,6250.0,CE,1875,0,0,5.0
2026-06-19,2026-06-30,6250.0,PE,375,0,0,890.55
2026-06-19,2026-06-30,6300.0,CE,1875,0,0,3.45
2026-06-19,2026-06-30,6300.0,PE,125,0,0,926.55
2026-06-19,2026-06-30,6350.0,CE,0,0,0,37.8
2026-06-19,2026-06-30,6350.0,PE,375,0,0,973.15
2026-06-19,2026-06-30,6400.0,CE,23875,-125,9,1.4
2026-06-19,2026-06-30,6400.0,PE,0,0,0,1030.95
2026-06-19,2026-06-30,6450.0,CE,125,0,0,2.5
2026-06-19,2026-06-30,6450.0,PE,500,0,0,1090.95
2026-06-19,2026-06-30,6500.0,CE,7375,0,3,2.15
2026-06-19,2026-06-30,6500.0,PE,0,0,0,1120.25
2026-06-19,2026-06-30,6550.0,CE,1625,0,0,1.65
2026-06-19,2026-06-30,6550.0,PE,375,0,0,1176.7
2026-06-19,2026-07-28,4400.0,CE,0,0,0,1101.2
2026-06-19,2026-07-28,4400.0,PE,0,0,0,19.55
2026-06-19,2026-07-28,4500.0,CE,0,0,0,1011.0
2026-06-19,2026-07-28,4500.0,PE,0,0,0,27.9
2026-06-19,2026-07-28,4600.0,CE,0,0,0,923.35
2026-06-19,2026-07-28,4600.0,PE,0,0,0,38.8
2026-06-19,2026-07-28,4700.0,CE,0,0,0,838.7
2026-06-19,2026-07-28,4700.0,PE,250,0,0,25.0
2026-06-19,2026-07-28,4750.0,CE,0,0,0,717.55
2026-06-19,2026-07-28,4750.0,PE,0,0,0,38.9
2026-06-19,2026-07-28,4800.0,CE,0,0,0,757.55
2026-06-19,2026-07-28,4800.0,PE,500,0,0,20.0
2026-06-19,2026-07-28,4850.0,CE,0,0,0,634.75
2026-06-19,2026-07-28,4850.0,PE,0,0,0,55.05
2026-06-19,2026-07-28,4900.0,CE,0,0,0,680.25
2026-06-19,2026-07-28,4900.0,PE,875,0,0,36.0
2026-06-19,2026-07-28,4950.0,CE,250,0,0,477.35
2026-06-19,2026-07-28,4950.0,PE,750,0,0,57.2
2026-06-19,2026-07-28,5000.0,CE,0,0,0,607.35
2026-06-19,2026-07-28,5000.0,PE,1625,0,0,51.9
2026-06-19,2026-07-28,5050.0,CE,0,0,0,483.45
2026-06-19,2026-07-28,5050.0,PE,500,0,0,71.75
2026-06-19,2026-07-28,5100.0,CE,0,0,0,538.65
2026-06-19,2026-07-28,5100.0,PE,250,0,0,84.45
2026-06-19,2026-07-28,5150.0,CE,0,0,0,415.7
2026-06-19,2026-07-28,5150.0,PE,0,0,0,132.9
2026-06-19,2026-07-28,5200.0,CE,0,0,0,474.95
2026-06-19,2026-07-28,5200.0,PE,0,0,0,181.8
2026-06-19,2026-07-28,5250.0,CE,125,0,0,354.1
2026-06-19,2026-07-28,5250.0,PE,250,250,2,97.4
2026-06-19,2026-07-28,5300.0,CE,125,0,1,257.0
2026-06-19,2026-07-28,5300.0,PE,125,0,0,181.6
2026-06-19,2026-07-28,5350.0,CE,0,0,0,298.6
2026-06-19,2026-07-28,5350.0,PE,0,0,0,213.75
2026-06-19,2026-07-28,5400.0,CE,0,0,0,362.45
2026-06-19,2026-07-28,5400.0,PE,0,0,0,266.45
2026-06-19,2026-07-28,5450.0,CE,0,0,0,249.3
2026-06-19,2026-07-28,5450.0,PE,0,0,0,263.4
2026-06-19,2026-07-28,5500.0,CE,1000,0,0,135.0
2026-06-19,2026-07-28,5500.0,PE,125,0,0,235.0
2026-06-19,2026-07-28,5550.0,CE,1000,0,0,116.35
2026-06-19,2026-07-28,5550.0,PE,0,0,0,319.1
2026-06-19,2026-07-28,5600.0,CE,375,0,0,124.0
2026-06-19,2026-07-28,5600.0,PE,0,0,0,370.95
2026-06-19,2026-07-28,5650.0,CE,1750,0,0,90.2
2026-06-19,2026-07-28,5650.0,PE,0,0,0,380.6
2026-06-19,2026-07-28,5700.0,CE,625,0,0,75.15
2026-06-19,2026-07-28,5700.0,PE,0,0,0,430.35
2026-06-19,2026-07-28,5750.0,CE,1000,0,0,67.45
2026-06-19,2026-07-28,5750.0,PE,125,0,0,455.0
2026-06-19,2026-07-28,5800.0,CE,625,0,0,54.3
2026-06-19,2026-07-28,5800.0,PE,250,0,0,485.7
2026-06-19,2026-07-28,5850.0,CE,0,0,0,109.65
2026-06-19,2026-07-28,5850.0,PE,0,0,0,519.7
2026-06-19,2026-07-28,5900.0,CE,0,0,0,165.55
2026-06-19,2026-07-28,5900.0,PE,0,0,0,562.35
2026-06-19,2026-07-28,5950.0,CE,625,0,0,56.05
2026-06-19,2026-07-28,5950.0,PE,0,0,0,596.0
2026-06-19,2026-07-28,6000.0,CE,1250,0,0,36.35
2026-06-19,2026-07-28,6000.0,PE,0,0,0,634.65
2026-06-19,2026-07-28,6050.0,CE,250,0,0,36.5
2026-06-19,2026-07-28,6050.0,PE,125,0,0,676.2
2026-06-19,2026-07-28,6100.0,CE,5500,0,0,27.3
2026-06-19,2026-07-28,6100.0,PE,625,0,0,839.7
2026-06-19,2026-07-28,6150.0,CE,125,0,0,23.4
2026-06-19,2026-07-28,6150.0,PE,500,0,0,790.5
2026-06-19,2026-07-28,6200.0,CE,250,0,0,18.3
2026-06-19,2026-07-28,6200.0,PE,375,0,0,840.95
2026-06-19,2026-07-28,6250.0,CE,0,0,0,41.15
2026-06-19,2026-07-28,6250.0,PE,0,0,0,847.1
2026-06-19,2026-07-28,6300.0,CE,500,0,0,15.1
2026-06-19,2026-07-28,6300.0,PE,0,0,0,870.8
2026-06-19,2026-07-28,6350.0,CE,500,0,0,13.6
2026-06-19,2026-07-28,6350.0,PE,0,0,0,936.4
2026-06-19,2026-07-28,6400.0,CE,375,0,0,18.0
2026-06-19,2026-07-28,6400.0,PE,125,0,0,995.0
2026-06-19,2026-07-28,6450.0,CE,500,0,0,12.4
2026-06-19,2026-07-28,6450.0,PE,0,0,0,1027.75
2026-06-19,2026-07-28,6500.0,CE,0,0,0,53.55
2026-06-19,2026-07-28,6500.0,PE,0,0,0,1041.7
2026-06-19,2026-07-28,6550.0,CE,0,0,0,17.95
2026-06-19,2026-07-28,6550.0,PE,0,0,0,1120.8
2026-06-19,2026-08-25,4400.0,CE,0,0,0,1065.1
2026-06-19,2026-08-25,4400.0,PE,0,0,0,20.1
2026-06-19,2026-08-25,4600.0,CE,0,0,0,888.1
2026-06-19,2026-08-25,4600.0,PE,0,0,0,40.15
2026-06-19,2026-08-25,4700.0,CE,0,0,0,804.1
2026-06-19,2026-08-25,4700.0,PE,0,0,0,54.65
2026-06-19,2026-08-25,4800.0,CE,0,0,0,723.75
2026-06-19,2026-08-25,4800.0,PE,0,0,0,72.8
2026-06-19,2026-08-25,4900.0,CE,0,0,0,647.4
2026-06-19,2026-08-25,4900.0,PE,0,0,0,95.0
2026-06-19,2026-08-25,5000.0,CE,0,0,0,575.55
2026-06-19,2026-08-25,5000.0,PE,0,0,0,112.0
2026-06-19,2026-08-25,5100.0,CE,0,0,0,508.15
2026-06-19,2026-08-25,5100.0,PE,0,0,0,152.8
2026-06-19,2026-08-25,5200.0,CE,0,0,0,445.9
2026-06-19,2026-08-25,5200.0,PE,0,0,0,189.05
2026-06-19,2026-08-25,5300.0,CE,0,0,0,388.7
2026-06-19,2026-08-25,5300.0,PE,0,0,0,230.4
2026-06-19,2026-08-25,5400.0,CE,0,0,0,336.65
2026-06-19,2026-08-25,5400.0,PE,0,0,0,276.9
2026-06-19,2026-08-25,5500.0,CE,0,0,0,289.65
2026-06-19,2026-08-25,5500.0,PE,0,0,0,328.4
2026-06-19,2026-08-25,5600.0,CE,0,0,0,247.6
2026-06-19,2026-08-25,5600.0,PE,0,0,0,384.9
2026-06-19,2026-08-25,5700.0,CE,0,0,0,210.3
2026-06-19,2026-08-25,5700.0,PE,0,0,0,446.1
2026-06-19,2026-08-25,5800.0,CE,0,0,0,177.5
2026-06-19,2026-08-25,5800.0,PE,0,0,0,511.8
2026-06-19,2026-08-25,5900.0,CE,0,0,0,148.85
2026-06-19,2026-08-25,5900.0,PE,0,0,0,581.7
2026-06-19,2026-08-25,6000.0,CE,0,0,0,124.4
2026-06-19,2026-08-25,6000.0,PE,0,0,0,655.75
2026-06-19,2026-08-25,6100.0,CE,0,0,0,102.95
2026-06-19,2026-08-25,6100.0,PE,0,0,0,732.85
2026-06-19,2026-08-25,6200.0,CE,0,0,0,84.85
2026-06-19,2026-08-25,6200.0,PE,0,0,0,813.25
2026-06-19,2026-08-25,6300.0,CE,0,0,0,69.5
2026-06-19,2026-08-25,6300.0,PE,0,0,0,896.45
2026-06-19,2026-08-25,6400.0,CE,0,0,0,56.65
2026-06-19,2026-08-25,6400.0,PE,0,0,0,982.1
2026-06-19,2026-08-25,6500.0,CE,0,0,0,45.9
2026-06-19,2026-08-25,6500.0,PE,0,0,0,1069.85
2026-06-22,2026-06-30,4400.0,CE,0,0,0,1000.1
2026-06-22,2026-06-30,4400.0,PE,1125,0,5,1.45
2026-06-22,2026-06-30,4500.0,CE,125,0,0,858.05
2026-06-22,2026-06-30,4500.0,PE,12375,125,100,1.45
2026-06-22,2026-06-30,4600.0,CE,0,0,0,772.5
2026-06-22,2026-06-30,4600.0,PE,500,-125,2,1.2
2026-06-22,2026-06-30,4700.0,CE,375,0,0,715.0
2026-06-22,2026-06-30,4700.0,PE,2875,-5375,109,1.5
2026-06-22,2026-06-30,4750.0,CE,0,0,0,752.6
2026-06-22,2026-06-30,4750.0,PE,375,0,0,3.15
2026-06-22,2026-06-30,4800.0,CE,0,0,0,561.95
2026-06-22,2026-06-30,4800.0,PE,20750,-2000,59,1.5
2026-06-22,2026-06-30,4850.0,CE,0,0,0,668.85
2026-06-22,2026-06-30,4850.0,PE,1125,-1125,10,2.1
2026-06-22,2026-06-30,4900.0,CE,0,0,0,591.35
2026-06-22,2026-06-30,4900.0,PE,13000,-375,22,2.95
2026-06-22,2026-06-30,4950.0,CE,0,0,0,589.4
2026-06-22,2026-06-30,4950.0,PE,3750,1375,31,4.0
2026-06-22,2026-06-30,5000.0,CE,250,0,0,360.0
2026-06-22,2026-06-30,5000.0,PE,10500,-125,46,3.55
2026-06-22,2026-06-30,5050.0,CE,0,0,0,515.0
2026-06-22,2026-06-30,5050.0,PE,4000,-3000,66,4.7
2026-06-22,2026-06-30,5100.0,CE,0,0,0,457.4
2026-06-22,2026-06-30,5100.0,PE,30750,-1125,147,6.1
2026-06-22,2026-06-30,5150.0,CE,0,0,0,445.55
2026-06-22,2026-06-30,5150.0,PE,3500,-875,89,8.85
2026-06-22,2026-06-30,5200.0,CE,7625,-125,14,199.7
2026-06-22,2026-06-30,5200.0,PE,17750,-2750,299,12.75
2026-06-22,2026-06-30,5250.0,CE,8250,125,41,155.6
2026-06-22,2026-06-30,5250.0,PE,24500,0,200,21.45
2026-06-22,2026-06-30,5300.0,CE,23500,-1625,173,121.45
2026-06-22,2026-06-30,5300.0,PE,27250,-500,495,32.9
2026-06-22,2026-06-30,5350.0,CE,28375,2625,612,85.85
2026-06-22,2026-06-30,5350.0,PE,18875,750,199,50.6
2026-06-22,2026-06-30,5400.0,CE,65125,12875,1147,62.6
2026-06-22,2026-06-30,5400.0,PE,14125,-125,147,75.45
2026-06-22,2026-06-30,5450.0,CE,14125,-1125,98,43.4
2026-06-22,2026-06-30,5450.0,PE,5250,0,0,144.6
2026-06-22,2026-06-30,5500.0,CE,57000,-1500,771,30.05
2026-06-22,2026-06-30,5500.0,PE,30875,-2000,69,143.5
2026-06-22,2026-06-30,5550.0,CE,15875,0,163,20.9
2026-06-22,2026-06-30,5550.0,PE,3375,0,0,218.0
2026-06-22,2026-06-30,5600.0,CE,42625,625,463,14.8
2026-06-22,2026-06-30,5600.0,PE,20875,-250,2,236.35
2026-06-22,2026-06-30,5650.0,CE,14625,-1500,166,10.45
2026-06-22,2026-06-30,5650.0,PE,14000,0,0,326.6
2026-06-22,2026-06-30,5700.0,CE,97125,-4500,430,8.2
2026-06-22,2026-06-30,5700.0,PE,11500,0,0,400.0
2026-06-22,2026-06-30,5750.0,CE,19500,1625,47,6.5
2026-06-22,2026-06-30,5750.0,PE,4875,0,0,411.5
2026-06-22,2026-06-30,5800.0,CE,79000,-5625,222,5.05
2026-06-22,2026-06-30,5800.0,PE,36125,0,0,475.3
2026-06-22,2026-06-30,5850.0,CE,8000,0,0,6.3
2026-06-22,2026-06-30,5850.0,PE,625,0,0,348.95
2026-06-22,2026-06-30,5900.0,CE,40500,-8125,274,3.45
2026-06-22,2026-06-30,5900.0,PE,1250,0,0,406.15
2026-06-22,2026-06-30,5950.0,CE,2875,750,16,3.15
2026-06-22,2026-06-30,5950.0,PE,125,0,0,595.75
2026-06-22,2026-06-30,6000.0,CE,77375,-4750,185,2.65
2026-06-22,2026-06-30,6000.0,PE,0,0,0,696.1
2026-06-22,2026-06-30,6050.0,CE,2625,250,18,2.45
2026-06-22,2026-06-30,6050.0,PE,375,0,0,685.0
2026-06-22,2026-06-30,6100.0,CE,2500,0,0,2.3
2026-06-22,2026-06-30,6100.0,PE,0,0,0,775.8
2026-06-22,2026-06-30,6150.0,CE,625,0,0,8.4
2026-06-22,2026-06-30,6150.0,PE,375,0,0,800.25
2026-06-22,2026-06-30,6200.0,CE,37000,-5750,68,1.75
2026-06-22,2026-06-30,6200.0,PE,0,0,0,760.4
2026-06-22,2026-06-30,6250.0,CE,1875,0,0,5.0
2026-06-22,2026-06-30,6250.0,PE,375,0,0,890.55
2026-06-22,2026-06-30,6300.0,CE,1625,-250,2,0.8
2026-06-22,2026-06-30,6300.0,PE,0,-125,1,917.7
2026-06-22,2026-06-30,6350.0,CE,0,0,0,37.8
2026-06-22,2026-06-30,6350.0,PE,0,-375,3,967.8
2026-06-22,2026-06-30,6400.0,CE,18875,-5000,48,1.1
2026-06-22,2026-06-30,6400.0,PE,0,0,0,1030.95
2026-06-22,2026-06-30,6450.0,CE,125,0,0,2.5
2026-06-22,2026-06-30,6450.0,PE,500,0,0,1090.95
2026-06-22,2026-06-30,6500.0,CE,4250,-3125,31,0.75
2026-06-22,2026-06-30,6500.0,PE,0,0,0,1120.25
2026-06-22,2026-06-30,6550.0,CE,1125,-500,7,0.65
2026-06-22,2026-06-30,6550.0,PE,0,-375,3,1167.55
2026-06-22,2026-07-28,4400.0,CE,0,0,0,1101.2
2026-06-22,2026-07-28,4400.0,PE,0,0,0,19.55
2026-06-22,2026-07-28,4500.0,CE,0,0,0,1011.0
2026-06-22,2026-07-28,4500.0,PE,0,0,0,27.9
2026-06-22,2026-07-28,4600.0,CE,0,0,0,923.35
2026-06-22,2026-07-28,4600.0,PE,0,0,0,38.8
2026-06-22,2026-07-28,4700.0,CE,0,0,0,838.7
2026-06-22,2026-07-28,4700.0,PE,250,0,0,25.0
2026-06-22,2026-07-28,4750.0,CE,0,0,0,717.55
2026-06-22,2026-07-28,4750.0,PE,0,0,0,38.9
2026-06-22,2026-07-28,4800.0,CE,0,0,0,757.55
2026-06-22,2026-07-28,4800.0,PE,500,0,0,20.0
2026-06-22,2026-07-28,4850.0,CE,0,0,0,634.75
2026-06-22,2026-07-28,4850.0,PE,0,0,0,55.05
2026-06-22,2026-07-28,4900.0,CE,0,0,0,680.25
2026-06-22,2026-07-28,4900.0,PE,875,0,0,36.0
2026-06-22,2026-07-28,4950.0,CE,250,0,0,477.35
2026-06-22,2026-07-28,4950.0,PE,750,0,0,57.2
2026-06-22,2026-07-28,5000.0,CE,0,0,0,607.35
2026-06-22,2026-07-28,5000.0,PE,1625,0,0,51.9
2026-06-22,2026-07-28,5050.0,CE,0,0,0,483.45
2026-06-22,2026-07-28,5050.0,PE,500,0,0,71.75
2026-06-22,2026-07-28,5100.0,CE,0,0,0,538.65
2026-06-22,2026-07-28,5100.0,PE,250,0,0,84.45
2026-06-22,2026-07-28,5150.0,CE,0,0,0,415.7
2026-06-22,2026-07-28,5150.0,PE,0,0,0,132.9
2026-06-22,2026-07-28,5200.0,CE,0,0,0,474.95
2026-06-22,2026-07-28,5200.0,PE,0,0,0,181.8
2026-06-22,2026-07-28,5250.0,CE,125,0,0,354.1
2026-06-22,2026-07-28,5250.0,PE,250,0,0,97.4
2026-06-22,2026-07-28,5300.0,CE,125,0,0,257.0
2026-06-22,2026-07-28,5300.0,PE,125,0,0,181.6
2026-06-22,2026-07-28,5350.0,CE,0,0,0,298.6
2026-06-22,2026-07-28,5350.0,PE,0,0,0,213.75
2026-06-22,2026-07-28,5400.0,CE,0,0,0,362.45
2026-06-22,2026-07-28,5400.0,PE,125,125,1,160.0
2026-06-22,2026-07-28,5450.0,CE,0,0,0,249.3
2026-06-22,2026-07-28,5450.0,PE,0,0,0,263.4
2026-06-22,2026-07-28,5500.0,CE,1375,375,3,125.0
2026-06-22,2026-07-28,5500.0,PE,625,500,4,215.0
2026-06-22,2026-07-28,5550.0,CE,1000,0,0,116.35
2026-06-22,2026-07-28,5550.0,PE,0,0,0,319.1
2026-06-22,2026-07-28,5600.0,CE,375,0,0,124.0
2026-06-22,2026-07-28,5600.0,PE,0,0,0,370.95
2026-06-22,2026-07-28,5650.0,CE,1750,0,0,90.2
2026-06-22,2026-07-28,5650.0,PE,0,0,0,380.6
2026-06-22,2026-07-28,5700.0,CE,750,125,1,75.15
2026-06-22,2026-07-28,5700.0,PE,0,0,0,430.35
2026-06-22,2026-07-28,5750.0,CE,1125,125,1,57.0
2026-06-22,2026-07-28,5750.0,PE,125,0,0,455.0
2026-06-22,2026-07-28,5800.0,CE,1375,750,6,48.0
2026-06-22,2026-07-28,5800.0,PE,250,0,0,485.7
2026-06-22,2026-07-28,5850.0,CE,0,0,0,109.65
2026-06-22,2026-07-28,5850.0,PE,0,0,0,519.7
2026-06-22,2026-07-28,5900.0,CE,0,0,0,165.55
2026-06-22,2026-07-28,5900.0,PE,0,0,0,562.35
2026-06-22,2026-07-28,5950.0,CE,625,0,0,56.05
2026-06-22,2026-07-28,5950.0,PE,0,0,0,596.0
2026-06-22,2026-07-28,6000.0,CE,1250,0,0,36.35
2026-06-22,2026-07-28,6000.0,PE,0,0,0,634.65
2026-06-22,2026-07-28,6050.0,CE,250,0,0,36.5
2026-06-22,2026-07-28,6050.0,PE,125,0,0,676.2
2026-06-22,2026-07-28,6100.0,CE,5875,375,6,19.2
2026-06-22,2026-07-28,6100.0,PE,625,0,0,839.7
2026-06-22,2026-07-28,6150.0,CE,125,0,0,23.4
2026-06-22,2026-07-28,6150.0,PE,500,0,0,790.5
2026-06-22,2026-07-28,6200.0,CE,250,0,0,18.3
2026-06-22,2026-07-28,6200.0,PE,375,0,0,840.95
2026-06-22,2026-07-28,6250.0,CE,0,0,0,41.15
2026-06-22,2026-07-28,6250.0,PE,0,0,0,847.1
2026-06-22,2026-07-28,6300.0,CE,500,0,0,15.1
2026-06-22,2026-07-28,6300.0,PE,0,0,0,870.8
2026-06-22,2026-07-28,6350.0,CE,500,0,0,13.6
2026-06-22,2026-07-28,6350.0,PE,0,0,0,936.4
2026-06-22,2026-07-28,6400.0,CE,375,0,0,18.0
2026-06-22,2026-07-28,6400.0,PE,125,0,0,995.0
2026-06-22,2026-07-28,6450.0,CE,500,0,0,12.4
2026-06-22,2026-07-28,6450.0,PE,0,0,0,1027.75
2026-06-22,2026-07-28,6500.0,CE,0,0,0,53.55
2026-06-22,2026-07-28,6500.0,PE,0,0,0,1041.7
2026-06-22,2026-07-28,6550.0,CE,0,0,0,17.95
2026-06-22,2026-07-28,6550.0,PE,0,0,0,1120.8
2026-06-22,2026-08-25,4400.0,CE,0,0,0,1065.1
2026-06-22,2026-08-25,4400.0,PE,0,0,0,20.1
2026-06-22,2026-08-25,4600.0,CE,0,0,0,888.1
2026-06-22,2026-08-25,4600.0,PE,0,0,0,40.15
2026-06-22,2026-08-25,4700.0,CE,0,0,0,804.1
2026-06-22,2026-08-25,4700.0,PE,0,0,0,54.65
2026-06-22,2026-08-25,4800.0,CE,0,0,0,723.75
2026-06-22,2026-08-25,4800.0,PE,0,0,0,72.8
2026-06-22,2026-08-25,4900.0,CE,0,0,0,647.4
2026-06-22,2026-08-25,4900.0,PE,0,0,0,95.0
2026-06-22,2026-08-25,5000.0,CE,0,0,0,575.55
2026-06-22,2026-08-25,5000.0,PE,0,0,0,112.0
2026-06-22,2026-08-25,5100.0,CE,0,0,0,508.15
2026-06-22,2026-08-25,5100.0,PE,0,0,0,152.8
2026-06-22,2026-08-25,5200.0,CE,0,0,0,445.9
2026-06-22,2026-08-25,5200.0,PE,0,0,0,189.05
2026-06-22,2026-08-25,5300.0,CE,0,0,0,388.7
2026-06-22,2026-08-25,5300.0,PE,0,0,0,230.4
2026-06-22,2026-08-25,5400.0,CE,0,0,0,336.65
2026-06-22,2026-08-25,5400.0,PE,0,0,0,276.9
2026-06-22,2026-08-25,5500.0,CE,0,0,0,289.65
2026-06-22,2026-08-25,5500.0,PE,0,0,0,328.4
2026-06-22,2026-08-25,5600.0,CE,0,0,0,247.6
2026-06-22,2026-08-25,5600.0,PE,0,0,0,384.9
2026-06-22,2026-08-25,5700.0,CE,0,0,0,210.3
2026-06-22,2026-08-25,5700.0,PE,0,0,0,446.1
2026-06-22,2026-08-25,5800.0,CE,0,0,0,177.5
2026-06-22,2026-08-25,5800.0,PE,0,0,0,511.8
2026-06-22,2026-08-25,5900.0,CE,0,0,0,148.85
2026-06-22,2026-08-25,5900.0,PE,0,0,0,581.7
2026-06-22,2026-08-25,6000.0,CE,0,0,0,124.4
2026-06-22,2026-08-25,6000.0,PE,0,0,0,655.75
2026-06-22,2026-08-25,6100.0,CE,0,0,0,102.95
2026-06-22,2026-08-25,6100.0,PE,0,0,0,732.85
2026-06-22,2026-08-25,6200.0,CE,0,0,0,84.85
2026-06-22,2026-08-25,6200.0,PE,0,0,0,813.25
2026-06-22,2026-08-25,6300.0,CE,0,0,0,69.5
2026-06-22,2026-08-25,6300.0,PE,0,0,0,896.45
2026-06-22,2026-08-25,6400.0,CE,0,0,0,56.65
2026-06-22,2026-08-25,6400.0,PE,0,0,0,982.1
2026-06-22,2026-08-25,6500.0,CE,0,0,0,45.9
2026-06-22,2026-08-25,6500.0,PE,0,0,0,1069.85
2026-06-23,2026-06-30,4400.0,CE,0,0,0,1000.1
2026-06-23,2026-06-30,4400.0,PE,1125,0,0,1.45
2026-06-23,2026-06-30,4500.0,CE,500,375,6,991.2
2026-06-23,2026-06-30,4500.0,PE,12625,250,196,1.3
2026-06-23,2026-06-30,4600.0,CE,0,0,0,772.5
2026-06-23,2026-06-30,4600.0,PE,500,0,0,1.2
2026-06-23,2026-06-30,4700.0,CE,375,0,0,715.0
2026-06-23,2026-06-30,4700.0,PE,2375,-500,12,1.4
2026-06-23,2026-06-30,4750.0,CE,0,0,0,752.6
2026-06-23,2026-06-30,4750.0,PE,375,0,0,3.15
2026-06-23,2026-06-30,4800.0,CE,0,0,0,561.95
2026-06-23,2026-06-30,4800.0,PE,19500,-1250,24,1.35
2026-06-23,2026-06-30,4850.0,CE,0,0,0,668.85
2026-06-23,2026-06-30,4850.0,PE,1125,0,1,2.1
2026-06-23,2026-06-30,4900.0,CE,0,0,0,591.35
2026-06-23,2026-06-30,4900.0,PE,13000,0,1,2.0
2026-06-23,2026-06-30,4950.0,CE,0,0,0,589.4
2026-06-23,2026-06-30,4950.0,PE,3750,0,0,4.0
2026-06-23,2026-06-30,5000.0,CE,250,0,1,489.0
2026-06-23,2026-06-30,5000.0,PE,10500,0,76,2.35
2026-06-23,2026-06-30,5050.0,CE,0,0,0,515.0
2026-06-23,2026-06-30,5050.0,PE,4000,0,2,2.75
2026-06-23,2026-06-30,5100.0,CE,0,0,0,457.4
2026-06-23,2026-06-30,5100.0,PE,31125,375,214,4.35
2026-06-23,2026-06-30,5150.0,CE,0,0,0,445.55
2026-06-23,2026-06-30,5150.0,PE,3125,-375,3,5.55
2026-06-23,2026-06-30,5200.0,CE,7625,0,0,199.7
2026-06-23,2026-06-30,5200.0,PE,15750,-2000,242,10.25
2026-06-23,2026-06-30,5250.0,CE,6875,-1375,23,225.85
2026-06-23,2026-06-30,5250.0,PE,25125,625,386,13.95
2026-06-23,2026-06-30,5300.0,CE,21125,-2375,99,137.95
2026-06-23,2026-06-30,5300.0,PE,27125,-125,506,24.05
2026-06-23,2026-06-30,5350.0,CE,11000,-17375,359,101.9
2026-06-23,2026-06-30,5350.0,PE,20000,1125,266,39.9
2026-06-23,2026-06-30,5400.0,CE,34125,-31000,2819,71.8
2026-06-23,2026-06-30,5400.0,PE,23500,9375,1218,60.15
2026-06-23,2026-06-30,5450.0,CE,17500,3375,1822,54.45
2026-06-23,2026-06-30,5450.0,PE,10000,4750,565,87.45
2026-06-23,2026-06-30,5500.0,CE,144625,87625,8577,35.2
2026-06-23,2026-06-30,5500.0,PE,35125,4250,880,122.3
2026-06-23,2026-06-30,5550.0,CE,15500,-375,1047,23.6
2026-06-23,2026-06-30,5550.0,PE,3375,0,0,218.0
2026-06-23,2026-06-30,5600.0,CE,37625,-5000,1722,16.3
2026-06-23,2026-06-30,5600.0,PE,21875,1000,46,205.65
2026-06-23,2026-06-30,5650.0,CE,17125,2500,616,12.2
2026-06-23,2026-06-30,5650.0,PE,14000,0,0,326.6
2026-06-23,2026-06-30,5700.0,CE,81625,-15500,2437,9.05
2026-06-23,2026-06-30,5700.0,PE,10125,-1375,24,243.15
2026-06-23,2026-06-30,5750.0,CE,19875,375,116,7.45
2026-06-23,2026-06-30,5750.0,PE,4875,0,0,411.5
2026-06-23,2026-06-30,5800.0,CE,84000,5000,1133,5.8
2026-06-23,2026-06-30,5800.0,PE,35875,-250,8,360.0
2026-06-23,2026-06-30,5850.0,CE,8250,250,19,5.3
2026-06-23,2026-06-30,5850.0,PE,625,0,0,348.95
2026-06-23,2026-06-30,5900.0,CE,46625,6125,282,3.5
2026-06-23,2026-06-30,5900.0,PE,1250,0,0,406.15
2026-06-23,2026-06-30,5950.0,CE,2875,0,0,3.15
2026-06-23,2026-06-30,5950.0,PE,125,0,0,595.75
2026-06-23,2026-06-30,6000.0,CE,78250,875,774,2.2
2026-06-23,2026-06-30,6000.0,PE,0,0,0,696.1
2026-06-23,2026-06-30,6050.0,CE,2500,-125,1,2.5
2026-06-23,2026-06-30,6050.0,PE,375,0,0,685.0
2026-06-23,2026-06-30,6100.0,CE,2375,-125,2,2.3
2026-06-23,2026-06-30,6100.0,PE,0,0,0,775.8
2026-06-23,2026-06-30,6150.0,CE,1375,750,24,1.4
2026-06-23,2026-06-30,6150.0,PE,375,0,0,800.25
2026-06-23,2026-06-30,6200.0,CE,34000,-3000,56,1.15
2026-06-23,2026-06-30,6200.0,PE,0,0,0,760.4
2026-06-23,2026-06-30,6250.0,CE,1875,0,0,5.0
2026-06-23,2026-06-30,6250.0,PE,375,0,0,890.55
2026-06-23,2026-06-30,6300.0,CE,1500,-125,3,0.7
2026-06-23,2026-06-30,6300.0,PE,0,0,0,917.7
2026-06-23,2026-06-30,6350.0,CE,0,0,0,37.8
2026-06-23,2026-06-30,6350.0,PE,0,0,0,967.8
2026-06-23,2026-06-30,6400.0,CE,16375,-2500,28,1.0
2026-06-23,2026-06-30,6400.0,PE,0,0,0,1030.95
2026-06-23,2026-06-30,6450.0,CE,125,0,0,2.5
2026-06-23,2026-06-30,6450.0,PE,500,0,0,1090.95
2026-06-23,2026-06-30,6500.0,CE,3750,-500,6,0.85
2026-06-23,2026-06-30,6500.0,PE,0,0,0,1120.25
2026-06-23,2026-06-30,6550.0,CE,1125,0,0,0.65
2026-06-23,2026-06-30,6550.0,PE,0,0,0,1167.55
2026-06-23,2026-07-28,4400.0,CE,0,0,0,1101.2
2026-06-23,2026-07-28,4400.0,PE,0,0,0,19.55
2026-06-23,2026-07-28,4500.0,CE,0,0,0,1011.0
2026-06-23,2026-07-28,4500.0,PE,0,0,0,27.9
2026-06-23,2026-07-28,4600.0,CE,0,0,0,923.35
2026-06-23,2026-07-28,4600.0,PE,0,0,0,38.8
2026-06-23,2026-07-28,4700.0,CE,0,0,0,838.7
2026-06-23,2026-07-28,4700.0,PE,250,0,0,25.0
2026-06-23,2026-07-28,4750.0,CE,0,0,0,717.55
2026-06-23,2026-07-28,4750.0,PE,0,0,0,38.9
2026-06-23,2026-07-28,4800.0,CE,0,0,0,757.55
2026-06-23,2026-07-28,4800.0,PE,1250,750,725,21.9
2026-06-23,2026-07-28,4850.0,CE,0,0,0,634.75
2026-06-23,2026-07-28,4850.0,PE,0,0,0,55.05
2026-06-23,2026-07-28,4900.0,CE,0,0,0,680.25
2026-06-23,2026-07-28,4900.0,PE,875,0,0,36.0
2026-06-23,2026-07-28,4950.0,CE,125,-125,1,595.8
2026-06-23,2026-07-28,4950.0,PE,750,0,0,57.2
2026-06-23,2026-07-28,5000.0,CE,0,0,0,607.35
2026-06-23,2026-07-28,5000.0,PE,5625,4000,98,33.0
2026-06-23,2026-07-28,5050.0,CE,0,0,0,483.45
2026-06-23,2026-07-28,5050.0,PE,500,0,0,71.75
2026-06-23,2026-07-28,5100.0,CE,0,0,0,538.65
2026-06-23,2026-07-28,5100.0,PE,250,0,6,49.55
2026-06-23,2026-07-28,5150.0,CE,375,375,6,386.0
2026-06-23,2026-07-28,5150.0,PE,1125,1125,11,57.55
2026-06-23,2026-07-28,5200.0,CE,0,0,0,474.95
2026-06-23,2026-07-28,5200.0,PE,0,0,0,181.8
2026-06-23,2026-07-28,5250.0,CE,125,0,0,354.1
2026-06-23,2026-07-28,5250.0,PE,250,0,0,97.4
2026-06-23,2026-07-28,5300.0,CE,125,0,0,257.0
2026-06-23,2026-07-28,5300.0,PE,375,250,2,100.0
2026-06-23,2026-07-28,5350.0,CE,0,0,0,298.6
2026-06-23,2026-07-28,5350.0,PE,0,0,0,213.75
2026-06-23,2026-07-28,5400.0,CE,250,250,6,169.4
2026-06-23,2026-07-28,5400.0,PE,1125,1000,10,144.55
2026-06-23,2026-07-28,5450.0,CE,250,250,4,205.05
2026-06-23,2026-07-28,5450.0,PE,125,125,1,151.65
2026-06-23,2026-07-28,5500.0,CE,11375,10000,174,141.15
2026-06-23,2026-07-28,5500.0,PE,3625,3000,41,195.1
2026-06-23,2026-07-28,5550.0,CE,1000,0,0,116.35
2026-06-23,2026-07-28,5550.0,PE,0,0,0,319.1
2026-06-23,2026-07-28,5600.0,CE,625,250,2,135.45
2026-06-23,2026-07-28,5600.0,PE,0,0,0,370.95
2026-06-23,2026-07-28,5650.0,CE,1750,0,0,90.2
2026-06-23,2026-07-28,5650.0,PE,0,0,0,380.6
2026-06-23,2026-07-28,5700.0,CE,2000,1250,17,85.25
2026-06-23,2026-07-28,5700.0,PE,0,0,0,430.35
2026-06-23,2026-07-28,5750.0,CE,1125,0,2,73.25
2026-06-23,2026-07-28,5750.0,PE,125,0,0,455.0
2026-06-23,2026-07-28,5800.0,CE,3625,2250,39,55.6
2026-06-23,2026-07-28,5800.0,PE,250,0,0,485.7
2026-06-23,2026-07-28,5850.0,CE,0,0,0,109.65
2026-06-23,2026-07-28,5850.0,PE,0,0,0,519.7
2026-06-23,2026-07-28,5900.0,CE,0,0,0,165.55
2026-06-23,2026-07-28,5900.0,PE,0,0,0,562.35
2026-06-23,2026-07-28,5950.0,CE,625,0,0,56.05
2026-06-23,2026-07-28,5950.0,PE,0,0,0,596.0
2026-06-23,2026-07-28,6000.0,CE,3875,2625,201,28.35
2026-06-23,2026-07-28,6000.0,PE,0,0,0,634.65
2026-06-23,2026-07-28,6050.0,CE,250,0,0,36.5
2026-06-23,2026-07-28,6050.0,PE,125,0,0,676.2
2026-06-23,2026-07-28,6100.0,CE,5875,0,0,19.2
2026-06-23,2026-07-28,6100.0,PE,625,0,0,839.7
2026-06-23,2026-07-28,6150.0,CE,125,0,0,23.4
2026-06-23,2026-07-28,6150.0,PE,500,0,0,790.5
2026-06-23,2026-07-28,6200.0,CE,250,0,0,18.3
2026-06-23,2026-07-28,6200.0,PE,375,0,0,840.95
2026-06-23,2026-07-28,6250.0,CE,0,0,0,41.15
2026-06-23,2026-07-28,6250.0,PE,0,0,0,847.1
2026-06-23,2026-07-28,6300.0,CE,625,125,2,18.0
2026-06-23,2026-07-28,6300.0,PE,0,0,0,870.8
2026-06-23,2026-07-28,6350.0,CE,500,0,0,13.6
2026-06-23,2026-07-28,6350.0,PE,0,0,0,936.4
2026-06-23,2026-07-28,6400.0,CE,375,0,0,18.0
2026-06-23,2026-07-28,6400.0,PE,125,0,0,995.0
2026-06-23,2026-07-28,6450.0,CE,500,0,0,12.4
2026-06-23,2026-07-28,6450.0,PE,0,0,0,1027.75
2026-06-23,2026-07-28,6500.0,CE,0,0,0,53.55
2026-06-23,2026-07-28,6500.0,PE,0,0,0,1041.7
2026-06-23,2026-07-28,6550.0,CE,0,0,0,17.95
2026-06-23,2026-07-28,6550.0,PE,0,0,0,1120.8
2026-06-23,2026-08-25,4400.0,CE,0,0,0,1065.1
2026-06-23,2026-08-25,4400.0,PE,0,0,0,20.1
2026-06-23,2026-08-25,4600.0,CE,0,0,0,888.1
2026-06-23,2026-08-25,4600.0,PE,0,0,0,40.15
2026-06-23,2026-08-25,4700.0,CE,0,0,0,804.1
2026-06-23,2026-08-25,4700.0,PE,0,0,0,54.65
2026-06-23,2026-08-25,4800.0,CE,0,0,0,723.75
2026-06-23,2026-08-25,4800.0,PE,0,0,0,72.8
2026-06-23,2026-08-25,4900.0,CE,0,0,0,647.4
2026-06-23,2026-08-25,4900.0,PE,0,0,0,95.0
2026-06-23,2026-08-25,5000.0,CE,0,0,0,575.55
2026-06-23,2026-08-25,5000.0,PE,0,0,0,112.0
2026-06-23,2026-08-25,5100.0,CE,0,0,0,508.15
2026-06-23,2026-08-25,5100.0,PE,0,0,0,152.8
2026-06-23,2026-08-25,5200.0,CE,0,0,0,445.9
2026-06-23,2026-08-25,5200.0,PE,0,0,0,189.05
2026-06-23,2026-08-25,5300.0,CE,0,0,0,388.7
2026-06-23,2026-08-25,5300.0,PE,0,0,0,230.4
2026-06-23,2026-08-25,5400.0,CE,0,0,0,336.65
2026-06-23,2026-08-25,5400.0,PE,0,0,0,276.9
2026-06-23,2026-08-25,5500.0,CE,0,0,0,289.65
2026-06-23,2026-08-25,5500.0,PE,0,0,0,328.4
2026-06-23,2026-08-25,5600.0,CE,0,0,0,247.6
2026-06-23,2026-08-25,5600.0,PE,0,0,0,384.9
2026-06-23,2026-08-25,5700.0,CE,0,0,0,210.3
2026-06-23,2026-08-25,5700.0,PE,0,0,0,446.1
2026-06-23,2026-08-25,5800.0,CE,0,0,0,177.5
2026-06-23,2026-08-25,5800.0,PE,0,0,0,511.8
2026-06-23,2026-08-25,5900.0,CE,0,0,0,148.85
2026-06-23,2026-08-25,5900.0,PE,0,0,0,581.7
2026-06-23,2026-08-25,6000.0,CE,0,0,0,124.4
2026-06-23,2026-08-25,6000.0,PE,0,0,0,655.75
2026-06-23,2026-08-25,6100.0,CE,0,0,0,102.95
2026-06-23,2026-08-25,6100.0,PE,0,0,0,732.85
2026-06-23,2026-08-25,6200.0,CE,0,0,0,84.85
2026-06-23,2026-08-25,6200.0,PE,0,0,0,813.25
2026-06-23,2026-08-25,6300.0,CE,0,0,0,69.5
2026-06-23,2026-08-25,6300.0,PE,0,0,0,896.45
2026-06-23,2026-08-25,6400.0,CE,0,0,0,56.65
2026-06-23,2026-08-25,6400.0,PE,0,0,0,982.1
2026-06-23,2026-08-25,6500.0,CE,0,0,0,45.9
2026-06-23,2026-08-25,6500.0,PE,0,0,0,1069.85
2026-06-24,2026-06-30,4400.0,CE,0,0,0,1000.1
2026-06-24,2026-06-30,4400.0,PE,1125,0,0,1.45
2026-06-24,2026-06-30,4500.0,CE,500,0,0,991.2
2026-06-24,2026-06-30,4500.0,PE,17125,4500,699,0.85
2026-06-24,2026-06-30,4600.0,CE,0,0,0,772.5
2026-06-24,2026-06-30,4600.0,PE,500,0,0,1.2
2026-06-24,2026-06-30,4700.0,CE,375,0,0,715.0
2026-06-24,2026-06-30,4700.0,PE,1875,-500,5,1.05
2026-06-24,2026-06-30,4750.0,CE,0,0,0,752.6
2026-06-24,2026-06-30,4750.0,PE,375,0,0,3.15
2026-06-24,2026-06-30,4800.0,CE,0,0,0,561.95
2026-06-24,2026-06-30,4800.0,PE,19375,-125,1,2.0
2026-06-24,2026-06-30,4850.0,CE,0,0,0,668.85
2026-06-24,2026-06-30,4850.0,PE,1125,0,0,2.1
2026-06-24,2026-06-30,4900.0,CE,0,0,0,591.35
2026-06-24,2026-06-30,4900.0,PE,11500,-1500,22,2.0
2026-06-24,2026-06-30,4950.0,CE,0,0,0,589.4
2026-06-24,2026-06-30,4950.0,PE,3500,-250,2,1.25
2026-06-24,2026-06-30,5000.0,CE,250,0,0,489.0
2026-06-24,2026-06-30,5000.0,PE,7000,-3500,62,1.65
2026-06-24,2026-06-30,5050.0,CE,0,0,0,515.0
2026-06-24,2026-06-30,5050.0,PE,4000,0,0,2.75
2026-06-24,2026-06-30,5100.0,CE,0,0,0,457.4
2026-06-24,2026-06-30,5100.0,PE,29750,-1375,36,2.5
2026-06-24,2026-06-30,5150.0,CE,0,0,0,445.55
2026-06-24,2026-06-30,5150.0,PE,3125,0,0,5.55
2026-06-24,2026-06-30,5200.0,CE,6750,-875,7,243.05
2026-06-24,2026-06-30,5200.0,PE,12500,-3250,63,6.35
2026-06-24,2026-06-30,5250.0,CE,6875,0,0,225.85
2026-06-24,2026-06-30,5250.0,PE,25375,250,79,10.55
2026-06-24,2026-06-30,5300.0,CE,20625,-500,13,148.15
2026-06-24,2026-06-30,5300.0,PE,26125,-1000,156,17.9
2026-06-24,2026-06-30,5350.0,CE,9750,-1250,39,112.9
2026-06-24,2026-06-30,5350.0,PE,19875,-125,65,29.6
2026-06-24,2026-06-30,5400.0,CE,26125,-8000,315,76.25
2026-06-24,2026-06-30,5400.0,PE,25625,2125,286,47.85
2026-06-24,2026-06-30,5450.0,CE,20500,3000,786,53.85
2026-06-24,2026-06-30,5450.0,PE,10375,375,92,69.05
2026-06-24,2026-06-30,5500.0,CE,144375,-250,2159,36.1
2026-06-24,2026-06-30,5500.0,PE,37125,2000,67,102.35
2026-06-24,2026-06-30,5550.0,CE,16125,625,283,25.25
2026-06-24,2026-06-30,5550.0,PE,3375,0,0,218.0
2026-06-24,2026-06-30,5600.0,CE,53375,15750,1001,18.15
2026-06-24,2026-06-30,5600.0,PE,21875,0,0,205.65
2026-06-24,2026-06-30,5650.0,CE,16125,-1000,54,12.25
2026-06-24,2026-06-30,5650.0,PE,14000,0,0,326.6
2026-06-24,2026-06-30,5700.0,CE,77750,-3875,481,8.8
2026-06-24,2026-06-30,5700.0,PE,10125,0,0,243.15
2026-06-24,2026-06-30,5750.0,CE,22125,2250,47,6.4
2026-06-24,2026-06-30,5750.0,PE,4875,0,0,411.5
2026-06-24,2026-06-30,5800.0,CE,74875,-9125,174,4.9
2026-06-24,2026-06-30,5800.0,PE,35875,0,0,360.0
2026-06-24,2026-06-30,5850.0,CE,8250,0,0,5.3
2026-06-24,2026-06-30,5850.0,PE,625,0,0,348.95
2026-06-24,2026-06-30,5900.0,CE,44375,-2250,212,3.3
2026-06-24,2026-06-30,5900.0,PE,1250,0,0,406.15
2026-06-24,2026-06-30,5950.0,CE,2500,-375,60,3.1
2026-06-24,2026-06-30,5950.0,PE,125,0,0,595.75
2026-06-24,2026-06-30,6000.0,CE,68375,-9875,309,2.35
2026-06-24,2026-06-30,6000.0,PE,0,0,0,696.1
2026-06-24,2026-06-30,6050.0,CE,2500,0,1,2.5
2026-06-24,2026-06-30,6050.0,PE,375,0,0,685.0
2026-06-24,2026-06-30,6100.0,CE,2250,-125,1,1.8
2026-06-24,2026-06-30,6100.0,PE,0,0,0,775.8
2026-06-24,2026-06-30,6150.0,CE,875,-500,4,1.4
2026-06-24,2026-06-30,6150.0,PE,375,0,0,800.25
2026-06-24,2026-06-30,6200.0,CE,38875,4875,85,1.7
2026-06-24,2026-06-30,6200.0,PE,0,0,0,760.4
2026-06-24,2026-06-30,6250.0,CE,1875,0,0,5.0
2026-06-24,2026-06-30,6250.0,PE,375,0,0,890.55
2026-06-24,2026-06-30,6300.0,CE,1500,0,0,0.7
2026-06-24,2026-06-30,6300.0,PE,0,0,0,917.7
2026-06-24,2026-06-30,6350.0,CE,0,0,0,37.8
2026-06-24,2026-06-30,6350.0,PE,0,0,0,967.8
2026-06-24,2026-06-30,6400.0,CE,15750,-625,5,1.4
2026-06-24,2026-06-30,6400.0,PE,0,0,0,1030.95
2026-06-24,2026-06-30,6450.0,CE,125,0,0,2.5
2026-06-24,2026-06-30,6450.0,PE,500,0,0,1090.95
2026-06-24,2026-06-30,6500.0,CE,3125,-625,9,0.45
2026-06-24,2026-06-30,6500.0,PE,0,0,0,1120.25
2026-06-24,2026-06-30,6550.0,CE,1125,0,0,0.65
2026-06-24,2026-06-30,6550.0,PE,0,0,0,1167.55
2026-06-24,2026-07-28,4400.0,CE,0,0,0,1101.2
2026-06-24,2026-07-28,4400.0,PE,0,0,0,19.55
2026-06-24,2026-07-28,4500.0,CE,0,0,0,1011.0
2026-06-24,2026-07-28,4500.0,PE,0,0,0,27.9
2026-06-24,2026-07-28,4600.0,CE,0,0,0,923.35
2026-06-24,2026-07-28,4600.0,PE,0,0,0,38.8
2026-06-24,2026-07-28,4700.0,CE,0,0,0,838.7
2026-06-24,2026-07-28,4700.0,PE,250,0,0,25.0
2026-06-24,2026-07-28,4750.0,CE,0,0,0,717.55
2026-06-24,2026-07-28,4750.0,PE,0,0,0,38.9
2026-06-24,2026-07-28,4800.0,CE,0,0,0,757.55
2026-06-24,2026-07-28,4800.0,PE,2000,750,2875,14.95
2026-06-24,2026-07-28,4850.0,CE,0,0,0,634.75
2026-06-24,2026-07-28,4850.0,PE,0,0,0,55.05
2026-06-24,2026-07-28,4900.0,CE,0,0,0,680.25
2026-06-24,2026-07-28,4900.0,PE,5125,4250,44,18.25
2026-06-24,2026-07-28,4950.0,CE,125,0,0,595.8
2026-06-24,2026-07-28,4950.0,PE,750,0,0,57.2
2026-06-24,2026-07-28,5000.0,CE,0,0,0,607.35
2026-06-24,2026-07-28,5000.0,PE,6500,875,141,26.75
2026-06-24,2026-07-28,5050.0,CE,0,0,0,483.45
2026-06-24,2026-07-28,5050.0,PE,500,0,0,71.75
2026-06-24,2026-07-28,5100.0,CE,0,0,0,538.65
2026-06-24,2026-07-28,5100.0,PE,4000,3750,40,39.6
2026-06-24,2026-07-28,5150.0,CE,375,0,0,386.0
2026-06-24,2026-07-28,5150.0,PE,1125,0,0,57.55
2026-06-24,2026-07-28,5200.0,CE,0,0,0,474.95
2026-06-24,2026-07-28,5200.0,PE,875,875,11,56.5
2026-06-24,2026-07-28,5250.0,CE,500,375,3,306.0
2026-06-24,2026-07-28,5250.0,PE,250,0,2,71.7
2026-06-24,2026-07-28,5300.0,CE,125,0,0,257.0
2026-06-24,2026-07-28,5300.0,PE,375,0,0,100.0
2026-06-24,2026-07-28,5350.0,CE,0,0,0,298.6
2026-06-24,2026-07-28,5350.0,PE,0,0,0,213.75
2026-06-24,2026-07-28,5400.0,CE,250,0,0,169.4
2026-06-24,2026-07-28,5400.0,PE,1625,500,8,129.2
2026-06-24,2026-07-28,5450.0,CE,250,0,1,205.05
2026-06-24,2026-07-28,5450.0,PE,500,375,4,141.7
2026-06-24,2026-07-28,5500.0,CE,13625,2250,172,145.45
2026-06-24,2026-07-28,5500.0,PE,3750,125,1,181.6
2026-06-24,2026-07-28,5550.0,CE,1000,0,0,116.35
2026-06-24,2026-07-28,5550.0,PE,0,0,0,319.1
2026-06-24,2026-07-28,5600.0,CE,625,0,0,135.45
2026-06-24,2026-07-28,5600.0,PE,0,0,0,370.95
2026-06-24,2026-07-28,5650.0,CE,1750,0,0,90.2
2026-06-24,2026-07-28,5650.0,PE,0,0,0,380.6
2026-06-24,2026-07-28,5700.0,CE,2375,375,7,80.0
2026-06-24,2026-07-28,5700.0,PE,0,0,0,430.35
2026-06-24,2026-07-28,5750.0,CE,1125,0,0,73.25
2026-06-24,2026-07-28,5750.0,PE,125,0,0,455.0
2026-06-24,2026-07-28,5800.0,CE,4375,750,20,56.5
2026-06-24,2026-07-28,5800.0,PE,250,0,0,485.7
2026-06-24,2026-07-28,5850.0,CE,0,0,0,109.65
2026-06-24,2026-07-28,5850.0,PE,0,0,0,519.7
2026-06-24,2026-07-28,5900.0,CE,0,0,0,165.55
2026-06-24,2026-07-28,5900.0,PE,0,0,0,562.35
2026-06-24,2026-07-28,5950.0,CE,625,0,0,56.05
2026-06-24,2026-07-28,5950.0,PE,0,0,0,596.0
2026-06-24,2026-07-28,6000.0,CE,4750,875,74,29.3
2026-06-24,2026-07-28,6000.0,PE,0,0,0,634.65
2026-06-24,2026-07-28,6050.0,CE,250,0,0,36.5
2026-06-24,2026-07-28,6050.0,PE,125,0,0,676.2
2026-06-24,2026-07-28,6100.0,CE,5875,0,0,19.2
2026-06-24,2026-07-28,6100.0,PE,625,0,0,839.7
2026-06-24,2026-07-28,6150.0,CE,125,0,0,23.4
2026-06-24,2026-07-28,6150.0,PE,500,0,0,790.5
2026-06-24,2026-07-28,6200.0,CE,250,0,0,18.3
2026-06-24,2026-07-28,6200.0,PE,375,0,0,840.95
2026-06-24,2026-07-28,6250.0,CE,0,0,0,41.15
2026-06-24,2026-07-28,6250.0,PE,0,0,0,847.1
2026-06-24,2026-07-28,6300.0,CE,625,0,0,18.0
2026-06-24,2026-07-28,6300.0,PE,0,0,0,870.8
2026-06-24,2026-07-28,6350.0,CE,500,0,0,13.6
2026-06-24,2026-07-28,6350.0,PE,0,0,0,936.4
2026-06-24,2026-07-28,6400.0,CE,375,0,0,18.0
2026-06-24,2026-07-28,6400.0,PE,125,0,0,995.0
2026-06-24,2026-07-28,6450.0,CE,500,0,0,12.4
2026-06-24,2026-07-28,6450.0,PE,0,0,0,1027.75
2026-06-24,2026-07-28,6500.0,CE,0,0,0,53.55
2026-06-24,2026-07-28,6500.0,PE,0,0,0,1041.7
2026-06-24,2026-07-28,6550.0,CE,0,0,0,17.95
2026-06-24,2026-07-28,6550.0,PE,0,0,0,1120.8
2026-06-24,2026-08-25,4400.0,CE,0,0,0,1065.1
2026-06-24,2026-08-25,4400.0,PE,0,0,0,20.1
2026-06-24,2026-08-25,4600.0,CE,0,0,0,888.1
2026-06-24,2026-08-25,4600.0,PE,0,0,0,40.15
2026-06-24,2026-08-25,4700.0,CE,0,0,0,804.1
2026-06-24,2026-08-25,4700.0,PE,0,0,0,54.65
2026-06-24,2026-08-25,4800.0,CE,0,0,0,723.75
2026-06-24,2026-08-25,4800.0,PE,0,0,0,72.8
2026-06-24,2026-08-25,4900.0,CE,0,0,0,647.4
2026-06-24,2026-08-25,4900.0,PE,0,0,0,95.0
2026-06-24,2026-08-25,5000.0,CE,0,0,0,575.55
2026-06-24,2026-08-25,5000.0,PE,0,0,0,112.0
2026-06-24,2026-08-25,5100.0,CE,0,0,0,508.15
2026-06-24,2026-08-25,5100.0,PE,0,0,0,152.8
2026-06-24,2026-08-25,5200.0,CE,0,0,0,445.9
2026-06-24,2026-08-25,5200.0,PE,0,0,0,189.05
2026-06-24,2026-08-25,5300.0,CE,0,0,0,388.7
2026-06-24,2026-08-25,5300.0,PE,0,0,0,230.4
2026-06-24,2026-08-25,5400.0,CE,0,0,0,336.65
2026-06-24,2026-08-25,5400.0,PE,0,0,0,276.9
2026-06-24,2026-08-25,5500.0,CE,0,0,0,289.65
2026-06-24,2026-08-25,5500.0,PE,0,0,0,328.4
2026-06-24,2026-08-25,5600.0,CE,0,0,0,247.6
2026-06-24,2026-08-25,5600.0,PE,0,0,0,384.9
2026-06-24,2026-08-25,5700.0,CE,0,0,0,210.3
2026-06-24,2026-08-25,5700.0,PE,0,0,0,446.1
2026-06-24,2026-08-25,5800.0,CE,0,0,0,177.5
2026-06-24,2026-08-25,5800.0,PE,0,0,0,511.8
2026-06-24,2026-08-25,5900.0,CE,0,0,0,148.85
2026-06-24,2026-08-25,5900.0,PE,0,0,0,581.7
2026-06-24,2026-08-25,6000.0,CE,0,0,0,124.4
2026-06-24,2026-08-25,6000.0,PE,0,0,0,655.75
2026-06-24,2026-08-25,6100.0,CE,0,0,0,102.95
2026-06-24,2026-08-25,6100.0,PE,0,0,0,732.85
2026-06-24,2026-08-25,6200.0,CE,0,0,0,84.85
2026-06-24,2026-08-25,6200.0,PE,0,0,0,813.25
2026-06-24,2026-08-25,6300.0,CE,0,0,0,69.5
2026-06-24,2026-08-25,6300.0,PE,0,0,0,896.45
2026-06-24,2026-08-25,6400.0,CE,0,0,0,56.65
2026-06-24,2026-08-25,6400.0,PE,0,0,0,982.1
2026-06-24,2026-08-25,6500.0,CE,0,0,0,45.9
2026-06-24,2026-08-25,6500.0,PE,0,0,0,1069.85
2026-06-25,2026-06-30,4400.0,CE,0,0,0,1000.1
2026-06-25,2026-06-30,4400.0,PE,1125,0,0,1.45
2026-06-25,2026-06-30,4500.0,CE,500,0,0,991.2
2026-06-25,2026-06-30,4500.0,PE,10875,-6250,823,0.35
2026-06-25,2026-06-30,4600.0,CE,0,0,0,772.5
2026-06-25,2026-06-30,4600.0,PE,500,0,0,1.2
2026-06-25,2026-06-30,4700.0,CE,375,0,0,715.0
2026-06-25,2026-06-30,4700.0,PE,1750,-125,7,0.45
2026-06-25,2026-06-30,4750.0,CE,0,0,0,752.6
2026-06-25,2026-06-30,4750.0,PE,375,0,0,3.15
2026-06-25,2026-06-30,4800.0,CE,0,0,0,561.95
2026-06-25,2026-06-30,4800.0,PE,13375,-6000,1346,0.45
2026-06-25,2026-06-30,4850.0,CE,0,0,0,668.85
2026-06-25,2026-06-30,4850.0,PE,875,-250,2,1.05
2026-06-25,2026-06-30,4900.0,CE,0,0,0,591.35
2026-06-25,2026-06-30,4900.0,PE,11500,0,0,2.0
2026-06-25,2026-06-30,4950.0,CE,0,0,0,589.4
2026-06-25,2026-06-30,4950.0,PE,2625,-875,9,0.25
2026-06-25,2026-06-30,5000.0,CE,250,0,0,489.0
2026-06-25,2026-06-30,5000.0,PE,6375,-625,9,1.6
2026-06-25,2026-06-30,5050.0,CE,0,0,0,515.0
2026-06-25,2026-06-30,5050.0,PE,4000,0,0,2.75
2026-06-25,2026-06-30,5100.0,CE,0,0,0,457.4
2026-06-25,2026-06-30,5100.0,PE,28500,-1250,27,1.1
2026-06-25,2026-06-30,5150.0,CE,0,0,0,445.55
2026-06-25,2026-06-30,5150.0,PE,3125,0,0,5.55
2026-06-25,2026-06-30,5200.0,CE,6625,-125,1,280.0
2026-06-25,2026-06-30,5200.0,PE,12125,-375,34,2.25
2026-06-25,2026-06-30,5250.0,CE,6875,0,1,210.0
2026-06-25,2026-06-30,5250.0,PE,23750,-1625,49,3.2
2026-06-25,2026-06-30,5300.0,CE,20500,-125,11,144.0
2026-06-25,2026-06-30,5300.0,PE,23125,-3000,51,7.8
2026-06-25,2026-06-30,5350.0,CE,9750,0,0,112.9
2026-06-25,2026-06-30,5350.0,PE,16625,-3250,94,14.9
2026-06-25,2026-06-30,5400.0,CE,22125,-4000,82,58.45
2026-06-25,2026-06-30,5400.0,PE,22125,-3500,136,31.05
2026-06-25,2026-06-30,5450.0,CE,16875,-3625,358,38.0
2026-06-25,2026-06-30,5450.0,PE,10000,-375,50,52.4
2026-06-25,2026-06-30,5500.0,CE,135750,-8625,701,23.7
2026-06-25,2026-06-30,5500.0,PE,36250,-875,41,83.5
2026-06-25,2026-06-30,5550.0,CE,15375,-750,66,14.7
2026-06-25,2026-06-30,5550.0,PE,3375,0,0,218.0
2026-06-25,2026-06-30,5600.0,CE,36625,-16750,633,8.7
2026-06-25,2026-06-30,5600.0,PE,21875,0,0,205.65
2026-06-25,2026-06-30,5650.0,CE,13125,-3000,43,6.0
2026-06-25,2026-06-30,5650.0,PE,14000,0,0,326.6
2026-06-25,2026-06-30,5700.0,CE,93875,16125,395,4.9
2026-06-25,2026-06-30,5700.0,PE,10125,0,3,270.0
2026-06-25,2026-06-30,5750.0,CE,21375,-750,30,3.0
2026-06-25,2026-06-30,5750.0,PE,4875,0,0,411.5
2026-06-25,2026-06-30,5800.0,CE,50750,-24125,396,2.45
2026-06-25,2026-06-30,5800.0,PE,35750,-125,1,348.0
2026-06-25,2026-06-30,5850.0,CE,7750,-500,4,3.0
2026-06-25,2026-06-30,5850.0,PE,625,0,0,348.95
2026-06-25,2026-06-30,5900.0,CE,40250,-4125,81,1.45
2026-06-25,2026-06-30,5900.0,PE,1250,0,0,406.15
2026-06-25,2026-06-30,5950.0,CE,2500,0,6,1.5
2026-06-25,2026-06-30,5950.0,PE,125,0,0,595.75
2026-06-25,2026-06-30,6000.0,CE,55625,-12750,207,1.05
2026-06-25,2026-06-30,6000.0,PE,0,0,0,696.1
2026-06-25,2026-06-30,6050.0,CE,2125,-375,3,1.5
2026-06-25,2026-06-30,6050.0,PE,375,0,0,685.0
2026-06-25,2026-06-30,6100.0,CE,2250,0,0,1.8
2026-06-25,2026-06-30,6100.0,PE,0,0,0,775.8
2026-06-25,2026-06-30,6150.0,CE,875,0,0,1.4
2026-06-25,2026-06-30,6150.0,PE,375,0,0,800.25
2026-06-25,2026-06-30,6200.0,CE,36500,-2375,45,0.75
2026-06-25,2026-06-30,6200.0,PE,0,0,0,760.4
2026-06-25,2026-06-30,6250.0,CE,1250,-625,12,0.3
2026-06-25,2026-06-30,6250.0,PE,375,0,0,890.55
2026-06-25,2026-06-30,6300.0,CE,1500,0,0,0.7
2026-06-25,2026-06-30,6300.0,PE,0,0,0,917.7
2026-06-25,2026-06-30,6350.0,CE,0,0,0,37.8
2026-06-25,2026-06-30,6350.0,PE,0,0,0,967.8
2026-06-25,2026-06-30,6400.0,CE,15750,0,0,1.4
2026-06-25,2026-06-30,6400.0,PE,0,0,0,1030.95
2026-06-25,2026-06-30,6450.0,CE,125,0,0,2.5
2026-06-25,2026-06-30,6450.0,PE,500,0,0,1090.95
2026-06-25,2026-06-30,6500.0,CE,3125,0,0,0.45
2026-06-25,2026-06-30,6500.0,PE,0,0,0,1120.25
2026-06-25,2026-06-30,6550.0,CE,1125,0,0,0.65
2026-06-25,2026-06-30,6550.0,PE,0,0,0,1167.55
2026-06-25,2026-07-28,4400.0,CE,0,0,0,1101.2
2026-06-25,2026-07-28,4400.0,PE,0,0,0,19.55
2026-06-25,2026-07-28,4500.0,CE,0,0,0,1011.0
2026-06-25,2026-07-28,4500.0,PE,0,0,0,27.9
2026-06-25,2026-07-28,4600.0,CE,0,0,0,923.35
2026-06-25,2026-07-28,4600.0,PE,0,0,0,38.8
2026-06-25,2026-07-28,4700.0,CE,0,0,0,838.7
2026-06-25,2026-07-28,4700.0,PE,250,0,0,25.0
2026-06-25,2026-07-28,4750.0,CE,0,0,0,717.55
2026-06-25,2026-07-28,4750.0,PE,0,0,0,38.9
2026-06-25,2026-07-28,4800.0,CE,0,0,0,757.55
2026-06-25,2026-07-28,4800.0,PE,2375,375,853,14.45
2026-06-25,2026-07-28,4850.0,CE,0,0,0,634.75
2026-06-25,2026-07-28,4850.0,PE,0,0,0,55.05
2026-06-25,2026-07-28,4900.0,CE,0,0,0,680.25
2026-06-25,2026-07-28,4900.0,PE,5125,0,0,18.25
2026-06-25,2026-07-28,4950.0,CE,125,0,0,595.8
2026-06-25,2026-07-28,4950.0,PE,750,0,0,57.2
2026-06-25,2026-07-28,5000.0,CE,0,0,0,607.35
2026-06-25,2026-07-28,5000.0,PE,7250,750,69,24.35
2026-06-25,2026-07-28,5050.0,CE,0,0,0,483.45
2026-06-25,2026-07-28,5050.0,PE,500,0,0,71.75
2026-06-25,2026-07-28,5100.0,CE,0,0,0,538.65
2026-06-25,2026-07-28,5100.0,PE,5250,1250,13,37.25
2026-06-25,2026-07-28,5150.0,CE,1250,875,7,383.7
2026-06-25,2026-07-28,5150.0,PE,1125,0,0,57.55
2026-06-25,2026-07-28,5200.0,CE,0,0,0,474.95
2026-06-25,2026-07-28,5200.0,PE,875,0,0,56.5
2026-06-25,2026-07-28,5250.0,CE,375,-125,3,303.75
2026-06-25,2026-07-28,5250.0,PE,250,0,0,71.7
2026-06-25,2026-07-28,5300.0,CE,125,0,0,257.0
2026-06-25,2026-07-28,5300.0,PE,375,0,0,100.0
2026-06-25,2026-07-28,5350.0,CE,0,0,0,298.6
2026-06-25,2026-07-28,5350.0,PE,0,0,0,213.75
2026-06-25,2026-07-28,5400.0,CE,375,125,1,169.4
2026-06-25,2026-07-28,5400.0,PE,1625,0,0,129.2
2026-06-25,2026-07-28,5450.0,CE,500,250,2,200.3
2026-06-25,2026-07-28,5450.0,PE,750,250,5,140.3
2026-06-25,2026-07-28,5500.0,CE,16625,3000,105,133.75
2026-06-25,2026-07-28,5500.0,PE,6125,2375,57,178.2
2026-06-25,2026-07-28,5550.0,CE,1000,0,0,116.35
2026-06-25,2026-07-28,5550.0,PE,0,0,0,319.1
2026-06-25,2026-07-28,5600.0,CE,625,0,0,135.45
2026-06-25,2026-07-28,5600.0,PE,0,0,0,370.95
2026-06-25,2026-07-28,5650.0,CE,1500,-250,2,77.95
2026-06-25,2026-07-28,5650.0,PE,0,0,0,380.6
2026-06-25,2026-07-28,5700.0,CE,2375,0,1,78.0
2026-06-25,2026-07-28,5700.0,PE,500,500,4,295.55
2026-06-25,2026-07-28,5750.0,CE,1125,0,1,73.25
2026-06-25,2026-07-28,5750.0,PE,125,0,0,455.0
2026-06-25,2026-07-28,5800.0,CE,3875,-500,18,51.5
2026-06-25,2026-07-28,5800.0,PE,375,125,1,360.0
2026-06-25,2026-07-28,5850.0,CE,0,0,0,109.65
2026-06-25,2026-07-28,5850.0,PE,0,0,0,519.7
2026-06-25,2026-07-28,5900.0,CE,0,0,0,165.55
2026-06-25,2026-07-28,5900.0,PE,0,0,0,562.35
2026-06-25,2026-07-28,5950.0,CE,625,0,0,56.05
2026-06-25,2026-07-28,5950.0,PE,0,0,0,596.0
2026-06-25,2026-07-28,6000.0,CE,5375,625,15,25.85
2026-06-25,2026-07-28,6000.0,PE,0,0,0,634.65
2026-06-25,2026-07-28,6050.0,CE,250,0,0,36.5
2026-06-25,2026-07-28,6050.0,PE,125,0,0,676.2
2026-06-25,2026-07-28,6100.0,CE,5625,-250,11,21.8
2026-06-25,2026-07-28,6100.0,PE,625,0,0,839.7
2026-06-25,2026-07-28,6150.0,CE,125,0,0,23.4
2026-06-25,2026-07-28,6150.0,PE,500,0,0,790.5
2026-06-25,2026-07-28,6200.0,CE,250,0,0,18.3
2026-06-25,2026-07-28,6200.0,PE,375,0,0,840.95
2026-06-25,2026-07-28,6250.0,CE,0,0,0,41.15
2026-06-25,2026-07-28,6250.0,PE,0,0,0,847.1
2026-06-25,2026-07-28,6300.0,CE,625,0,1,14.4
2026-06-25,2026-07-28,6300.0,PE,0,0,0,870.8
2026-06-25,2026-07-28,6350.0,CE,500,0,0,13.6
2026-06-25,2026-07-28,6350.0,PE,0,0,0,936.4
2026-06-25,2026-07-28,6400.0,CE,875,500,9,10.5
2026-06-25,2026-07-28,6400.0,PE,125,0,0,995.0
2026-06-25,2026-07-28,6450.0,CE,625,125,1,10.5
2026-06-25,2026-07-28,6450.0,PE,0,0,0,1027.75
2026-06-25,2026-07-28,6500.0,CE,0,0,0,53.55
2026-06-25,2026-07-28,6500.0,PE,0,0,0,1041.7
2026-06-25,2026-07-28,6550.0,CE,0,0,0,17.95
2026-06-25,2026-07-28,6550.0,PE,0,0,0,1120.8
2026-06-25,2026-08-25,4400.0,CE,0,0,0,1065.1
2026-06-25,2026-08-25,4400.0,PE,0,0,0,20.1
2026-06-25,2026-08-25,4600.0,CE,0,0,0,888.1
2026-06-25,2026-08-25,4600.0,PE,0,0,0,40.15
2026-06-25,2026-08-25,4700.0,CE,0,0,0,804.1
2026-06-25,2026-08-25,4700.0,PE,0,0,0,54.65
2026-06-25,2026-08-25,4800.0,CE,0,0,0,723.75
2026-06-25,2026-08-25,4800.0,PE,0,0,0,72.8
2026-06-25,2026-08-25,4900.0,CE,0,0,0,647.4
2026-06-25,2026-08-25,4900.0,PE,0,0,0,95.0
2026-06-25,2026-08-25,5000.0,CE,0,0,0,575.55
2026-06-25,2026-08-25,5000.0,PE,0,0,0,112.0
2026-06-25,2026-08-25,5100.0,CE,0,0,0,508.15
2026-06-25,2026-08-25,5100.0,PE,0,0,0,152.8
2026-06-25,2026-08-25,5200.0,CE,0,0,0,445.9
2026-06-25,2026-08-25,5200.0,PE,0,0,0,189.05
2026-06-25,2026-08-25,5300.0,CE,0,0,0,388.7
2026-06-25,2026-08-25,5300.0,PE,0,0,0,230.4
2026-06-25,2026-08-25,5400.0,CE,0,0,0,336.65
2026-06-25,2026-08-25,5400.0,PE,0,0,0,276.9
2026-06-25,2026-08-25,5500.0,CE,0,0,0,289.65
2026-06-25,2026-08-25,5500.0,PE,0,0,0,328.4
2026-06-25,2026-08-25,5600.0,CE,0,0,0,247.6
2026-06-25,2026-08-25,5600.0,PE,0,0,0,384.9
2026-06-25,2026-08-25,5700.0,CE,0,0,0,210.3
2026-06-25,2026-08-25,5700.0,PE,0,0,0,446.1
2026-06-25,2026-08-25,5800.0,CE,0,0,0,177.5
2026-06-25,2026-08-25,5800.0,PE,0,0,0,511.8
2026-06-25,2026-08-25,5900.0,CE,0,0,0,148.85
2026-06-25,2026-08-25,5900.0,PE,0,0,0,581.7
2026-06-25,2026-08-25,6000.0,CE,0,0,0,124.4
2026-06-25,2026-08-25,6000.0,PE,0,0,0,655.75
2026-06-25,2026-08-25,6100.0,CE,0,0,0,102.95
2026-06-25,2026-08-25,6100.0,PE,0,0,0,732.85
2026-06-25,2026-08-25,6200.0,CE,0,0,0,84.85
2026-06-25,2026-08-25,6200.0,PE,0,0,0,813.25
2026-06-25,2026-08-25,6300.0,CE,0,0,0,69.5
2026-06-25,2026-08-25,6300.0,PE,0,0,0,896.45
2026-06-25,2026-08-25,6400.0,CE,0,0,0,56.65
2026-06-25,2026-08-25,6400.0,PE,0,0,0,982.1
2026-06-25,2026-08-25,6500.0,CE,0,0,0,45.9
2026-06-25,2026-08-25,6500.0,PE,0,0,0,1069.85
2026-06-29,2026-06-30,4400.0,CE,0,0,0,1000.1
2026-06-29,2026-06-30,4400.0,PE,1125,0,0,1.45
2026-06-29,2026-06-30,4500.0,CE,500,0,0,991.2
2026-06-29,2026-06-30,4500.0,PE,9875,-1000,8,0.35
2026-06-29,2026-06-30,4600.0,CE,0,0,0,772.5
2026-06-29,2026-06-30,4600.0,PE,375,-125,1,0.5
2026-06-29,2026-06-30,4700.0,CE,375,0,0,715.0
2026-06-29,2026-06-30,4700.0,PE,1750,0,0,0.45
2026-06-29,2026-06-30,4750.0,CE,0,0,0,752.6
2026-06-29,2026-06-30,4750.0,PE,375,0,0,3.15
2026-06-29,2026-06-30,4800.0,CE,0,0,0,561.95
2026-06-29,2026-06-30,4800.0,PE,13250,-125,2,0.05
2026-06-29,2026-06-30,4850.0,CE,0,0,0,668.85
2026-06-29,2026-06-30,4850.0,PE,875,0,0,1.05
2026-06-29,2026-06-30,4900.0,CE,0,0,0,591.35
2026-06-29,2026-06-30,4900.0,PE,11625,125,107,1.25
2026-06-29,2026-06-30,4950.0,CE,0,0,0,589.4
2026-06-29,2026-06-30,4950.0,PE,375,-2250,168,2.4
2026-06-29,2026-06-30,5000.0,CE,250,0,0,489.0
2026-06-29,2026-06-30,5000.0,PE,7000,625,1403,1.1
2026-06-29,2026-06-30,5050.0,CE,0,0,0,515.0
2026-06-29,2026-06-30,5050.0,PE,3250,-750,360,0.4
2026-06-29,2026-06-30,5100.0,CE,0,0,0,457.4
2026-06-29,2026-06-30,5100.0,PE,29000,500,2836,2.15
2026-06-29,2026-06-30,5150.0,CE,0,0,0,445.55
2026-06-29,2026-06-30,5150.0,PE,3125,0,0,5.55
2026-06-29,2026-06-30,5200.0,CE,5375,-1250,10,240.7
2026-06-29,2026-06-30,5200.0,PE,10250,-1875,254,5.3
2026-06-29,2026-06-30,5250.0,CE,6125,-750,18,212.65
2026-06-29,2026-06-30,5250.0,PE,12000,-11750,274,8.5
2026-06-29,2026-06-30,5300.0,CE,19625,-875,27,118.15
2026-06-29,2026-06-30,5300.0,PE,20375,-2750,283,12.95
2026-06-29,2026-06-30,5350.0,CE,8750,-1000,55,73.45
2026-06-29,2026-06-30,5350.0,PE,9000,-7625,752,18.85
2026-06-29,2026-06-30,5400.0,CE,14250,-7875,165,45.25
2026-06-29,2026-06-30,5400.0,PE,12000,-10125,598,33.95
2026-06-29,2026-06-30,5450.0,CE,7250,-9625,475,20.85
2026-06-29,2026-06-30,5450.0,PE,6125,-3875,93,43.05
2026-06-29,2026-06-30,5500.0,CE,41750,-94000,2904,8.0
2026-06-29,2026-06-30,5500.0,PE,31250,-5000,281,93.7
2026-06-29,2026-06-30,5550.0,CE,22000,6625,2158,4.2
2026-06-29,2026-06-30,5550.0,PE,3375,0,0,218.0
2026-06-29,2026-06-30,5600.0,CE,25000,-11625,736,2.75
2026-06-29,2026-06-30,5600.0,PE,19625,-2250,42,191.75
2026-06-29,2026-06-30,5650.0,CE,10000,-3125,235,2.2
2026-06-29,2026-06-30,5650.0,PE,14000,0,0,326.6
2026-06-29,2026-06-30,5700.0,CE,85250,-8625,477,1.65
2026-06-29,2026-06-30,5700.0,PE,10125,0,0,270.0
2026-06-29,2026-06-30,5750.0,CE,15375,-6000,131,1.65
2026-06-29,2026-06-30,5750.0,PE,4875,0,0,411.5
2026-06-29,2026-06-30,5800.0,CE,35500,-15250,621,1.3
2026-06-29,2026-06-30,5800.0,PE,35750,0,0,348.0
2026-06-29,2026-06-30,5850.0,CE,7000,-750,10,0.8
2026-06-29,2026-06-30,5850.0,PE,625,0,0,348.95
2026-06-29,2026-06-30,5900.0,CE,35875,-4375,229,0.55
2026-06-29,2026-06-30,5900.0,PE,1250,0,0,406.15
2026-06-29,2026-06-30,5950.0,CE,2500,0,7,1.85
2026-06-29,2026-06-30,5950.0,PE,125,0,0,595.75
2026-06-29,2026-06-30,6000.0,CE,43000,-12625,253,0.95
2026-06-29,2026-06-30,6000.0,PE,0,0,0,696.1
2026-06-29,2026-06-30,6050.0,CE,2000,-125,7,0.05
2026-06-29,2026-06-30,6050.0,PE,375,0,0,685.0
2026-06-29,2026-06-30,6100.0,CE,2250,0,6,0.3
2026-06-29,2026-06-30,6100.0,PE,0,0,0,775.8
2026-06-29,2026-06-30,6150.0,CE,1750,875,81,0.5
2026-06-29,2026-06-30,6150.0,PE,375,0,0,800.25
2026-06-29,2026-06-30,6200.0,CE,24375,-12125,129,0.65
2026-06-29,2026-06-30,6200.0,PE,0,0,0,760.4
2026-06-29,2026-06-30,6250.0,CE,1250,0,0,0.3
2026-06-29,2026-06-30,6250.0,PE,375,0,0,890.55
2026-06-29,2026-06-30,6300.0,CE,1500,0,0,0.7
2026-06-29,2026-06-30,6300.0,PE,0,0,0,917.7
2026-06-29,2026-06-30,6350.0,CE,0,0,0,37.8
2026-06-29,2026-06-30,6350.0,PE,0,0,0,967.8
2026-06-29,2026-06-30,6400.0,CE,12875,-2875,27,0.15
2026-06-29,2026-06-30,6400.0,PE,0,0,0,1030.95
2026-06-29,2026-06-30,6450.0,CE,125,0,0,2.5
2026-06-29,2026-06-30,6450.0,PE,500,0,0,1090.95
2026-06-29,2026-06-30,6500.0,CE,3125,0,0,0.45
2026-06-29,2026-06-30,6500.0,PE,0,0,0,1120.25
2026-06-29,2026-06-30,6550.0,CE,1125,0,0,0.65
2026-06-29,2026-06-30,6550.0,PE,0,0,0,1167.55
2026-06-29,2026-07-28,4400.0,CE,0,0,0,1101.2
2026-06-29,2026-07-28,4400.0,PE,0,0,0,19.55
2026-06-29,2026-07-28,4500.0,CE,0,0,0,1011.0
2026-06-29,2026-07-28,4500.0,PE,0,0,0,27.9
2026-06-29,2026-07-28,4600.0,CE,0,0,0,923.35
2026-06-29,2026-07-28,4600.0,PE,0,0,0,38.8
2026-06-29,2026-07-28,4700.0,CE,0,0,0,838.7
2026-06-29,2026-07-28,4700.0,PE,250,0,0,25.0
2026-06-29,2026-07-28,4750.0,CE,0,0,0,717.55
2026-06-29,2026-07-28,4750.0,PE,0,0,0,38.9
2026-06-29,2026-07-28,4800.0,CE,0,0,0,757.55
2026-06-29,2026-07-28,4800.0,PE,1500,-875,273,11.4
2026-06-29,2026-07-28,4850.0,CE,0,0,0,634.75
2026-06-29,2026-07-28,4850.0,PE,0,0,0,55.05
2026-06-29,2026-07-28,4900.0,CE,125,125,1,563.4
2026-06-29,2026-07-28,4900.0,PE,5125,0,0,18.25
2026-06-29,2026-07-28,4950.0,CE,500,375,5,521.2
2026-06-29,2026-07-28,4950.0,PE,875,125,12,21.35
2026-06-29,2026-07-28,5000.0,CE,0,0,0,607.35
2026-06-29,2026-07-28,5000.0,PE,8250,1000,119,26.8
2026-06-29,2026-07-28,5050.0,CE,0,0,0,483.45
2026-06-29,2026-07-28,5050.0,PE,500,0,0,71.75
2026-06-29,2026-07-28,5100.0,CE,125,125,1,395.9
2026-06-29,2026-07-28,5100.0,PE,9625,4375,108,42.0
2026-06-29,2026-07-28,5150.0,CE,1625,375,10,353.1
2026-06-29,2026-07-28,5150.0,PE,1000,-125,1,52.65
2026-06-29,2026-07-28,5200.0,CE,125,125,1,311.8
2026-06-29,2026-07-28,5200.0,PE,1000,125,18,63.9
2026-06-29,2026-07-28,5250.0,CE,875,500,4,279.65
2026-06-29,2026-07-28,5250.0,PE,1375,1125,20,75.15
2026-06-29,2026-07-28,5300.0,CE,250,125,1,242.1
2026-06-29,2026-07-28,5300.0,PE,2500,2125,53,80.0
2026-06-29,2026-07-28,5350.0,CE,0,0,0,298.6
2026-06-29,2026-07-28,5350.0,PE,0,0,0,213.75
2026-06-29,2026-07-28,5400.0,CE,2875,2500,47,195.15
2026-06-29,2026-07-28,5400.0,PE,1875,250,25,130.5
2026-06-29,2026-07-28,5450.0,CE,1625,1125,39,168.3
2026-06-29,2026-07-28,5450.0,PE,4750,4000,53,153.9
2026-06-29,2026-07-28,5500.0,CE,36000,19375,773,138.2
2026-06-29,2026-07-28,5500.0,PE,12375,6250,225,176.1
2026-06-29,2026-07-28,5550.0,CE,2000,1000,17,114.55
2026-06-29,2026-07-28,5550.0,PE,0,0,0,319.1
2026-06-29,2026-07-28,5600.0,CE,2750,2125,48,96.9
2026-06-29,2026-07-28,5600.0,PE,0,0,0,370.95
2026-06-29,2026-07-28,5650.0,CE,2500,1000,20,80.9
2026-06-29,2026-07-28,5650.0,PE,625,625,6,273.55
2026-06-29,2026-07-28,5700.0,CE,4750,2375,53,66.5
2026-06-29,2026-07-28,5700.0,PE,750,250,2,310.8
2026-06-29,2026-07-28,5750.0,CE,750,-375,3,58.4
2026-06-29,2026-07-28,5750.0,PE,250,125,1,349.05
2026-06-29,2026-07-28,5800.0,CE,4375,500,29,50.0
2026-06-29,2026-07-28,5800.0,PE,375,0,0,360.0
2026-06-29,2026-07-28,5850.0,CE,0,0,0,109.65
2026-06-29,2026-07-28,5850.0,PE,0,0,0,519.7
2026-06-29,2026-07-28,5900.0,CE,0,0,0,165.55
2026-06-29,2026-07-28,5900.0,PE,0,0,0,562.35
2026-06-29,2026-07-28,5950.0,CE,625,0,0,56.05
2026-06-29,2026-07-28,5950.0,PE,0,0,0,596.0
2026-06-29,2026-07-28,6000.0,CE,13000,7625,169,23.75
2026-06-29,2026-07-28,6000.0,PE,0,0,0,634.65
2026-06-29,2026-07-28,6050.0,CE,250,0,0,36.5
2026-06-29,2026-07-28,6050.0,PE,125,0,0,676.2
2026-06-29,2026-07-28,6100.0,CE,6500,875,11,17.9
2026-06-29,2026-07-28,6100.0,PE,625,0,0,839.7
2026-06-29,2026-07-28,6150.0,CE,125,0,0,23.4
2026-06-29,2026-07-28,6150.0,PE,250,-250,2,710.0
2026-06-29,2026-07-28,6200.0,CE,250,0,0,18.3
2026-06-29,2026-07-28,6200.0,PE,125,-250,2,757.2
2026-06-29,2026-07-28,6250.0,CE,0,0,0,41.15
2026-06-29,2026-07-28,6250.0,PE,0,0,0,847.1
2026-06-29,2026-07-28,6300.0,CE,625,0,0,14.4
2026-06-29,2026-07-28,6300.0,PE,125,125,1,853.2
2026-06-29,2026-07-28,6350.0,CE,10750,10250,250,1.95
2026-06-29,2026-07-28,6350.0,PE,0,0,0,936.4
2026-06-29,2026-07-28,6400.0,CE,875,0,0,10.5
2026-06-29,2026-07-28,6400.0,PE,125,0,0,995.0
2026-06-29,2026-07-28,6450.0,CE,4000,3375,30,8.2
2026-06-29,2026-07-28,6450.0,PE,0,0,0,1027.75
2026-06-29,2026-07-28,6500.0,CE,0,0,0,53.55
2026-06-29,2026-07-28,6500.0,PE,0,0,0,1041.7
2026-06-29,2026-07-28,6550.0,CE,0,0,0,17.95
2026-06-29,2026-07-28,6550.0,PE,0,0,0,1120.8
2026-06-29,2026-08-25,4400.0,CE,0,0,0,1065.1
2026-06-29,2026-08-25,4400.0,PE,0,0,0,20.1
2026-06-29,2026-08-25,4600.0,CE,0,0,0,888.1
2026-06-29,2026-08-25,4600.0,PE,0,0,0,40.15
2026-06-29,2026-08-25,4700.0,CE,0,0,0,804.1
2026-06-29,2026-08-25,4700.0,PE,0,0,0,54.65
2026-06-29,2026-08-25,4800.0,CE,0,0,0,723.75
2026-06-29,2026-08-25,4800.0,PE,0,0,0,72.8
2026-06-29,2026-08-25,4900.0,CE,0,0,0,647.4
2026-06-29,2026-08-25,4900.0,PE,0,0,0,95.0
2026-06-29,2026-08-25,5000.0,CE,0,0,0,575.55
2026-06-29,2026-08-25,5000.0,PE,0,0,0,112.0
2026-06-29,2026-08-25,5100.0,CE,0,0,0,508.15
2026-06-29,2026-08-25,5100.0,PE,0,0,0,152.8
2026-06-29,2026-08-25,5200.0,CE,0,0,0,445.9
2026-06-29,2026-08-25,5200.0,PE,0,0,0,189.05
2026-06-29,2026-08-25,5300.0,CE,0,0,0,388.7
2026-06-29,2026-08-25,5300.0,PE,0,0,0,230.4
2026-06-29,2026-08-25,5400.0,CE,0,0,0,336.65
2026-06-29,2026-08-25,5400.0,PE,0,0,0,276.9
2026-06-29,2026-08-25,5500.0,CE,0,0,0,289.65
2026-06-29,2026-08-25,5500.0,PE,0,0,0,328.4
2026-06-29,2026-08-25,5600.0,CE,0,0,0,247.6
2026-06-29,2026-08-25,5600.0,PE,0,0,0,384.9
2026-06-29,2026-08-25,5700.0,CE,0,0,0,210.3
2026-06-29,2026-08-25,5700.0,PE,0,0,0,446.1
2026-06-29,2026-08-25,5800.0,CE,0,0,0,177.5
2026-06-29,2026-08-25,5800.0,PE,0,0,0,511.8
2026-06-29,2026-08-25,5900.0,CE,0,0,0,148.85
2026-06-29,2026-08-25,5900.0,PE,0,0,0,581.7
2026-06-29,2026-08-25,6000.0,CE,0,0,0,124.4
2026-06-29,2026-08-25,6000.0,PE,0,0,0,655.75
2026-06-29,2026-08-25,6100.0,CE,0,0,0,102.95
2026-06-29,2026-08-25,6100.0,PE,0,0,0,732.85
2026-06-29,2026-08-25,6200.0,CE,0,0,0,84.85
2026-06-29,2026-08-25,6200.0,PE,0,0,0,813.25
2026-06-29,2026-08-25,6300.0,CE,0,0,0,69.5
2026-06-29,2026-08-25,6300.0,PE,0,0,0,896.45
2026-06-29,2026-08-25,6400.0,CE,0,0,0,56.65
2026-06-29,2026-08-25,6400.0,PE,0,0,0,982.1
2026-06-29,2026-08-25,6500.0,CE,0,0,0,45.9
2026-06-29,2026-08-25,6500.0,PE,0,0,0,1069.85
2026-06-30,2026-06-30,4400.0,CE,0,0,0,1000.1
2026-06-30,2026-06-30,4400.0,PE,1125,0,1,0.05
2026-06-30,2026-06-30,4500.0,CE,375,-125,1,945.25
2026-06-30,2026-06-30,4500.0,PE,9250,-625,13,0.1
2026-06-30,2026-06-30,4600.0,CE,0,0,0,772.5
2026-06-30,2026-06-30,4600.0,PE,375,0,0,0.5
2026-06-30,2026-06-30,4700.0,CE,375,0,0,715.0
2026-06-30,2026-06-30,4700.0,PE,1625,-125,1,0.05
2026-06-30,2026-06-30,4750.0,CE,0,0,0,752.6
2026-06-30,2026-06-30,4750.0,PE,375,0,0,3.15
2026-06-30,2026-06-30,4800.0,CE,0,0,0,561.95
2026-06-30,2026-06-30,4800.0,PE,12000,-1250,16,0.05
2026-06-30,2026-06-30,4850.0,CE,0,0,0,668.85
2026-06-30,2026-06-30,4850.0,PE,750,-125,3,0.05
2026-06-30,2026-06-30,4900.0,CE,0,0,0,591.35
2026-06-30,2026-06-30,4900.0,PE,11625,0,14,0.05
2026-06-30,2026-06-30,4950.0,CE,0,0,0,589.4
2026-06-30,2026-06-30,4950.0,PE,750,375,5,0.05
2026-06-30,2026-06-30,5000.0,CE,250,0,0,489.0
2026-06-30,2026-06-30,5000.0,PE,6750,-250,11,0.05
2026-06-30,2026-06-30,5050.0,CE,0,0,0,515.0
2026-06-30,2026-06-30,5050.0,PE,2750,-500,6,0.2
2026-06-30,2026-06-30,5100.0,CE,0,0,0,457.4
2026-06-30,2026-06-30,5100.0,PE,29750,750,659,0.1
2026-06-30,2026-06-30,5150.0,CE,0,0,0,445.55
2026-06-30,2026-06-30,5150.0,PE,3125,0,6,0.8
2026-06-30,2026-06-30,5200.0,CE,5125,-250,6,331.55
2026-06-30,2026-06-30,5200.0,PE,22500,12250,676,0.25
2026-06-30,2026-06-30,5250.0,CE,6125,0,3,338.6
2026-06-30,2026-06-30,5250.0,PE,11500,-500,19,0.05
2026-06-30,2026-06-30,5300.0,CE,18750,-875,14,177.85
2026-06-30,2026-06-30,5300.0,PE,19250,-1125,455,0.7
2026-06-30,2026-06-30,5350.0,CE,5875,-2875,33,202.75
2026-06-30,2026-06-30,5350.0,PE,6000,-3000,82,0.05
2026-06-30,2026-06-30,5400.0,CE,11500,-2750,61,196.65
2026-06-30,2026-06-30,5400.0,PE,9375,-2625,259,0.05
2026-06-30,2026-06-30,5450.0,CE,5250,-2000,203,134.2
2026-06-30,2026-06-30,5450.0,PE,8500,2375,499,4.35
2026-06-30,2026-06-30,5500.0,CE,30250,-11500,1377,62.45
2026-06-30,2026-06-30,5500.0,PE,24875,-6375,550,0.35
2026-06-30,2026-06-30,5550.0,CE,7625,-14375,1313,7.0
2026-06-30,2026-06-30,5550.0,PE,6625,3250,130,1.4
2026-06-30,2026-06-30,5600.0,CE,14875,-10125,725,2.4
2026-06-30,2026-06-30,5600.0,PE,15750,-3875,70,42.1
2026-06-30,2026-06-30,5650.0,CE,5875,-4125,91,0.1
2026-06-30,2026-06-30,5650.0,PE,14000,0,0,326.6
2026-06-30,2026-06-30,5700.0,CE,71250,-14000,271,0.45
2026-06-30,2026-06-30,5700.0,PE,8500,-1625,31,147.45
2026-06-30,2026-06-30,5750.0,CE,8625,-6750,141,0.6
2026-06-30,2026-06-30,5750.0,PE,5250,375,15,242.75
2026-06-30,2026-06-30,5800.0,CE,22125,-13375,203,0.05
2026-06-30,2026-06-30,5800.0,PE,32125,-3625,31,311.4
2026-06-30,2026-06-30,5850.0,CE,6000,-1000,13,0.05
2026-06-30,2026-06-30,5850.0,PE,625,0,0,348.95
2026-06-30,2026-06-30,5900.0,CE,32625,-3250,46,0.05
2026-06-30,2026-06-30,5900.0,PE,1250,0,2,418.9
2026-06-30,2026-06-30,5950.0,CE,2000,-500,4,0.05
2026-06-30,2026-06-30,5950.0,PE,125,0,0,595.75
2026-06-30,2026-06-30,6000.0,CE,34750,-8250,117,0.05
2026-06-30,2026-06-30,6000.0,PE,0,0,0,696.1
2026-06-30,2026-06-30,6050.0,CE,1125,-875,10,0.05
2026-06-30,2026-06-30,6050.0,PE,375,0,0,685.0
2026-06-30,2026-06-30,6100.0,CE,1250,-1000,9,0.05
2026-06-30,2026-06-30,6100.0,PE,0,0,0,775.8
2026-06-30,2026-06-30,6150.0,CE,1125,-625,5,0.05
2026-06-30,2026-06-30,6150.0,PE,375,0,0,800.25
2026-06-30,2026-06-30,6200.0,CE,8250,-16125,137,0.05
2026-06-30,2026-06-30,6200.0,PE,0,0,0,760.4
2026-06-30,2026-06-30,6250.0,CE,1250,0,3,0.05
2026-06-30,2026-06-30,6250.0,PE,375,0,0,890.55
2026-06-30,2026-06-30,6300.0,CE,750,-750,11,0.25
2026-06-30,2026-06-30,6300.0,PE,0,0,0,917.7
2026-06-30,2026-06-30,6350.0,CE,0,0,0,37.8
2026-06-30,2026-06-30,6350.0,PE,0,0,0,967.8
2026-06-30,2026-06-30,6400.0,CE,11750,-1125,10,0.15
2026-06-30,2026-06-30,6400.0,PE,0,0,0,1030.95
2026-06-30,2026-06-30,6450.0,CE,125,0,0,2.5
2026-06-30,2026-06-30,6450.0,PE,500,0,0,1090.95
2026-06-30,2026-06-30,6500.0,CE,3125,0,0,0.45
2026-06-30,2026-06-30,6500.0,PE,0,0,0,1120.25
2026-06-30,2026-06-30,6550.0,CE,875,-250,3,0.05
2026-06-30,2026-06-30,6550.0,PE,0,0,0,1167.55
2026-06-30,2026-07-28,4400.0,CE,0,0,0,1101.2
2026-06-30,2026-07-28,4400.0,PE,0,0,0,19.55
2026-06-30,2026-07-28,4500.0,CE,0,0,0,1011.0
2026-06-30,2026-07-28,4500.0,PE,0,0,0,27.9
2026-06-30,2026-07-28,4600.0,CE,0,0,0,923.35
2026-06-30,2026-07-28,4600.0,PE,0,0,0,38.8
2026-06-30,2026-07-28,4700.0,CE,0,0,0,838.7
2026-06-30,2026-07-28,4700.0,PE,250,0,1,14.65
2026-06-30,2026-07-28,4750.0,CE,0,0,0,717.55
2026-06-30,2026-07-28,4750.0,PE,0,0,0,38.9
2026-06-30,2026-07-28,4800.0,CE,0,0,0,757.55
2026-06-30,2026-07-28,4800.0,PE,1625,125,34,7.95
2026-06-30,2026-07-28,4850.0,CE,0,0,0,634.75
2026-06-30,2026-07-28,4850.0,PE,0,0,0,55.05
2026-06-30,2026-07-28,4900.0,CE,250,125,2,719.75
2026-06-30,2026-07-28,4900.0,PE,5125,0,4,8.0
2026-06-30,2026-07-28,4950.0,CE,500,0,0,521.2
2026-06-30,2026-07-28,4950.0,PE,625,-250,2,18.95
2026-06-30,2026-07-28,5000.0,CE,0,0,0,607.35
2026-06-30,2026-07-28,5000.0,PE,10875,2625,180,14.25
2026-06-30,2026-07-28,5050.0,CE,0,0,0,483.45
2026-06-30,2026-07-28,5050.0,PE,500,0,0,71.75
2026-06-30,2026-07-28,5100.0,CE,125,0,0,395.9
2026-06-30,2026-07-28,5100.0,PE,11250,1625,71,21.1
2026-06-30,2026-07-28,5150.0,CE,1625,0,2,424.35
2026-06-30,2026-07-28,5150.0,PE,1000,0,0,52.65
2026-06-30,2026-07-28,5200.0,CE,250,125,3,427.5
2026-06-30,2026-07-28,5200.0,PE,10250,9250,125,33.25
2026-06-30,2026-07-28,5250.0,CE,875,0,0,279.65
2026-06-30,2026-07-28,5250.0,PE,1375,0,1,38.85
2026-06-30,2026-07-28,5300.0,CE,250,0,0,242.1
2026-06-30,2026-07-28,5300.0,PE,8875,6375,112,49.85
2026-06-30,2026-07-28,5350.0,CE,0,0,0,298.6
2026-06-30,2026-07-28,5350.0,PE,2375,2375,27,61.2
2026-06-30,2026-07-28,5400.0,CE,3125,250,27,279.35
2026-06-30,2026-07-28,5400.0,PE,11250,9375,174,72.8
2026-06-30,2026-07-28,5450.0,CE,2000,375,51,240.25
2026-06-30,2026-07-28,5450.0,PE,9250,4500,96,91.4
2026-06-30,2026-07-28,5500.0,CE,31875,-4125,1258,211.3
2026-06-30,2026-07-28,5500.0,PE,25500,13125,478,106.0
2026-06-30,2026-07-28,5550.0,CE,8625,6625,292,181.4
2026-06-30,2026-07-28,5550.0,PE,3500,3500,52,124.05
2026-06-30,2026-07-28,5600.0,CE,12375,9625,223,156.55
2026-06-30,2026-07-28,5600.0,PE,2500,2500,43,152.35
2026-06-30,2026-07-28,5650.0,CE,3875,1375,52,133.2
2026-06-30,2026-07-28,5650.0,PE,875,250,2,170.0
2026-06-30,2026-07-28,5700.0,CE,11750,7000,184,113.1
2026-06-30,2026-07-28,5700.0,PE,750,0,0,310.8
2026-06-30,2026-07-28,5750.0,CE,750,0,0,58.4
2026-06-30,2026-07-28,5750.0,PE,250,0,0,349.05
2026-06-30,2026-07-28,5800.0,CE,10375,6000,165,80.9
2026-06-30,2026-07-28,5800.0,PE,375,0,0,360.0
2026-06-30,2026-07-28,5850.0,CE,2375,2375,20,66.8
2026-06-30,2026-07-28,5850.0,PE,0,0,0,519.7
2026-06-30,2026-07-28,5900.0,CE,7000,7000,71,53.7
2026-06-30,2026-07-28,5900.0,PE,0,0,0,562.35
2026-06-30,2026-07-28,5950.0,CE,875,250,2,50.0
2026-06-30,2026-07-28,5950.0,PE,0,0,0,596.0
2026-06-30,2026-07-28,6000.0,CE,13500,500,487,39.45
2026-06-30,2026-07-28,6000.0,PE,0,0,0,634.65
2026-06-30,2026-07-28,6050.0,CE,1000,750,16,34.05
2026-06-30,2026-07-28,6050.0,PE,125,0,0,676.2
2026-06-30,2026-07-28,6100.0,CE,6625,125,99,28.6
2026-06-30,2026-07-28,6100.0,PE,625,0,0,839.7
2026-06-30,2026-07-28,6150.0,CE,125,0,0,23.4
2026-06-30,2026-07-28,6150.0,PE,250,0,0,710.0
2026-06-30,2026-07-28,6200.0,CE,5625,5375,58,20.4
2026-06-30,2026-07-28,6200.0,PE,125,0,0,757.2
2026-06-30,2026-07-28,6250.0,CE,0,0,0,41.15
2026-06-30,2026-07-28,6250.0,PE,0,0,0,847.1
2026-06-30,2026-07-28,6300.0,CE,625,0,0,14.4
2026-06-30,2026-07-28,6300.0,PE,125,0,0,853.2
2026-06-30,2026-07-28,6350.0,CE,16750,6000,138,13.85
2026-06-30,2026-07-28,6350.0,PE,0,0,0,936.4
2026-06-30,2026-07-28,6400.0,CE,875,0,1,10.65
2026-06-30,2026-07-28,6400.0,PE,125,0,0,995.0
2026-06-30,2026-07-28,6450.0,CE,4125,125,1,11.45
2026-06-30,2026-07-28,6450.0,PE,0,0,0,1027.75
2026-06-30,2026-07-28,6500.0,CE,0,0,0,53.55
2026-06-30,2026-07-28,6500.0,PE,0,0,0,1041.7
2026-06-30,2026-07-28,6550.0,CE,0,0,0,17.95
2026-06-30,2026-07-28,6550.0,PE,0,0,0,1120.8
2026-06-30,2026-08-25,4400.0,CE,0,0,0,1065.1
2026-06-30,2026-08-25,4400.0,PE,0,0,0,20.1
2026-06-30,2026-08-25,4600.0,CE,0,0,0,888.1
2026-06-30,2026-08-25,4600.0,PE,0,0,0,40.15
2026-06-30,2026-08-25,4700.0,CE,0,0,0,804.1
2026-06-30,2026-08-25,4700.0,PE,0,0,0,54.65
2026-06-30,2026-08-25,4800.0,CE,0,0,0,723.75
2026-06-30,2026-08-25,4800.0,PE,0,0,0,72.8
2026-06-30,2026-08-25,4900.0,CE,0,0,0,647.4
2026-06-30,2026-08-25,4900.0,PE,0,0,0,95.0
2026-06-30,2026-08-25,5000.0,CE,0,0,0,575.55
2026-06-30,2026-08-25,5000.0,PE,0,0,0,112.0
2026-06-30,2026-08-25,5100.0,CE,0,0,0,508.15
2026-06-30,2026-08-25,5100.0,PE,0,0,0,152.8
2026-06-30,2026-08-25,5200.0,CE,0,0,0,445.9
2026-06-30,2026-08-25,5200.0,PE,0,0,0,189.05
2026-06-30,2026-08-25,5300.0,CE,0,0,0,388.7
2026-06-30,2026-08-25,5300.0,PE,0,0,0,230.4
2026-06-30,2026-08-25,5400.0,CE,0,0,0,336.65
2026-06-30,2026-08-25,5400.0,PE,0,0,0,276.9
2026-06-30,2026-08-25,5500.0,CE,0,0,0,289.65
2026-06-30,2026-08-25,5500.0,PE,0,0,0,328.4
2026-06-30,2026-08-25,5600.0,CE,0,0,0,247.6
2026-06-30,2026-08-25,5600.0,PE,0,0,0,384.9
2026-06-30,2026-08-25,5700.0,CE,0,0,0,210.3
2026-06-30,2026-08-25,5700.0,PE,0,0,0,446.1
2026-06-30,2026-08-25,5800.0,CE,0,0,0,177.5
2026-06-30,2026-08-25,5800.0,PE,0,0,0,511.8
2026-06-30,2026-08-25,5900.0,CE,0,0,0,148.85
2026-06-30,2026-08-25,5900.0,PE,0,0,0,581.7
2026-06-30,2026-08-25,6000.0,CE,0,0,0,124.4
2026-06-30,2026-08-25,6000.0,PE,0,0,0,655.75
2026-06-30,2026-08-25,6100.0,CE,0,0,0,102.95
2026-06-30,2026-08-25,6100.0,PE,0,0,0,732.85
2026-06-30,2026-08-25,6200.0,CE,0,0,0,84.85
2026-06-30,2026-08-25,6200.0,PE,0,0,0,813.25
2026-06-30,2026-08-25,6300.0,CE,0,0,0,69.5
2026-06-30,2026-08-25,6300.0,PE,0,0,0,896.45
2026-06-30,2026-08-25,6400.0,CE,0,0,0,56.65
2026-06-30,2026-08-25,6400.0,PE,0,0,0,982.1
2026-06-30,2026-08-25,6500.0,CE,0,0,0,45.9
2026-06-30,2026-08-25,6500.0,PE,0,0,0,1069.85
2026-07-01,2026-07-28,4400.0,CE,0,0,0,1101.2
2026-07-01,2026-07-28,4400.0,PE,0,0,0,19.55
2026-07-01,2026-07-28,4500.0,CE,0,0,0,1011.0
2026-07-01,2026-07-28,4500.0,PE,0,0,0,27.9
2026-07-01,2026-07-28,4600.0,CE,0,0,0,923.35
2026-07-01,2026-07-28,4600.0,PE,0,0,0,38.8
2026-07-01,2026-07-28,4700.0,CE,0,0,0,838.7
2026-07-01,2026-07-28,4700.0,PE,125,-125,1,4.0
2026-07-01,2026-07-28,4750.0,CE,0,0,0,717.55
2026-07-01,2026-07-28,4750.0,PE,0,0,0,38.9
2026-07-01,2026-07-28,4800.0,CE,0,0,0,757.55
2026-07-01,2026-07-28,4800.0,PE,3250,1625,460,5.25
2026-07-01,2026-07-28,4850.0,CE,0,0,0,634.75
2026-07-01,2026-07-28,4850.0,PE,0,0,0,55.05
2026-07-01,2026-07-28,4900.0,CE,250,0,0,719.75
2026-07-01,2026-07-28,4900.0,PE,5000,-125,1,8.0
2026-07-01,2026-07-28,4950.0,CE,500,0,0,521.2
2026-07-01,2026-07-28,4950.0,PE,625,0,0,18.95
2026-07-01,2026-07-28,5000.0,CE,0,0,0,607.35
2026-07-01,2026-07-28,5000.0,PE,10875,0,66,11.6
2026-07-01,2026-07-28,5050.0,CE,0,0,0,483.45
2026-07-01,2026-07-28,5050.0,PE,500,0,0,71.75
2026-07-01,2026-07-28,5100.0,CE,125,0,0,395.9
2026-07-01,2026-07-28,5100.0,PE,8875,-2375,47,18.55
2026-07-01,2026-07-28,5150.0,CE,1625,0,0,424.35
2026-07-01,2026-07-28,5150.0,PE,1000,0,0,52.65
2026-07-01,2026-07-28,5200.0,CE,250,0,0,427.5
2026-07-01,2026-07-28,5200.0,PE,14875,4625,74,28.5
2026-07-01,2026-07-28,5250.0,CE,875,0,0,279.65
2026-07-01,2026-07-28,5250.0,PE,1375,0,0,38.85
2026-07-01,2026-07-28,5300.0,CE,250,0,0,242.1
2026-07-01,2026-07-28,5300.0,PE,8875,0,0,49.85
2026-07-01,2026-07-28,5350.0,CE,0,0,0,298.6
2026-07-01,2026-07-28,5350.0,PE,2000,-375,15,53.7
2026-07-01,2026-07-28,5400.0,CE,3250,125,5,254.7
2026-07-01,2026-07-28,5400.0,PE,12000,750,93,65.55
2026-07-01,2026-07-28,5450.0,CE,2375,375,14,216.0
2026-07-01,2026-07-28,5450.0,PE,9125,-125,36,81.4
2026-07-01,2026-07-28,5500.0,CE,29750,-2125,210,187.45
2026-07-01,2026-07-28,5500.0,PE,22250,-3250,294,101.15
2026-07-01,2026-07-28,5550.0,CE,10375,1750,73,158.15
2026-07-01,2026-07-28,5550.0,PE,5625,2125,58,121.7
2026-07-01,2026-07-28,5600.0,CE,12875,500,189,132.65
2026-07-01,2026-07-28,5600.0,PE,5750,3250,56,144.55
2026-07-01,2026-07-28,5650.0,CE,4500,625,73,107.65
2026-07-01,2026-07-28,5650.0,PE,875,0,0,170.0
2026-07-01,2026-07-28,5700.0,CE,12000,250,80,92.2
2026-07-01,2026-07-28,5700.0,PE,750,0,0,310.8
2026-07-01,2026-07-28,5750.0,CE,2250,1500,20,77.4
2026-07-01,2026-07-28,5750.0,PE,250,0,0,349.05
2026-07-01,2026-07-28,5800.0,CE,15000,4625,139,61.6
2026-07-01,2026-07-28,5800.0,PE,1000,625,10,271.5
2026-07-01,2026-07-28,5850.0,CE,2375,0,0,66.8
2026-07-01,2026-07-28,5850.0,PE,0,0,0,519.7
2026-07-01,2026-07-28,5900.0,CE,6875,-125,32,41.6
2026-07-01,2026-07-28,5900.0,PE,0,0,0,562.35
2026-07-01,2026-07-28,5950.0,CE,875,0,0,50.0
2026-07-01,2026-07-28,5950.0,PE,0,0,0,596.0
2026-07-01,2026-07-28,6000.0,CE,16625,3125,200,26.7
2026-07-01,2026-07-28,6000.0,PE,0,0,0,634.65
2026-07-01,2026-07-28,6050.0,CE,1000,0,0,34.05
2026-07-01,2026-07-28,6050.0,PE,125,0,0,676.2
2026-07-01,2026-07-28,6100.0,CE,8375,1750,46,18.35
2026-07-01,2026-07-28,6100.0,PE,625,0,0,839.7
2026-07-01,2026-07-28,6150.0,CE,125,0,0,23.4
2026-07-01,2026-07-28,6150.0,PE,250,0,0,710.0
2026-07-01,2026-07-28,6200.0,CE,7375,1750,19,13.0
2026-07-01,2026-07-28,6200.0,PE,125,0,0,757.2
2026-07-01,2026-07-28,6250.0,CE,0,0,0,41.15
2026-07-01,2026-07-28,6250.0,PE,0,0,0,847.1
2026-07-01,2026-07-28,6300.0,CE,625,0,0,14.4
2026-07-01,2026-07-28,6300.0,PE,125,0,0,853.2
2026-07-01,2026-07-28,6350.0,CE,15000,-1750,28,7.05
2026-07-01,2026-07-28,6350.0,PE,0,0,0,936.4
2026-07-01,2026-07-28,6400.0,CE,1750,875,113,6.25
2026-07-01,2026-07-28,6400.0,PE,125,0,0,995.0
2026-07-01,2026-07-28,6450.0,CE,4125,0,0,11.45
2026-07-01,2026-07-28,6450.0,PE,0,0,0,1027.75
2026-07-01,2026-07-28,6500.0,CE,0,0,0,53.55
2026-07-01,2026-07-28,6500.0,PE,0,0,0,1041.7
2026-07-01,2026-07-28,6550.0,CE,0,0,0,17.95
2026-07-01,2026-07-28,6550.0,PE,0,0,0,1120.8
2026-07-01,2026-08-25,4400.0,CE,0,0,0,1065.1
2026-07-01,2026-08-25,4400.0,PE,0,0,0,20.1
2026-07-01,2026-08-25,4600.0,CE,0,0,0,888.1
2026-07-01,2026-08-25,4600.0,PE,0,0,0,40.15
2026-07-01,2026-08-25,4700.0,CE,0,0,0,804.1
2026-07-01,2026-08-25,4700.0,PE,0,0,0,54.65
2026-07-01,2026-08-25,4800.0,CE,0,0,0,723.75
2026-07-01,2026-08-25,4800.0,PE,0,0,0,72.8
2026-07-01,2026-08-25,4900.0,CE,0,0,0,647.4
2026-07-01,2026-08-25,4900.0,PE,0,0,0,95.0
2026-07-01,2026-08-25,5000.0,CE,0,0,0,575.55
2026-07-01,2026-08-25,5000.0,PE,0,0,0,112.0
2026-07-01,2026-08-25,5050.0,CE,0,0,0,618.05
2026-07-01,2026-08-25,5050.0,PE,0,0,0,50.2
2026-07-01,2026-08-25,5100.0,CE,0,0,0,508.15
2026-07-01,2026-08-25,5100.0,PE,0,0,0,152.8
2026-07-01,2026-08-25,5150.0,CE,0,0,0,539.0
2026-07-01,2026-08-25,5150.0,PE,0,0,0,70.25
2026-07-01,2026-08-25,5200.0,CE,0,0,0,445.9
2026-07-01,2026-08-25,5200.0,PE,0,0,0,189.05
2026-07-01,2026-08-25,5250.0,CE,0,0,0,465.35
2026-07-01,2026-08-25,5250.0,PE,0,0,0,95.65
2026-07-01,2026-08-25,5300.0,CE,0,0,0,388.7
2026-07-01,2026-08-25,5300.0,PE,0,0,0,230.4
2026-07-01,2026-08-25,5350.0,CE,0,0,0,397.15
2026-07-01,2026-08-25,5350.0,PE,0,0,0,126.5
2026-07-01,2026-08-25,5400.0,CE,0,0,0,336.65
2026-07-01,2026-08-25,5400.0,PE,0,0,0,276.9
2026-07-01,2026-08-25,5450.0,CE,0,0,0,335.45
2026-07-01,2026-08-25,5450.0,PE,0,0,0,163.85
2026-07-01,2026-08-25,5500.0,CE,0,0,0,289.65
2026-07-01,2026-08-25,5500.0,PE,0,0,0,328.4
2026-07-01,2026-08-25,5550.0,CE,0,0,0,280.1
2026-07-01,2026-08-25,5550.0,PE,0,0,0,207.55
2026-07-01,2026-08-25,5600.0,CE,0,0,0,247.6
2026-07-01,2026-08-25,5600.0,PE,0,0,0,384.9
2026-07-01,2026-08-25,5650.0,CE,0,0,0,231.25
2026-07-01,2026-08-25,5650.0,PE,0,0,0,257.75
2026-07-01,2026-08-25,5700.0,CE,0,0,0,210.3
2026-07-01,2026-08-25,5700.0,PE,0,0,0,446.1
2026-07-01,2026-08-25,5750.0,CE,0,0,0,188.7
2026-07-01,2026-08-25,5750.0,PE,0,0,0,314.3
2026-07-01,2026-08-25,5800.0,CE,0,0,0,177.5
2026-07-01,2026-08-25,5800.0,PE,0,0,0,511.8
2026-07-01,2026-08-25,5850.0,CE,0,0,0,152.25
2026-07-01,2026-08-25,5850.0,PE,0,0,0,376.85
2026-07-01,2026-08-25,5900.0,CE,0,0,0,148.85
2026-07-01,2026-08-25,5900.0,PE,0,0,0,581.7
2026-07-01,2026-08-25,5950.0,CE,0,0,0,121.4
2026-07-01,2026-08-25,5950.0,PE,0,0,0,445.05
2026-07-01,2026-08-25,6000.0,CE,0,0,0,124.4
2026-07-01,2026-08-25,6000.0,PE,0,0,0,655.75
2026-07-01,2026-08-25,6050.0,CE,0,0,0,96.0
2026-07-01,2026-08-25,6050.0,PE,0,0,0,518.75
2026-07-01,2026-08-25,6100.0,CE,0,0,0,102.95
2026-07-01,2026-08-25,6100.0,PE,0,0,0,732.85
2026-07-01,2026-08-25,6200.0,CE,0,0,0,84.85
2026-07-01,2026-08-25,6200.0,PE,0,0,0,813.25
2026-07-01,2026-08-25,6300.0,CE,0,0,0,69.5
2026-07-01,2026-08-25,6300.0,PE,0,0,0,896.45
2026-07-01,2026-08-25,6400.0,CE,0,0,0,56.65
2026-07-01,2026-08-25,6400.0,PE,0,0,0,982.1
2026-07-01,2026-08-25,6500.0,CE,0,0,0,45.9
2026-07-01,2026-08-25,6500.0,PE,0,0,0,1069.85
2026-07-01,2026-09-29,4800.0,CE,0,0,0,886.15
2026-07-01,2026-09-29,4800.0,PE,0,0,0,42.5
2026-07-01,2026-09-29,5000.0,CE,0,0,0,722.7
2026-07-01,2026-09-29,5000.0,PE,0,0,0,76.0
2026-07-01,2026-09-29,5100.0,CE,0,0,0,646.8
2026-07-01,2026-09-29,5100.0,PE,0,0,0,98.6
2026-07-01,2026-09-29,5200.0,CE,0,0,0,575.45
2026-07-01,2026-09-29,5200.0,PE,0,0,0,125.65
2026-07-01,2026-09-29,5300.0,CE,0,0,0,508.4
2026-07-01,2026-09-29,5300.0,PE,0,0,0,157.1
2026-07-01,2026-09-29,5400.0,CE,0,0,0,446.45
2026-07-01,2026-09-29,5400.0,PE,0,0,0,193.65
2026-07-01,2026-09-29,5500.0,CE,0,0,0,389.6
2026-07-01,2026-09-29,5500.0,PE,0,0,0,235.2
2026-07-01,2026-09-29,5600.0,CE,0,0,0,337.75
2026-07-01,2026-09-29,5600.0,PE,0,0,0,281.85
2026-07-01,2026-09-29,5700.0,CE,0,0,0,290.9
2026-07-01,2026-09-29,5700.0,PE,0,0,0,333.45
2026-07-01,2026-09-29,5800.0,CE,0,0,0,248.95
2026-07-01,2026-09-29,5800.0,PE,0,0,0,390.0
2026-07-01,2026-09-29,5900.0,CE,0,0,0,211.7
2026-07-01,2026-09-29,5900.0,PE,0,0,0,451.2
2026-07-01,2026-09-29,6000.0,CE,0,0,0,178.9
2026-07-01,2026-09-29,6000.0,PE,0,0,0,516.85
2026-07-01,2026-09-29,6100.0,CE,0,0,0,150.2
2026-07-01,2026-09-29,6100.0,PE,0,0,0,586.65
2026-07-01,2026-09-29,6200.0,CE,0,0,0,125.7
2026-07-01,2026-09-29,6200.0,PE,0,0,0,660.6
2026-07-01,2026-09-29,6400.0,CE,0,0,0,85.95
2026-07-01,2026-09-29,6400.0,PE,0,0,0,817.8
2026-07-02,2026-07-28,4700.0,PE,125,0,0,4.0
2026-07-02,2026-07-28,4800.0,CE,0,0,0,757.55
2026-07-02,2026-07-28,4800.0,PE,4250,1000,117,4.35
2026-07-02,2026-07-28,4900.0,CE,250,0,0,719.75
2026-07-02,2026-07-28,4900.0,PE,4875,-125,3,6.5
2026-07-02,2026-07-28,4950.0,CE,500,0,0,521.2
2026-07-02,2026-07-28,4950.0,PE,625,0,0,18.95
2026-07-02,2026-07-28,5000.0,CE,0,0,0,607.35
2026-07-02,2026-07-28,5000.0,PE,7125,-3750,33,11.05
2026-07-02,2026-07-28,5050.0,CE,0,0,0,483.45
2026-07-02,2026-07-28,5050.0,PE,500,0,0,71.75
2026-07-02,2026-07-28,5100.0,CE,125,0,0,395.9
2026-07-02,2026-07-28,5100.0,PE,5750,-3125,63,16.0
2026-07-02,2026-07-28,5150.0,CE,1625,0,0,424.35
2026-07-02,2026-07-28,5150.0,PE,1000,0,0,52.65
2026-07-02,2026-07-28,5200.0,CE,250,0,0,427.5
2026-07-02,2026-07-28,5200.0,PE,12250,-2625,54,29.8
2026-07-02,2026-07-28,5250.0,CE,875,0,0,279.65
2026-07-02,2026-07-28,5250.0,PE,1375,0,0,38.85
2026-07-02,2026-07-28,5300.0,CE,250,0,0,242.1
2026-07-02,2026-07-28,5300.0,PE,8750,-125,2,46.85
2026-07-02,2026-07-28,5350.0,CE,0,0,0,298.6
2026-07-02,2026-07-28,5350.0,PE,2000,0,0,53.7
2026-07-02,2026-07-28,5400.0,CE,3250,0,0,254.7
2026-07-02,2026-07-28,5400.0,PE,14875,2875,103,75.55
2026-07-02,2026-07-28,5450.0,CE,2500,125,4,180.0
2026-07-02,2026-07-28,5450.0,PE,9375,250,9,84.05
2026-07-02,2026-07-28,5500.0,CE,30750,1000,149,150.95
2026-07-02,2026-07-28,5500.0,PE,19375,-2875,270,114.75
2026-07-02,2026-07-28,5550.0,CE,10375,0,134,124.95
2026-07-02,2026-07-28,5550.0,PE,7625,2000,68,138.3
2026-07-02,2026-07-28,5600.0,CE,14375,1500,131,103.95
2026-07-02,2026-07-28,5600.0,PE,7000,1250,51,168.6
2026-07-02,2026-07-28,5650.0,CE,15625,11125,172,84.0
2026-07-02,2026-07-28,5650.0,PE,875,0,0,170.0
2026-07-02,2026-07-28,5700.0,CE,19500,7500,131,69.25
2026-07-02,2026-07-28,5700.0,PE,750,0,0,310.8
2026-07-02,2026-07-28,5750.0,CE,2500,250,5,52.45
2026-07-02,2026-07-28,5750.0,PE,250,0,0,349.05
2026-07-02,2026-07-28,5800.0,CE,15625,625,114,42.55
2026-07-02,2026-07-28,5800.0,PE,1000,0,0,271.5
2026-07-02,2026-07-28,5850.0,CE,2375,0,0,66.8
2026-07-02,2026-07-28,5850.0,PE,0,0,0,519.7
2026-07-02,2026-07-28,5900.0,CE,6875,0,42,27.85
2026-07-02,2026-07-28,5900.0,PE,0,0,0,562.35
2026-07-02,2026-07-28,5950.0,CE,375,-500,16,21.3
2026-07-02,2026-07-28,5950.0,PE,0,0,0,596.0
2026-07-02,2026-07-28,6000.0,CE,18375,1750,143,18.25
2026-07-02,2026-07-28,6000.0,PE,0,0,0,634.65
2026-07-02,2026-07-28,6050.0,CE,1000,0,0,34.05
2026-07-02,2026-07-28,6050.0,PE,125,0,0,676.2
2026-07-02,2026-07-28,6100.0,CE,7750,-625,31,11.8
2026-07-02,2026-07-28,6100.0,PE,625,0,0,839.7
2026-07-02,2026-07-28,6150.0,CE,125,0,0,23.4
2026-07-02,2026-07-28,6150.0,PE,250,0,0,710.0
2026-07-02,2026-07-28,6200.0,CE,7375,0,4,9.45
2026-07-02,2026-07-28,6200.0,PE,125,0,0,757.2
2026-07-02,2026-07-28,6300.0,CE,625,0,0,14.4
2026-07-02,2026-07-28,6300.0,PE,125,0,0,853.2
2026-07-02,2026-07-28,6350.0,CE,14875,-125,1,7.0
2026-07-02,2026-07-28,6400.0,CE,1750,0,0,6.25
2026-07-02,2026-07-28,6400.0,PE,125,0,0,995.0
2026-07-02,2026-07-28,6450.0,CE,4125,0,0,11.45
2026-07-02,2026-08-25,4800.0,CE,0,0,0,723.75
2026-07-02,2026-08-25,4800.0,PE,0,0,0,72.8
2026-07-02,2026-08-25,4900.0,CE,0,0,0,647.4
2026-07-02,2026-08-25,4900.0,PE,0,0,0,95.0
2026-07-02,2026-08-25,5000.0,CE,0,0,0,575.55
2026-07-02,2026-08-25,5000.0,PE,0,0,0,112.0
2026-07-02,2026-08-25,5050.0,CE,0,0,0,618.05
2026-07-02,2026-08-25,5050.0,PE,0,0,0,50.2
2026-07-02,2026-08-25,5100.0,CE,0,0,0,508.15
2026-07-02,2026-08-25,5100.0,PE,0,0,0,152.8
2026-07-02,2026-08-25,5150.0,CE,0,0,0,539.0
2026-07-02,2026-08-25,5150.0,PE,0,0,0,70.25
2026-07-02,2026-08-25,5200.0,CE,0,0,0,445.9
2026-07-02,2026-08-25,5200.0,PE,0,0,0,189.05
2026-07-02,2026-08-25,5250.0,CE,0,0,0,465.35
2026-07-02,2026-08-25,5250.0,PE,0,0,0,95.65
2026-07-02,2026-08-25,5300.0,CE,0,0,0,388.7
2026-07-02,2026-08-25,5300.0,PE,0,0,0,230.4
2026-07-02,2026-08-25,5350.0,CE,0,0,0,397.15
2026-07-02,2026-08-25,5350.0,PE,0,0,0,126.5
2026-07-02,2026-08-25,5400.0,CE,0,0,0,336.65
2026-07-02,2026-08-25,5400.0,PE,0,0,0,276.9
2026-07-02,2026-08-25,5450.0,CE,0,0,0,335.45
2026-07-02,2026-08-25,5450.0,PE,0,0,0,163.85
2026-07-02,2026-08-25,5500.0,CE,0,0,0,289.65
2026-07-02,2026-08-25,5500.0,PE,0,0,0,328.4
2026-07-02,2026-08-25,5550.0,CE,0,0,0,280.1
2026-07-02,2026-08-25,5550.0,PE,0,0,0,207.55
2026-07-02,2026-08-25,5600.0,CE,0,0,0,247.6
2026-07-02,2026-08-25,5600.0,PE,0,0,0,384.9
2026-07-02,2026-08-25,5650.0,CE,0,0,0,231.25
2026-07-02,2026-08-25,5650.0,PE,0,0,0,257.75
2026-07-02,2026-08-25,5700.0,CE,0,0,0,210.3
2026-07-02,2026-08-25,5700.0,PE,0,0,0,446.1
2026-07-02,2026-08-25,5750.0,CE,0,0,0,188.7
2026-07-02,2026-08-25,5750.0,PE,0,0,0,314.3
2026-07-02,2026-08-25,5800.0,CE,0,0,0,177.5
2026-07-02,2026-08-25,5800.0,PE,0,0,0,511.8
2026-07-02,2026-08-25,5850.0,CE,0,0,0,152.25
2026-07-02,2026-08-25,5850.0,PE,0,0,0,376.85
2026-07-02,2026-08-25,5900.0,CE,0,0,0,148.85
2026-07-02,2026-08-25,5900.0,PE,0,0,0,581.7
2026-07-02,2026-08-25,5950.0,CE,0,0,0,121.4
2026-07-02,2026-08-25,5950.0,PE,0,0,0,445.05
2026-07-02,2026-08-25,6000.0,CE,0,0,0,124.4
2026-07-02,2026-08-25,6000.0,PE,0,0,0,655.75
2026-07-02,2026-08-25,6050.0,CE,0,0,0,96.0
2026-07-02,2026-08-25,6050.0,PE,0,0,0,518.75
2026-07-02,2026-08-25,6100.0,CE,0,0,0,102.95
2026-07-02,2026-08-25,6100.0,PE,0,0,0,732.85
2026-07-02,2026-08-25,6200.0,CE,0,0,0,84.85
2026-07-02,2026-08-25,6200.0,PE,0,0,0,813.25
2026-07-02,2026-08-25,6300.0,CE,0,0,0,69.5
2026-07-02,2026-08-25,6300.0,PE,0,0,0,896.45
2026-07-02,2026-08-25,6400.0,CE,0,0,0,56.65
2026-07-02,2026-08-25,6400.0,PE,0,0,0,982.1
2026-07-02,2026-09-29,4800.0,CE,0,0,0,886.15
2026-07-02,2026-09-29,4800.0,PE,0,0,0,42.5
2026-07-02,2026-09-29,5000.0,CE,0,0,0,722.7
2026-07-02,2026-09-29,5000.0,PE,0,0,0,76.0
2026-07-02,2026-09-29,5100.0,CE,0,0,0,646.8
2026-07-02,2026-09-29,5100.0,PE,0,0,0,98.6
2026-07-02,2026-09-29,5200.0,CE,0,0,0,575.45
2026-07-02,2026-09-29,5200.0,PE,0,0,0,125.65
2026-07-02,2026-09-29,5300.0,CE,0,0,0,508.4
2026-07-02,2026-09-29,5300.0,PE,0,0,0,157.1
2026-07-02,2026-09-29,5400.0,CE,0,0,0,446.45
2026-07-02,2026-09-29,5400.0,PE,0,0,0,193.65
2026-07-02,2026-09-29,5500.0,CE,0,0,0,389.6
2026-07-02,2026-09-29,5500.0,PE,0,0,0,235.2
2026-07-02,2026-09-29,5600.0,CE,0,0,0,337.75
2026-07-02,2026-09-29,5600.0,PE,0,0,0,281.85
2026-07-02,2026-09-29,5700.0,CE,0,0,0,290.9
2026-07-02,2026-09-29,5700.0,PE,0,0,0,333.45
2026-07-02,2026-09-29,5800.0,CE,0,0,0,248.95
2026-07-02,2026-09-29,5800.0,PE,0,0,0,390.0
2026-07-02,2026-09-29,5900.0,CE,0,0,0,211.7
2026-07-02,2026-09-29,5900.0,PE,0,0,0,451.2
2026-07-02,2026-09-29,6000.0,CE,0,0,0,178.9
2026-07-02,2026-09-29,6000.0,PE,0,0,0,516.85
2026-07-02,2026-09-29,6100.0,CE,0,0,0,150.2
2026-07-02,2026-09-29,6100.0,PE,0,0,0,586.65
2026-07-02,2026-09-29,6200.0,CE,0,0,0,125.7
2026-07-02,2026-09-29,6200.0,PE,0,0,0,660.6
2026-07-02,2026-09-29,6400.0,CE,0,0,0,85.95
2026-07-02,2026-09-29,6400.0,PE,0,0,0,817.8
2026-07-03,2026-07-28,4700.0,CE,0,0,0,838.7
2026-07-03,2026-07-28,4700.0,PE,375,250,4,4.2
2026-07-03,2026-07-28,4800.0,CE,0,0,0,757.55
2026-07-03,2026-07-28,4800.0,PE,4000,-250,4,3.0
2026-07-03,2026-07-28,4900.0,CE,250,0,1,695.4
2026-07-03,2026-07-28,4900.0,PE,4750,-125,3,6.3
2026-07-03,2026-07-28,4950.0,CE,500,0,0,521.2
2026-07-03,2026-07-28,4950.0,PE,625,0,0,18.95
2026-07-03,2026-07-28,5000.0,CE,0,0,0,607.35
2026-07-03,2026-07-28,5000.0,PE,5375,-1750,52,9.65
2026-07-03,2026-07-28,5050.0,CE,0,0,0,483.45
2026-07-03,2026-07-28,5050.0,PE,500,0,0,71.75
2026-07-03,2026-07-28,5100.0,CE,125,0,0,395.9
2026-07-03,2026-07-28,5100.0,PE,5250,-500,25,13.0
2026-07-03,2026-07-28,5150.0,CE,1625,0,0,424.35
2026-07-03,2026-07-28,5150.0,PE,1000,0,0,52.65
2026-07-03,2026-07-28,5200.0,CE,250,0,0,427.5
2026-07-03,2026-07-28,5200.0,PE,10625,-1625,82,20.6
2026-07-03,2026-07-28,5250.0,CE,875,0,0,279.65
2026-07-03,2026-07-28,5250.0,PE,1375,0,0,38.85
2026-07-03,2026-07-28,5300.0,CE,250,0,0,242.1
2026-07-03,2026-07-28,5300.0,PE,8000,-750,93,34.0
2026-07-03,2026-07-28,5350.0,CE,0,0,0,298.6
2026-07-03,2026-07-28,5350.0,PE,2000,0,0,53.7
2026-07-03,2026-07-28,5400.0,CE,3250,0,16,260.0
2026-07-03,2026-07-28,5400.0,PE,17250,2375,177,55.25
2026-07-03,2026-07-28,5450.0,CE,2625,125,18,219.95
2026-07-03,2026-07-28,5450.0,PE,10125,750,58,70.05
2026-07-03,2026-07-28,5500.0,CE,30500,-250,499,186.05
2026-07-03,2026-07-28,5500.0,PE,23875,4500,471,86.6
2026-07-03,2026-07-28,5550.0,CE,10500,125,187,160.4
2026-07-03,2026-07-28,5550.0,PE,10000,2375,112,108.95
2026-07-03,2026-07-28,5600.0,CE,43625,29250,1553,131.8
2026-07-03,2026-07-28,5600.0,PE,14375,7375,208,130.95
2026-07-03,2026-07-28,5650.0,CE,14500,-1125,237,109.55
2026-07-03,2026-07-28,5650.0,PE,875,0,0,170.0
2026-07-03,2026-07-28,5700.0,CE,17750,-1750,226,91.15
2026-07-03,2026-07-28,5700.0,PE,3375,2625,45,185.1
2026-07-03,2026-07-28,5750.0,CE,2875,375,40,68.85
2026-07-03,2026-07-28,5750.0,PE,250,0,0,349.05
2026-07-03,2026-07-28,5800.0,CE,20500,4875,270,59.0
2026-07-03,2026-07-28,5800.0,PE,2500,1500,32,261.65
2026-07-03,2026-07-28,5850.0,CE,4125,1750,32,48.0
2026-07-03,2026-07-28,5850.0,PE,0,0,0,519.7
2026-07-03,2026-07-28,5900.0,CE,6875,0,0,27.85
2026-07-03,2026-07-28,5900.0,PE,0,0,0,562.35
2026-07-03,2026-07-28,5950.0,CE,375,0,0,21.3
2026-07-03,2026-07-28,5950.0,PE,0,0,0,596.0
2026-07-03,2026-07-28,6000.0,CE,42000,23625,763,22.75
2026-07-03,2026-07-28,6000.0,PE,0,0,0,634.65
2026-07-03,2026-07-28,6050.0,CE,1000,0,0,34.05
2026-07-03,2026-07-28,6050.0,PE,125,0,0,676.2
2026-07-03,2026-07-28,6100.0,CE,8250,500,87,13.3
2026-07-03,2026-07-28,6100.0,PE,625,0,0,839.7
2026-07-03,2026-07-28,6150.0,CE,125,0,0,23.4
2026-07-03,2026-07-28,6150.0,PE,250,0,0,710.0
2026-07-03,2026-07-28,6200.0,CE,7250,-125,61,8.9
2026-07-03,2026-07-28,6200.0,PE,1125,1000,22,616.45
2026-07-03,2026-07-28,6300.0,CE,625,0,0,14.4
2026-07-03,2026-07-28,6300.0,PE,125,0,0,853.2
2026-07-03,2026-07-28,6350.0,CE,14875,0,17,4.95
2026-07-03,2026-07-28,6400.0,CE,1500,-250,11,4.0
2026-07-03,2026-07-28,6400.0,PE,125,0,0,995.0
2026-07-03,2026-07-28,6450.0,CE,4125,0,0,11.45
2026-07-03,2026-08-25,4700.0,CE,0,0,0,804.1
2026-07-03,2026-08-25,4700.0,PE,0,0,0,54.65
2026-07-03,2026-08-25,4800.0,CE,0,0,0,723.75
2026-07-03,2026-08-25,4800.0,PE,0,0,0,72.8
2026-07-03,2026-08-25,4900.0,CE,0,0,0,647.4
2026-07-03,2026-08-25,4900.0,PE,0,0,0,95.0
2026-07-03,2026-08-25,4950.0,CE,0,0,0,701.7
2026-07-03,2026-08-25,4950.0,PE,0,0,0,34.85
2026-07-03,2026-08-25,5000.0,CE,0,0,0,575.55
2026-07-03,2026-08-25,5000.0,PE,0,0,0,112.0
2026-07-03,2026-08-25,5050.0,CE,0,0,0,618.05
2026-07-03,2026-08-25,5050.0,PE,0,0,0,50.2
2026-07-03,2026-08-25,5100.0,CE,0,0,0,508.15
2026-07-03,2026-08-25,5100.0,PE,0,0,0,152.8
2026-07-03,2026-08-25,5150.0,CE,0,0,0,539.0
2026-07-03,2026-08-25,5150.0,PE,0,0,0,70.25
2026-07-03,2026-08-25,5200.0,CE,0,0,0,445.9
2026-07-03,2026-08-25,5200.0,PE,0,0,0,189.05
2026-07-03,2026-08-25,5250.0,CE,0,0,0,465.35
2026-07-03,2026-08-25,5250.0,PE,0,0,0,95.65
2026-07-03,2026-08-25,5300.0,CE,0,0,0,388.7
2026-07-03,2026-08-25,5300.0,PE,0,0,0,230.4
2026-07-03,2026-08-25,5350.0,CE,0,0,0,397.15
2026-07-03,2026-08-25,5350.0,PE,0,0,0,126.5
2026-07-03,2026-08-25,5400.0,CE,0,0,0,336.65
2026-07-03,2026-08-25,5400.0,PE,0,0,0,276.9
2026-07-03,2026-08-25,5450.0,CE,0,0,0,335.45
2026-07-03,2026-08-25,5450.0,PE,0,0,0,163.85
2026-07-03,2026-08-25,5500.0,CE,0,0,0,289.65
2026-07-03,2026-08-25,5500.0,PE,0,0,0,328.4
2026-07-03,2026-08-25,5550.0,CE,0,0,0,280.1
2026-07-03,2026-08-25,5550.0,PE,0,0,0,207.55
2026-07-03,2026-08-25,5600.0,CE,0,0,0,247.6
2026-07-03,2026-08-25,5600.0,PE,0,0,0,384.9
2026-07-03,2026-08-25,5650.0,CE,0,0,0,231.25
2026-07-03,2026-08-25,5650.0,PE,0,0,0,257.75
2026-07-03,2026-08-25,5700.0,CE,0,0,0,210.3
2026-07-03,2026-08-25,5700.0,PE,0,0,0,446.1
2026-07-03,2026-08-25,5750.0,CE,0,0,0,188.7
2026-07-03,2026-08-25,5750.0,PE,0,0,0,314.3
2026-07-03,2026-08-25,5800.0,CE,0,0,0,177.5
2026-07-03,2026-08-25,5800.0,PE,0,0,0,511.8
2026-07-03,2026-08-25,5850.0,CE,0,0,0,152.25
2026-07-03,2026-08-25,5850.0,PE,0,0,0,376.85
2026-07-03,2026-08-25,5900.0,CE,0,0,0,148.85
2026-07-03,2026-08-25,5900.0,PE,0,0,0,581.7
2026-07-03,2026-08-25,5950.0,CE,0,0,0,121.4
2026-07-03,2026-08-25,5950.0,PE,0,0,0,445.05
2026-07-03,2026-08-25,6000.0,CE,0,0,0,124.4
2026-07-03,2026-08-25,6000.0,PE,0,0,0,655.75
2026-07-03,2026-08-25,6050.0,CE,0,0,0,96.0
2026-07-03,2026-08-25,6050.0,PE,0,0,0,518.75
2026-07-03,2026-08-25,6100.0,CE,0,0,0,102.95
2026-07-03,2026-08-25,6100.0,PE,0,0,0,732.85
2026-07-03,2026-08-25,6200.0,CE,0,0,0,84.85
2026-07-03,2026-08-25,6200.0,PE,0,0,0,813.25
2026-07-03,2026-08-25,6300.0,CE,0,0,0,69.5
2026-07-03,2026-08-25,6300.0,PE,0,0,0,896.45
2026-07-03,2026-08-25,6400.0,CE,0,0,0,56.65
2026-07-03,2026-08-25,6400.0,PE,0,0,0,982.1
2026-07-03,2026-09-29,4800.0,CE,0,0,0,886.15
2026-07-03,2026-09-29,4800.0,PE,0,0,0,42.5
2026-07-03,2026-09-29,5000.0,CE,0,0,0,722.7
2026-07-03,2026-09-29,5000.0,PE,0,0,0,76.0
2026-07-03,2026-09-29,5100.0,CE,0,0,0,646.8
2026-07-03,2026-09-29,5100.0,PE,0,0,0,98.6
2026-07-03,2026-09-29,5200.0,CE,0,0,0,575.45
2026-07-03,2026-09-29,5200.0,PE,0,0,0,125.65
2026-07-03,2026-09-29,5300.0,CE,0,0,0,508.4
2026-07-03,2026-09-29,5300.0,PE,0,0,0,157.1
2026-07-03,2026-09-29,5400.0,CE,0,0,0,446.45
2026-07-03,2026-09-29,5400.0,PE,0,0,0,193.65
2026-07-03,2026-09-29,5500.0,CE,0,0,0,389.6
2026-07-03,2026-09-29,5500.0,PE,0,0,0,235.2
2026-07-03,2026-09-29,5600.0,CE,0,0,0,337.75
2026-07-03,2026-09-29,5600.0,PE,0,0,0,281.85
2026-07-03,2026-09-29,5700.0,CE,0,0,0,290.9
2026-07-03,2026-09-29,5700.0,PE,0,0,0,333.45
2026-07-03,2026-09-29,5800.0,CE,0,0,0,248.95
2026-07-03,2026-09-29,5800.0,PE,0,0,0,390.0
2026-07-03,2026-09-29,5900.0,CE,0,0,0,211.7
2026-07-03,2026-09-29,5900.0,PE,0,0,0,451.2
2026-07-03,2026-09-29,6000.0,CE,0,0,0,178.9
2026-07-03,2026-09-29,6000.0,PE,0,0,0,516.85
2026-07-03,2026-09-29,6100.0,CE,0,0,0,150.2
2026-07-03,2026-09-29,6100.0,PE,0,0,0,586.65
2026-07-03,2026-09-29,6200.0,CE,0,0,0,125.7
2026-07-03,2026-09-29,6200.0,PE,0,0,0,660.6
2026-07-03,2026-09-29,6400.0,CE,0,0,0,85.95
2026-07-03,2026-09-29,6400.0,PE,0,0,0,817.8
