date,expiry,strike,opt_type,oi,chg_oi,volume,close
2026-06-05,2026-06-30,6300.0,PE,8000,-400,12,3.35
2026-06-05,2026-06-30,6400.0,CE,100,0,0,1370.0
2026-06-05,2026-06-30,6400.0,PE,9500,0,0,22.5
2026-06-05,2026-06-30,6500.0,CE,700,0,0,1184.1
2026-06-05,2026-06-30,6500.0,PE,61200,-300,6,19.4
2026-06-05,2026-06-30,6600.0,CE,100,0,0,825.0
2026-06-05,2026-06-30,6600.0,PE,300,0,0,60.0
2026-06-05,2026-06-30,6700.0,PE,19700,0,0,45.0
2026-06-05,2026-06-30,6800.0,CE,100,0,0,773.45
2026-06-05,2026-06-30,6800.0,PE,18700,0,0,53.15
2026-06-05,2026-06-30,6900.0,CE,0,0,0,1558.55
2026-06-05,2026-06-30,6900.0,PE,179200,-100,1,34.5
2026-06-05,2026-06-30,7000.0,CE,73900,-700,7,899.3
2026-06-05,2026-06-30,7000.0,PE,501100,-1500,114,29.05
2026-06-05,2026-06-30,7100.0,CE,7300,0,0,650.0
2026-06-05,2026-06-30,7100.0,PE,61600,0,0,57.15
2026-06-05,2026-06-30,7200.0,CE,55700,0,0,585.0
2026-06-05,2026-06-30,7200.0,PE,76800,-400,4,66.45
2026-06-05,2026-06-30,7300.0,CE,14900,-200,2,610.0
2026-06-05,2026-06-30,7300.0,PE,43100,-100,6,66.5
2026-06-05,2026-06-30,7400.0,CE,34100,-100,2,530.0
2026-06-05,2026-06-30,7400.0,PE,42500,-500,5,77.5
2026-06-05,2026-06-30,7500.0,CE,121900,-2000,28,471.8
2026-06-05,2026-06-30,7500.0,PE,72600,-2000,32,116.1
2026-06-05,2026-06-30,7600.0,CE,54300,-1300,30,414.5
2026-06-05,2026-06-30,7600.0,PE,23300,-900,9,132.25
2026-06-05,2026-06-30,7700.0,CE,58200,-1400,59,353.55
2026-06-05,2026-06-30,7700.0,PE,28800,-500,5,202.15
2026-06-05,2026-06-30,7800.0,CE,79500,-700,62,293.8
2026-06-05,2026-06-30,7800.0,PE,24600,-300,3,254.25
2026-06-05,2026-06-30,7900.0,CE,36200,-300,6,253.5
2026-06-05,2026-06-30,7900.0,PE,0,0,0,532.1
2026-06-05,2026-06-30,8000.0,CE,544800,-35400,426,230.05
2026-06-05,2026-06-30,8000.0,PE,29300,0,2,365.0
2026-06-05,2026-06-30,8100.0,CE,26500,-200,5,211.35
2026-06-05,2026-06-30,8100.0,PE,100,0,0,474.85
2026-06-05,2026-06-30,8200.0,CE,85400,-200,2,150.0
2026-06-05,2026-06-30,8200.0,PE,2400,0,0,657.8
2026-06-05,2026-06-30,8300.0,CE,77500,0,0,128.5
2026-06-05,2026-06-30,8300.0,PE,2200,0,0,865.0
2026-06-05,2026-06-30,8400.0,CE,31800,0,0,96.0
2026-06-05,2026-06-30,8400.0,PE,1000,0,0,742.9
2026-06-05,2026-06-30,8500.0,CE,256900,-10400,118,112.4
2026-06-05,2026-06-30,8500.0,PE,5800,0,0,904.75
2026-06-05,2026-06-30,8600.0,CE,43000,0,0,65.25
2026-06-05,2026-06-30,8600.0,PE,0,0,0,1774.95
2026-06-05,2026-06-30,8800.0,CE,56200,-400,5,80.35
2026-06-05,2026-06-30,8800.0,PE,1100,0,0,1336.0
2026-06-05,2026-06-30,8900.0,CE,4800,0,0,58.0
2026-06-05,2026-06-30,9000.0,CE,78100,-1100,12,61.35
2026-06-05,2026-06-30,9000.0,PE,900,0,0,1490.0
2026-06-05,2026-06-30,9200.0,CE,600,0,0,125.0
2026-06-05,2026-06-30,9300.0,CE,13600,0,1,100.25
2026-06-05,2026-06-30,9400.0,PE,600,0,0,1948.0
2026-06-05,2026-06-30,9500.0,CE,3000,0,0,20.9
2026-06-05,2026-06-30,9700.0,CE,600,0,0,14.0
2026-06-05,2026-06-30,9800.0,CE,15100,-300,4,21.15
2026-06-05,2026-06-30,9800.0,PE,100,0,0,2766.75
2026-06-05,2026-07-28,6600.0,CE,0,0,0,1899.7
2026-06-05,2026-07-28,6600.0,PE,0,0,0,204.95
2026-06-05,2026-07-28,6800.0,CE,0,0,0,1751.65
2026-06-05,2026-07-28,6800.0,PE,0,0,0,254.0
2026-06-05,2026-07-28,6900.0,CE,0,0,0,943.25
2026-06-05,2026-07-28,6900.0,PE,0,0,0,460.55
2026-06-05,2026-07-28,7000.0,CE,0,0,0,1610.4
2026-06-05,2026-07-28,7000.0,PE,1800,0,0,160.85
2026-06-05,2026-07-28,7100.0,CE,0,0,0,836.0
2026-06-05,2026-07-28,7100.0,PE,100,0,0,209.95
2026-06-05,2026-07-28,7200.0,CE,0,0,0,1476.5
2026-06-05,2026-07-28,7200.0,PE,200,0,0,328.15
2026-06-05,2026-07-28,7300.0,CE,0,0,0,738.0
2026-06-05,2026-07-28,7300.0,PE,200,0,0,364.35
2026-06-05,2026-07-28,7400.0,CE,100,0,0,895.4
2026-06-05,2026-07-28,7400.0,PE,0,0,0,443.75
2026-06-05,2026-07-28,7500.0,CE,0,0,0,649.0
2026-06-05,2026-07-28,7500.0,PE,300,0,0,443.75
2026-06-05,2026-07-28,7600.0,CE,200,0,0,439.95
2026-06-05,2026-07-28,7600.0,PE,0,0,0,522.3
2026-06-05,2026-07-28,7700.0,CE,0,0,0,568.6
2026-06-05,2026-07-28,7700.0,PE,0,0,0,877.7
2026-06-05,2026-07-28,7800.0,CE,0,0,0,1120.45
2026-06-05,2026-07-28,7800.0,PE,100,0,0,575.0
2026-06-05,2026-07-28,7900.0,CE,0,0,0,496.45
2026-06-05,2026-07-28,7900.0,PE,0,0,0,1003.45
2026-06-05,2026-07-28,8000.0,CE,0,0,0,1017.05
2026-06-05,2026-07-28,8000.0,PE,0,0,0,702.2
2026-06-05,2026-07-28,8100.0,CE,200,0,0,332.0
2026-06-05,2026-07-28,8100.0,PE,0,0,0,1136.9
2026-06-05,2026-07-28,8200.0,CE,0,0,0,921.0
2026-06-05,2026-07-28,8200.0,PE,0,0,0,803.25
2026-06-05,2026-07-28,8400.0,CE,100,0,0,206.55
2026-06-05,2026-07-28,8400.0,PE,0,0,0,911.55
2026-06-05,2026-07-28,8600.0,CE,0,0,0,750.25
2026-06-05,2026-07-28,8600.0,PE,0,0,0,1026.8
2026-06-05,2026-07-28,8800.0,CE,800,0,0,749.9
2026-06-05,2026-07-28,9200.0,CE,100,0,0,543.2
2026-06-05,2026-08-25,6800.0,CE,0,0,0,1145.4
2026-06-05,2026-08-25,6800.0,PE,0,0,0,532.95
2026-06-05,2026-08-25,7000.0,CE,0,0,0,1038.35
2026-06-05,2026-08-25,7000.0,PE,0,0,0,622.9
2026-06-05,2026-08-25,7200.0,CE,0,0,0,939.0
2026-06-05,2026-08-25,7200.0,PE,0,0,0,720.65
2026-06-05,2026-08-25,7400.0,CE,0,0,0,847.3
2026-06-05,2026-08-25,7400.0,PE,0,0,0,826.0
2026-06-05,2026-08-25,7600.0,CE,0,0,0,762.9
2026-06-05,2026-08-25,7600.0,PE,0,0,0,938.6
2026-06-05,2026-08-25,7800.0,CE,0,0,0,685.45
2026-06-05,2026-08-25,7800.0,PE,0,0,0,1058.2
2026-06-05,2026-08-25,8000.0,CE,0,0,0,614.7
2026-06-05,2026-08-25,8000.0,PE,0,0,0,1184.5
2026-06-05,2026-08-25,8200.0,CE,0,0,0,550.2
2026-06-05,2026-08-25,8200.0,PE,0,0,0,1317.05
2026-06-05,2026-08-25,8400.0,CE,0,0,0,491.6
2026-06-05,2026-08-25,8400.0,PE,0,0,0,1455.5
2026-06-08,2026-06-30,6300.0,PE,8000,0,0,3.35
2026-06-08,2026-06-30,6400.0,CE,100,0,0,1370.0
2026-06-08,2026-06-30,6400.0,PE,9500,0,0,22.5
2026-06-08,2026-06-30,6500.0,CE,700,0,0,1184.1
2026-06-08,2026-06-30,6500.0,PE,61200,0,1,15.3
2026-06-08,2026-06-30,6600.0,CE,100,0,0,825.0
2026-06-08,2026-06-30,6600.0,PE,300,0,0,60.0
2026-06-08,2026-06-30,6700.0,PE,19700,0,0,45.0
2026-06-08,2026-06-30,6800.0,CE,100,0,0,773.45
2026-06-08,2026-06-30,6800.0,PE,18700,0,0,53.15
2026-06-08,2026-06-30,6900.0,CE,0,0,0,1558.55
2026-06-08,2026-06-30,6900.0,PE,179400,200,5,30.2
2026-06-08,2026-06-30,7000.0,CE,73900,0,0,899.3
2026-06-08,2026-06-30,7000.0,PE,500400,-700,12,43.65
2026-06-08,2026-06-30,7100.0,CE,7300,0,0,650.0
2026-06-08,2026-06-30,7100.0,PE,61500,-100,1,98.0
2026-06-08,2026-06-30,7200.0,CE,55300,-400,6,920.0
2026-06-08,2026-06-30,7200.0,PE,76700,-100,3,86.8
2026-06-08,2026-06-30,7300.0,CE,14800,-100,1,610.0
2026-06-08,2026-06-30,7300.0,PE,43000,-100,2,78.1
2026-06-08,2026-06-30,7400.0,CE,34100,0,1,550.0
2026-06-08,2026-06-30,7400.0,PE,42400,-100,2,85.0
2026-06-08,2026-06-30,7500.0,CE,121900,0,0,471.8
2026-06-08,2026-06-30,7500.0,PE,72700,100,1,152.0
2026-06-08,2026-06-30,7600.0,CE,54200,-100,4,377.5
2026-06-08,2026-06-30,7600.0,PE,23300,0,0,132.25
2026-06-08,2026-06-30,7700.0,CE,58100,-100,5,335.0
2026-06-08,2026-06-30,7700.0,PE,28700,-100,1,210.0
2026-06-08,2026-06-30,7800.0,CE,79400,-100,43,288.8
2026-06-08,2026-06-30,7800.0,PE,24500,-100,1,256.0
2026-06-08,2026-06-30,7900.0,CE,35900,-300,3,241.0
2026-06-08,2026-06-30,7900.0,PE,0,0,0,532.1
2026-06-08,2026-06-30,8000.0,CE,542900,-1900,124,205.05
2026-06-08,2026-06-30,8000.0,PE,29300,0,2,470.0
2026-06-08,2026-06-30,8100.0,CE,26400,-100,7,192.6
2026-06-08,2026-06-30,8100.0,PE,100,0,0,474.85
2026-06-08,2026-06-30,8200.0,CE,85400,0,0,150.0
2026-06-08,2026-06-30,8200.0,PE,2400,0,0,657.8
2026-06-08,2026-06-30,8300.0,CE,77300,-200,2,148.0
2026-06-08,2026-06-30,8300.0,PE,2200,0,0,865.0
2026-06-08,2026-06-30,8400.0,CE,31700,-100,2,132.0
2026-06-08,2026-06-30,8400.0,PE,1000,0,0,742.9
2026-06-08,2026-06-30,8500.0,CE,256400,-500,5,90.0
2026-06-08,2026-06-30,8500.0,PE,5800,0,0,904.75
2026-06-08,2026-06-30,8600.0,CE,43000,0,0,65.25
2026-06-08,2026-06-30,8600.0,PE,0,0,0,1774.95
2026-06-08,2026-06-30,8800.0,CE,56200,0,0,80.35
2026-06-08,2026-06-30,8800.0,PE,1100,0,0,1336.0
2026-06-08,2026-06-30,8900.0,CE,4800,0,0,58.0
2026-06-08,2026-06-30,9000.0,CE,78000,-100,1,50.0
2026-06-08,2026-06-30,9000.0,PE,900,0,0,1490.0
2026-06-08,2026-06-30,9200.0,CE,600,0,0,125.0
2026-06-08,2026-06-30,9300.0,CE,13600,0,0,100.25
2026-06-08,2026-06-30,9400.0,PE,600,0,0,1948.0
2026-06-08,2026-06-30,9500.0,CE,3000,0,0,20.9
2026-06-08,2026-06-30,9700.0,CE,600,0,0,14.0
2026-06-08,2026-06-30,9800.0,CE,15100,0,0,21.15
2026-06-08,2026-06-30,9800.0,PE,100,0,0,2766.75
2026-06-08,2026-07-28,6600.0,CE,0,0,0,1899.7
2026-06-08,2026-07-28,6600.0,PE,0,0,0,204.95
2026-06-08,2026-07-28,6800.0,CE,0,0,0,1751.65
2026-06-08,2026-07-28,6800.0,PE,0,0,0,254.0
2026-06-08,2026-07-28,6900.0,CE,0,0,0,943.25
2026-06-08,2026-07-28,6900.0,PE,0,0,0,460.55
2026-06-08,2026-07-28,7000.0,CE,0,0,0,1610.4
2026-06-08,2026-07-28,7000.0,PE,1800,0,0,160.85
2026-06-08,2026-07-28,7100.0,CE,0,0,0,836.0
2026-06-08,2026-07-28,7100.0,PE,100,0,0,209.95
2026-06-08,2026-07-28,7200.0,CE,0,0,0,1476.5
2026-06-08,2026-07-28,7200.0,PE,200,0,0,328.15
2026-06-08,2026-07-28,7300.0,CE,0,0,0,738.0
2026-06-08,2026-07-28,7300.0,PE,200,0,0,364.35
2026-06-08,2026-07-28,7400.0,CE,100,0,0,895.4
2026-06-08,2026-07-28,7400.0,PE,0,0,0,443.75
2026-06-08,2026-07-28,7500.0,CE,0,0,0,649.0
2026-06-08,2026-07-28,7500.0,PE,300,0,0,443.75
2026-06-08,2026-07-28,7600.0,CE,200,0,0,439.95
2026-06-08,2026-07-28,7600.0,PE,0,0,0,522.3
2026-06-08,2026-07-28,7700.0,CE,0,0,0,568.6
2026-06-08,2026-07-28,7700.0,PE,0,0,0,877.7
2026-06-08,2026-07-28,7800.0,CE,0,0,0,1120.45
2026-06-08,2026-07-28,7800.0,PE,100,0,0,575.0
2026-06-08,2026-07-28,7900.0,CE,0,0,0,496.45
2026-06-08,2026-07-28,7900.0,PE,0,0,0,1003.45
2026-06-08,2026-07-28,8000.0,CE,0,0,0,1017.05
2026-06-08,2026-07-28,8000.0,PE,0,0,0,702.2
2026-06-08,2026-07-28,8100.0,CE,200,0,0,332.0
2026-06-08,2026-07-28,8100.0,PE,0,0,0,1136.9
2026-06-08,2026-07-28,8200.0,CE,0,0,0,921.0
2026-06-08,2026-07-28,8200.0,PE,0,0,0,803.25
2026-06-08,2026-07-28,8300.0,CE,0,0,0,374.6
2026-06-08,2026-07-28,8300.0,PE,0,0,0,1277.55
2026-06-08,2026-07-28,8400.0,CE,100,0,0,206.55
2026-06-08,2026-07-28,8400.0,PE,0,0,0,911.55
2026-06-08,2026-07-28,8600.0,CE,0,0,0,750.25
2026-06-08,2026-07-28,8600.0,PE,0,0,0,1026.8
2026-06-08,2026-07-28,8800.0,CE,800,0,0,749.9
2026-06-08,2026-07-28,8800.0,PE,0,0,0,1148.65
2026-06-08,2026-07-28,9200.0,CE,100,0,0,543.2
2026-06-08,2026-08-25,6800.0,CE,0,0,0,1145.4
2026-06-08,2026-08-25,6800.0,PE,0,0,0,532.95
2026-06-08,2026-08-25,7000.0,CE,0,0,0,1038.35
2026-06-08,2026-08-25,7000.0,PE,0,0,0,622.9
2026-06-08,2026-08-25,7200.0,CE,0,0,0,939.0
2026-06-08,2026-08-25,7200.0,PE,0,0,0,720.65
2026-06-08,2026-08-25,7400.0,CE,0,0,0,847.3
2026-06-08,2026-08-25,7400.0,PE,0,0,0,826.0
2026-06-08,2026-08-25,7600.0,CE,0,0,0,762.9
2026-06-08,2026-08-25,7600.0,PE,0,0,0,938.6
2026-06-08,2026-08-25,7800.0,CE,0,0,0,685.45
2026-06-08,2026-08-25,7800.0,PE,0,0,0,1058.2
2026-06-08,2026-08-25,8000.0,CE,0,0,0,614.7
2026-06-08,2026-08-25,8000.0,PE,0,0,0,1184.5
2026-06-08,2026-08-25,8200.0,CE,0,0,0,550.2
2026-06-08,2026-08-25,8200.0,PE,0,0,0,1317.05
2026-06-08,2026-08-25,8400.0,CE,0,0,0,491.6
2026-06-08,2026-08-25,8400.0,PE,0,0,0,1455.5
2026-06-08,2026-08-25,8800.0,CE,0,0,0,391.0
2026-06-08,2026-08-25,8800.0,PE,0,0,0,1748.95
2026-06-09,2026-06-30,6300.0,PE,8000,0,0,3.35
2026-06-09,2026-06-30,6400.0,CE,100,0,0,1370.0
2026-06-09,2026-06-30,6400.0,PE,9500,0,0,22.5
2026-06-09,2026-06-30,6500.0,CE,700,0,0,1184.1
2026-06-09,2026-06-30,6500.0,PE,61200,0,0,15.3
2026-06-09,2026-06-30,6600.0,CE,100,0,0,825.0
2026-06-09,2026-06-30,6600.0,PE,300,0,0,60.0
2026-06-09,2026-06-30,6700.0,PE,19700,0,0,45.0
2026-06-09,2026-06-30,6800.0,CE,100,0,0,773.45
2026-06-09,2026-06-30,6800.0,PE,18700,0,0,53.15
2026-06-09,2026-06-30,6900.0,CE,0,0,0,1558.55
2026-06-09,2026-06-30,6900.0,PE,179400,0,0,30.2
2026-06-09,2026-06-30,7000.0,CE,73900,0,0,899.3
2026-06-09,2026-06-30,7000.0,PE,498700,-1700,30,44.8
2026-06-09,2026-06-30,7100.0,CE,7300,0,0,650.0
2026-06-09,2026-06-30,7100.0,PE,61500,0,0,98.0
2026-06-09,2026-06-30,7200.0,CE,55300,0,1,630.0
2026-06-09,2026-06-30,7200.0,PE,76700,0,0,86.8
2026-06-09,2026-06-30,7300.0,CE,14800,0,1,530.0
2026-06-09,2026-06-30,7300.0,PE,43000,0,0,78.1
2026-06-09,2026-06-30,7400.0,CE,34100,0,0,550.0
2026-06-09,2026-06-30,7400.0,PE,40600,-1800,25,115.5
2026-06-09,2026-06-30,7500.0,CE,121900,0,1,375.05
2026-06-09,2026-06-30,7500.0,PE,72700,0,1,152.0
2026-06-09,2026-06-30,7600.0,CE,54200,0,4,370.05
2026-06-09,2026-06-30,7600.0,PE,23300,0,0,132.25
2026-06-09,2026-06-30,7700.0,CE,57900,-200,3,265.05
2026-06-09,2026-06-30,7700.0,PE,28700,0,0,210.0
2026-06-09,2026-06-30,7800.0,CE,79500,100,65,254.4
2026-06-09,2026-06-30,7800.0,PE,24500,0,2,300.0
2026-06-09,2026-06-30,7900.0,CE,36000,100,1,191.05
2026-06-09,2026-06-30,7900.0,PE,0,0,0,532.1
2026-06-09,2026-06-30,8000.0,CE,534000,-8900,164,181.8
2026-06-09,2026-06-30,8000.0,PE,29200,-100,3,400.0
2026-06-09,2026-06-30,8100.0,CE,26400,0,6,149.95
2026-06-09,2026-06-30,8100.0,PE,100,0,0,474.85
2026-06-09,2026-06-30,8200.0,CE,85400,0,1,218.0
2026-06-09,2026-06-30,8200.0,PE,2400,0,0,657.8
2026-06-09,2026-06-30,8300.0,CE,77300,0,0,148.0
2026-06-09,2026-06-30,8300.0,PE,2200,0,0,865.0
2026-06-09,2026-06-30,8400.0,CE,31700,0,0,132.0
2026-06-09,2026-06-30,8400.0,PE,1000,0,0,742.9
2026-06-09,2026-06-30,8500.0,CE,256200,-200,2,75.0
2026-06-09,2026-06-30,8500.0,PE,5800,0,0,904.75
2026-06-09,2026-06-30,8600.0,CE,43000,0,0,65.25
2026-06-09,2026-06-30,8600.0,PE,0,0,0,1774.95
2026-06-09,2026-06-30,8800.0,CE,56200,0,0,80.35
2026-06-09,2026-06-30,8800.0,PE,1100,0,0,1336.0
2026-06-09,2026-06-30,8900.0,CE,4800,0,0,58.0
2026-06-09,2026-06-30,9000.0,CE,77400,-600,8,29.25
2026-06-09,2026-06-30,9000.0,PE,900,0,0,1490.0
2026-06-09,2026-06-30,9200.0,CE,600,0,0,125.0
2026-06-09,2026-06-30,9300.0,CE,13500,-100,1,50.0
2026-06-09,2026-06-30,9400.0,PE,600,0,0,1948.0
2026-06-09,2026-06-30,9500.0,CE,3000,0,0,20.9
2026-06-09,2026-06-30,9700.0,CE,600,0,0,14.0
2026-06-09,2026-06-30,9800.0,CE,15100,0,0,21.15
2026-06-09,2026-06-30,9800.0,PE,100,0,0,2766.75
2026-06-09,2026-07-28,6600.0,CE,0,0,0,1899.7
2026-06-09,2026-07-28,6600.0,PE,0,0,0,204.95
2026-06-09,2026-07-28,6800.0,CE,0,0,0,1751.65
2026-06-09,2026-07-28,6800.0,PE,0,0,0,254.0
2026-06-09,2026-07-28,6900.0,CE,0,0,0,943.25
2026-06-09,2026-07-28,6900.0,PE,0,0,0,460.55
2026-06-09,2026-07-28,7000.0,CE,0,0,0,1610.4
2026-06-09,2026-07-28,7000.0,PE,1800,0,0,160.85
2026-06-09,2026-07-28,7100.0,CE,0,0,0,836.0
2026-06-09,2026-07-28,7100.0,PE,100,0,0,209.95
2026-06-09,2026-07-28,7200.0,CE,0,0,0,1476.5
2026-06-09,2026-07-28,7200.0,PE,200,0,0,328.15
2026-06-09,2026-07-28,7300.0,CE,0,0,0,738.0
2026-06-09,2026-07-28,7300.0,PE,200,0,0,364.35
2026-06-09,2026-07-28,7400.0,CE,100,0,0,895.4
2026-06-09,2026-07-28,7400.0,PE,0,0,0,443.75
2026-06-09,2026-07-28,7500.0,CE,0,0,0,649.0
2026-06-09,2026-07-28,7500.0,PE,300,0,0,443.75
2026-06-09,2026-07-28,7600.0,CE,200,0,0,439.95
2026-06-09,2026-07-28,7600.0,PE,0,0,0,522.3
2026-06-09,2026-07-28,7700.0,CE,0,0,0,568.6
2026-06-09,2026-07-28,7700.0,PE,0,0,0,877.7
2026-06-09,2026-07-28,7800.0,CE,0,0,0,1120.45
2026-06-09,2026-07-28,7800.0,PE,100,0,0,575.0
2026-06-09,2026-07-28,7900.0,CE,0,0,0,496.45
2026-06-09,2026-07-28,7900.0,PE,0,0,0,1003.45
2026-06-09,2026-07-28,8000.0,CE,0,0,0,1017.05
2026-06-09,2026-07-28,8000.0,PE,0,0,0,702.2
2026-06-09,2026-07-28,8100.0,CE,200,0,0,332.0
2026-06-09,2026-07-28,8100.0,PE,0,0,0,1136.9
2026-06-09,2026-07-28,8200.0,CE,0,0,0,921.0
2026-06-09,2026-07-28,8200.0,PE,0,0,0,803.25
2026-06-09,2026-07-28,8300.0,CE,0,0,0,374.6
2026-06-09,2026-07-28,8300.0,PE,0,0,0,1277.55
2026-06-09,2026-07-28,8400.0,CE,100,0,0,206.55
2026-06-09,2026-07-28,8400.0,PE,0,0,0,911.55
2026-06-09,2026-07-28,8600.0,CE,0,0,0,750.25
2026-06-09,2026-07-28,8600.0,PE,0,0,0,1026.8
2026-06-09,2026-07-28,8800.0,CE,800,0,0,749.9
2026-06-09,2026-07-28,8800.0,PE,0,0,0,1148.65
2026-06-09,2026-07-28,9200.0,CE,100,0,0,543.2
2026-06-09,2026-08-25,6800.0,CE,0,0,0,1145.4
2026-06-09,2026-08-25,6800.0,PE,0,0,0,532.95
2026-06-09,2026-08-25,7000.0,CE,0,0,0,1038.35
2026-06-09,2026-08-25,7000.0,PE,0,0,0,622.9
2026-06-09,2026-08-25,7200.0,CE,0,0,0,939.0
2026-06-09,2026-08-25,7200.0,PE,0,0,0,720.65
2026-06-09,2026-08-25,7400.0,CE,0,0,0,847.3
2026-06-09,2026-08-25,7400.0,PE,0,0,0,826.0
2026-06-09,2026-08-25,7600.0,CE,0,0,0,762.9
2026-06-09,2026-08-25,7600.0,PE,0,0,0,938.6
2026-06-09,2026-08-25,7800.0,CE,0,0,0,685.45
2026-06-09,2026-08-25,7800.0,PE,0,0,0,1058.2
2026-06-09,2026-08-25,8000.0,CE,0,0,0,614.7
2026-06-09,2026-08-25,8000.0,PE,0,0,0,1184.5
2026-06-09,2026-08-25,8200.0,CE,0,0,0,550.2
2026-06-09,2026-08-25,8200.0,PE,0,0,0,1317.05
2026-06-09,2026-08-25,8400.0,CE,0,0,0,491.6
2026-06-09,2026-08-25,8400.0,PE,0,0,0,1455.5
2026-06-09,2026-08-25,8800.0,CE,0,0,0,391.0
2026-06-09,2026-08-25,8800.0,PE,0,0,0,1748.95
2026-06-10,2026-06-30,6300.0,PE,8000,0,0,3.35
2026-06-10,2026-06-30,6400.0,CE,100,0,0,1370.0
2026-06-10,2026-06-30,6400.0,PE,9500,0,0,22.5
2026-06-10,2026-06-30,6500.0,CE,700,0,0,1184.1
2026-06-10,2026-06-30,6500.0,PE,61200,0,0,15.3
2026-06-10,2026-06-30,6600.0,CE,100,0,0,825.0
2026-06-10,2026-06-30,6600.0,PE,300,0,0,60.0
2026-06-10,2026-06-30,6700.0,PE,19700,0,0,45.0
2026-06-10,2026-06-30,6800.0,CE,100,0,0,773.45
2026-06-10,2026-06-30,6800.0,PE,18700,0,0,53.15
2026-06-10,2026-06-30,6900.0,CE,0,0,0,1558.55
2026-06-10,2026-06-30,6900.0,PE,179400,0,0,30.2
2026-06-10,2026-06-30,7000.0,CE,73900,0,0,899.3
2026-06-10,2026-06-30,7000.0,PE,498600,-100,6,47.15
2026-06-10,2026-06-30,7100.0,CE,7300,0,0,650.0
2026-06-10,2026-06-30,7100.0,PE,61500,0,1,98.0
2026-06-10,2026-06-30,7200.0,CE,55300,0,0,630.0
2026-06-10,2026-06-30,7200.0,PE,76700,0,0,86.8
2026-06-10,2026-06-30,7300.0,CE,14800,0,0,530.0
2026-06-10,2026-06-30,7300.0,PE,43000,0,0,78.1
2026-06-10,2026-06-30,7400.0,CE,34100,0,4,487.85
2026-06-10,2026-06-30,7400.0,PE,40300,-300,3,152.5
2026-06-10,2026-06-30,7500.0,CE,121900,0,0,375.05
2026-06-10,2026-06-30,7500.0,PE,72600,-100,2,198.95
2026-06-10,2026-06-30,7600.0,CE,54200,0,2,400.0
2026-06-10,2026-06-30,7600.0,PE,23200,-100,2,249.0
2026-06-10,2026-06-30,7700.0,CE,57600,-300,11,283.0
2026-06-10,2026-06-30,7700.0,PE,28700,0,0,210.0
2026-06-10,2026-06-30,7800.0,CE,79400,-100,8,243.05
2026-06-10,2026-06-30,7800.0,PE,24500,0,0,300.0
2026-06-10,2026-06-30,7900.0,CE,36100,100,3,192.35
2026-06-10,2026-06-30,7900.0,PE,0,0,0,532.1
2026-06-10,2026-06-30,8000.0,CE,527500,-6500,121,164.65
2026-06-10,2026-06-30,8000.0,PE,29200,0,0,400.0
2026-06-10,2026-06-30,8100.0,CE,26300,-100,1,142.5
2026-06-10,2026-06-30,8100.0,PE,100,0,0,474.85
2026-06-10,2026-06-30,8200.0,CE,85500,100,4,127.8
2026-06-10,2026-06-30,8200.0,PE,2400,0,0,657.8
2026-06-10,2026-06-30,8300.0,CE,77300,0,0,148.0
2026-06-10,2026-06-30,8300.0,PE,2200,0,0,865.0
2026-06-10,2026-06-30,8400.0,CE,31700,0,0,132.0
2026-06-10,2026-06-30,8400.0,PE,1000,0,1,666.0
2026-06-10,2026-06-30,8500.0,CE,254700,-1500,18,80.0
2026-06-10,2026-06-30,8500.0,PE,5800,0,0,904.75
2026-06-10,2026-06-30,8600.0,CE,43000,0,0,65.25
2026-06-10,2026-06-30,8600.0,PE,0,0,0,1774.95
2026-06-10,2026-06-30,8800.0,CE,56200,0,0,80.35
2026-06-10,2026-06-30,8800.0,PE,1100,0,0,1336.0
2026-06-10,2026-06-30,8900.0,CE,4800,0,0,58.0
2026-06-10,2026-06-30,9000.0,CE,77100,-300,3,31.2
2026-06-10,2026-06-30,9000.0,PE,900,0,0,1490.0
2026-06-10,2026-06-30,9200.0,CE,600,0,0,125.0
2026-06-10,2026-06-30,9300.0,CE,13500,0,0,50.0
2026-06-10,2026-06-30,9400.0,PE,600,0,0,1948.0
2026-06-10,2026-06-30,9500.0,CE,3000,0,0,20.9
2026-06-10,2026-06-30,9700.0,CE,600,0,0,14.0
2026-06-10,2026-06-30,9800.0,CE,15100,0,0,21.15
2026-06-10,2026-06-30,9800.0,PE,100,0,0,2766.75
2026-06-10,2026-07-28,6600.0,CE,0,0,0,1899.7
2026-06-10,2026-07-28,6600.0,PE,0,0,0,204.95
2026-06-10,2026-07-28,6800.0,CE,0,0,0,1751.65
2026-06-10,2026-07-28,6800.0,PE,0,0,0,254.0
2026-06-10,2026-07-28,6900.0,CE,0,0,0,943.25
2026-06-10,2026-07-28,6900.0,PE,0,0,0,460.55
2026-06-10,2026-07-28,7000.0,CE,0,0,0,1610.4
2026-06-10,2026-07-28,7000.0,PE,1800,0,0,160.85
2026-06-10,2026-07-28,7100.0,CE,0,0,0,836.0
2026-06-10,2026-07-28,7100.0,PE,100,0,0,209.95
2026-06-10,2026-07-28,7200.0,CE,0,0,0,1476.5
2026-06-10,2026-07-28,7200.0,PE,200,0,0,328.15
2026-06-10,2026-07-28,7300.0,CE,0,0,0,738.0
2026-06-10,2026-07-28,7300.0,PE,200,0,0,364.35
2026-06-10,2026-07-28,7400.0,CE,100,0,0,895.4
2026-06-10,2026-07-28,7400.0,PE,0,0,0,443.75
2026-06-10,2026-07-28,7500.0,CE,0,0,0,649.0
2026-06-10,2026-07-28,7500.0,PE,300,0,0,443.75
2026-06-10,2026-07-28,7600.0,CE,200,0,0,439.95
2026-06-10,2026-07-28,7600.0,PE,0,0,0,522.3
2026-06-10,2026-07-28,7700.0,CE,0,0,0,568.6
2026-06-10,2026-07-28,7700.0,PE,0,0,0,877.7
2026-06-10,2026-07-28,7800.0,CE,0,0,0,1120.45
2026-06-10,2026-07-28,7800.0,PE,100,0,0,575.0
2026-06-10,2026-07-28,7900.0,CE,0,0,0,496.45
2026-06-10,2026-07-28,7900.0,PE,0,0,0,1003.45
2026-06-10,2026-07-28,8000.0,CE,0,0,0,1017.05
2026-06-10,2026-07-28,8000.0,PE,0,0,0,702.2
2026-06-10,2026-07-28,8100.0,CE,200,0,0,332.0
2026-06-10,2026-07-28,8100.0,PE,0,0,0,1136.9
2026-06-10,2026-07-28,8200.0,CE,0,0,0,921.0
2026-06-10,2026-07-28,8200.0,PE,0,0,0,803.25
2026-06-10,2026-07-28,8300.0,CE,0,0,0,374.6
2026-06-10,2026-07-28,8300.0,PE,0,0,0,1277.55
2026-06-10,2026-07-28,8400.0,CE,100,0,0,206.55
2026-06-10,2026-07-28,8400.0,PE,0,0,0,911.55
2026-06-10,2026-07-28,8600.0,CE,0,0,0,750.25
2026-06-10,2026-07-28,8600.0,PE,0,0,0,1026.8
2026-06-10,2026-07-28,8800.0,CE,800,0,0,749.9
2026-06-10,2026-07-28,8800.0,PE,0,0,0,1148.65
2026-06-10,2026-07-28,9200.0,CE,100,0,0,543.2
2026-06-10,2026-08-25,6800.0,CE,0,0,0,1145.4
2026-06-10,2026-08-25,6800.0,PE,0,0,0,532.95
2026-06-10,2026-08-25,7000.0,CE,0,0,0,1038.35
2026-06-10,2026-08-25,7000.0,PE,0,0,0,622.9
2026-06-10,2026-08-25,7200.0,CE,0,0,0,939.0
2026-06-10,2026-08-25,7200.0,PE,0,0,0,720.65
2026-06-10,2026-08-25,7400.0,CE,0,0,0,847.3
2026-06-10,2026-08-25,7400.0,PE,0,0,0,826.0
2026-06-10,2026-08-25,7600.0,CE,0,0,0,762.9
2026-06-10,2026-08-25,7600.0,PE,0,0,0,938.6
2026-06-10,2026-08-25,7800.0,CE,0,0,0,685.45
2026-06-10,2026-08-25,7800.0,PE,0,0,0,1058.2
2026-06-10,2026-08-25,8000.0,CE,0,0,0,614.7
2026-06-10,2026-08-25,8000.0,PE,0,0,0,1184.5
2026-06-10,2026-08-25,8200.0,CE,0,0,0,550.2
2026-06-10,2026-08-25,8200.0,PE,0,0,0,1317.05
2026-06-10,2026-08-25,8400.0,CE,0,0,0,491.6
2026-06-10,2026-08-25,8400.0,PE,0,0,0,1455.5
2026-06-10,2026-08-25,8800.0,CE,0,0,0,391.0
2026-06-10,2026-08-25,8800.0,PE,0,0,0,1748.95
2026-06-11,2026-06-30,6300.0,PE,8000,0,0,3.35
2026-06-11,2026-06-30,6400.0,CE,100,0,0,1370.0
2026-06-11,2026-06-30,6400.0,PE,9500,0,1,27.7
2026-06-11,2026-06-30,6500.0,CE,700,0,0,1184.1
2026-06-11,2026-06-30,6500.0,PE,65600,4400,437,26.25
2026-06-11,2026-06-30,6600.0,CE,100,0,0,825.0
2026-06-11,2026-06-30,6600.0,PE,300,0,0,60.0
2026-06-11,2026-06-30,6700.0,PE,109100,89400,1588,38.05
2026-06-11,2026-06-30,6800.0,CE,100,0,0,773.45
2026-06-11,2026-06-30,6800.0,PE,20900,2200,112,56.3
2026-06-11,2026-06-30,6900.0,CE,200,200,2,690.4
2026-06-11,2026-06-30,6900.0,PE,173500,-5900,649,73.25
2026-06-11,2026-06-30,7000.0,CE,67000,-6900,111,423.55
2026-06-11,2026-06-30,7000.0,PE,525500,26900,3565,101.45
2026-06-11,2026-06-30,7100.0,CE,7000,-300,54,372.35
2026-06-11,2026-06-30,7100.0,PE,61700,200,340,131.55
2026-06-11,2026-06-30,7200.0,CE,56100,800,109,304.9
2026-06-11,2026-06-30,7200.0,PE,93100,16400,861,176.95
2026-06-11,2026-06-30,7300.0,CE,16600,1800,357,252.45
2026-06-11,2026-06-30,7300.0,PE,74600,31600,1611,224.25
2026-06-11,2026-06-30,7400.0,CE,36400,2300,660,210.75
2026-06-11,2026-06-30,7400.0,PE,60100,19800,1479,278.1
2026-06-11,2026-06-30,7500.0,CE,141700,19800,2256,176.6
2026-06-11,2026-06-30,7500.0,PE,76300,3700,1336,344.15
2026-06-11,2026-06-30,7600.0,CE,68000,13800,1338,145.1
2026-06-11,2026-06-30,7600.0,PE,25500,2300,378,415.3
2026-06-11,2026-06-30,7700.0,CE,78700,21100,1230,118.8
2026-06-11,2026-06-30,7700.0,PE,31200,2500,105,481.6
2026-06-11,2026-06-30,7800.0,CE,76400,-3000,1177,97.6
2026-06-11,2026-06-30,7800.0,PE,20500,-4000,70,574.2
2026-06-11,2026-06-30,7900.0,CE,31800,-4300,488,79.65
2026-06-11,2026-06-30,7900.0,PE,0,0,0,532.1
2026-06-11,2026-06-30,8000.0,CE,593200,65700,4212,66.3
2026-06-11,2026-06-30,8000.0,PE,27000,-2200,44,709.7
2026-06-11,2026-06-30,8100.0,CE,30900,4600,226,53.2
2026-06-11,2026-06-30,8100.0,PE,100,0,0,474.85
2026-06-11,2026-06-30,8200.0,CE,57000,-28500,1013,43.35
2026-06-11,2026-06-30,8200.0,PE,2400,0,0,657.8
2026-06-11,2026-06-30,8300.0,CE,77000,-300,482,35.75
2026-06-11,2026-06-30,8300.0,PE,2200,0,0,865.0
2026-06-11,2026-06-30,8400.0,CE,27700,-4000,257,27.0
2026-06-11,2026-06-30,8400.0,PE,1000,0,0,666.0
2026-06-11,2026-06-30,8500.0,CE,164300,-90400,3197,23.15
2026-06-11,2026-06-30,8500.0,PE,5800,0,5,1195.55
2026-06-11,2026-06-30,8600.0,CE,31100,-11900,469,18.75
2026-06-11,2026-06-30,8600.0,PE,0,0,0,1774.95
2026-06-11,2026-06-30,8800.0,CE,47400,-8800,341,12.55
2026-06-11,2026-06-30,8800.0,PE,1100,0,0,1336.0
2026-06-11,2026-06-30,8900.0,CE,3400,-1400,21,11.65
2026-06-11,2026-06-30,9000.0,CE,73600,-3500,784,9.7
2026-06-11,2026-06-30,9000.0,PE,900,0,0,1490.0
2026-06-11,2026-06-30,9200.0,CE,1000,400,16,7.25
2026-06-11,2026-06-30,9300.0,CE,9000,-4500,138,6.6
2026-06-11,2026-06-30,9400.0,PE,600,0,0,1948.0
2026-06-11,2026-06-30,9500.0,CE,900,-2100,50,7.1
2026-06-11,2026-06-30,9700.0,CE,300,-300,28,7.35
2026-06-11,2026-06-30,9800.0,CE,10900,-4200,585,5.2
2026-06-11,2026-06-30,9800.0,PE,100,0,0,2766.75
2026-06-11,2026-07-28,6600.0,CE,0,0,0,1899.7
2026-06-11,2026-07-28,6600.0,PE,0,0,0,204.95
2026-06-11,2026-07-28,6800.0,CE,0,0,0,1751.65
2026-06-11,2026-07-28,6800.0,PE,0,0,0,254.0
2026-06-11,2026-07-28,6900.0,CE,0,0,0,943.25
2026-06-11,2026-07-28,6900.0,PE,0,0,0,460.55
2026-06-11,2026-07-28,7000.0,CE,0,0,0,1610.4
2026-06-11,2026-07-28,7000.0,PE,1800,0,0,160.85
2026-06-11,2026-07-28,7100.0,CE,0,0,0,836.0
2026-06-11,2026-07-28,7100.0,PE,100,0,0,209.95
2026-06-11,2026-07-28,7200.0,CE,0,0,0,1476.5
2026-06-11,2026-07-28,7200.0,PE,200,0,0,328.15
2026-06-11,2026-07-28,7300.0,CE,0,0,0,738.0
2026-06-11,2026-07-28,7300.0,PE,200,0,0,364.35
2026-06-11,2026-07-28,7400.0,CE,100,0,0,895.4
2026-06-11,2026-07-28,7400.0,PE,0,0,0,443.75
2026-06-11,2026-07-28,7500.0,CE,0,0,0,649.0
2026-06-11,2026-07-28,7500.0,PE,400,100,1,499.0
2026-06-11,2026-07-28,7600.0,CE,200,0,0,439.95
2026-06-11,2026-07-28,7600.0,PE,0,0,0,522.3
2026-06-11,2026-07-28,7700.0,CE,0,0,0,568.6
2026-06-11,2026-07-28,7700.0,PE,0,0,0,877.7
2026-06-11,2026-07-28,7800.0,CE,0,0,0,1120.45
2026-06-11,2026-07-28,7800.0,PE,100,0,0,575.0
2026-06-11,2026-07-28,7900.0,CE,0,0,0,496.45
2026-06-11,2026-07-28,7900.0,PE,0,0,0,1003.45
2026-06-11,2026-07-28,8000.0,CE,0,0,0,1017.05
2026-06-11,2026-07-28,8000.0,PE,0,0,0,702.2
2026-06-11,2026-07-28,8100.0,CE,200,0,0,332.0
2026-06-11,2026-07-28,8100.0,PE,0,0,0,1136.9
2026-06-11,2026-07-28,8200.0,CE,0,0,0,921.0
2026-06-11,2026-07-28,8200.0,PE,0,0,0,803.25
2026-06-11,2026-07-28,8300.0,CE,0,0,0,374.6
2026-06-11,2026-07-28,8300.0,PE,0,0,0,1277.55
2026-06-11,2026-07-28,8400.0,CE,100,0,0,206.55
2026-06-11,2026-07-28,8400.0,PE,0,0,0,911.55
2026-06-11,2026-07-28,8600.0,CE,0,0,0,750.25
2026-06-11,2026-07-28,8600.0,PE,0,0,0,1026.8
2026-06-11,2026-07-28,8800.0,CE,800,0,0,749.9
2026-06-11,2026-07-28,8800.0,PE,0,0,0,1148.65
2026-06-11,2026-07-28,9200.0,CE,100,0,0,543.2
2026-06-11,2026-08-25,6800.0,CE,0,0,0,1145.4
2026-06-11,2026-08-25,6800.0,PE,0,0,0,532.95
2026-06-11,2026-08-25,7000.0,CE,0,0,0,1038.35
2026-06-11,2026-08-25,7000.0,PE,0,0,0,622.9
2026-06-11,2026-08-25,7200.0,CE,0,0,0,939.0
2026-06-11,2026-08-25,7200.0,PE,0,0,0,720.65
2026-06-11,2026-08-25,7400.0,CE,0,0,0,847.3
2026-06-11,2026-08-25,7400.0,PE,0,0,0,826.0
2026-06-11,2026-08-25,7600.0,CE,0,0,0,762.9
2026-06-11,2026-08-25,7600.0,PE,0,0,0,938.6
2026-06-11,2026-08-25,7800.0,CE,0,0,0,685.45
2026-06-11,2026-08-25,7800.0,PE,0,0,0,1058.2
2026-06-11,2026-08-25,8000.0,CE,0,0,0,614.7
2026-06-11,2026-08-25,8000.0,PE,0,0,0,1184.5
2026-06-11,2026-08-25,8200.0,CE,0,0,0,550.2
2026-06-11,2026-08-25,8200.0,PE,0,0,0,1317.05
2026-06-11,2026-08-25,8400.0,CE,0,0,0,491.6
2026-06-11,2026-08-25,8400.0,PE,0,0,0,1455.5
2026-06-11,2026-08-25,8800.0,CE,0,0,0,391.0
2026-06-11,2026-08-25,8800.0,PE,0,0,0,1748.95
2026-06-12,2026-06-30,6200.0,CE,0,0,0,916.15
2026-06-12,2026-06-30,6200.0,PE,0,0,0,456.1
2026-06-12,2026-06-30,6300.0,PE,8000,0,0,3.35
2026-06-12,2026-06-30,6400.0,CE,100,0,0,1370.0
2026-06-12,2026-06-30,6400.0,PE,5800,-3700,235,13.3
2026-06-12,2026-06-30,6500.0,CE,1000,300,9,812.9
2026-06-12,2026-06-30,6500.0,PE,64400,-1200,953,15.5
2026-06-12,2026-06-30,6600.0,CE,300,200,6,881.1
2026-06-12,2026-06-30,6600.0,PE,6100,5800,213,19.45
2026-06-12,2026-06-30,6700.0,CE,0,0,0,1713.5
2026-06-12,2026-06-30,6700.0,PE,106300,-2800,1816,21.9
2026-06-12,2026-06-30,6800.0,CE,100,0,0,773.45
2026-06-12,2026-06-30,6800.0,PE,30800,9900,1625,30.8
2026-06-12,2026-06-30,6900.0,CE,200,0,0,690.4
2026-06-12,2026-06-30,6900.0,PE,171600,-1900,1736,39.75
2026-06-12,2026-06-30,7000.0,CE,60200,-6800,299,526.45
2026-06-12,2026-06-30,7000.0,PE,557700,32200,5170,54.35
2026-06-12,2026-06-30,7100.0,CE,9000,2000,270,419.25
2026-06-12,2026-06-30,7100.0,PE,71100,9400,3259,76.4
2026-06-12,2026-06-30,7200.0,CE,58200,2100,1663,374.65
2026-06-12,2026-06-30,7200.0,PE,107700,14600,4281,102.3
2026-06-12,2026-06-30,7300.0,CE,24300,7700,2751,308.55
2026-06-12,2026-06-30,7300.0,PE,97400,22800,2658,143.2
2026-06-12,2026-06-30,7400.0,CE,40300,3900,4053,252.2
2026-06-12,2026-06-30,7400.0,PE,58500,-1600,885,186.55
2026-06-12,2026-06-30,7500.0,CE,143000,1300,5774,209.85
2026-06-12,2026-06-30,7500.0,PE,73100,-3200,811,239.45
2026-06-12,2026-06-30,7600.0,CE,70100,2100,2358,172.6
2026-06-12,2026-06-30,7600.0,PE,25200,-300,173,298.75
2026-06-12,2026-06-30,7700.0,CE,66800,-11900,2398,143.75
2026-06-12,2026-06-30,7700.0,PE,31200,0,113,356.7
2026-06-12,2026-06-30,7800.0,CE,73400,-3000,2344,113.85
2026-06-12,2026-06-30,7800.0,PE,19900,-600,46,437.7
2026-06-12,2026-06-30,7900.0,CE,29800,-2000,823,90.55
2026-06-12,2026-06-30,7900.0,PE,0,0,0,532.1
2026-06-12,2026-06-30,8000.0,CE,588800,-4400,4866,77.15
2026-06-12,2026-06-30,8000.0,PE,26600,-400,34,596.8
2026-06-12,2026-06-30,8100.0,CE,30800,-100,439,61.85
2026-06-12,2026-06-30,8100.0,PE,100,0,0,474.85
2026-06-12,2026-06-30,8200.0,CE,50600,-6400,539,52.9
2026-06-12,2026-06-30,8200.0,PE,2400,0,0,657.8
2026-06-12,2026-06-30,8300.0,CE,79000,2000,453,39.0
2026-06-12,2026-06-30,8300.0,PE,2500,300,5,1042.95
2026-06-12,2026-06-30,8400.0,CE,21600,-6100,449,34.25
2026-06-12,2026-06-30,8400.0,PE,1000,0,0,666.0
2026-06-12,2026-06-30,8500.0,CE,162100,-2200,1198,25.4
2026-06-12,2026-06-30,8500.0,PE,6100,300,10,1039.3
2026-06-12,2026-06-30,8600.0,CE,27300,-3800,169,23.2
2026-06-12,2026-06-30,8600.0,PE,0,0,0,1774.95
2026-06-12,2026-06-30,8800.0,CE,43700,-3700,268,15.2
2026-06-12,2026-06-30,8800.0,PE,1100,0,0,1336.0
2026-06-12,2026-06-30,8900.0,CE,1800,-1600,41,13.3
2026-06-12,2026-06-30,9000.0,CE,74600,1000,640,10.8
2026-06-12,2026-06-30,9000.0,PE,900,0,0,1490.0
2026-06-12,2026-06-30,9200.0,CE,500,-500,7,9.5
2026-06-12,2026-06-30,9300.0,CE,8600,-400,12,5.3
2026-06-12,2026-06-30,9400.0,PE,600,0,0,1948.0
2026-06-12,2026-06-30,9500.0,CE,700,-200,4,6.4
2026-06-12,2026-06-30,9700.0,CE,300,0,5,4.5
2026-06-12,2026-06-30,9800.0,CE,11300,400,285,4.8
2026-06-12,2026-06-30,9800.0,PE,100,0,0,2766.75
2026-06-12,2026-07-28,6200.0,CE,0,0,0,2107.5
2026-06-12,2026-07-28,6200.0,PE,0,0,0,137.65
2026-06-12,2026-07-28,6400.0,CE,0,0,0,2054.75
2026-06-12,2026-07-28,6400.0,PE,0,0,0,162.9
2026-06-12,2026-07-28,6600.0,CE,0,0,0,1899.7
2026-06-12,2026-07-28,6600.0,PE,0,0,0,204.95
2026-06-12,2026-07-28,6700.0,CE,0,0,0,1059.9
2026-06-12,2026-07-28,6700.0,PE,0,0,0,379.25
2026-06-12,2026-07-28,6800.0,CE,0,0,0,1751.65
2026-06-12,2026-07-28,6800.0,PE,0,0,0,254.0
2026-06-12,2026-07-28,6900.0,CE,0,0,0,943.25
2026-06-12,2026-07-28,6900.0,PE,0,0,0,460.55
2026-06-12,2026-07-28,7000.0,CE,0,0,0,1610.4
2026-06-12,2026-07-28,7000.0,PE,2000,200,8,188.35
2026-06-12,2026-07-28,7100.0,CE,0,0,0,836.0
2026-06-12,2026-07-28,7100.0,PE,100,0,0,209.95
2026-06-12,2026-07-28,7200.0,CE,0,0,0,1476.5
2026-06-12,2026-07-28,7200.0,PE,200,0,0,328.15
2026-06-12,2026-07-28,7300.0,CE,100,100,5,400.35
2026-06-12,2026-07-28,7300.0,PE,200,0,0,364.35
2026-06-12,2026-07-28,7400.0,CE,100,0,0,895.4
2026-06-12,2026-07-28,7400.0,PE,0,0,0,443.75
2026-06-12,2026-07-28,7500.0,CE,0,0,0,649.0
2026-06-12,2026-07-28,7500.0,PE,400,0,0,499.0
2026-06-12,2026-07-28,7600.0,CE,200,0,1,340.0
2026-06-12,2026-07-28,7600.0,PE,0,0,0,522.3
2026-06-12,2026-07-28,7700.0,CE,200,200,2,267.0
2026-06-12,2026-07-28,7700.0,PE,0,0,0,877.7
2026-06-12,2026-07-28,7800.0,CE,0,0,0,1120.45
2026-06-12,2026-07-28,7800.0,PE,100,0,0,575.0
2026-06-12,2026-07-28,7900.0,CE,0,0,0,496.45
2026-06-12,2026-07-28,7900.0,PE,0,0,0,1003.45
2026-06-12,2026-07-28,8000.0,CE,1100,1100,17,150.0
2026-06-12,2026-07-28,8000.0,PE,0,0,0,702.2
2026-06-12,2026-07-28,8100.0,CE,200,0,0,332.0
2026-06-12,2026-07-28,8100.0,PE,0,0,0,1136.9
2026-06-12,2026-07-28,8200.0,CE,0,0,0,921.0
2026-06-12,2026-07-28,8200.0,PE,0,0,0,803.25
2026-06-12,2026-07-28,8300.0,CE,0,0,0,374.6
2026-06-12,2026-07-28,8300.0,PE,0,0,0,1277.55
2026-06-12,2026-07-28,8400.0,CE,100,0,0,206.55
2026-06-12,2026-07-28,8400.0,PE,600,600,8,1050.05
2026-06-12,2026-07-28,8600.0,CE,0,0,0,750.25
2026-06-12,2026-07-28,8600.0,PE,0,0,0,1026.8
2026-06-12,2026-07-28,8800.0,CE,800,0,0,749.9
2026-06-12,2026-07-28,8800.0,PE,0,0,0,1148.65
2026-06-12,2026-07-28,9200.0,CE,100,0,0,543.2
2026-06-12,2026-08-25,6400.0,CE,0,0,0,1383.35
2026-06-12,2026-08-25,6400.0,PE,0,0,0,376.8
2026-06-12,2026-08-25,6600.0,CE,0,0,0,1260.4
2026-06-12,2026-08-25,6600.0,PE,0,0,0,450.85
2026-06-12,2026-08-25,6800.0,CE,0,0,0,1145.4
2026-06-12,2026-08-25,6800.0,PE,0,0,0,532.95
2026-06-12,2026-08-25,7000.0,CE,0,0,0,1038.35
2026-06-12,2026-08-25,7000.0,PE,0,0,0,622.9
2026-06-12,2026-08-25,7200.0,CE,0,0,0,939.0
2026-06-12,2026-08-25,7200.0,PE,0,0,0,720.65
2026-06-12,2026-08-25,7400.0,CE,0,0,0,847.3
2026-06-12,2026-08-25,7400.0,PE,0,0,0,826.0
2026-06-12,2026-08-25,7600.0,CE,0,0,0,762.9
2026-06-12,2026-08-25,7600.0,PE,0,0,0,938.6
2026-06-12,2026-08-25,7800.0,CE,0,0,0,685.45
2026-06-12,2026-08-25,7800.0,PE,0,0,0,1058.2
2026-06-12,2026-08-25,8000.0,CE,0,0,0,614.7
2026-06-12,2026-08-25,8000.0,PE,0,0,0,1184.5
2026-06-12,2026-08-25,8200.0,CE,0,0,0,550.2
2026-06-12,2026-08-25,8200.0,PE,0,0,0,1317.05
2026-06-12,2026-08-25,8400.0,CE,0,0,0,491.6
2026-06-12,2026-08-25,8400.0,PE,0,0,0,1455.5
2026-06-12,2026-08-25,8800.0,CE,0,0,0,391.0
2026-06-12,2026-08-25,8800.0,PE,0,0,0,1748.95
2026-06-15,2026-06-30,6200.0,CE,0,0,0,916.15
2026-06-15,2026-06-30,6200.0,PE,1100,1100,643,5.15
2026-06-15,2026-06-30,6300.0,PE,7000,-1000,18,5.0
2026-06-15,2026-06-30,6400.0,CE,100,0,0,1370.0
2026-06-15,2026-06-30,6400.0,PE,5600,-200,2902,5.45
2026-06-15,2026-06-30,6500.0,CE,1000,0,0,812.9
2026-06-15,2026-06-30,6500.0,PE,42700,-21700,821,6.55
2026-06-15,2026-06-30,6600.0,CE,300,0,0,881.1
2026-06-15,2026-06-30,6600.0,PE,3300,-2800,65,7.85
2026-06-15,2026-06-30,6700.0,CE,0,0,0,1713.5
2026-06-15,2026-06-30,6700.0,PE,104900,-1400,347,9.35
2026-06-15,2026-06-30,6800.0,CE,100,0,0,773.45
2026-06-15,2026-06-30,6800.0,PE,30200,-600,190,14.85
2026-06-15,2026-06-30,6900.0,CE,200,0,0,690.4
2026-06-15,2026-06-30,6900.0,PE,171000,-600,384,19.3
2026-06-15,2026-06-30,7000.0,CE,55800,-4400,83,718.2
2026-06-15,2026-06-30,7000.0,PE,512500,-45200,2174,28.7
2026-06-15,2026-06-30,7100.0,CE,9100,100,18,605.9
2026-06-15,2026-06-30,7100.0,PE,70300,-800,866,42.2
2026-06-15,2026-06-30,7200.0,CE,56600,-1600,158,539.95
2026-06-15,2026-06-30,7200.0,PE,118500,10800,1445,60.9
2026-06-15,2026-06-30,7300.0,CE,24400,100,312,451.6
2026-06-15,2026-06-30,7300.0,PE,88900,-8500,1554,83.45
2026-06-15,2026-06-30,7400.0,CE,34900,-5400,653,384.15
2026-06-15,2026-06-30,7400.0,PE,61900,3400,952,115.65
2026-06-15,2026-06-30,7500.0,CE,128100,-14900,3472,317.4
2026-06-15,2026-06-30,7500.0,PE,81000,7900,1585,155.5
2026-06-15,2026-06-30,7600.0,CE,72100,2000,2932,265.8
2026-06-15,2026-06-30,7600.0,PE,28900,3700,431,200.75
2026-06-15,2026-06-30,7700.0,CE,78000,11200,1928,220.5
2026-06-15,2026-06-30,7700.0,PE,35700,4500,312,254.35
2026-06-15,2026-06-30,7800.0,CE,95200,21800,2234,182.45
2026-06-15,2026-06-30,7800.0,PE,22100,2200,152,318.65
2026-06-15,2026-06-30,7900.0,CE,38000,8200,969,149.95
2026-06-15,2026-06-30,7900.0,PE,0,0,0,532.1
2026-06-15,2026-06-30,8000.0,CE,626600,37800,7365,122.35
2026-06-15,2026-06-30,8000.0,PE,25900,-700,32,455.4
2026-06-15,2026-06-30,8100.0,CE,36900,6100,788,95.4
2026-06-15,2026-06-30,8100.0,PE,100,0,0,474.85
2026-06-15,2026-06-30,8200.0,CE,67500,16900,1501,75.5
2026-06-15,2026-06-30,8200.0,PE,2400,0,0,657.8
2026-06-15,2026-06-30,8300.0,CE,80500,1500,452,61.7
2026-06-15,2026-06-30,8300.0,PE,2500,0,0,1042.95
2026-06-15,2026-06-30,8400.0,CE,23300,1700,445,47.85
2026-06-15,2026-06-30,8400.0,PE,800,-200,5,781.7
2026-06-15,2026-06-30,8500.0,CE,143100,-19000,1588,37.5
2026-06-15,2026-06-30,8500.0,PE,6100,0,0,1039.3
2026-06-15,2026-06-30,8600.0,CE,27000,-300,211,28.7
2026-06-15,2026-06-30,8600.0,PE,0,0,0,1774.95
2026-06-15,2026-06-30,8800.0,CE,44400,700,165,19.05
2026-06-15,2026-06-30,8800.0,PE,1100,0,0,1336.0
2026-06-15,2026-06-30,8900.0,CE,1700,-100,24,15.65
2026-06-15,2026-06-30,9000.0,CE,82700,8100,825,14.9
2026-06-15,2026-06-30,9000.0,PE,1100,200,6,1376.85
2026-06-15,2026-06-30,9200.0,CE,600,100,6,11.0
2026-06-15,2026-06-30,9300.0,CE,7300,-1300,30,9.05
2026-06-15,2026-06-30,9400.0,PE,600,0,0,1948.0
2026-06-15,2026-06-30,9500.0,CE,600,-100,60,6.5
2026-06-15,2026-06-30,9700.0,CE,200,-100,26,5.05
2026-06-15,2026-06-30,9800.0,CE,11600,300,98,5.75
2026-06-15,2026-06-30,9800.0,PE,200,100,7,2166.85
2026-06-15,2026-07-28,6200.0,CE,0,0,0,2107.5
2026-06-15,2026-07-28,6200.0,PE,0,0,0,137.65
2026-06-15,2026-07-28,6400.0,CE,0,0,0,2054.75
2026-06-15,2026-07-28,6400.0,PE,0,0,0,162.9
2026-06-15,2026-07-28,6600.0,CE,0,0,0,1899.7
2026-06-15,2026-07-28,6600.0,PE,0,0,0,204.95
2026-06-15,2026-07-28,6700.0,CE,0,0,0,1059.9
2026-06-15,2026-07-28,6700.0,PE,0,0,0,379.25
2026-06-15,2026-07-28,6800.0,CE,0,0,0,1751.65
2026-06-15,2026-07-28,6800.0,PE,0,0,0,254.0
2026-06-15,2026-07-28,6900.0,CE,0,0,0,943.25
2026-06-15,2026-07-28,6900.0,PE,0,0,0,460.55
2026-06-15,2026-07-28,7000.0,CE,0,0,0,1610.4
2026-06-15,2026-07-28,7000.0,PE,6200,4200,60,129.4
2026-06-15,2026-07-28,7100.0,CE,0,0,0,836.0
2026-06-15,2026-07-28,7100.0,PE,100,0,0,209.95
2026-06-15,2026-07-28,7200.0,CE,0,0,0,1476.5
2026-06-15,2026-07-28,7200.0,PE,200,0,0,328.15
2026-06-15,2026-07-28,7300.0,CE,100,0,0,400.35
2026-06-15,2026-07-28,7300.0,PE,200,0,1,281.85
2026-06-15,2026-07-28,7400.0,CE,100,0,0,895.4
2026-06-15,2026-07-28,7400.0,PE,0,0,0,443.75
2026-06-15,2026-07-28,7500.0,CE,100,100,1,421.0
2026-06-15,2026-07-28,7500.0,PE,500,100,3,331.4
2026-06-15,2026-07-28,7600.0,CE,200,0,0,340.0
2026-06-15,2026-07-28,7600.0,PE,0,0,0,522.3
2026-06-15,2026-07-28,7700.0,CE,100,-100,2,400.0
2026-06-15,2026-07-28,7700.0,PE,0,0,0,877.7
2026-06-15,2026-07-28,7800.0,CE,5200,5200,76,345.0
2026-06-15,2026-07-28,7800.0,PE,100,0,0,575.0
2026-06-15,2026-07-28,7900.0,CE,0,0,0,496.45
2026-06-15,2026-07-28,7900.0,PE,0,0,0,1003.45
2026-06-15,2026-07-28,8000.0,CE,1700,600,6,300.0
2026-06-15,2026-07-28,8000.0,PE,0,0,0,702.2
2026-06-15,2026-07-28,8100.0,CE,200,0,0,332.0
2026-06-15,2026-07-28,8100.0,PE,0,0,0,1136.9
2026-06-15,2026-07-28,8200.0,CE,0,0,0,921.0
2026-06-15,2026-07-28,8200.0,PE,0,0,0,803.25
2026-06-15,2026-07-28,8300.0,CE,0,0,0,374.6
2026-06-15,2026-07-28,8300.0,PE,0,0,0,1277.55
2026-06-15,2026-07-28,8400.0,CE,1700,1600,36,158.7
2026-06-15,2026-07-28,8400.0,PE,600,0,0,1050.05
2026-06-15,2026-07-28,8600.0,CE,0,0,0,750.25
2026-06-15,2026-07-28,8600.0,PE,0,0,0,1026.8
2026-06-15,2026-07-28,8800.0,CE,800,0,0,749.9
2026-06-15,2026-07-28,8800.0,PE,0,0,0,1148.65
2026-06-15,2026-07-28,9200.0,CE,100,0,0,543.2
2026-06-15,2026-08-25,6400.0,CE,0,0,0,1383.35
2026-06-15,2026-08-25,6400.0,PE,0,0,0,376.8
2026-06-15,2026-08-25,6600.0,CE,0,0,0,1260.4
2026-06-15,2026-08-25,6600.0,PE,0,0,0,450.85
2026-06-15,2026-08-25,6800.0,CE,0,0,0,1145.4
2026-06-15,2026-08-25,6800.0,PE,0,0,0,532.95
2026-06-15,2026-08-25,7000.0,CE,0,0,0,1038.35
2026-06-15,2026-08-25,7000.0,PE,0,0,0,622.9
2026-06-15,2026-08-25,7200.0,CE,0,0,0,939.0
2026-06-15,2026-08-25,7200.0,PE,0,0,0,720.65
2026-06-15,2026-08-25,7400.0,CE,0,0,0,847.3
2026-06-15,2026-08-25,7400.0,PE,0,0,0,826.0
2026-06-15,2026-08-25,7600.0,CE,0,0,0,762.9
2026-06-15,2026-08-25,7600.0,PE,0,0,0,938.6
2026-06-15,2026-08-25,7800.0,CE,0,0,0,685.45
2026-06-15,2026-08-25,7800.0,PE,0,0,0,1058.2
2026-06-15,2026-08-25,8000.0,CE,0,0,0,614.7
2026-06-15,2026-08-25,8000.0,PE,0,0,0,1184.5
2026-06-15,2026-08-25,8200.0,CE,0,0,0,550.2
2026-06-15,2026-08-25,8200.0,PE,0,0,0,1317.05
2026-06-15,2026-08-25,8400.0,CE,0,0,0,491.6
2026-06-15,2026-08-25,8400.0,PE,0,0,0,1455.5
2026-06-15,2026-08-25,8800.0,CE,0,0,0,391.0
2026-06-15,2026-08-25,8800.0,PE,0,0,0,1748.95
2026-06-16,2026-06-30,6200.0,CE,0,0,0,916.15
2026-06-16,2026-06-30,6200.0,PE,1400,300,187,1.25
2026-06-16,2026-06-30,6300.0,PE,7000,0,0,5.0
2026-06-16,2026-06-30,6400.0,CE,100,0,0,1370.0
2026-06-16,2026-06-30,6400.0,PE,11500,5900,3224,2.9
2026-06-16,2026-06-30,6500.0,CE,1000,0,0,812.9
2026-06-16,2026-06-30,6500.0,PE,39000,-3700,100,3.2
2026-06-16,2026-06-30,6600.0,CE,300,0,0,881.1
2026-06-16,2026-06-30,6600.0,PE,3300,0,10,4.05
2026-06-16,2026-06-30,6700.0,CE,0,0,0,1713.5
2026-06-16,2026-06-30,6700.0,PE,101800,-3100,343,5.45
2026-06-16,2026-06-30,6800.0,CE,100,0,0,773.45
2026-06-16,2026-06-30,6800.0,PE,19900,-10300,309,10.6
2026-06-16,2026-06-30,6900.0,CE,500,300,11,957.6
2026-06-16,2026-06-30,6900.0,PE,170600,-400,403,13.6
2026-06-16,2026-06-30,7000.0,CE,53900,-1900,41,876.35
2026-06-16,2026-06-30,7000.0,PE,498000,-14500,1741,20.3
2026-06-16,2026-06-30,7100.0,CE,9100,0,0,605.9
2026-06-16,2026-06-30,7100.0,PE,64100,-6200,910,28.45
2026-06-16,2026-06-30,7200.0,CE,54600,-2000,75,692.95
2026-06-16,2026-06-30,7200.0,PE,110700,-7800,1463,39.5
2026-06-16,2026-06-30,7300.0,CE,22300,-2100,74,589.45
2026-06-16,2026-06-30,7300.0,PE,87300,-1600,1418,55.25
2026-06-16,2026-06-30,7400.0,CE,32300,-2600,177,521.95
2026-06-16,2026-06-30,7400.0,PE,60000,-1900,1836,76.15
2026-06-16,2026-06-30,7500.0,CE,112200,-15900,633,449.85
2026-06-16,2026-06-30,7500.0,PE,88400,7400,1666,102.6
2026-06-16,2026-06-30,7600.0,CE,68900,-3200,1084,390.4
2026-06-16,2026-06-30,7600.0,PE,64300,35400,1852,134.7
2026-06-16,2026-06-30,7700.0,CE,66700,-11300,2095,329.95
2026-06-16,2026-06-30,7700.0,PE,47200,11500,1833,175.5
2026-06-16,2026-06-30,7800.0,CE,98800,3600,4556,277.1
2026-06-16,2026-06-30,7800.0,PE,48700,26600,1793,222.1
2026-06-16,2026-06-30,7900.0,CE,51000,13000,1767,231.55
2026-06-16,2026-06-30,7900.0,PE,10100,10100,256,274.5
2026-06-16,2026-06-30,8000.0,CE,606000,-20600,6817,193.6
2026-06-16,2026-06-30,8000.0,PE,25100,-800,262,334.95
2026-06-16,2026-06-30,8100.0,CE,32400,-4500,1250,157.7
2026-06-16,2026-06-30,8100.0,PE,1600,1500,29,399.3
2026-06-16,2026-06-30,8200.0,CE,70100,2600,2043,127.1
2026-06-16,2026-06-30,8200.0,PE,2400,0,0,657.8
2026-06-16,2026-06-30,8300.0,CE,72500,-8000,1892,102.15
2026-06-16,2026-06-30,8300.0,PE,2800,300,20,541.0
2026-06-16,2026-06-30,8400.0,CE,40100,16800,1272,83.0
2026-06-16,2026-06-30,8400.0,PE,1000,200,4,638.75
2026-06-16,2026-06-30,8500.0,CE,203900,60800,4255,66.75
2026-06-16,2026-06-30,8500.0,PE,6100,0,0,1039.3
2026-06-16,2026-06-30,8600.0,CE,30600,3600,992,54.4
2026-06-16,2026-06-30,8600.0,PE,0,0,0,1774.95
2026-06-16,2026-06-30,8800.0,CE,36200,-8200,581,35.45
2026-06-16,2026-06-30,8800.0,PE,7500,6400,83,971.3
2026-06-16,2026-06-30,8900.0,CE,1400,-300,92,26.85
2026-06-16,2026-06-30,9000.0,CE,86300,3600,1105,22.9
2026-06-16,2026-06-30,9000.0,PE,1400,300,6,1223.55
2026-06-16,2026-06-30,9200.0,CE,1200,600,43,15.65
2026-06-16,2026-06-30,9300.0,CE,9300,2000,112,14.0
2026-06-16,2026-06-30,9400.0,PE,600,0,0,1948.0
2026-06-16,2026-06-30,9500.0,CE,600,0,0,6.5
2026-06-16,2026-06-30,9700.0,CE,2000,1800,59,8.1
2026-06-16,2026-06-30,9800.0,CE,12200,600,76,7.5
2026-06-16,2026-06-30,9800.0,PE,200,0,0,2166.85
2026-06-16,2026-07-28,6200.0,CE,0,0,0,2107.5
2026-06-16,2026-07-28,6200.0,PE,0,0,0,137.65
2026-06-16,2026-07-28,6400.0,CE,0,0,0,2054.75
2026-06-16,2026-07-28,6400.0,PE,0,0,0,162.9
2026-06-16,2026-07-28,6600.0,CE,0,0,0,1899.7
2026-06-16,2026-07-28,6600.0,PE,0,0,0,204.95
2026-06-16,2026-07-28,6700.0,CE,0,0,0,1059.9
2026-06-16,2026-07-28,6700.0,PE,0,0,0,379.25
2026-06-16,2026-07-28,6800.0,CE,0,0,0,1751.65
2026-06-16,2026-07-28,6800.0,PE,0,0,0,254.0
2026-06-16,2026-07-28,6900.0,CE,0,0,0,943.25
2026-06-16,2026-07-28,6900.0,PE,0,0,0,460.55
2026-06-16,2026-07-28,7000.0,CE,0,0,0,1610.4
2026-06-16,2026-07-28,7000.0,PE,6200,0,0,129.4
2026-06-16,2026-07-28,7100.0,CE,0,0,0,836.0
2026-06-16,2026-07-28,7100.0,PE,100,0,0,209.95
2026-06-16,2026-07-28,7200.0,CE,0,0,0,1476.5
2026-06-16,2026-07-28,7200.0,PE,200,0,0,328.15
2026-06-16,2026-07-28,7300.0,CE,100,0,1,628.0
2026-06-16,2026-07-28,7300.0,PE,200,0,0,281.85
2026-06-16,2026-07-28,7400.0,CE,100,0,0,895.4
2026-06-16,2026-07-28,7400.0,PE,0,0,0,443.75
2026-06-16,2026-07-28,7500.0,CE,200,100,1,650.95
2026-06-16,2026-07-28,7500.0,PE,600,100,3,252.5
2026-06-16,2026-07-28,7600.0,CE,300,100,1,621.0
2026-06-16,2026-07-28,7600.0,PE,0,0,0,522.3
2026-06-16,2026-07-28,7700.0,CE,100,0,0,400.0
2026-06-16,2026-07-28,7700.0,PE,0,0,0,877.7
2026-06-16,2026-07-28,7800.0,CE,7900,2700,63,494.85
2026-06-16,2026-07-28,7800.0,PE,300,200,2,355.0
2026-06-16,2026-07-28,7900.0,CE,200,200,3,420.0
2026-06-16,2026-07-28,7900.0,PE,0,0,0,1003.45
2026-06-16,2026-07-28,8000.0,CE,2200,500,14,385.0
2026-06-16,2026-07-28,8000.0,PE,0,0,0,702.2
2026-06-16,2026-07-28,8100.0,CE,200,0,0,332.0
2026-06-16,2026-07-28,8100.0,PE,0,0,0,1136.9
2026-06-16,2026-07-28,8200.0,CE,0,0,0,921.0
2026-06-16,2026-07-28,8200.0,PE,0,0,0,803.25
2026-06-16,2026-07-28,8300.0,CE,0,0,0,374.6
2026-06-16,2026-07-28,8300.0,PE,0,0,0,1277.55
2026-06-16,2026-07-28,8400.0,CE,2000,300,16,225.0
2026-06-16,2026-07-28,8400.0,PE,600,0,0,1050.05
2026-06-16,2026-07-28,8600.0,CE,0,0,0,750.25
2026-06-16,2026-07-28,8600.0,PE,0,0,0,1026.8
2026-06-16,2026-07-28,8800.0,CE,800,0,0,749.9
2026-06-16,2026-07-28,8800.0,PE,0,0,0,1148.65
2026-06-16,2026-07-28,9200.0,CE,100,0,0,543.2
2026-06-16,2026-08-25,6400.0,CE,0,0,0,1383.35
2026-06-16,2026-08-25,6400.0,PE,0,0,0,376.8
2026-06-16,2026-08-25,6600.0,CE,0,0,0,1260.4
2026-06-16,2026-08-25,6600.0,PE,0,0,0,450.85
2026-06-16,2026-08-25,6800.0,CE,0,0,0,1145.4
2026-06-16,2026-08-25,6800.0,PE,0,0,0,532.95
2026-06-16,2026-08-25,7000.0,CE,0,0,0,1038.35
2026-06-16,2026-08-25,7000.0,PE,0,0,0,622.9
2026-06-16,2026-08-25,7200.0,CE,0,0,0,939.0
2026-06-16,2026-08-25,7200.0,PE,0,0,0,720.65
2026-06-16,2026-08-25,7400.0,CE,0,0,0,847.3
2026-06-16,2026-08-25,7400.0,PE,0,0,0,826.0
2026-06-16,2026-08-25,7600.0,CE,0,0,0,762.9
2026-06-16,2026-08-25,7600.0,PE,0,0,0,938.6
2026-06-16,2026-08-25,7800.0,CE,0,0,0,685.45
2026-06-16,2026-08-25,7800.0,PE,0,0,0,1058.2
2026-06-16,2026-08-25,8000.0,CE,0,0,0,614.7
2026-06-16,2026-08-25,8000.0,PE,0,0,0,1184.5
2026-06-16,2026-08-25,8200.0,CE,0,0,0,550.2
2026-06-16,2026-08-25,8200.0,PE,0,0,0,1317.05
2026-06-16,2026-08-25,8400.0,CE,0,0,0,491.6
2026-06-16,2026-08-25,8400.0,PE,0,0,0,1455.5
2026-06-16,2026-08-25,8800.0,CE,0,0,0,391.0
2026-06-16,2026-08-25,8800.0,PE,0,0,0,1748.95
2026-06-17,2026-06-30,6200.0,CE,0,0,0,916.15
2026-06-17,2026-06-30,6200.0,PE,900,-500,69,1.3
2026-06-17,2026-06-30,6300.0,PE,7000,0,1,3.8
2026-06-17,2026-06-30,6400.0,CE,100,0,0,1370.0
2026-06-17,2026-06-30,6400.0,PE,9300,-2200,2118,2.25
2026-06-17,2026-06-30,6500.0,CE,1000,0,0,812.9
2026-06-17,2026-06-30,6500.0,PE,37200,-1800,81,3.4
2026-06-17,2026-06-30,6600.0,CE,300,0,0,881.1
2026-06-17,2026-06-30,6600.0,PE,3100,-200,2,7.85
2026-06-17,2026-06-30,6700.0,CE,0,0,0,1713.5
2026-06-17,2026-06-30,6700.0,PE,92500,-9300,418,6.8
2026-06-17,2026-06-30,6800.0,CE,100,0,0,773.45
2026-06-17,2026-06-30,6800.0,PE,18500,-1400,41,12.7
2026-06-17,2026-06-30,6900.0,CE,500,0,0,957.6
2026-06-17,2026-06-30,6900.0,PE,143200,-27400,799,14.4
2026-06-17,2026-06-30,7000.0,CE,53300,-600,16,857.1
2026-06-17,2026-06-30,7000.0,PE,382800,-115200,3883,20.75
2026-06-17,2026-06-30,7100.0,CE,9100,0,2,771.85
2026-06-17,2026-06-30,7100.0,PE,69700,5600,642,25.95
2026-06-17,2026-06-30,7200.0,CE,54700,100,11,695.0
2026-06-17,2026-06-30,7200.0,PE,108000,-2700,973,35.05
2026-06-17,2026-06-30,7300.0,CE,22300,0,0,589.45
2026-06-17,2026-06-30,7300.0,PE,93800,6500,817,47.6
2026-06-17,2026-06-30,7400.0,CE,31600,-700,49,556.1
2026-06-17,2026-06-30,7400.0,PE,53400,-6600,922,62.85
2026-06-17,2026-06-30,7500.0,CE,101400,-10800,340,479.8
2026-06-17,2026-06-30,7500.0,PE,95300,6900,1791,82.85
2026-06-17,2026-06-30,7600.0,CE,67500,-1400,421,413.1
2026-06-17,2026-06-30,7600.0,PE,67200,2900,2501,112.7
2026-06-17,2026-06-30,7700.0,CE,64200,-2500,579,346.6
2026-06-17,2026-06-30,7700.0,PE,75700,28500,1446,147.35
2026-06-17,2026-06-30,7800.0,CE,87400,-11400,1985,287.85
2026-06-17,2026-06-30,7800.0,PE,43700,-5000,1394,187.55
2026-06-17,2026-06-30,7900.0,CE,86900,35900,4244,239.65
2026-06-17,2026-06-30,7900.0,PE,32000,21900,1100,237.6
2026-06-17,2026-06-30,8000.0,CE,631900,25900,7748,198.65
2026-06-17,2026-06-30,8000.0,PE,35300,10200,558,295.2
2026-06-17,2026-06-30,8100.0,CE,35200,2800,961,161.2
2026-06-17,2026-06-30,8100.0,PE,1600,0,0,399.3
2026-06-17,2026-06-30,8200.0,CE,95200,25100,2174,131.7
2026-06-17,2026-06-30,8200.0,PE,2400,0,0,657.8
2026-06-17,2026-06-30,8300.0,CE,64900,-7600,1340,106.0
2026-06-17,2026-06-30,8300.0,PE,2800,0,0,541.0
2026-06-17,2026-06-30,8400.0,CE,47300,7200,1104,85.35
2026-06-17,2026-06-30,8400.0,PE,1000,0,0,638.75
2026-06-17,2026-06-30,8500.0,CE,211600,7700,3723,68.35
2026-06-17,2026-06-30,8500.0,PE,6300,200,3,679.05
2026-06-17,2026-06-30,8600.0,CE,28200,-2400,653,55.5
2026-06-17,2026-06-30,8600.0,PE,100,100,1,760.65
2026-06-17,2026-06-30,8800.0,CE,34100,-2100,1083,35.95
2026-06-17,2026-06-30,8800.0,PE,7500,0,0,971.3
2026-06-17,2026-06-30,8900.0,CE,1400,0,3,24.2
2026-06-17,2026-06-30,9000.0,CE,99100,12800,1040,24.1
2026-06-17,2026-06-30,9000.0,PE,1400,0,0,1223.55
2026-06-17,2026-06-30,9200.0,CE,1200,0,23,16.1
2026-06-17,2026-06-30,9300.0,CE,7600,-1700,27,12.3
2026-06-17,2026-06-30,9400.0,PE,600,0,6,1505.5
2026-06-17,2026-06-30,9500.0,CE,600,0,0,6.5
2026-06-17,2026-06-30,9700.0,CE,1700,-300,10,10.0
2026-06-17,2026-06-30,9800.0,CE,12300,100,56,7.3
2026-06-17,2026-06-30,9800.0,PE,300,100,5,1864.6
2026-06-17,2026-07-28,6200.0,CE,0,0,0,2107.5
2026-06-17,2026-07-28,6200.0,PE,0,0,0,137.65
2026-06-17,2026-07-28,6400.0,CE,0,0,0,2054.75
2026-06-17,2026-07-28,6400.0,PE,0,0,0,162.9
2026-06-17,2026-07-28,6600.0,CE,0,0,0,1899.7
2026-06-17,2026-07-28,6600.0,PE,0,0,0,204.95
2026-06-17,2026-07-28,6700.0,CE,0,0,0,1059.9
2026-06-17,2026-07-28,6700.0,PE,0,0,0,379.25
2026-06-17,2026-07-28,6800.0,CE,0,0,0,1751.65
2026-06-17,2026-07-28,6800.0,PE,0,0,0,254.0
2026-06-17,2026-07-28,6900.0,CE,0,0,0,943.25
2026-06-17,2026-07-28,6900.0,PE,0,0,0,460.55
2026-06-17,2026-07-28,7000.0,CE,0,0,0,1610.4
2026-06-17,2026-07-28,7000.0,PE,6700,500,10,110.0
2026-06-17,2026-07-28,7100.0,CE,0,0,0,836.0
2026-06-17,2026-07-28,7100.0,PE,100,0,0,209.95
2026-06-17,2026-07-28,7200.0,CE,0,0,0,1476.5
2026-06-17,2026-07-28,7200.0,PE,200,0,0,328.15
2026-06-17,2026-07-28,7300.0,CE,100,0,0,628.0
2026-06-17,2026-07-28,7300.0,PE,200,0,0,281.85
2026-06-17,2026-07-28,7400.0,CE,100,0,0,895.4
2026-06-17,2026-07-28,7400.0,PE,0,0,0,443.75
2026-06-17,2026-07-28,7500.0,CE,200,0,0,650.95
2026-06-17,2026-07-28,7500.0,PE,600,0,0,252.5
2026-06-17,2026-07-28,7600.0,CE,300,0,0,621.0
2026-06-17,2026-07-28,7600.0,PE,600,600,6,262.7
2026-06-17,2026-07-28,7700.0,CE,100,0,0,400.0
2026-06-17,2026-07-28,7700.0,PE,0,0,0,877.7
2026-06-17,2026-07-28,7800.0,CE,11100,3200,64,492.0
2026-06-17,2026-07-28,7800.0,PE,300,0,0,355.0
2026-06-17,2026-07-28,7900.0,CE,200,0,1,410.0
2026-06-17,2026-07-28,7900.0,PE,0,0,0,1003.45
2026-06-17,2026-07-28,8000.0,CE,4100,1900,58,404.2
2026-06-17,2026-07-28,8000.0,PE,0,0,0,702.2
2026-06-17,2026-07-28,8100.0,CE,200,0,2,351.0
2026-06-17,2026-07-28,8100.0,PE,0,0,0,1136.9
2026-06-17,2026-07-28,8200.0,CE,200,200,3,290.0
2026-06-17,2026-07-28,8200.0,PE,0,0,0,803.25
2026-06-17,2026-07-28,8300.0,CE,0,0,0,374.6
2026-06-17,2026-07-28,8300.0,PE,0,0,0,1277.55
2026-06-17,2026-07-28,8400.0,CE,1800,-200,13,233.4
2026-06-17,2026-07-28,8400.0,PE,600,0,0,1050.05
2026-06-17,2026-07-28,8600.0,CE,0,0,0,750.25
2026-06-17,2026-07-28,8600.0,PE,0,0,0,1026.8
2026-06-17,2026-07-28,8800.0,CE,800,0,0,749.9
2026-06-17,2026-07-28,8800.0,PE,0,0,0,1148.65
2026-06-17,2026-07-28,9200.0,CE,100,0,0,543.2
2026-06-17,2026-08-25,6400.0,CE,0,0,0,1383.35
2026-06-17,2026-08-25,6400.0,PE,0,0,0,376.8
2026-06-17,2026-08-25,6600.0,CE,0,0,0,1260.4
2026-06-17,2026-08-25,6600.0,PE,0,0,0,450.85
2026-06-17,2026-08-25,6800.0,CE,0,0,0,1145.4
2026-06-17,2026-08-25,6800.0,PE,0,0,0,532.95
2026-06-17,2026-08-25,7000.0,CE,0,0,0,1038.35
2026-06-17,2026-08-25,7000.0,PE,0,0,0,622.9
2026-06-17,2026-08-25,7200.0,CE,0,0,0,939.0
2026-06-17,2026-08-25,7200.0,PE,0,0,0,720.65
2026-06-17,2026-08-25,7400.0,CE,0,0,0,847.3
2026-06-17,2026-08-25,7400.0,PE,0,0,0,826.0
2026-06-17,2026-08-25,7600.0,CE,0,0,0,762.9
2026-06-17,2026-08-25,7600.0,PE,0,0,0,938.6
2026-06-17,2026-08-25,7800.0,CE,0,0,0,685.45
2026-06-17,2026-08-25,7800.0,PE,0,0,0,1058.2
2026-06-17,2026-08-25,8000.0,CE,0,0,0,614.7
2026-06-17,2026-08-25,8000.0,PE,0,0,0,1184.5
2026-06-17,2026-08-25,8200.0,CE,0,0,0,550.2
2026-06-17,2026-08-25,8200.0,PE,0,0,0,1317.05
2026-06-17,2026-08-25,8400.0,CE,0,0,0,491.6
2026-06-17,2026-08-25,8400.0,PE,0,0,0,1455.5
2026-06-17,2026-08-25,8800.0,CE,0,0,0,391.0
2026-06-17,2026-08-25,8800.0,PE,0,0,0,1748.95
2026-06-18,2026-06-30,6200.0,CE,0,0,0,916.15
2026-06-18,2026-06-30,6200.0,PE,900,0,11,1.55
2026-06-18,2026-06-30,6300.0,PE,6900,-100,1,3.3
2026-06-18,2026-06-30,6400.0,CE,100,0,0,1370.0
2026-06-18,2026-06-30,6400.0,PE,4400,-4900,292,2.0
2026-06-18,2026-06-30,6500.0,CE,1000,0,0,812.9
2026-06-18,2026-06-30,6500.0,PE,33500,-3700,68,3.1
2026-06-18,2026-06-30,6600.0,CE,300,0,0,881.1
2026-06-18,2026-06-30,6600.0,PE,1900,-1200,40,3.5
2026-06-18,2026-06-30,6700.0,CE,0,0,0,1713.5
2026-06-18,2026-06-30,6700.0,PE,91400,-1100,47,3.4
2026-06-18,2026-06-30,6800.0,CE,100,0,0,773.45
2026-06-18,2026-06-30,6800.0,PE,16500,-2000,56,6.25
2026-06-18,2026-06-30,6900.0,CE,500,0,0,957.6
2026-06-18,2026-06-30,6900.0,PE,136300,-6900,475,9.05
2026-06-18,2026-06-30,7000.0,CE,53100,-200,5,1035.0
2026-06-18,2026-06-30,7000.0,PE,351400,-31400,1086,12.9
2026-06-18,2026-06-30,7100.0,CE,8900,-200,7,969.35
2026-06-18,2026-06-30,7100.0,PE,66600,-3100,350,18.0
2026-06-18,2026-06-30,7200.0,CE,54100,-600,19,885.0
2026-06-18,2026-06-30,7200.0,PE,106200,-1800,526,23.7
2026-06-18,2026-06-30,7300.0,CE,21600,-700,10,738.05
2026-06-18,2026-06-30,7300.0,PE,89100,-4700,727,33.95
2026-06-18,2026-06-30,7400.0,CE,31400,-200,16,644.45
2026-06-18,2026-06-30,7400.0,PE,52700,-700,537,45.75
2026-06-18,2026-06-30,7500.0,CE,92100,-9300,350,558.75
2026-06-18,2026-06-30,7500.0,PE,87100,-8200,1779,62.4
2026-06-18,2026-06-30,7600.0,CE,63800,-3700,140,494.3
2026-06-18,2026-06-30,7600.0,PE,70200,3000,2681,82.75
2026-06-18,2026-06-30,7700.0,CE,54600,-9600,432,416.95
2026-06-18,2026-06-30,7700.0,PE,74700,-1000,1201,107.05
2026-06-18,2026-06-30,7800.0,CE,95300,7900,1410,346.8
2026-06-18,2026-06-30,7800.0,PE,65800,22100,2447,140.75
2026-06-18,2026-06-30,7900.0,CE,67200,-19700,2112,286.05
2026-06-18,2026-06-30,7900.0,PE,38400,6400,1477,179.6
2026-06-18,2026-06-30,8000.0,CE,578900,-53000,11405,238.05
2026-06-18,2026-06-30,8000.0,PE,58900,23600,1940,229.2
2026-06-18,2026-06-30,8100.0,CE,66800,31600,3441,193.0
2026-06-18,2026-06-30,8100.0,PE,12400,10800,463,285.2
2026-06-18,2026-06-30,8200.0,CE,112700,17500,2253,154.95
2026-06-18,2026-06-30,8200.0,PE,7000,4600,182,347.0
2026-06-18,2026-06-30,8300.0,CE,51000,-13900,1305,123.4
2026-06-18,2026-06-30,8300.0,PE,2800,0,0,541.0
2026-06-18,2026-06-30,8400.0,CE,48800,1500,1722,98.85
2026-06-18,2026-06-30,8400.0,PE,1000,0,0,638.75
2026-06-18,2026-06-30,8500.0,CE,235100,23500,5148,80.1
2026-06-18,2026-06-30,8500.0,PE,6100,-200,16,577.15
2026-06-18,2026-06-30,8600.0,CE,39300,11100,931,63.15
2026-06-18,2026-06-30,8600.0,PE,100,0,0,760.65
2026-06-18,2026-06-30,8800.0,CE,34400,300,706,40.35
2026-06-18,2026-06-30,8800.0,PE,7300,-200,2,760.0
2026-06-18,2026-06-30,8900.0,CE,1400,0,0,24.2
2026-06-18,2026-06-30,9000.0,CE,105700,6600,966,26.85
2026-06-18,2026-06-30,9000.0,PE,1500,100,3,952.0
2026-06-18,2026-06-30,9200.0,CE,2900,1700,98,16.2
2026-06-18,2026-06-30,9300.0,CE,7600,0,3,12.8
2026-06-18,2026-06-30,9400.0,PE,600,0,0,1505.5
2026-06-18,2026-06-30,9500.0,CE,600,0,0,6.5
2026-06-18,2026-06-30,9700.0,CE,1700,0,0,10.0
2026-06-18,2026-06-30,9800.0,CE,12300,0,14,6.1
2026-06-18,2026-06-30,9800.0,PE,600,300,3,1778.4
2026-06-18,2026-07-28,6200.0,CE,0,0,0,2107.5
2026-06-18,2026-07-28,6200.0,PE,0,0,0,137.65
2026-06-18,2026-07-28,6400.0,CE,0,0,0,2054.75
2026-06-18,2026-07-28,6400.0,PE,0,0,0,162.9
2026-06-18,2026-07-28,6600.0,CE,0,0,0,1899.7
2026-06-18,2026-07-28,6600.0,PE,0,0,0,204.95
2026-06-18,2026-07-28,6700.0,CE,0,0,0,1059.9
2026-06-18,2026-07-28,6700.0,PE,0,0,0,379.25
2026-06-18,2026-07-28,6800.0,CE,0,0,0,1751.65
2026-06-18,2026-07-28,6800.0,PE,0,0,0,254.0
2026-06-18,2026-07-28,6900.0,CE,0,0,0,943.25
2026-06-18,2026-07-28,6900.0,PE,0,0,0,460.55
2026-06-18,2026-07-28,7000.0,CE,0,0,0,1610.4
2026-06-18,2026-07-28,7000.0,PE,6800,100,21,83.6
2026-06-18,2026-07-28,7100.0,CE,0,0,0,836.0
2026-06-18,2026-07-28,7100.0,PE,100,0,0,209.95
2026-06-18,2026-07-28,7200.0,CE,0,0,0,1476.5
2026-06-18,2026-07-28,7200.0,PE,200,0,0,328.15
2026-06-18,2026-07-28,7300.0,CE,100,0,0,628.0
2026-06-18,2026-07-28,7300.0,PE,200,0,0,281.85
2026-06-18,2026-07-28,7400.0,CE,100,0,0,895.4
2026-06-18,2026-07-28,7400.0,PE,0,0,0,443.75
2026-06-18,2026-07-28,7500.0,CE,200,0,1,780.0
2026-06-18,2026-07-28,7500.0,PE,600,0,0,252.5
2026-06-18,2026-07-28,7600.0,CE,300,0,0,621.0
2026-06-18,2026-07-28,7600.0,PE,1000,400,4,235.0
2026-06-18,2026-07-28,7700.0,CE,100,0,0,400.0
2026-06-18,2026-07-28,7700.0,PE,0,0,0,877.7
2026-06-18,2026-07-28,7800.0,CE,14000,2900,38,594.5
2026-06-18,2026-07-28,7800.0,PE,300,0,0,355.0
2026-06-18,2026-07-28,7900.0,CE,200,0,2,478.65
2026-06-18,2026-07-28,7900.0,PE,0,0,0,1003.45
2026-06-18,2026-07-28,8000.0,CE,11200,7100,152,459.0
2026-06-18,2026-07-28,8000.0,PE,800,800,8,380.0
2026-06-18,2026-07-28,8100.0,CE,200,0,0,351.0
2026-06-18,2026-07-28,8100.0,PE,0,0,0,1136.9
2026-06-18,2026-07-28,8200.0,CE,400,200,2,380.0
2026-06-18,2026-07-28,8200.0,PE,0,0,0,803.25
2026-06-18,2026-07-28,8300.0,CE,0,0,0,374.6
2026-06-18,2026-07-28,8300.0,PE,100,100,1,566.0
2026-06-18,2026-07-28,8400.0,CE,2500,700,28,290.0
2026-06-18,2026-07-28,8400.0,PE,600,0,0,1050.05
2026-06-18,2026-07-28,8500.0,CE,2300,2300,34,252.7
2026-06-18,2026-07-28,8500.0,PE,0,0,0,1425.15
2026-06-18,2026-07-28,8600.0,CE,0,0,0,750.25
2026-06-18,2026-07-28,8600.0,PE,0,0,0,1026.8
2026-06-18,2026-07-28,8800.0,CE,2100,1300,18,180.5
2026-06-18,2026-07-28,8800.0,PE,0,0,0,1148.65
2026-06-18,2026-07-28,9200.0,CE,100,0,0,543.2
2026-06-18,2026-08-25,6400.0,CE,0,0,0,1383.35
2026-06-18,2026-08-25,6400.0,PE,0,0,0,376.8
2026-06-18,2026-08-25,6600.0,CE,0,0,0,1260.4
2026-06-18,2026-08-25,6600.0,PE,0,0,0,450.85
2026-06-18,2026-08-25,6800.0,CE,0,0,0,1145.4
2026-06-18,2026-08-25,6800.0,PE,0,0,0,532.95
2026-06-18,2026-08-25,7000.0,CE,0,0,0,1038.35
2026-06-18,2026-08-25,7000.0,PE,0,0,0,622.9
2026-06-18,2026-08-25,7200.0,CE,0,0,0,939.0
2026-06-18,2026-08-25,7200.0,PE,0,0,0,720.65
2026-06-18,2026-08-25,7400.0,CE,0,0,0,847.3
2026-06-18,2026-08-25,7400.0,PE,0,0,0,826.0
2026-06-18,2026-08-25,7600.0,CE,0,0,0,762.9
2026-06-18,2026-08-25,7600.0,PE,0,0,0,938.6
2026-06-18,2026-08-25,7800.0,CE,0,0,0,685.45
2026-06-18,2026-08-25,7800.0,PE,0,0,0,1058.2
2026-06-18,2026-08-25,8000.0,CE,0,0,0,614.7
2026-06-18,2026-08-25,8000.0,PE,0,0,0,1184.5
2026-06-18,2026-08-25,8200.0,CE,0,0,0,550.2
2026-06-18,2026-08-25,8200.0,PE,0,0,0,1317.05
2026-06-18,2026-08-25,8400.0,CE,0,0,0,491.6
2026-06-18,2026-08-25,8400.0,PE,0,0,0,1455.5
2026-06-18,2026-08-25,8800.0,CE,0,0,0,391.0
2026-06-18,2026-08-25,8800.0,PE,0,0,0,1748.95
2026-06-19,2026-06-30,6200.0,CE,0,0,0,916.15
2026-06-19,2026-06-30,6200.0,PE,1000,100,12,1.2
2026-06-19,2026-06-30,6300.0,PE,6300,-600,44,1.55
2026-06-19,2026-06-30,6400.0,CE,100,0,0,1370.0
2026-06-19,2026-06-30,6400.0,PE,4700,300,2364,2.5
2026-06-19,2026-06-30,6500.0,CE,1000,0,0,812.9
2026-06-19,2026-06-30,6500.0,PE,33100,-400,140,2.8
2026-06-19,2026-06-30,6600.0,CE,300,0,0,881.1
2026-06-19,2026-06-30,6600.0,PE,2000,100,2,5.0
2026-06-19,2026-06-30,6700.0,CE,0,0,0,1713.5
2026-06-19,2026-06-30,6700.0,PE,92200,800,730,3.5
2026-06-19,2026-06-30,6800.0,CE,100,0,0,773.45
2026-06-19,2026-06-30,6800.0,PE,12500,-4000,151,6.95
2026-06-19,2026-06-30,6900.0,CE,500,0,0,957.6
2026-06-19,2026-06-30,6900.0,PE,136700,400,674,7.6
2026-06-19,2026-06-30,7000.0,CE,52900,-200,46,892.1
2026-06-19,2026-06-30,7000.0,PE,337400,-14000,3260,12.15
2026-06-19,2026-06-30,7100.0,CE,9700,800,90,822.05
2026-06-19,2026-06-30,7100.0,PE,66000,-600,1040,17.3
2026-06-19,2026-06-30,7200.0,CE,52000,-2100,90,766.1
2026-06-19,2026-06-30,7200.0,PE,112900,6700,2012,24.2
2026-06-19,2026-06-30,7300.0,CE,21700,100,23,611.4
2026-06-19,2026-06-30,7300.0,PE,90900,1800,2243,34.75
2026-06-19,2026-06-30,7400.0,CE,32100,700,87,516.85
2026-06-19,2026-06-30,7400.0,PE,56100,3400,1965,49.3
2026-06-19,2026-06-30,7500.0,CE,83200,-8900,717,463.35
2026-06-19,2026-06-30,7500.0,PE,102800,15700,5307,69.0
2026-06-19,2026-06-30,7600.0,CE,60600,-3200,271,394.45
2026-06-19,2026-06-30,7600.0,PE,44600,-25600,4255,92.65
2026-06-19,2026-06-30,7700.0,CE,40100,-14500,1595,323.3
2026-06-19,2026-06-30,7700.0,PE,88400,13700,4486,125.6
2026-06-19,2026-06-30,7800.0,CE,75900,-19400,4339,268.3
2026-06-19,2026-06-30,7800.0,PE,59400,-6400,5560,169.7
2026-06-19,2026-06-30,7900.0,CE,77500,10300,6502,218.6
2026-06-19,2026-06-30,7900.0,PE,28200,-10200,3622,213.45
2026-06-19,2026-06-30,8000.0,CE,537100,-41800,23813,174.95
2026-06-19,2026-06-30,8000.0,PE,46500,-12400,6341,266.75
2026-06-19,2026-06-30,8100.0,CE,152000,85200,12058,140.55
2026-06-19,2026-06-30,8100.0,PE,23900,11500,1422,338.75
2026-06-19,2026-06-30,8200.0,CE,155100,42400,14815,110.3
2026-06-19,2026-06-30,8200.0,PE,8400,1400,862,401.5
2026-06-19,2026-06-30,8300.0,CE,76800,25800,8559,85.7
2026-06-19,2026-06-30,8300.0,PE,3700,900,287,488.15
2026-06-19,2026-06-30,8400.0,CE,53300,4500,6525,67.7
2026-06-19,2026-06-30,8400.0,PE,1900,900,139,567.3
2026-06-19,2026-06-30,8500.0,CE,232500,-2600,19357,53.2
2026-06-19,2026-06-30,8500.0,PE,8800,2700,102,609.05
2026-06-19,2026-06-30,8600.0,CE,57500,18200,5022,40.5
2026-06-19,2026-06-30,8600.0,PE,700,600,19,741.25
2026-06-19,2026-06-30,8800.0,CE,59300,24900,4487,27.1
2026-06-19,2026-06-30,8800.0,PE,7700,400,12,924.5
2026-06-19,2026-06-30,8900.0,CE,1200,-200,19,20.65
2026-06-19,2026-06-30,9000.0,CE,123700,18000,5181,18.05
2026-06-19,2026-06-30,9000.0,PE,1400,-100,11,1115.3
2026-06-19,2026-06-30,9200.0,CE,14900,12000,379,11.9
2026-06-19,2026-06-30,9300.0,CE,10600,3000,495,9.9
2026-06-19,2026-06-30,9400.0,PE,600,0,0,1505.5
2026-06-19,2026-06-30,9500.0,CE,4000,3400,74,7.45
2026-06-19,2026-06-30,9700.0,CE,1200,-500,17,6.0
2026-06-19,2026-06-30,9800.0,CE,16500,4200,113,5.0
2026-06-19,2026-06-30,9800.0,PE,600,0,3,1924.35
2026-06-19,2026-07-28,6200.0,CE,0,0,0,2107.5
2026-06-19,2026-07-28,6200.0,PE,600,600,6,27.15
2026-06-19,2026-07-28,6400.0,CE,0,0,0,2054.75
2026-06-19,2026-07-28,6400.0,PE,0,0,0,162.9
2026-06-19,2026-07-28,6600.0,CE,0,0,0,1899.7
2026-06-19,2026-07-28,6600.0,PE,2500,2500,30,65.05
2026-06-19,2026-07-28,6700.0,CE,0,0,0,1059.9
2026-06-19,2026-07-28,6700.0,PE,200,200,2,64.45
2026-06-19,2026-07-28,6800.0,CE,0,0,0,1751.65
2026-06-19,2026-07-28,6800.0,PE,0,0,0,254.0
2026-06-19,2026-07-28,6900.0,CE,0,0,0,943.25
2026-06-19,2026-07-28,6900.0,PE,0,0,0,460.55
2026-06-19,2026-07-28,7000.0,CE,0,0,0,1610.4
2026-06-19,2026-07-28,7000.0,PE,14600,7800,180,101.3
2026-06-19,2026-07-28,7100.0,CE,0,0,0,836.0
2026-06-19,2026-07-28,7100.0,PE,100,0,0,209.95
2026-06-19,2026-07-28,7200.0,CE,0,0,0,1476.5
2026-06-19,2026-07-28,7200.0,PE,200,0,0,328.15
2026-06-19,2026-07-28,7300.0,CE,100,0,1,819.0
2026-06-19,2026-07-28,7300.0,PE,4100,3900,62,172.55
2026-06-19,2026-07-28,7400.0,CE,200,100,1,895.4
2026-06-19,2026-07-28,7400.0,PE,0,0,0,443.75
2026-06-19,2026-07-28,7500.0,CE,100,-100,3,725.0
2026-06-19,2026-07-28,7500.0,PE,4900,4300,73,218.15
2026-06-19,2026-07-28,7600.0,CE,300,0,0,621.0
2026-06-19,2026-07-28,7600.0,PE,4300,3300,50,265.0
2026-06-19,2026-07-28,7700.0,CE,100,0,0,400.0
2026-06-19,2026-07-28,7700.0,PE,0,0,0,877.7
2026-06-19,2026-07-28,7800.0,CE,33100,19100,556,493.0
2026-06-19,2026-07-28,7800.0,PE,8500,8200,144,349.85
2026-06-19,2026-07-28,7900.0,CE,5000,4800,74,449.65
2026-06-19,2026-07-28,7900.0,PE,300,300,3,390.4
2026-06-19,2026-07-28,8000.0,CE,43000,31800,1135,391.85
2026-06-19,2026-07-28,8000.0,PE,28000,27200,434,449.9
2026-06-19,2026-07-28,8100.0,CE,1000,800,16,375.05
2026-06-19,2026-07-28,8100.0,PE,0,0,0,1136.9
2026-06-19,2026-07-28,8200.0,CE,3100,2700,57,306.0
2026-06-19,2026-07-28,8200.0,PE,0,0,0,803.25
2026-06-19,2026-07-28,8300.0,CE,800,800,15,262.2
2026-06-19,2026-07-28,8300.0,PE,1600,1500,37,638.4
2026-06-19,2026-07-28,8400.0,CE,16800,14300,404,234.6
2026-06-19,2026-07-28,8400.0,PE,2600,2000,34,707.55
2026-06-19,2026-07-28,8500.0,CE,24800,22500,364,206.2
2026-06-19,2026-07-28,8500.0,PE,100,100,1,687.1
2026-06-19,2026-07-28,8600.0,CE,600,600,14,177.5
2026-06-19,2026-07-28,8600.0,PE,0,0,0,1026.8
2026-06-19,2026-07-28,8800.0,CE,15600,13500,326,147.45
2026-06-19,2026-07-28,8800.0,PE,0,0,0,1148.65
2026-06-19,2026-07-28,9000.0,CE,800,800,18,119.25
2026-06-19,2026-07-28,9000.0,PE,0,0,0,1276.9
2026-06-19,2026-07-28,9200.0,CE,3000,2900,36,95.0
2026-06-19,2026-08-25,6400.0,CE,0,0,0,1383.35
2026-06-19,2026-08-25,6400.0,PE,0,0,0,376.8
2026-06-19,2026-08-25,6600.0,CE,0,0,0,1260.4
2026-06-19,2026-08-25,6600.0,PE,0,0,0,450.85
2026-06-19,2026-08-25,6800.0,CE,0,0,0,1145.4
2026-06-19,2026-08-25,6800.0,PE,0,0,0,532.95
2026-06-19,2026-08-25,7000.0,CE,0,0,0,1038.35
2026-06-19,2026-08-25,7000.0,PE,0,0,0,622.9
2026-06-19,2026-08-25,7200.0,CE,0,0,0,939.0
2026-06-19,2026-08-25,7200.0,PE,0,0,0,720.65
2026-06-19,2026-08-25,7400.0,CE,0,0,0,847.3
2026-06-19,2026-08-25,7400.0,PE,0,0,0,826.0
2026-06-19,2026-08-25,7600.0,CE,0,0,0,762.9
2026-06-19,2026-08-25,7600.0,PE,0,0,0,938.6
2026-06-19,2026-08-25,7800.0,CE,0,0,0,685.45
2026-06-19,2026-08-25,7800.0,PE,0,0,0,1058.2
2026-06-19,2026-08-25,8000.0,CE,0,0,0,614.7
2026-06-19,2026-08-25,8000.0,PE,0,0,0,1184.5
2026-06-19,2026-08-25,8200.0,CE,0,0,0,550.2
2026-06-19,2026-08-25,8200.0,PE,0,0,0,1317.05
2026-06-19,2026-08-25,8400.0,CE,0,0,0,491.6
2026-06-19,2026-08-25,8400.0,PE,0,0,0,1455.5
2026-06-19,2026-08-25,8600.0,CE,0,0,0,438.5
2026-06-19,2026-08-25,8600.0,PE,0,0,0,1599.45
2026-06-19,2026-08-25,8800.0,CE,0,0,0,391.0
2026-06-19,2026-08-25,8800.0,PE,0,0,0,1748.95
2026-06-22,2026-06-30,6200.0,CE,0,0,0,916.15
2026-06-22,2026-06-30,6200.0,PE,800,-200,2,0.8
2026-06-22,2026-06-30,6300.0,PE,6100,-200,19,0.95
2026-06-22,2026-06-30,6400.0,CE,100,0,0,1370.0
2026-06-22,2026-06-30,6400.0,PE,5200,500,11,1.8
2026-06-22,2026-06-30,6500.0,CE,1000,0,0,812.9
2026-06-22,2026-06-30,6500.0,PE,27600,-5500,141,1.8
2026-06-22,2026-06-30,6600.0,CE,300,0,0,881.1
2026-06-22,2026-06-30,6600.0,PE,1200,-800,10,1.85
2026-06-22,2026-06-30,6700.0,CE,0,0,0,1713.5
2026-06-22,2026-06-30,6700.0,PE,72200,-20000,645,1.85
2026-06-22,2026-06-30,6800.0,CE,100,0,0,773.45
2026-06-22,2026-06-30,6800.0,PE,10500,-2000,123,3.45
2026-06-22,2026-06-30,6900.0,CE,500,0,0,957.6
2026-06-22,2026-06-30,6900.0,PE,136700,0,351,4.25
2026-06-22,2026-06-30,7000.0,CE,52800,-100,11,977.0
2026-06-22,2026-06-30,7000.0,PE,317500,-19900,1182,7.15
2026-06-22,2026-06-30,7100.0,CE,9700,0,2,899.5
2026-06-22,2026-06-30,7100.0,PE,68200,2200,282,10.95
2026-06-22,2026-06-30,7200.0,CE,52100,100,10,735.0
2026-06-22,2026-06-30,7200.0,PE,113100,200,556,15.4
2026-06-22,2026-06-30,7300.0,CE,21600,-100,1,650.0
2026-06-22,2026-06-30,7300.0,PE,82100,-8800,641,23.5
2026-06-22,2026-06-30,7400.0,CE,32500,400,19,597.15
2026-06-22,2026-06-30,7400.0,PE,53000,-3100,1048,34.15
2026-06-22,2026-06-30,7500.0,CE,77400,-5800,240,476.9
2026-06-22,2026-06-30,7500.0,PE,95900,-6900,3997,49.3
2026-06-22,2026-06-30,7600.0,CE,55100,-5500,296,403.3
2026-06-22,2026-06-30,7600.0,PE,47200,2600,1613,69.6
2026-06-22,2026-06-30,7700.0,CE,32000,-8100,610,321.4
2026-06-22,2026-06-30,7700.0,PE,75800,-12600,2623,98.85
2026-06-22,2026-06-30,7800.0,CE,64000,-11900,1433,267.3
2026-06-22,2026-06-30,7800.0,PE,62400,3000,3301,134.7
2026-06-22,2026-06-30,7900.0,CE,68800,-8700,3799,212.7
2026-06-22,2026-06-30,7900.0,PE,32200,4000,2875,180.25
2026-06-22,2026-06-30,8000.0,CE,514200,-22900,12305,166.6
2026-06-22,2026-06-30,8000.0,PE,54000,7500,3975,235.65
2026-06-22,2026-06-30,8100.0,CE,136600,-15400,8242,129.8
2026-06-22,2026-06-30,8100.0,PE,24700,800,1263,295.65
2026-06-22,2026-06-30,8200.0,CE,148500,-6600,6809,98.0
2026-06-22,2026-06-30,8200.0,PE,8200,-200,432,361.45
2026-06-22,2026-06-30,8300.0,CE,72200,-4600,3618,72.8
2026-06-22,2026-06-30,8300.0,PE,6400,2700,158,435.7
2026-06-22,2026-06-30,8400.0,CE,63100,9800,2545,54.55
2026-06-22,2026-06-30,8400.0,PE,2500,600,26,491.65
2026-06-22,2026-06-30,8500.0,CE,231000,-1500,6562,41.05
2026-06-22,2026-06-30,8500.0,PE,8900,100,15,610.85
2026-06-22,2026-06-30,8600.0,CE,50400,-7100,1336,30.75
2026-06-22,2026-06-30,8600.0,PE,900,200,3,714.4
2026-06-22,2026-06-30,8800.0,CE,56300,-3000,1215,17.9
2026-06-22,2026-06-30,8800.0,PE,6800,-900,12,846.45
2026-06-22,2026-06-30,8900.0,CE,1300,100,14,13.9
2026-06-22,2026-06-30,9000.0,CE,106600,-17100,1515,11.2
2026-06-22,2026-06-30,9000.0,PE,1400,0,3,937.35
2026-06-22,2026-06-30,9200.0,CE,11200,-3700,335,8.3
2026-06-22,2026-06-30,9300.0,CE,8500,-2100,184,7.5
2026-06-22,2026-06-30,9400.0,PE,600,0,0,1505.5
2026-06-22,2026-06-30,9500.0,CE,3800,-200,74,5.95
2026-06-22,2026-06-30,9700.0,CE,1400,200,2,5.85
2026-06-22,2026-06-30,9800.0,CE,15700,-800,110,3.35
2026-06-22,2026-06-30,9800.0,PE,600,0,0,1924.35
2026-06-22,2026-07-28,6200.0,CE,0,0,0,2107.5
2026-06-22,2026-07-28,6200.0,PE,600,0,0,27.15
2026-06-22,2026-07-28,6400.0,CE,0,0,0,2054.75
2026-06-22,2026-07-28,6400.0,PE,0,0,0,162.9
2026-06-22,2026-07-28,6600.0,CE,0,0,0,1899.7
2026-06-22,2026-07-28,6600.0,PE,2500,0,1,65.15
2026-06-22,2026-07-28,6700.0,CE,0,0,0,1059.9
2026-06-22,2026-07-28,6700.0,PE,200,0,2,58.0
2026-06-22,2026-07-28,6800.0,CE,0,0,0,1751.65
2026-06-22,2026-07-28,6800.0,PE,100,100,3,68.0
2026-06-22,2026-07-28,6900.0,CE,0,0,0,943.25
2026-06-22,2026-07-28,6900.0,PE,0,0,0,460.55
2026-06-22,2026-07-28,7000.0,CE,0,0,0,1610.4
2026-06-22,2026-07-28,7000.0,PE,15600,1000,84,89.45
2026-06-22,2026-07-28,7100.0,CE,0,0,0,836.0
2026-06-22,2026-07-28,7100.0,PE,100,0,0,209.95
2026-06-22,2026-07-28,7200.0,CE,0,0,0,1476.5
2026-06-22,2026-07-28,7200.0,PE,200,0,0,328.15
2026-06-22,2026-07-28,7300.0,CE,100,0,0,819.0
2026-06-22,2026-07-28,7300.0,PE,4300,200,8,146.95
2026-06-22,2026-07-28,7400.0,CE,200,0,0,895.4
2026-06-22,2026-07-28,7400.0,PE,0,0,0,443.75
2026-06-22,2026-07-28,7500.0,CE,0,-100,1,730.0
2026-06-22,2026-07-28,7500.0,PE,9200,4300,120,214.5
2026-06-22,2026-07-28,7600.0,CE,300,0,0,621.0
2026-06-22,2026-07-28,7600.0,PE,4700,400,5,242.0
2026-06-22,2026-07-28,7700.0,CE,100,0,0,400.0
2026-06-22,2026-07-28,7700.0,PE,100,100,4,275.0
2026-06-22,2026-07-28,7800.0,CE,33300,200,66,500.05
2026-06-22,2026-07-28,7800.0,PE,9600,1100,23,329.05
2026-06-22,2026-07-28,7900.0,CE,5300,300,44,444.5
2026-06-22,2026-07-28,7900.0,PE,300,0,2,375.0
2026-06-22,2026-07-28,8000.0,CE,55100,12100,384,399.25
2026-06-22,2026-07-28,8000.0,PE,29700,1700,92,437.3
2026-06-22,2026-07-28,8100.0,CE,1700,700,31,355.0
2026-06-22,2026-07-28,8100.0,PE,0,0,0,1136.9
2026-06-22,2026-07-28,8200.0,CE,5900,2800,101,322.95
2026-06-22,2026-07-28,8200.0,PE,0,0,0,803.25
2026-06-22,2026-07-28,8300.0,CE,800,0,0,262.2
2026-06-22,2026-07-28,8300.0,PE,1700,100,1,605.0
2026-06-22,2026-07-28,8400.0,CE,16100,-700,40,243.0
2026-06-22,2026-07-28,8400.0,PE,2600,0,0,707.55
2026-06-22,2026-07-28,8500.0,CE,11800,-13000,400,217.75
2026-06-22,2026-07-28,8500.0,PE,100,0,0,687.1
2026-06-22,2026-07-28,8600.0,CE,600,0,0,177.5
2026-06-22,2026-07-28,8600.0,PE,0,0,0,1026.8
2026-06-22,2026-07-28,8800.0,CE,13300,-2300,233,148.8
2026-06-22,2026-07-28,8800.0,PE,200,200,2,1010.0
2026-06-22,2026-07-28,9000.0,CE,1700,900,18,113.35
2026-06-22,2026-07-28,9000.0,PE,100,100,1,1098.0
2026-06-22,2026-07-28,9200.0,CE,4900,1900,27,88.45
2026-06-22,2026-08-25,6400.0,CE,0,0,0,1383.35
2026-06-22,2026-08-25,6400.0,PE,0,0,0,376.8
2026-06-22,2026-08-25,6600.0,CE,0,0,0,1260.4
2026-06-22,2026-08-25,6600.0,PE,0,0,0,450.85
2026-06-22,2026-08-25,6800.0,CE,0,0,0,1145.4
2026-06-22,2026-08-25,6800.0,PE,0,0,0,532.95
2026-06-22,2026-08-25,7000.0,CE,0,0,0,1038.35
2026-06-22,2026-08-25,7000.0,PE,0,0,0,622.9
2026-06-22,2026-08-25,7200.0,CE,0,0,0,939.0
2026-06-22,2026-08-25,7200.0,PE,0,0,0,720.65
2026-06-22,2026-08-25,7400.0,CE,0,0,0,847.3
2026-06-22,2026-08-25,7400.0,PE,0,0,0,826.0
2026-06-22,2026-08-25,7600.0,CE,0,0,0,762.9
2026-06-22,2026-08-25,7600.0,PE,0,0,0,938.6
2026-06-22,2026-08-25,7800.0,CE,0,0,0,685.45
2026-06-22,2026-08-25,7800.0,PE,0,0,0,1058.2
2026-06-22,2026-08-25,8000.0,CE,0,0,0,614.7
2026-06-22,2026-08-25,8000.0,PE,0,0,0,1184.5
2026-06-22,2026-08-25,8200.0,CE,0,0,0,550.2
2026-06-22,2026-08-25,8200.0,PE,0,0,0,1317.05
2026-06-22,2026-08-25,8400.0,CE,0,0,0,491.6
2026-06-22,2026-08-25,8400.0,PE,0,0,0,1455.5
2026-06-22,2026-08-25,8600.0,CE,0,0,0,438.5
2026-06-22,2026-08-25,8600.0,PE,0,0,0,1599.45
2026-06-22,2026-08-25,8800.0,CE,0,0,0,391.0
2026-06-22,2026-08-25,8800.0,PE,0,0,0,1748.95
2026-06-23,2026-06-30,6200.0,CE,0,0,0,916.15
2026-06-23,2026-06-30,6200.0,PE,800,0,7,0.35
2026-06-23,2026-06-30,6300.0,PE,4600,-1500,24,1.0
2026-06-23,2026-06-30,6400.0,CE,100,0,0,1370.0
2026-06-23,2026-06-30,6400.0,PE,2400,-2800,77,1.55
2026-06-23,2026-06-30,6500.0,CE,1000,0,0,812.9
2026-06-23,2026-06-30,6500.0,PE,25500,-2100,202,2.6
2026-06-23,2026-06-30,6600.0,CE,300,0,0,881.1
2026-06-23,2026-06-30,6600.0,PE,1000,-200,8,2.4
2026-06-23,2026-06-30,6700.0,CE,0,0,0,1713.5
2026-06-23,2026-06-30,6700.0,PE,39500,-32700,1068,2.75
2026-06-23,2026-06-30,6800.0,CE,100,0,0,773.45
2026-06-23,2026-06-30,6800.0,PE,10100,-400,90,3.55
2026-06-23,2026-06-30,6900.0,CE,500,0,0,957.6
2026-06-23,2026-06-30,6900.0,PE,134700,-2000,419,3.4
2026-06-23,2026-06-30,7000.0,CE,52800,0,0,977.0
2026-06-23,2026-06-30,7000.0,PE,312500,-5000,943,6.0
2026-06-23,2026-06-30,7100.0,CE,9700,0,0,899.5
2026-06-23,2026-06-30,7100.0,PE,66800,-1400,428,10.0
2026-06-23,2026-06-30,7200.0,CE,50500,-1600,33,605.35
2026-06-23,2026-06-30,7200.0,PE,111100,-2000,953,14.05
2026-06-23,2026-06-30,7300.0,CE,20400,-1200,15,512.45
2026-06-23,2026-06-30,7300.0,PE,76400,-5700,875,21.2
2026-06-23,2026-06-30,7400.0,CE,31000,-1500,18,431.65
2026-06-23,2026-06-30,7400.0,PE,54900,1900,936,33.0
2026-06-23,2026-06-30,7500.0,CE,75500,-1900,88,362.2
2026-06-23,2026-06-30,7500.0,PE,83100,-12800,2058,53.45
2026-06-23,2026-06-30,7600.0,CE,51600,-3500,135,265.3
2026-06-23,2026-06-30,7600.0,PE,39100,-8100,1276,84.6
2026-06-23,2026-06-30,7700.0,CE,28300,-3700,452,218.95
2026-06-23,2026-06-30,7700.0,PE,78600,2800,1780,118.2
2026-06-23,2026-06-30,7800.0,CE,70000,6000,1718,164.4
2026-06-23,2026-06-30,7800.0,PE,53600,-8800,1987,167.45
2026-06-23,2026-06-30,7900.0,CE,71300,2500,2294,126.95
2026-06-23,2026-06-30,7900.0,PE,22800,-9400,811,229.2
2026-06-23,2026-06-30,8000.0,CE,519400,5200,5871,99.6
2026-06-23,2026-06-30,8000.0,PE,45300,-8700,708,304.8
2026-06-23,2026-06-30,8100.0,CE,127200,-9400,3008,73.55
2026-06-23,2026-06-30,8100.0,PE,24300,-400,131,373.95
2026-06-23,2026-06-30,8200.0,CE,130100,-18400,3249,52.8
2026-06-23,2026-06-30,8200.0,PE,7900,-300,13,480.25
2026-06-23,2026-06-30,8300.0,CE,82000,9800,1568,36.85
2026-06-23,2026-06-30,8300.0,PE,6400,0,7,559.45
2026-06-23,2026-06-30,8400.0,CE,65900,2800,1348,26.8
2026-06-23,2026-06-30,8400.0,PE,2500,0,0,491.65
2026-06-23,2026-06-30,8500.0,CE,194900,-36100,2474,20.05
2026-06-23,2026-06-30,8500.0,PE,8400,-500,70,721.1
2026-06-23,2026-06-30,8600.0,CE,42300,-8100,706,14.85
2026-06-23,2026-06-30,8600.0,PE,900,0,0,714.4
2026-06-23,2026-06-30,8800.0,CE,37700,-18600,936,8.35
2026-06-23,2026-06-30,8800.0,PE,6800,0,0,846.45
2026-06-23,2026-06-30,8900.0,CE,1200,-100,3,6.75
2026-06-23,2026-06-30,9000.0,CE,78000,-28600,945,6.75
2026-06-23,2026-06-30,9000.0,PE,1400,0,0,937.35
2026-06-23,2026-06-30,9200.0,CE,10600,-600,28,3.45
2026-06-23,2026-06-30,9300.0,CE,7200,-1300,32,3.5
2026-06-23,2026-06-30,9400.0,PE,600,0,0,1505.5
2026-06-23,2026-06-30,9500.0,CE,2400,-1400,44,3.5
2026-06-23,2026-06-30,9700.0,CE,1100,-300,4,2.55
2026-06-23,2026-06-30,9800.0,CE,14000,-1700,50,2.45
2026-06-23,2026-06-30,9800.0,PE,600,0,0,1924.35
2026-06-23,2026-07-28,6200.0,CE,0,0,0,2107.5
2026-06-23,2026-07-28,6200.0,PE,700,100,1,25.0
2026-06-23,2026-07-28,6400.0,CE,0,0,0,2054.75
2026-06-23,2026-07-28,6400.0,PE,0,0,0,162.9
2026-06-23,2026-07-28,6600.0,CE,0,0,0,1899.7
2026-06-23,2026-07-28,6600.0,PE,2500,0,0,65.15
2026-06-23,2026-07-28,6700.0,CE,0,0,0,1059.9
2026-06-23,2026-07-28,6700.0,PE,200,0,0,58.0
2026-06-23,2026-07-28,6800.0,CE,0,0,0,1751.65
2026-06-23,2026-07-28,6800.0,PE,100,0,0,68.0
2026-06-23,2026-07-28,6900.0,CE,0,0,0,943.25
2026-06-23,2026-07-28,6900.0,PE,0,0,0,460.55
2026-06-23,2026-07-28,7000.0,CE,0,0,0,1610.4
2026-06-23,2026-07-28,7000.0,PE,18100,2500,47,104.0
2026-06-23,2026-07-28,7100.0,CE,0,0,0,836.0
2026-06-23,2026-07-28,7100.0,PE,3800,3700,46,120.0
2026-06-23,2026-07-28,7200.0,CE,0,0,0,1476.5
2026-06-23,2026-07-28,7200.0,PE,1400,1200,15,143.9
2026-06-23,2026-07-28,7300.0,CE,100,0,0,819.0
2026-06-23,2026-07-28,7300.0,PE,4600,300,16,200.05
2026-06-23,2026-07-28,7400.0,CE,200,0,0,895.4
2026-06-23,2026-07-28,7400.0,PE,0,0,0,443.75
2026-06-23,2026-07-28,7500.0,CE,0,0,0,730.0
2026-06-23,2026-07-28,7500.0,PE,10700,1500,53,253.15
2026-06-23,2026-07-28,7600.0,CE,300,0,0,621.0
2026-06-23,2026-07-28,7600.0,PE,9600,4900,55,281.0
2026-06-23,2026-07-28,7700.0,CE,200,100,1,550.0
2026-06-23,2026-07-28,7700.0,PE,200,100,1,320.0
2026-06-23,2026-07-28,7800.0,CE,36600,3300,51,416.65
2026-06-23,2026-07-28,7800.0,PE,9600,0,24,391.95
2026-06-23,2026-07-28,7900.0,CE,2200,-3100,58,375.8
2026-06-23,2026-07-28,7900.0,PE,300,0,0,375.0
2026-06-23,2026-07-28,8000.0,CE,64900,9800,232,339.95
2026-06-23,2026-07-28,8000.0,PE,29300,-400,41,498.1
2026-06-23,2026-07-28,8100.0,CE,2300,600,19,275.6
2026-06-23,2026-07-28,8100.0,PE,0,0,0,1136.9
2026-06-23,2026-07-28,8200.0,CE,5200,-700,58,262.5
2026-06-23,2026-07-28,8200.0,PE,0,0,0,803.25
2026-06-23,2026-07-28,8300.0,CE,900,100,1,229.0
2026-06-23,2026-07-28,8300.0,PE,1700,0,1,721.45
2026-06-23,2026-07-28,8400.0,CE,16100,0,20,209.95
2026-06-23,2026-07-28,8400.0,PE,2600,0,0,707.55
2026-06-23,2026-07-28,8500.0,CE,13100,1300,45,176.25
2026-06-23,2026-07-28,8500.0,PE,100,0,0,687.1
2026-06-23,2026-07-28,8600.0,CE,900,300,7,156.3
2026-06-23,2026-07-28,8600.0,PE,0,0,0,1026.8
2026-06-23,2026-07-28,8800.0,CE,13400,100,87,122.0
2026-06-23,2026-07-28,8800.0,PE,200,0,0,1010.0
2026-06-23,2026-07-28,9000.0,CE,2600,900,17,90.0
2026-06-23,2026-07-28,9000.0,PE,100,0,0,1098.0
2026-06-23,2026-07-28,9200.0,CE,5500,600,9,65.0
2026-06-23,2026-08-25,6400.0,CE,0,0,0,1383.35
2026-06-23,2026-08-25,6400.0,PE,0,0,0,376.8
2026-06-23,2026-08-25,6600.0,CE,0,0,0,1260.4
2026-06-23,2026-08-25,6600.0,PE,0,0,0,450.85
2026-06-23,2026-08-25,6800.0,CE,0,0,0,1145.4
2026-06-23,2026-08-25,6800.0,PE,0,0,0,532.95
2026-06-23,2026-08-25,7000.0,CE,0,0,0,1038.35
2026-06-23,2026-08-25,7000.0,PE,0,0,0,622.9
2026-06-23,2026-08-25,7200.0,CE,0,0,0,939.0
2026-06-23,2026-08-25,7200.0,PE,0,0,0,720.65
2026-06-23,2026-08-25,7400.0,CE,0,0,0,847.3
2026-06-23,2026-08-25,7400.0,PE,0,0,0,826.0
2026-06-23,2026-08-25,7600.0,CE,0,0,0,762.9
2026-06-23,2026-08-25,7600.0,PE,5000,5000,50,382.0
2026-06-23,2026-08-25,7800.0,CE,0,0,0,685.45
2026-06-23,2026-08-25,7800.0,PE,0,0,0,1058.2
2026-06-23,2026-08-25,8000.0,CE,0,0,0,614.7
2026-06-23,2026-08-25,8000.0,PE,0,0,0,1184.5
2026-06-23,2026-08-25,8200.0,CE,0,0,0,550.2
2026-06-23,2026-08-25,8200.0,PE,0,0,0,1317.05
2026-06-23,2026-08-25,8400.0,CE,0,0,0,491.6
2026-06-23,2026-08-25,8400.0,PE,0,0,0,1455.5
2026-06-23,2026-08-25,8600.0,CE,0,0,0,438.5
2026-06-23,2026-08-25,8600.0,PE,0,0,0,1599.45
2026-06-23,2026-08-25,8800.0,CE,0,0,0,391.0
2026-06-23,2026-08-25,8800.0,PE,0,0,0,1748.95
2026-06-24,2026-06-30,6200.0,CE,0,0,0,916.15
2026-06-24,2026-06-30,6200.0,PE,800,0,5,1.35
2026-06-24,2026-06-30,6300.0,PE,4600,0,0,1.0
2026-06-24,2026-06-30,6400.0,CE,100,0,0,1370.0
2026-06-24,2026-06-30,6400.0,PE,1900,-500,17,1.45
2026-06-24,2026-06-30,6500.0,CE,1000,0,0,812.9
2026-06-24,2026-06-30,6500.0,PE,25200,-300,67,2.75
2026-06-24,2026-06-30,6600.0,CE,300,0,0,881.1
2026-06-24,2026-06-30,6600.0,PE,1000,0,0,2.4
2026-06-24,2026-06-30,6700.0,CE,0,0,0,1713.5
2026-06-24,2026-06-30,6700.0,PE,36000,-3500,120,2.85
2026-06-24,2026-06-30,6800.0,CE,100,0,0,773.45
2026-06-24,2026-06-30,6800.0,PE,10400,300,78,2.8
2026-06-24,2026-06-30,6900.0,CE,500,0,0,957.6
2026-06-24,2026-06-30,6900.0,PE,76800,-57900,1115,3.0
2026-06-24,2026-06-30,7000.0,CE,52800,0,1,812.95
2026-06-24,2026-06-30,7000.0,PE,298400,-14100,867,3.25
2026-06-24,2026-06-30,7100.0,CE,9300,-400,5,758.3
2026-06-24,2026-06-30,7100.0,PE,59800,-7000,329,4.35
2026-06-24,2026-06-30,7200.0,CE,49100,-1400,16,640.0
2026-06-24,2026-06-30,7200.0,PE,88600,-22500,757,6.3
2026-06-24,2026-06-30,7300.0,CE,19900,-500,18,585.8
2026-06-24,2026-06-30,7300.0,PE,77600,1200,644,9.9
2026-06-24,2026-06-30,7400.0,CE,27300,-3700,74,492.0
2026-06-24,2026-06-30,7400.0,PE,52400,-2500,1080,17.05
2026-06-24,2026-06-30,7500.0,CE,66300,-9200,181,390.15
2026-06-24,2026-06-30,7500.0,PE,74700,-8400,2770,27.1
2026-06-24,2026-06-30,7600.0,CE,45400,-6200,207,303.95
2026-06-24,2026-06-30,7600.0,PE,41200,2100,1597,44.0
2026-06-24,2026-06-30,7700.0,CE,31700,3400,632,234.85
2026-06-24,2026-06-30,7700.0,PE,79200,600,2176,73.5
2026-06-24,2026-06-30,7800.0,CE,73000,3000,2432,177.2
2026-06-24,2026-06-30,7800.0,PE,60700,7100,1793,112.5
2026-06-24,2026-06-30,7900.0,CE,68300,-3000,3200,131.0
2026-06-24,2026-06-30,7900.0,PE,28500,5700,858,166.9
2026-06-24,2026-06-30,8000.0,CE,495600,-23800,6293,98.6
2026-06-24,2026-06-30,8000.0,PE,43800,-1500,473,233.4
2026-06-24,2026-06-30,8100.0,CE,108100,-19100,2447,68.5
2026-06-24,2026-06-30,8100.0,PE,23200,-1100,206,301.0
2026-06-24,2026-06-30,8200.0,CE,144300,14200,3633,46.15
2026-06-24,2026-06-30,8200.0,PE,6000,-1900,54,380.2
2026-06-24,2026-06-30,8300.0,CE,73200,-8800,1385,31.45
2026-06-24,2026-06-30,8300.0,PE,4600,-1800,40,463.05
2026-06-24,2026-06-30,8400.0,CE,58600,-7300,962,21.2
2026-06-24,2026-06-30,8400.0,PE,2200,-300,14,632.5
2026-06-24,2026-06-30,8500.0,CE,169100,-25800,1356,16.05
2026-06-24,2026-06-30,8500.0,PE,7900,-500,17,663.3
2026-06-24,2026-06-30,8600.0,CE,42600,300,395,11.8
2026-06-24,2026-06-30,8600.0,PE,1000,100,3,763.6
2026-06-24,2026-06-30,8800.0,CE,34500,-3200,364,6.5
2026-06-24,2026-06-30,8800.0,PE,6800,0,0,846.45
2026-06-24,2026-06-30,8900.0,CE,1200,0,33,5.4
2026-06-24,2026-06-30,9000.0,CE,74800,-3200,364,4.45
2026-06-24,2026-06-30,9000.0,PE,900,-500,5,1200.0
2026-06-24,2026-06-30,9200.0,CE,8800,-1800,21,3.25
2026-06-24,2026-06-30,9300.0,CE,5700,-1500,58,2.1
2026-06-24,2026-06-30,9400.0,PE,600,0,0,1505.5
2026-06-24,2026-06-30,9500.0,CE,1900,-500,17,2.6
2026-06-24,2026-06-30,9700.0,CE,500,-600,10,2.0
2026-06-24,2026-06-30,9800.0,CE,18600,4600,149,2.45
2026-06-24,2026-06-30,9800.0,PE,600,0,0,1924.35
2026-06-24,2026-07-28,6200.0,CE,0,0,0,2107.5
2026-06-24,2026-07-28,6200.0,PE,700,0,0,25.0
2026-06-24,2026-07-28,6400.0,CE,0,0,0,2054.75
2026-06-24,2026-07-28,6400.0,PE,0,0,0,162.9
2026-06-24,2026-07-28,6600.0,CE,0,0,0,1899.7
2026-06-24,2026-07-28,6600.0,PE,2900,400,15,48.15
2026-06-24,2026-07-28,6700.0,CE,0,0,0,1059.9
2026-06-24,2026-07-28,6700.0,PE,200,0,0,58.0
2026-06-24,2026-07-28,6800.0,CE,0,0,0,1751.65
2026-06-24,2026-07-28,6800.0,PE,100,0,0,68.0
2026-06-24,2026-07-28,6900.0,CE,0,0,0,943.25
2026-06-24,2026-07-28,6900.0,PE,0,0,0,460.55
2026-06-24,2026-07-28,7000.0,CE,0,0,0,1610.4
2026-06-24,2026-07-28,7000.0,PE,17100,-1000,65,89.0
2026-06-24,2026-07-28,7100.0,CE,0,0,0,836.0
2026-06-24,2026-07-28,7100.0,PE,3900,100,6,125.5
2026-06-24,2026-07-28,7200.0,CE,100,100,1,800.0
2026-06-24,2026-07-28,7200.0,PE,1300,-100,5,134.4
2026-06-24,2026-07-28,7300.0,CE,200,100,2,740.5
2026-06-24,2026-07-28,7300.0,PE,2800,-1800,26,160.0
2026-06-24,2026-07-28,7400.0,CE,200,0,1,700.0
2026-06-24,2026-07-28,7400.0,PE,0,0,0,443.75
2026-06-24,2026-07-28,7500.0,CE,0,0,0,730.0
2026-06-24,2026-07-28,7500.0,PE,10400,-300,63,220.0
2026-06-24,2026-07-28,7600.0,CE,400,100,1,576.15
2026-06-24,2026-07-28,7600.0,PE,10600,1000,28,255.0
2026-06-24,2026-07-28,7700.0,CE,200,0,0,550.0
2026-06-24,2026-07-28,7700.0,PE,100,-100,1,338.0
2026-06-24,2026-07-28,7800.0,CE,37600,1000,83,448.9
2026-06-24,2026-07-28,7800.0,PE,10500,900,26,339.95
2026-06-24,2026-07-28,7900.0,CE,2300,100,1,400.0
2026-06-24,2026-07-28,7900.0,PE,300,0,0,375.0
2026-06-24,2026-07-28,8000.0,CE,71000,6100,439,352.4
2026-06-24,2026-07-28,8000.0,PE,28400,-900,20,450.0
2026-06-24,2026-07-28,8100.0,CE,2300,0,2,311.5
2026-06-24,2026-07-28,8100.0,PE,0,0,0,1136.9
2026-06-24,2026-07-28,8200.0,CE,5800,600,22,263.0
2026-06-24,2026-07-28,8200.0,PE,1000,1000,13,573.65
2026-06-24,2026-07-28,8300.0,CE,800,-100,5,238.95
2026-06-24,2026-07-28,8300.0,PE,1700,0,0,721.45
2026-06-24,2026-07-28,8400.0,CE,16500,400,21,205.05
2026-06-24,2026-07-28,8400.0,PE,3200,600,22,721.8
2026-06-24,2026-07-28,8500.0,CE,15300,2200,95,172.95
2026-06-24,2026-07-28,8500.0,PE,100,0,0,687.1
2026-06-24,2026-07-28,8600.0,CE,900,0,0,156.3
2026-06-24,2026-07-28,8600.0,PE,0,0,0,1026.8
2026-06-24,2026-07-28,8800.0,CE,21300,7900,155,113.25
2026-06-24,2026-07-28,8800.0,PE,200,0,0,1010.0
2026-06-24,2026-07-28,9000.0,CE,3200,600,10,88.0
2026-06-24,2026-07-28,9000.0,PE,100,0,0,1098.0
2026-06-24,2026-07-28,9200.0,CE,6000,500,46,58.0
2026-06-24,2026-08-25,6400.0,CE,0,0,0,1383.35
2026-06-24,2026-08-25,6400.0,PE,0,0,0,376.8
2026-06-24,2026-08-25,6600.0,CE,0,0,0,1260.4
2026-06-24,2026-08-25,6600.0,PE,0,0,0,450.85
2026-06-24,2026-08-25,6800.0,CE,0,0,0,1145.4
2026-06-24,2026-08-25,6800.0,PE,0,0,0,532.95
2026-06-24,2026-08-25,7000.0,CE,0,0,0,1038.35
2026-06-24,2026-08-25,7000.0,PE,0,0,0,622.9
2026-06-24,2026-08-25,7200.0,CE,0,0,0,939.0
2026-06-24,2026-08-25,7200.0,PE,0,0,0,720.65
2026-06-24,2026-08-25,7400.0,CE,0,0,0,847.3
2026-06-24,2026-08-25,7400.0,PE,0,0,0,826.0
2026-06-24,2026-08-25,7600.0,CE,0,0,0,762.9
2026-06-24,2026-08-25,7600.0,PE,5000,0,0,382.0
2026-06-24,2026-08-25,7800.0,CE,0,0,0,685.45
2026-06-24,2026-08-25,7800.0,PE,0,0,0,1058.2
2026-06-24,2026-08-25,8000.0,CE,0,0,0,614.7
2026-06-24,2026-08-25,8000.0,PE,0,0,0,1184.5
2026-06-24,2026-08-25,8200.0,CE,0,0,0,550.2
2026-06-24,2026-08-25,8200.0,PE,0,0,0,1317.05
2026-06-24,2026-08-25,8400.0,CE,0,0,0,491.6
2026-06-24,2026-08-25,8400.0,PE,0,0,0,1455.5
2026-06-24,2026-08-25,8600.0,CE,0,0,0,438.5
2026-06-24,2026-08-25,8600.0,PE,0,0,0,1599.45
2026-06-24,2026-08-25,8800.0,CE,0,0,0,391.0
2026-06-24,2026-08-25,8800.0,PE,0,0,0,1748.95
2026-06-25,2026-06-30,6200.0,CE,0,0,0,916.15
2026-06-25,2026-06-30,6200.0,PE,800,0,0,1.35
2026-06-25,2026-06-30,6300.0,PE,4700,100,59,0.8
2026-06-25,2026-06-30,6400.0,CE,100,0,0,1370.0
2026-06-25,2026-06-30,6400.0,PE,1700,-200,2,1.0
2026-06-25,2026-06-30,6500.0,CE,1000,0,0,812.9
2026-06-25,2026-06-30,6500.0,PE,23100,-2100,90,1.25
2026-06-25,2026-06-30,6600.0,CE,300,0,0,881.1
2026-06-25,2026-06-30,6600.0,PE,1000,0,0,2.4
2026-06-25,2026-06-30,6700.0,CE,0,0,0,1713.5
2026-06-25,2026-06-30,6700.0,PE,18900,-17100,770,1.55
2026-06-25,2026-06-30,6800.0,CE,100,0,0,773.45
2026-06-25,2026-06-30,6800.0,PE,10400,0,20,1.5
2026-06-25,2026-06-30,6900.0,CE,500,0,0,957.6
2026-06-25,2026-06-30,6900.0,PE,51200,-25600,1336,1.6
2026-06-25,2026-06-30,7000.0,CE,42600,-10200,108,663.45
2026-06-25,2026-06-30,7000.0,PE,291700,-6700,1437,1.0
2026-06-25,2026-06-30,7100.0,CE,9300,0,0,758.3
2026-06-25,2026-06-30,7100.0,PE,53400,-6400,568,1.45
2026-06-25,2026-06-30,7200.0,CE,47100,-2000,20,674.55
2026-06-25,2026-06-30,7200.0,PE,70600,-18000,1370,2.8
2026-06-25,2026-06-30,7300.0,CE,14400,-5500,60,375.0
2026-06-25,2026-06-30,7300.0,PE,84000,6400,1356,8.2
2026-06-25,2026-06-30,7400.0,CE,22600,-4700,86,290.25
2026-06-25,2026-06-30,7400.0,PE,42400,-10000,1323,17.7
2026-06-25,2026-06-30,7500.0,CE,54400,-11900,197,195.15
2026-06-25,2026-06-30,7500.0,PE,70300,-4400,3233,34.0
2026-06-25,2026-06-30,7600.0,CE,40900,-4500,210,125.75
2026-06-25,2026-06-30,7600.0,PE,36400,-4800,1969,65.4
2026-06-25,2026-06-30,7700.0,CE,39000,7300,700,71.35
2026-06-25,2026-06-30,7700.0,PE,52500,-26700,1878,115.5
2026-06-25,2026-06-30,7800.0,CE,79800,6800,2302,45.0
2026-06-25,2026-06-30,7800.0,PE,49400,-11300,2208,184.75
2026-06-25,2026-06-30,7900.0,CE,57300,-11000,4391,27.2
2026-06-25,2026-06-30,7900.0,PE,18300,-10200,952,269.0
2026-06-25,2026-06-30,8000.0,CE,317200,-178400,10097,17.7
2026-06-25,2026-06-30,8000.0,PE,31100,-12700,391,366.2
2026-06-25,2026-06-30,8100.0,CE,114000,5900,4192,12.25
2026-06-25,2026-06-30,8100.0,PE,24200,1000,188,450.65
2026-06-25,2026-06-30,8200.0,CE,102300,-42000,4724,8.65
2026-06-25,2026-06-30,8200.0,PE,5200,-800,19,560.15
2026-06-25,2026-06-30,8300.0,CE,72500,-700,2312,6.5
2026-06-25,2026-06-30,8300.0,PE,3200,-1400,23,541.15
2026-06-25,2026-06-30,8400.0,CE,38800,-19800,1030,5.45
2026-06-25,2026-06-30,8400.0,PE,2200,0,0,632.5
2026-06-25,2026-06-30,8500.0,CE,138000,-31100,2252,4.6
2026-06-25,2026-06-30,8500.0,PE,7900,0,0,663.3
2026-06-25,2026-06-30,8600.0,CE,31400,-11200,590,4.1
2026-06-25,2026-06-30,8600.0,PE,1000,0,1,841.1
2026-06-25,2026-06-30,8800.0,CE,25400,-9100,429,2.05
2026-06-25,2026-06-30,8800.0,PE,6800,0,0,846.45
2026-06-25,2026-06-30,8900.0,CE,1000,-200,11,1.75
2026-06-25,2026-06-30,9000.0,CE,63700,-11100,786,0.95
2026-06-25,2026-06-30,9000.0,PE,600,-300,3,1235.0
2026-06-25,2026-06-30,9200.0,CE,4200,-4600,55,0.85
2026-06-25,2026-06-30,9300.0,CE,5500,-200,17,1.05
2026-06-25,2026-06-30,9400.0,PE,600,0,0,1505.5
2026-06-25,2026-06-30,9500.0,CE,1800,-100,1,1.0
2026-06-25,2026-06-30,9700.0,CE,400,-100,2,1.25
2026-06-25,2026-06-30,9800.0,CE,18400,-200,110,1.4
2026-06-25,2026-06-30,9800.0,PE,600,0,0,1924.35
2026-06-25,2026-07-28,6200.0,CE,0,0,0,2107.5
2026-06-25,2026-07-28,6200.0,PE,700,0,1,24.0
2026-06-25,2026-07-28,6400.0,CE,0,0,0,2054.75
2026-06-25,2026-07-28,6400.0,PE,0,0,0,162.9
2026-06-25,2026-07-28,6600.0,CE,0,0,0,1899.7
2026-06-25,2026-07-28,6600.0,PE,3500,600,36,61.5
2026-06-25,2026-07-28,6700.0,CE,0,0,0,1059.9
2026-06-25,2026-07-28,6700.0,PE,200,0,0,58.0
2026-06-25,2026-07-28,6800.0,CE,0,0,0,1751.65
2026-06-25,2026-07-28,6800.0,PE,300,200,3,87.9
2026-06-25,2026-07-28,6900.0,CE,0,0,0,943.25
2026-06-25,2026-07-28,6900.0,PE,0,0,0,460.55
2026-06-25,2026-07-28,7000.0,CE,0,0,0,1610.4
2026-06-25,2026-07-28,7000.0,PE,20100,3000,253,127.95
2026-06-25,2026-07-28,7100.0,CE,0,0,0,836.0
2026-06-25,2026-07-28,7100.0,PE,5000,1100,25,156.15
2026-06-25,2026-07-28,7200.0,CE,1400,1300,15,745.9
2026-06-25,2026-07-28,7200.0,PE,1400,100,6,180.55
2026-06-25,2026-07-28,7300.0,CE,200,0,0,740.5
2026-06-25,2026-07-28,7300.0,PE,3900,1100,26,214.9
2026-06-25,2026-07-28,7400.0,CE,200,0,0,700.0
2026-06-25,2026-07-28,7400.0,PE,900,900,11,249.05
2026-06-25,2026-07-28,7500.0,CE,2100,2100,22,486.15
2026-06-25,2026-07-28,7500.0,PE,27900,17500,451,294.55
2026-06-25,2026-07-28,7600.0,CE,1200,800,8,433.95
2026-06-25,2026-07-28,7600.0,PE,14100,3500,99,335.25
2026-06-25,2026-07-28,7700.0,CE,1100,900,10,383.6
2026-06-25,2026-07-28,7700.0,PE,2200,2100,32,389.05
2026-06-25,2026-07-28,7800.0,CE,29000,-8600,539,328.3
2026-06-25,2026-07-28,7800.0,PE,23700,13200,236,440.85
2026-06-25,2026-07-28,7900.0,CE,10300,8000,170,286.9
2026-06-25,2026-07-28,7900.0,PE,11100,10800,121,494.55
2026-06-25,2026-07-28,8000.0,CE,161900,90900,2591,250.65
2026-06-25,2026-07-28,8000.0,PE,31300,2900,82,554.8
2026-06-25,2026-07-28,8100.0,CE,3600,1300,23,224.9
2026-06-25,2026-07-28,8100.0,PE,0,0,0,1136.9
2026-06-25,2026-07-28,8200.0,CE,7000,1200,83,188.35
2026-06-25,2026-07-28,8200.0,PE,1000,0,0,573.65
2026-06-25,2026-07-28,8300.0,CE,800,0,0,238.95
2026-06-25,2026-07-28,8300.0,PE,3600,1900,20,665.0
2026-06-25,2026-07-28,8400.0,CE,14400,-2100,104,139.55
2026-06-25,2026-07-28,8400.0,PE,3200,0,0,721.8
2026-06-25,2026-07-28,8500.0,CE,21500,6200,242,117.25
2026-06-25,2026-07-28,8500.0,PE,100,0,0,687.1
2026-06-25,2026-07-28,8600.0,CE,900,0,0,156.3
2026-06-25,2026-07-28,8600.0,PE,0,0,0,1026.8
2026-06-25,2026-07-28,8800.0,CE,19600,-1700,144,73.25
2026-06-25,2026-07-28,8800.0,PE,200,0,0,1010.0
2026-06-25,2026-07-28,9000.0,CE,6300,3100,50,55.45
2026-06-25,2026-07-28,9000.0,PE,400,300,3,1260.0
2026-06-25,2026-07-28,9200.0,CE,6700,700,16,42.95
2026-06-25,2026-08-25,6400.0,CE,0,0,0,1383.35
2026-06-25,2026-08-25,6400.0,PE,0,0,0,376.8
2026-06-25,2026-08-25,6600.0,CE,0,0,0,1260.4
2026-06-25,2026-08-25,6600.0,PE,0,0,0,450.85
2026-06-25,2026-08-25,6800.0,CE,0,0,0,1145.4
2026-06-25,2026-08-25,6800.0,PE,0,0,0,532.95
2026-06-25,2026-08-25,7000.0,CE,0,0,0,1038.35
2026-06-25,2026-08-25,7000.0,PE,0,0,0,622.9
2026-06-25,2026-08-25,7200.0,CE,0,0,0,939.0
2026-06-25,2026-08-25,7200.0,PE,0,0,0,720.65
2026-06-25,2026-08-25,7400.0,CE,0,0,0,847.3
2026-06-25,2026-08-25,7400.0,PE,0,0,0,826.0
2026-06-25,2026-08-25,7600.0,CE,0,0,0,762.9
2026-06-25,2026-08-25,7600.0,PE,5000,0,0,382.0
2026-06-25,2026-08-25,7800.0,CE,0,0,0,685.45
2026-06-25,2026-08-25,7800.0,PE,0,0,0,1058.2
2026-06-25,2026-08-25,8000.0,CE,0,0,0,614.7
2026-06-25,2026-08-25,8000.0,PE,0,0,0,1184.5
2026-06-25,2026-08-25,8200.0,CE,0,0,0,550.2
2026-06-25,2026-08-25,8200.0,PE,0,0,0,1317.05
2026-06-25,2026-08-25,8400.0,CE,0,0,0,491.6
2026-06-25,2026-08-25,8400.0,PE,0,0,0,1455.5
2026-06-25,2026-08-25,8600.0,CE,0,0,0,438.5
2026-06-25,2026-08-25,8600.0,PE,0,0,0,1599.45
2026-06-25,2026-08-25,8800.0,CE,0,0,0,391.0
2026-06-25,2026-08-25,8800.0,PE,0,0,0,1748.95
2026-06-29,2026-06-30,6200.0,CE,0,0,0,916.15
2026-06-29,2026-06-30,6200.0,PE,800,0,0,1.35
2026-06-29,2026-06-30,6300.0,PE,3800,-900,12,0.1
2026-06-29,2026-06-30,6400.0,CE,100,0,0,1370.0
2026-06-29,2026-06-30,6400.0,PE,1800,100,13,0.25
2026-06-29,2026-06-30,6500.0,CE,600,-400,5,992.0
2026-06-29,2026-06-30,6500.0,PE,20100,-3000,65,0.2
2026-06-29,2026-06-30,6600.0,CE,300,0,0,881.1
2026-06-29,2026-06-30,6600.0,PE,1000,0,0,2.4
2026-06-29,2026-06-30,6700.0,CE,0,0,0,1713.5
2026-06-29,2026-06-30,6700.0,PE,14700,-4200,96,0.25
2026-06-29,2026-06-30,6800.0,CE,100,0,0,773.45
2026-06-29,2026-06-30,6800.0,PE,10200,-200,21,0.55
2026-06-29,2026-06-30,6900.0,CE,500,0,0,957.6
2026-06-29,2026-06-30,6900.0,PE,59500,8300,1123,0.8
2026-06-29,2026-06-30,7000.0,CE,41200,-1400,20,421.05
2026-06-29,2026-06-30,7000.0,PE,283500,-8200,4670,0.35
2026-06-29,2026-06-30,7100.0,CE,9300,0,0,758.3
2026-06-29,2026-06-30,7100.0,PE,53300,-100,2302,0.85
2026-06-29,2026-06-30,7200.0,CE,29100,-18000,507,220.75
2026-06-29,2026-06-30,7200.0,PE,83500,12900,2241,3.3
2026-06-29,2026-06-30,7300.0,CE,13000,-1400,109,124.55
2026-06-29,2026-06-30,7300.0,PE,82600,-1400,3419,10.7
2026-06-29,2026-06-30,7400.0,CE,35100,12500,719,58.6
2026-06-29,2026-06-30,7400.0,PE,47400,5000,3148,36.4
2026-06-29,2026-06-30,7500.0,CE,77000,22600,3035,18.85
2026-06-29,2026-06-30,7500.0,PE,39900,-30400,2314,98.65
2026-06-29,2026-06-30,7600.0,CE,52500,11600,3783,7.7
2026-06-29,2026-06-30,7600.0,PE,26700,-9700,960,186.9
2026-06-29,2026-06-30,7700.0,CE,59500,20500,6116,4.35
2026-06-29,2026-06-30,7700.0,PE,40900,-11600,773,259.35
2026-06-29,2026-06-30,7800.0,CE,81800,2000,5734,3.3
2026-06-29,2026-06-30,7800.0,PE,44700,-4700,306,383.75
2026-06-29,2026-06-30,7900.0,CE,41300,-16000,2752,2.6
2026-06-29,2026-06-30,7900.0,PE,14500,-3800,156,474.05
2026-06-29,2026-06-30,8000.0,CE,244800,-72400,5724,2.45
2026-06-29,2026-06-30,8000.0,PE,29200,-1900,38,577.75
2026-06-29,2026-06-30,8100.0,CE,101600,-12400,3509,1.9
2026-06-29,2026-06-30,8100.0,PE,23700,-500,10,595.0
2026-06-29,2026-06-30,8200.0,CE,62800,-39500,2355,2.0
2026-06-29,2026-06-30,8200.0,PE,4900,-300,5,715.1
2026-06-29,2026-06-30,8300.0,CE,44800,-27700,881,1.65
2026-06-29,2026-06-30,8300.0,PE,3200,0,3,868.45
2026-06-29,2026-06-30,8400.0,CE,24700,-14100,484,1.3
2026-06-29,2026-06-30,8400.0,PE,2200,0,0,632.5
2026-06-29,2026-06-30,8500.0,CE,98300,-39700,1372,1.55
2026-06-29,2026-06-30,8500.0,PE,7800,-100,1,1100.0
2026-06-29,2026-06-30,8600.0,CE,23800,-7600,356,0.75
2026-06-29,2026-06-30,8600.0,PE,1000,0,0,841.1
2026-06-29,2026-06-30,8800.0,CE,16800,-8600,143,0.7
2026-06-29,2026-06-30,8800.0,PE,6800,0,0,846.45
2026-06-29,2026-06-30,8900.0,CE,800,-200,3,0.35
2026-06-29,2026-06-30,9000.0,CE,49900,-13800,232,0.3
2026-06-29,2026-06-30,9000.0,PE,500,-100,2,1440.0
2026-06-29,2026-06-30,9200.0,CE,2000,-2200,35,0.25
2026-06-29,2026-06-30,9300.0,CE,3400,-2100,34,0.3
2026-06-29,2026-06-30,9400.0,PE,600,0,0,1505.5
2026-06-29,2026-06-30,9500.0,CE,1700,-100,3,0.2
2026-06-29,2026-06-30,9700.0,CE,400,0,0,1.25
2026-06-29,2026-06-30,9800.0,CE,16800,-1600,60,0.65
2026-06-29,2026-06-30,9800.0,PE,600,0,0,1924.35
2026-06-29,2026-07-28,6200.0,CE,0,0,0,2107.5
2026-06-29,2026-07-28,6200.0,PE,6800,6100,106,35.65
2026-06-29,2026-07-28,6400.0,CE,0,0,0,2054.75
2026-06-29,2026-07-28,6400.0,PE,0,0,0,162.9
2026-06-29,2026-07-28,6600.0,CE,900,900,9,943.5
2026-06-29,2026-07-28,6600.0,PE,6000,2500,90,81.45
2026-06-29,2026-07-28,6700.0,CE,0,0,0,1059.9
2026-06-29,2026-07-28,6700.0,PE,200,0,0,58.0
2026-06-29,2026-07-28,6800.0,CE,0,0,0,1751.65
2026-06-29,2026-07-28,6800.0,PE,5200,4900,72,115.75
2026-06-29,2026-07-28,6900.0,CE,0,0,0,943.25
2026-06-29,2026-07-28,6900.0,PE,0,0,0,460.55
2026-06-29,2026-07-28,7000.0,CE,0,0,0,1610.4
2026-06-29,2026-07-28,7000.0,PE,31700,11600,401,178.75
2026-06-29,2026-07-28,7100.0,CE,0,0,0,836.0
2026-06-29,2026-07-28,7100.0,PE,5300,300,56,205.05
2026-06-29,2026-07-28,7200.0,CE,38200,36800,433,506.7
2026-06-29,2026-07-28,7200.0,PE,18400,17000,304,248.35
2026-06-29,2026-07-28,7300.0,CE,200,0,2,441.0
2026-06-29,2026-07-28,7300.0,PE,3600,-300,62,295.0
2026-06-29,2026-07-28,7400.0,CE,2100,1900,40,387.1
2026-06-29,2026-07-28,7400.0,PE,4500,3600,85,339.8
2026-06-29,2026-07-28,7500.0,CE,24100,22000,620,339.55
2026-06-29,2026-07-28,7500.0,PE,26500,-1400,158,386.25
2026-06-29,2026-07-28,7600.0,CE,30200,29000,669,293.45
2026-06-29,2026-07-28,7600.0,PE,23100,9000,418,436.35
2026-06-29,2026-07-28,7700.0,CE,9500,8400,281,253.4
2026-06-29,2026-07-28,7700.0,PE,2200,0,19,510.0
2026-06-29,2026-07-28,7800.0,CE,38600,9600,690,221.35
2026-06-29,2026-07-28,7800.0,PE,13400,-10300,264,559.8
2026-06-29,2026-07-28,7900.0,CE,19300,9000,266,187.1
2026-06-29,2026-07-28,7900.0,PE,12000,900,25,651.4
2026-06-29,2026-07-28,8000.0,CE,158600,-3300,2006,157.7
2026-06-29,2026-07-28,8000.0,PE,27600,-3700,94,681.9
2026-06-29,2026-07-28,8100.0,CE,6700,3100,93,132.6
2026-06-29,2026-07-28,8100.0,PE,100,100,1,700.0
2026-06-29,2026-07-28,8200.0,CE,7900,900,99,110.8
2026-06-29,2026-07-28,8200.0,PE,1200,200,2,825.0
2026-06-29,2026-07-28,8300.0,CE,800,0,0,238.95
2026-06-29,2026-07-28,8300.0,PE,3400,-200,6,902.2
2026-06-29,2026-07-28,8400.0,CE,14800,400,84,78.4
2026-06-29,2026-07-28,8400.0,PE,3200,0,0,721.8
2026-06-29,2026-07-28,8500.0,CE,27000,5500,311,66.7
2026-06-29,2026-07-28,8500.0,PE,700,600,7,1100.0
2026-06-29,2026-07-28,8600.0,CE,900,0,6,56.55
2026-06-29,2026-07-28,8600.0,PE,0,0,0,1026.8
2026-06-29,2026-07-28,8800.0,CE,17800,-1800,82,39.4
2026-06-29,2026-07-28,8800.0,PE,500,300,3,1286.7
2026-06-29,2026-07-28,9000.0,CE,6300,0,69,28.5
2026-06-29,2026-07-28,9000.0,PE,400,0,0,1260.0
2026-06-29,2026-07-28,9200.0,CE,8000,1300,52,20.9
2026-06-29,2026-08-25,6400.0,CE,0,0,0,1383.35
2026-06-29,2026-08-25,6400.0,PE,0,0,0,376.8
2026-06-29,2026-08-25,6600.0,CE,0,0,0,1260.4
2026-06-29,2026-08-25,6600.0,PE,0,0,0,450.85
2026-06-29,2026-08-25,6800.0,CE,0,0,0,1145.4
2026-06-29,2026-08-25,6800.0,PE,0,0,0,532.95
2026-06-29,2026-08-25,7000.0,CE,0,0,0,1038.35
2026-06-29,2026-08-25,7000.0,PE,0,0,0,622.9
2026-06-29,2026-08-25,7200.0,CE,0,0,0,939.0
2026-06-29,2026-08-25,7200.0,PE,0,0,0,720.65
2026-06-29,2026-08-25,7400.0,CE,0,0,0,847.3
2026-06-29,2026-08-25,7400.0,PE,0,0,0,826.0
2026-06-29,2026-08-25,7600.0,CE,0,0,0,762.9
2026-06-29,2026-08-25,7600.0,PE,5100,100,1,500.0
2026-06-29,2026-08-25,7800.0,CE,0,0,0,685.45
2026-06-29,2026-08-25,7800.0,PE,0,0,0,1058.2
2026-06-29,2026-08-25,8000.0,CE,0,0,0,614.7
2026-06-29,2026-08-25,8000.0,PE,0,0,0,1184.5
2026-06-29,2026-08-25,8200.0,CE,0,0,0,550.2
2026-06-29,2026-08-25,8200.0,PE,0,0,0,1317.05
2026-06-29,2026-08-25,8400.0,CE,0,0,0,491.6
2026-06-29,2026-08-25,8400.0,PE,0,0,0,1455.5
2026-06-29,2026-08-25,8600.0,CE,0,0,0,438.5
2026-06-29,2026-08-25,8600.0,PE,0,0,0,1599.45
2026-06-29,2026-08-25,8800.0,CE,0,0,0,391.0
2026-06-29,2026-08-25,8800.0,PE,0,0,0,1748.95
2026-06-30,2026-06-30,6200.0,CE,0,0,0,916.15
2026-06-30,2026-06-30,6200.0,PE,700,-100,1,0.05
2026-06-30,2026-06-30,6300.0,PE,3800,0,2,0.2
2026-06-30,2026-06-30,6400.0,CE,100,0,0,1370.0
2026-06-30,2026-06-30,6400.0,PE,1900,100,11,0.05
2026-06-30,2026-06-30,6500.0,CE,500,-100,2,970.85
2026-06-30,2026-06-30,6500.0,PE,19900,-200,5,0.1
2026-06-30,2026-06-30,6600.0,CE,300,0,0,881.1
2026-06-30,2026-06-30,6600.0,PE,900,-100,1,0.3
2026-06-30,2026-06-30,6700.0,CE,0,0,0,1713.5
2026-06-30,2026-06-30,6700.0,PE,13100,-1600,23,0.15
2026-06-30,2026-06-30,6800.0,CE,100,0,0,773.45
2026-06-30,2026-06-30,6800.0,PE,8900,-1300,25,0.15
2026-06-30,2026-06-30,6900.0,CE,500,0,0,957.6
2026-06-30,2026-06-30,6900.0,PE,46100,-13400,346,0.05
2026-06-30,2026-06-30,7000.0,CE,41000,-200,4,489.5
2026-06-30,2026-06-30,7000.0,PE,281800,-1700,889,0.05
2026-06-30,2026-06-30,7100.0,CE,8700,-600,49,388.4
2026-06-30,2026-06-30,7100.0,PE,51800,-1500,346,0.05
2026-06-30,2026-06-30,7200.0,CE,28900,-200,39,352.3
2026-06-30,2026-06-30,7200.0,PE,68500,-15000,635,0.05
2026-06-30,2026-06-30,7300.0,CE,12200,-800,15,204.75
2026-06-30,2026-06-30,7300.0,PE,65600,-17000,1132,0.05
2026-06-30,2026-06-30,7400.0,CE,27400,-7700,185,107.9
2026-06-30,2026-06-30,7400.0,PE,31000,-16400,2488,0.15
2026-06-30,2026-06-30,7500.0,CE,20700,-56300,2438,16.55
2026-06-30,2026-06-30,7500.0,PE,19100,-20800,842,1.9
2026-06-30,2026-06-30,7600.0,CE,37400,-15100,1714,0.05
2026-06-30,2026-06-30,7600.0,PE,23700,-3000,101,66.1
2026-06-30,2026-06-30,7700.0,CE,28000,-31500,1826,0.6
2026-06-30,2026-06-30,7700.0,PE,17600,-23300,370,178.2
2026-06-30,2026-06-30,7800.0,CE,51700,-30100,1259,0.05
2026-06-30,2026-06-30,7800.0,PE,37700,-7000,150,267.5
2026-06-30,2026-06-30,7900.0,CE,24800,-16500,562,0.05
2026-06-30,2026-06-30,7900.0,PE,11600,-2900,62,382.25
2026-06-30,2026-06-30,8000.0,CE,164100,-80700,1698,0.25
2026-06-30,2026-06-30,8000.0,PE,22300,-6900,159,486.85
2026-06-30,2026-06-30,8100.0,CE,51300,-50300,771,0.15
2026-06-30,2026-06-30,8100.0,PE,22600,-1100,35,577.0
2026-06-30,2026-06-30,8200.0,CE,36800,-26000,376,0.05
2026-06-30,2026-06-30,8200.0,PE,4900,0,0,715.1
2026-06-30,2026-06-30,8300.0,CE,33000,-11800,229,0.05
2026-06-30,2026-06-30,8300.0,PE,3200,0,0,868.45
2026-06-30,2026-06-30,8400.0,CE,18400,-6300,109,0.05
2026-06-30,2026-06-30,8400.0,PE,2000,-200,4,886.75
2026-06-30,2026-06-30,8500.0,CE,56800,-41500,892,0.05
2026-06-30,2026-06-30,8500.0,PE,7300,-500,29,1059.9
2026-06-30,2026-06-30,8600.0,CE,11400,-12400,200,0.05
2026-06-30,2026-06-30,8600.0,PE,900,-100,1,1127.5
2026-06-30,2026-06-30,8800.0,CE,12000,-4800,68,0.1
2026-06-30,2026-06-30,8800.0,PE,4000,-2800,28,1307.55
2026-06-30,2026-06-30,8900.0,CE,600,-200,2,0.3
2026-06-30,2026-06-30,9000.0,CE,39000,-10900,114,0.05
2026-06-30,2026-06-30,9000.0,PE,500,0,2,1538.15
2026-06-30,2026-06-30,9200.0,CE,900,-1100,14,0.05
2026-06-30,2026-06-30,9300.0,CE,1900,-1500,23,0.05
2026-06-30,2026-06-30,9400.0,PE,600,0,0,1505.5
2026-06-30,2026-06-30,9500.0,CE,1200,-500,6,0.15
2026-06-30,2026-06-30,9700.0,CE,300,-100,2,0.05
2026-06-30,2026-06-30,9800.0,CE,8500,-8300,87,0.05
2026-06-30,2026-06-30,9800.0,PE,600,0,0,1924.35
2026-06-30,2026-07-28,6200.0,CE,0,0,0,2107.5
2026-06-30,2026-07-28,6200.0,PE,7400,600,30,20.0
2026-06-30,2026-07-28,6400.0,CE,0,0,0,2054.75
2026-06-30,2026-07-28,6400.0,PE,0,0,0,162.9
2026-06-30,2026-07-28,6600.0,CE,500,-400,4,944.85
2026-06-30,2026-07-28,6600.0,PE,7500,1500,53,50.75
2026-06-30,2026-07-28,6700.0,CE,0,0,0,1059.9
2026-06-30,2026-07-28,6700.0,PE,200,0,0,58.0
2026-06-30,2026-07-28,6800.0,CE,0,0,0,1751.65
2026-06-30,2026-07-28,6800.0,PE,11400,6200,112,74.95
2026-06-30,2026-07-28,6900.0,CE,0,0,0,943.25
2026-06-30,2026-07-28,6900.0,PE,0,0,0,460.55
2026-06-30,2026-07-28,7000.0,CE,0,0,0,1610.4
2026-06-30,2026-07-28,7000.0,PE,40000,8300,438,115.7
2026-06-30,2026-07-28,7100.0,CE,0,0,0,836.0
2026-06-30,2026-07-28,7100.0,PE,8800,3500,56,131.85
2026-06-30,2026-07-28,7200.0,CE,38200,0,15,523.0
2026-06-30,2026-07-28,7200.0,PE,30300,11900,309,175.25
2026-06-30,2026-07-28,7300.0,CE,300,100,8,491.35
2026-06-30,2026-07-28,7300.0,PE,19100,15500,216,205.45
2026-06-30,2026-07-28,7400.0,CE,4300,2200,69,415.9
2026-06-30,2026-07-28,7400.0,PE,16500,12000,213,251.95
2026-06-30,2026-07-28,7500.0,CE,57900,33800,1395,368.25
2026-06-30,2026-07-28,7500.0,PE,66900,40400,857,293.95
2026-06-30,2026-07-28,7600.0,CE,42700,12500,561,319.15
2026-06-30,2026-07-28,7600.0,PE,24500,1400,74,346.05
2026-06-30,2026-07-28,7700.0,CE,18500,9000,305,276.45
2026-06-30,2026-07-28,7700.0,PE,4900,2700,46,398.35
2026-06-30,2026-07-28,7800.0,CE,65300,26700,1421,238.65
2026-06-30,2026-07-28,7800.0,PE,14300,900,78,467.15
2026-06-30,2026-07-28,7900.0,CE,24400,5100,208,206.5
2026-06-30,2026-07-28,7900.0,PE,11800,-200,11,531.15
2026-06-30,2026-07-28,8000.0,CE,168700,10100,1824,173.5
2026-06-30,2026-07-28,8000.0,PE,32500,4900,98,608.6
2026-06-30,2026-07-28,8100.0,CE,7400,700,56,147.3
2026-06-30,2026-07-28,8100.0,PE,100,0,0,700.0
2026-06-30,2026-07-28,8200.0,CE,8200,300,101,122.4
2026-06-30,2026-07-28,8200.0,PE,1700,500,5,740.0
2026-06-30,2026-07-28,8300.0,CE,800,0,0,238.95
2026-06-30,2026-07-28,8300.0,PE,3400,0,0,902.2
2026-06-30,2026-07-28,8400.0,CE,24200,9400,179,85.35
2026-06-30,2026-07-28,8400.0,PE,3600,400,5,852.05
2026-06-30,2026-07-28,8500.0,CE,43900,16900,386,70.5
2026-06-30,2026-07-28,8500.0,PE,3500,2800,28,1020.0
2026-06-30,2026-07-28,8600.0,CE,1100,200,4,60.0
2026-06-30,2026-07-28,8600.0,PE,0,0,0,1026.8
2026-06-30,2026-07-28,8800.0,CE,16700,-1100,88,40.75
2026-06-30,2026-07-28,8800.0,PE,1200,700,19,1258.75
2026-06-30,2026-07-28,9000.0,CE,7600,1300,40,29.8
2026-06-30,2026-07-28,9000.0,PE,400,0,0,1260.0
2026-06-30,2026-07-28,9200.0,CE,8300,300,25,18.25
2026-06-30,2026-08-25,6400.0,CE,0,0,0,1383.35
2026-06-30,2026-08-25,6400.0,PE,0,0,0,376.8
2026-06-30,2026-08-25,6600.0,CE,0,0,0,1260.4
2026-06-30,2026-08-25,6600.0,PE,0,0,0,450.85
2026-06-30,2026-08-25,6800.0,CE,0,0,0,1145.4
2026-06-30,2026-08-25,6800.0,PE,0,0,0,532.95
2026-06-30,2026-08-25,7000.0,CE,0,0,0,1038.35
2026-06-30,2026-08-25,7000.0,PE,0,0,0,622.9
2026-06-30,2026-08-25,7200.0,CE,0,0,0,939.0
2026-06-30,2026-08-25,7200.0,PE,0,0,0,720.65
2026-06-30,2026-08-25,7400.0,CE,0,0,0,847.3
2026-06-30,2026-08-25,7400.0,PE,0,0,0,826.0
2026-06-30,2026-08-25,7600.0,CE,0,0,0,762.9
2026-06-30,2026-08-25,7600.0,PE,5100,0,0,500.0
2026-06-30,2026-08-25,7800.0,CE,0,0,0,685.45
2026-06-30,2026-08-25,7800.0,PE,0,0,0,1058.2
2026-06-30,2026-08-25,8000.0,CE,0,0,0,614.7
2026-06-30,2026-08-25,8000.0,PE,0,0,0,1184.5
2026-06-30,2026-08-25,8200.0,CE,0,0,0,550.2
2026-06-30,2026-08-25,8200.0,PE,0,0,0,1317.05
2026-06-30,2026-08-25,8400.0,CE,0,0,0,491.6
2026-06-30,2026-08-25,8400.0,PE,0,0,0,1455.5
2026-06-30,2026-08-25,8600.0,CE,0,0,0,438.5
2026-06-30,2026-08-25,8600.0,PE,0,0,0,1599.45
2026-06-30,2026-08-25,8800.0,CE,0,0,0,391.0
2026-06-30,2026-08-25,8800.0,PE,0,0,0,1748.95
2026-07-01,2026-07-28,6200.0,CE,0,0,0,2107.5
2026-07-01,2026-07-28,6200.0,PE,8100,700,25,20.45
2026-07-01,2026-07-28,6400.0,CE,0,0,0,2054.75
2026-07-01,2026-07-28,6400.0,PE,0,0,0,162.9
2026-07-01,2026-07-28,6600.0,CE,500,0,0,944.85
2026-07-01,2026-07-28,6600.0,PE,12600,5100,222,43.85
2026-07-01,2026-07-28,6700.0,CE,0,0,0,1059.9
2026-07-01,2026-07-28,6700.0,PE,200,0,0,58.0
2026-07-01,2026-07-28,6800.0,CE,0,0,0,1751.65
2026-07-01,2026-07-28,6800.0,PE,24000,12600,371,71.5
2026-07-01,2026-07-28,6900.0,CE,0,0,0,943.25
2026-07-01,2026-07-28,6900.0,PE,0,0,0,460.55
2026-07-01,2026-07-28,7000.0,CE,0,0,0,1610.4
2026-07-01,2026-07-28,7000.0,PE,61400,21400,819,111.75
2026-07-01,2026-07-28,7100.0,CE,0,0,0,836.0
2026-07-01,2026-07-28,7100.0,PE,12700,3900,161,140.25
2026-07-01,2026-07-28,7200.0,CE,39300,1100,76,471.05
2026-07-01,2026-07-28,7200.0,PE,31200,900,368,172.7
2026-07-01,2026-07-28,7300.0,CE,300,0,0,491.35
2026-07-01,2026-07-28,7300.0,PE,26400,7300,208,212.35
2026-07-01,2026-07-28,7400.0,CE,10600,6300,182,359.65
2026-07-01,2026-07-28,7400.0,PE,23300,6800,223,256.15
2026-07-01,2026-07-28,7500.0,CE,78200,20300,1008,307.35
2026-07-01,2026-07-28,7500.0,PE,72500,5600,465,305.9
2026-07-01,2026-07-28,7600.0,CE,68800,26100,966,266.0
2026-07-01,2026-07-28,7600.0,PE,29300,4800,188,360.5
2026-07-01,2026-07-28,7700.0,CE,24400,5900,365,222.2
2026-07-01,2026-07-28,7700.0,PE,6800,1900,89,424.25
2026-07-01,2026-07-28,7800.0,CE,68100,2800,479,191.1
2026-07-01,2026-07-28,7800.0,PE,16600,2300,67,489.2
2026-07-01,2026-07-28,7900.0,CE,29400,5000,191,163.0
2026-07-01,2026-07-28,7900.0,PE,11800,0,0,531.15
2026-07-01,2026-07-28,8000.0,CE,221300,52600,1973,141.15
2026-07-01,2026-07-28,8000.0,PE,32500,0,0,608.6
2026-07-01,2026-07-28,8100.0,CE,13100,5700,197,115.95
2026-07-01,2026-07-28,8100.0,PE,100,0,0,700.0
2026-07-01,2026-07-28,8200.0,CE,15000,6800,201,96.85
2026-07-01,2026-07-28,8200.0,PE,1700,0,0,740.0
2026-07-01,2026-07-28,8300.0,CE,800,0,0,238.95
2026-07-01,2026-07-28,8300.0,PE,3400,0,0,902.2
2026-07-01,2026-07-28,8400.0,CE,23100,-1100,134,66.95
2026-07-01,2026-07-28,8400.0,PE,5000,1400,19,983.65
2026-07-01,2026-07-28,8500.0,CE,50200,6300,519,54.7
2026-07-01,2026-07-28,8500.0,PE,3500,0,0,1020.0
2026-07-01,2026-07-28,8600.0,CE,6700,5600,83,44.0
2026-07-01,2026-07-28,8600.0,PE,0,0,0,1026.8
2026-07-01,2026-07-28,8800.0,CE,20000,3300,170,30.25
2026-07-01,2026-07-28,8800.0,PE,1200,0,0,1258.75
2026-07-01,2026-07-28,9000.0,CE,11900,4300,75,22.5
2026-07-01,2026-07-28,9000.0,PE,400,0,0,1260.0
2026-07-01,2026-07-28,9200.0,CE,8200,-100,23,15.0
2026-07-01,2026-08-25,6400.0,CE,0,0,0,1383.35
2026-07-01,2026-08-25,6400.0,PE,0,0,0,376.8
2026-07-01,2026-08-25,6600.0,CE,0,0,0,1260.4
2026-07-01,2026-08-25,6600.0,PE,0,0,0,450.85
2026-07-01,2026-08-25,6700.0,CE,0,0,0,1162.15
2026-07-01,2026-08-25,6700.0,PE,0,0,0,268.7
2026-07-01,2026-08-25,6800.0,CE,0,0,0,1145.4
2026-07-01,2026-08-25,6800.0,PE,0,0,0,532.95
2026-07-01,2026-08-25,6900.0,CE,0,0,0,1031.85
2026-07-01,2026-08-25,6900.0,PE,0,0,0,336.5
2026-07-01,2026-08-25,7000.0,CE,0,0,0,1038.35
2026-07-01,2026-08-25,7000.0,PE,0,0,0,622.9
2026-07-01,2026-08-25,7100.0,CE,0,0,0,911.75
2026-07-01,2026-08-25,7100.0,PE,0,0,0,414.55
2026-07-01,2026-08-25,7200.0,CE,0,0,0,939.0
2026-07-01,2026-08-25,7200.0,PE,0,0,0,720.65
2026-07-01,2026-08-25,7300.0,CE,0,0,0,801.7
2026-07-01,2026-08-25,7300.0,PE,0,0,0,502.6
2026-07-01,2026-08-25,7400.0,CE,0,0,0,847.3
2026-07-01,2026-08-25,7400.0,PE,0,0,0,826.0
2026-07-01,2026-08-25,7500.0,CE,0,0,0,701.45
2026-07-01,2026-08-25,7500.0,PE,0,0,0,600.45
2026-07-01,2026-08-25,7600.0,CE,0,0,0,762.9
2026-07-01,2026-08-25,7600.0,PE,5100,0,4,435.95
2026-07-01,2026-08-25,7700.0,CE,0,0,0,610.9
2026-07-01,2026-08-25,7700.0,PE,0,0,0,708.0
2026-07-01,2026-08-25,7800.0,CE,0,0,0,685.45
2026-07-01,2026-08-25,7800.0,PE,0,0,0,1058.2
2026-07-01,2026-08-25,7900.0,CE,0,0,0,529.6
2026-07-01,2026-08-25,7900.0,PE,0,0,0,824.85
2026-07-01,2026-08-25,8000.0,CE,0,0,0,614.7
2026-07-01,2026-08-25,8000.0,PE,0,0,0,1184.5
2026-07-01,2026-08-25,8100.0,CE,0,0,0,457.15
2026-07-01,2026-08-25,8100.0,PE,0,0,0,950.45
2026-07-01,2026-08-25,8200.0,CE,0,0,0,550.2
2026-07-01,2026-08-25,8200.0,PE,0,0,0,1317.05
2026-07-01,2026-08-25,8300.0,CE,0,0,0,392.9
2026-07-01,2026-08-25,8300.0,PE,0,0,0,1084.3
2026-07-01,2026-08-25,8400.0,CE,0,0,0,491.6
2026-07-01,2026-08-25,8400.0,PE,0,0,0,1455.5
2026-07-01,2026-08-25,8600.0,CE,0,0,0,438.5
2026-07-01,2026-08-25,8600.0,PE,0,0,0,1599.45
2026-07-01,2026-08-25,8800.0,CE,0,0,0,391.0
2026-07-01,2026-08-25,8800.0,PE,0,0,0,1748.95
2026-07-01,2026-09-29,6400.0,CE,0,0,0,1529.55
2026-07-01,2026-09-29,6400.0,PE,0,0,0,301.4
2026-07-01,2026-09-29,6800.0,CE,0,0,0,1272.4
2026-07-01,2026-09-29,6800.0,PE,0,0,0,438.1
2026-07-01,2026-09-29,7000.0,CE,0,0,0,1155.95
2026-07-01,2026-09-29,7000.0,PE,0,0,0,518.6
2026-07-01,2026-09-29,7200.0,CE,0,0,0,1047.45
2026-07-01,2026-09-29,7200.0,PE,0,0,0,607.0
2026-07-01,2026-09-29,7400.0,CE,0,0,0,946.75
2026-07-01,2026-09-29,7400.0,PE,0,0,0,703.25
2026-07-01,2026-09-29,7600.0,CE,0,0,0,853.7
2026-07-01,2026-09-29,7600.0,PE,0,0,0,807.15
2026-07-01,2026-09-29,7800.0,CE,0,0,0,768.05
2026-07-01,2026-09-29,7800.0,PE,0,0,0,918.4
2026-07-01,2026-09-29,8000.0,CE,0,0,0,689.45
2026-07-01,2026-09-29,8000.0,PE,0,0,0,1036.75
2026-07-01,2026-09-29,8200.0,CE,0,0,0,617.6
2026-07-01,2026-09-29,8200.0,PE,0,0,0,1161.85
2026-07-01,2026-09-29,8400.0,CE,0,0,0,552.15
2026-07-01,2026-09-29,8400.0,PE,0,0,0,1293.3
2026-07-01,2026-09-29,8800.0,CE,0,0,0,438.85
2026-07-01,2026-09-29,8800.0,PE,0,0,0,1573.85
2026-07-02,2026-07-28,6200.0,CE,100,100,1,1250.0
2026-07-02,2026-07-28,6200.0,PE,7700,-400,8,19.45
2026-07-02,2026-07-28,6400.0,CE,0,0,0,2054.75
2026-07-02,2026-07-28,6400.0,PE,0,0,0,162.9
2026-07-02,2026-07-28,6600.0,CE,500,0,0,944.85
2026-07-02,2026-07-28,6600.0,PE,15300,2700,164,46.65
2026-07-02,2026-07-28,6700.0,CE,0,0,0,1059.9
2026-07-02,2026-07-28,6700.0,PE,200,0,0,58.0
2026-07-02,2026-07-28,6800.0,CE,0,0,0,1751.65
2026-07-02,2026-07-28,6800.0,PE,64700,40700,637,75.35
2026-07-02,2026-07-28,6900.0,CE,0,0,0,943.25
2026-07-02,2026-07-28,6900.0,PE,0,0,0,460.55
2026-07-02,2026-07-28,7000.0,CE,0,0,0,1610.4
2026-07-02,2026-07-28,7000.0,PE,62000,600,546,121.65
2026-07-02,2026-07-28,7100.0,CE,0,0,0,836.0
2026-07-02,2026-07-28,7100.0,PE,13800,1100,83,154.8
2026-07-02,2026-07-28,7200.0,CE,39400,100,21,425.5
2026-07-02,2026-07-28,7200.0,PE,31900,700,211,187.2
2026-07-02,2026-07-28,7300.0,CE,3300,3000,33,365.85
2026-07-02,2026-07-28,7300.0,PE,30500,4100,130,229.2
2026-07-02,2026-07-28,7400.0,CE,21000,10400,447,311.1
2026-07-02,2026-07-28,7400.0,PE,40200,16900,622,279.25
2026-07-02,2026-07-28,7500.0,CE,94100,15900,915,266.15
2026-07-02,2026-07-28,7500.0,PE,80100,7600,365,334.35
2026-07-02,2026-07-28,7600.0,CE,78700,9900,452,229.35
2026-07-02,2026-07-28,7600.0,PE,30700,1400,45,388.85
2026-07-02,2026-07-28,7700.0,CE,30800,6400,219,192.75
2026-07-02,2026-07-28,7700.0,PE,7800,1000,23,456.55
2026-07-02,2026-07-28,7800.0,CE,68000,-100,350,163.65
2026-07-02,2026-07-28,7800.0,PE,16600,0,0,489.2
2026-07-02,2026-07-28,7900.0,CE,32600,3200,273,136.8
2026-07-02,2026-07-28,7900.0,PE,11800,0,0,531.15
2026-07-02,2026-07-28,8000.0,CE,232000,10700,739,114.95
2026-07-02,2026-07-28,8000.0,PE,32500,0,0,608.6
2026-07-02,2026-07-28,8100.0,CE,16300,3200,193,94.7
2026-07-02,2026-07-28,8100.0,PE,100,0,0,700.0
2026-07-02,2026-07-28,8200.0,CE,15500,500,98,78.8
2026-07-02,2026-07-28,8200.0,PE,1700,0,0,740.0
2026-07-02,2026-07-28,8300.0,CE,800,0,0,238.95
2026-07-02,2026-07-28,8300.0,PE,3400,0,0,902.2
2026-07-02,2026-07-28,8400.0,CE,32800,9700,158,55.05
2026-07-02,2026-07-28,8400.0,PE,5000,0,0,983.65
2026-07-02,2026-07-28,8500.0,CE,51500,1300,227,43.5
2026-07-02,2026-07-28,8500.0,PE,3500,0,0,1020.0
2026-07-02,2026-07-28,8600.0,CE,6700,0,0,44.0
2026-07-02,2026-07-28,8600.0,PE,0,0,0,1026.8
2026-07-02,2026-07-28,8800.0,CE,20900,900,63,24.85
2026-07-02,2026-07-28,8800.0,PE,1200,0,0,1258.75
2026-07-02,2026-07-28,9000.0,CE,11700,-200,22,19.0
2026-07-02,2026-07-28,9000.0,PE,400,0,0,1260.0
2026-07-02,2026-07-28,9200.0,CE,6700,-1500,27,12.5
2026-07-02,2026-08-25,6200.0,CE,0,0,0,1514.65
2026-07-02,2026-08-25,6200.0,PE,0,0,0,311.05
2026-07-02,2026-08-25,6400.0,CE,0,0,0,1383.35
2026-07-02,2026-08-25,6400.0,PE,0,0,0,376.8
2026-07-02,2026-08-25,6600.0,CE,0,0,0,1260.4
2026-07-02,2026-08-25,6600.0,PE,0,0,0,450.85
2026-07-02,2026-08-25,6700.0,CE,0,0,0,1162.15
2026-07-02,2026-08-25,6700.0,PE,0,0,0,268.7
2026-07-02,2026-08-25,6800.0,CE,0,0,0,1145.4
2026-07-02,2026-08-25,6800.0,PE,0,0,0,532.95
2026-07-02,2026-08-25,6900.0,CE,0,0,0,1031.85
2026-07-02,2026-08-25,6900.0,PE,0,0,0,336.5
2026-07-02,2026-08-25,7000.0,CE,0,0,0,1038.35
2026-07-02,2026-08-25,7000.0,PE,0,0,0,622.9
2026-07-02,2026-08-25,7100.0,CE,0,0,0,911.75
2026-07-02,2026-08-25,7100.0,PE,0,0,0,414.55
2026-07-02,2026-08-25,7200.0,CE,0,0,0,939.0
2026-07-02,2026-08-25,7200.0,PE,0,0,0,720.65
2026-07-02,2026-08-25,7300.0,CE,0,0,0,801.7
2026-07-02,2026-08-25,7300.0,PE,0,0,0,502.6
2026-07-02,2026-08-25,7400.0,CE,0,0,0,847.3
2026-07-02,2026-08-25,7400.0,PE,0,0,0,826.0
2026-07-02,2026-08-25,7500.0,CE,0,0,0,701.45
2026-07-02,2026-08-25,7500.0,PE,0,0,0,600.45
2026-07-02,2026-08-25,7600.0,CE,0,0,0,762.9
2026-07-02,2026-08-25,7600.0,PE,5100,0,0,435.95
2026-07-02,2026-08-25,7700.0,CE,0,0,0,610.9
2026-07-02,2026-08-25,7700.0,PE,0,0,0,708.0
2026-07-02,2026-08-25,7800.0,CE,0,0,0,685.45
2026-07-02,2026-08-25,7800.0,PE,0,0,0,1058.2
2026-07-02,2026-08-25,7900.0,CE,0,0,0,529.6
2026-07-02,2026-08-25,7900.0,PE,0,0,0,824.85
2026-07-02,2026-08-25,8000.0,CE,0,0,0,614.7
2026-07-02,2026-08-25,8000.0,PE,0,0,0,1184.5
2026-07-02,2026-08-25,8100.0,CE,0,0,0,457.15
2026-07-02,2026-08-25,8100.0,PE,0,0,0,950.45
2026-07-02,2026-08-25,8200.0,CE,0,0,0,550.2
2026-07-02,2026-08-25,8200.0,PE,0,0,0,1317.05
2026-07-02,2026-08-25,8300.0,CE,0,0,0,392.9
2026-07-02,2026-08-25,8300.0,PE,0,0,0,1084.3
2026-07-02,2026-08-25,8400.0,CE,0,0,0,491.6
2026-07-02,2026-08-25,8400.0,PE,0,0,0,1455.5
2026-07-02,2026-08-25,8600.0,CE,0,0,0,438.5
2026-07-02,2026-08-25,8600.0,PE,0,0,0,1599.45
2026-07-02,2026-09-29,6400.0,CE,0,0,0,1529.55
2026-07-02,2026-09-29,6400.0,PE,0,0,0,301.4
2026-07-02,2026-09-29,6600.0,CE,0,0,0,1397.1
2026-07-02,2026-09-29,6600.0,PE,0,0,0,365.9
2026-07-02,2026-09-29,6800.0,CE,0,0,0,1272.4
2026-07-02,2026-09-29,6800.0,PE,0,0,0,438.1
2026-07-02,2026-09-29,7000.0,CE,0,0,0,1155.95
2026-07-02,2026-09-29,7000.0,PE,0,0,0,518.6
2026-07-02,2026-09-29,7200.0,CE,0,0,0,1047.45
2026-07-02,2026-09-29,7200.0,PE,0,0,0,607.0
2026-07-02,2026-09-29,7400.0,CE,0,0,0,946.75
2026-07-02,2026-09-29,7400.0,PE,0,0,0,703.25
2026-07-02,2026-09-29,7600.0,CE,0,0,0,853.7
2026-07-02,2026-09-29,7600.0,PE,0,0,0,807.15
2026-07-02,2026-09-29,7800.0,CE,0,0,0,768.05
2026-07-02,2026-09-29,7800.0,PE,0,0,0,918.4
2026-07-02,2026-09-29,8000.0,CE,0,0,0,689.45
2026-07-02,2026-09-29,8000.0,PE,0,0,0,1036.75
2026-07-02,2026-09-29,8200.0,CE,0,0,0,617.6
2026-07-02,2026-09-29,8200.0,PE,0,0,0,1161.85
2026-07-02,2026-09-29,8400.0,CE,0,0,0,552.15
2026-07-02,2026-09-29,8400.0,PE,0,0,0,1293.3
2026-07-02,2026-09-29,8800.0,CE,0,0,0,438.85
2026-07-02,2026-09-29,8800.0,PE,0,0,0,1573.85
2026-07-03,2026-07-28,6200.0,CE,100,0,0,1250.0
2026-07-03,2026-07-28,6200.0,PE,5700,-2000,117,13.5
2026-07-03,2026-07-28,6400.0,CE,0,0,0,2054.75
2026-07-03,2026-07-28,6400.0,PE,0,0,0,162.9
2026-07-03,2026-07-28,6600.0,CE,500,0,0,944.85
2026-07-03,2026-07-28,6600.0,PE,19200,3900,144,35.1
2026-07-03,2026-07-28,6700.0,CE,0,0,0,1059.9
2026-07-03,2026-07-28,6700.0,PE,200,0,0,58.0
2026-07-03,2026-07-28,6800.0,CE,0,0,0,1751.65
2026-07-03,2026-07-28,6800.0,PE,79000,14300,426,57.6
2026-07-03,2026-07-28,6900.0,CE,0,0,0,943.25
2026-07-03,2026-07-28,6900.0,PE,0,0,0,460.55
2026-07-03,2026-07-28,7000.0,CE,0,0,0,1610.4
2026-07-03,2026-07-28,7000.0,PE,67300,5300,856,93.6
2026-07-03,2026-07-28,7100.0,CE,0,0,0,836.0
2026-07-03,2026-07-28,7100.0,PE,13300,-500,110,122.5
2026-07-03,2026-07-28,7200.0,CE,41400,2000,60,478.2
2026-07-03,2026-07-28,7200.0,PE,31000,-900,117,151.95
2026-07-03,2026-07-28,7300.0,CE,5300,2000,38,420.75
2026-07-03,2026-07-28,7300.0,PE,31800,1300,173,187.4
2026-07-03,2026-07-28,7400.0,CE,28300,7300,1097,358.7
2026-07-03,2026-07-28,7400.0,PE,37300,-2900,337,230.0
2026-07-03,2026-07-28,7500.0,CE,94300,200,1783,307.25
2026-07-03,2026-07-28,7500.0,PE,80400,300,366,278.5
2026-07-03,2026-07-28,7600.0,CE,85500,6800,1104,263.5
2026-07-03,2026-07-28,7600.0,PE,31800,1100,121,332.65
2026-07-03,2026-07-28,7700.0,CE,30000,-800,305,221.6
2026-07-03,2026-07-28,7700.0,PE,7200,-600,32,394.05
2026-07-03,2026-07-28,7800.0,CE,68000,0,696,187.25
2026-07-03,2026-07-28,7800.0,PE,16600,0,17,459.0
2026-07-03,2026-07-28,7900.0,CE,29800,-2800,235,159.0
2026-07-03,2026-07-28,7900.0,PE,11800,0,14,530.3
2026-07-03,2026-07-28,8000.0,CE,245600,13600,1546,132.25
2026-07-03,2026-07-28,8000.0,PE,32500,0,41,600.55
2026-07-03,2026-07-28,8100.0,CE,18700,2400,350,109.7
2026-07-03,2026-07-28,8100.0,PE,100,0,0,700.0
2026-07-03,2026-07-28,8200.0,CE,21200,5700,215,90.8
2026-07-03,2026-07-28,8200.0,PE,1700,0,0,740.0
2026-07-03,2026-07-28,8300.0,CE,800,0,0,238.95
2026-07-03,2026-07-28,8300.0,PE,3400,0,0,902.2
2026-07-03,2026-07-28,8400.0,CE,32100,-700,182,62.35
2026-07-03,2026-07-28,8400.0,PE,5900,900,16,923.0
2026-07-03,2026-07-28,8500.0,CE,55300,3800,510,51.25
2026-07-03,2026-07-28,8500.0,PE,3500,0,0,1020.0
2026-07-03,2026-07-28,8600.0,CE,6700,0,0,44.0
2026-07-03,2026-07-28,8600.0,PE,0,0,0,1026.8
2026-07-03,2026-07-28,8800.0,CE,22100,1200,108,28.5
2026-07-03,2026-07-28,8800.0,PE,1200,0,0,1258.75
2026-07-03,2026-07-28,9000.0,CE,14800,3100,48,20.65
2026-07-03,2026-07-28,9000.0,PE,400,0,0,1260.0
2026-07-03,2026-07-28,9200.0,CE,7000,300,7,14.15
2026-07-03,2026-08-25,6200.0,CE,0,0,0,1514.65
2026-07-03,2026-08-25,6200.0,PE,0,0,0,311.05
2026-07-03,2026-08-25,6400.0,CE,0,0,0,1383.35
2026-07-03,2026-08-25,6400.0,PE,0,0,0,376.8
2026-07-03,2026-08-25,6600.0,CE,0,0,0,1260.4
2026-07-03,2026-08-25,6600.0,PE,0,0,0,450.85
2026-07-03,2026-08-25,6700.0,CE,0,0,0,1162.15
2026-07-03,2026-08-25,6700.0,PE,0,0,0,268.7
2026-07-03,2026-08-25,6800.0,CE,0,0,0,1145.4
2026-07-03,2026-08-25,6800.0,PE,0,0,0,532.95
2026-07-03,2026-08-25,6900.0,CE,0,0,0,1031.85
2026-07-03,2026-08-25,6900.0,PE,0,0,0,336.5
2026-07-03,2026-08-25,7000.0,CE,0,0,0,1038.35
2026-07-03,2026-08-25,7000.0,PE,0,0,0,622.9
2026-07-03,2026-08-25,7100.0,CE,0,0,0,911.75
2026-07-03,2026-08-25,7100.0,PE,0,0,0,414.55
2026-07-03,2026-08-25,7200.0,CE,0,0,0,939.0
2026-07-03,2026-08-25,7200.0,PE,0,0,0,720.65
2026-07-03,2026-08-25,7300.0,CE,0,0,0,801.7
2026-07-03,2026-08-25,7300.0,PE,0,0,0,502.6
2026-07-03,2026-08-25,7400.0,CE,0,0,0,847.3
2026-07-03,2026-08-25,7400.0,PE,0,0,0,826.0
2026-07-03,2026-08-25,7500.0,CE,0,0,0,701.45
2026-07-03,2026-08-25,7500.0,PE,0,0,0,600.45
2026-07-03,2026-08-25,7600.0,CE,0,0,0,762.9
2026-07-03,2026-08-25,7600.0,PE,5100,0,29,460.0
2026-07-03,2026-08-25,7700.0,CE,0,0,0,610.9
2026-07-03,2026-08-25,7700.0,PE,0,0,0,708.0
2026-07-03,2026-08-25,7800.0,CE,0,0,0,685.45
2026-07-03,2026-08-25,7800.0,PE,0,0,0,1058.2
2026-07-03,2026-08-25,7900.0,CE,0,0,0,529.6
2026-07-03,2026-08-25,7900.0,PE,0,0,0,824.85
2026-07-03,2026-08-25,8000.0,CE,0,0,0,614.7
2026-07-03,2026-08-25,8000.0,PE,0,0,0,1184.5
2026-07-03,2026-08-25,8100.0,CE,0,0,0,457.15
2026-07-03,2026-08-25,8100.0,PE,0,0,0,950.45
2026-07-03,2026-08-25,8200.0,CE,0,0,0,550.2
2026-07-03,2026-08-25,8200.0,PE,0,0,0,1317.05
2026-07-03,2026-08-25,8300.0,CE,0,0,0,392.9
2026-07-03,2026-08-25,8300.0,PE,0,0,0,1084.3
2026-07-03,2026-08-25,8400.0,CE,0,0,0,491.6
2026-07-03,2026-08-25,8400.0,PE,0,0,0,1455.5
2026-07-03,2026-08-25,8600.0,CE,0,0,0,438.5
2026-07-03,2026-08-25,8600.0,PE,0,0,0,1599.45
2026-07-03,2026-09-29,6400.0,CE,0,0,0,1529.55
2026-07-03,2026-09-29,6400.0,PE,0,0,0,301.4
2026-07-03,2026-09-29,6600.0,CE,0,0,0,1397.1
2026-07-03,2026-09-29,6600.0,PE,0,0,0,365.9
2026-07-03,2026-09-29,6800.0,CE,0,0,0,1272.4
2026-07-03,2026-09-29,6800.0,PE,0,0,0,438.1
2026-07-03,2026-09-29,7000.0,CE,0,0,0,1155.95
2026-07-03,2026-09-29,7000.0,PE,0,0,0,518.6
2026-07-03,2026-09-29,7200.0,CE,0,0,0,1047.45
2026-07-03,2026-09-29,7200.0,PE,0,0,0,607.0
2026-07-03,2026-09-29,7400.0,CE,0,0,0,946.75
2026-07-03,2026-09-29,7400.0,PE,0,0,0,703.25
2026-07-03,2026-09-29,7600.0,CE,0,0,0,853.7
2026-07-03,2026-09-29,7600.0,PE,0,0,0,807.15
2026-07-03,2026-09-29,7800.0,CE,0,0,0,768.05
2026-07-03,2026-09-29,7800.0,PE,0,0,0,918.4
2026-07-03,2026-09-29,8000.0,CE,0,0,0,689.45
2026-07-03,2026-09-29,8000.0,PE,0,0,0,1036.75
2026-07-03,2026-09-29,8200.0,CE,0,0,0,617.6
2026-07-03,2026-09-29,8200.0,PE,0,0,0,1161.85
2026-07-03,2026-09-29,8400.0,CE,0,0,0,552.15
2026-07-03,2026-09-29,8400.0,PE,0,0,0,1293.3
2026-07-03,2026-09-29,8800.0,CE,0,0,0,438.85
2026-07-03,2026-09-29,8800.0,PE,0,0,0,1573.85
