date,expiry,strike,opt_type,oi,chg_oi,volume,close
2026-06-11,2026-06-30,6500.0,PE,5625,-375,13,2.85
2026-06-11,2026-06-30,7000.0,CE,0,0,0,696.9
2026-06-11,2026-06-30,7000.0,PE,20750,875,27,2.0
2026-06-11,2026-06-30,7100.0,CE,0,0,0,629.3
2026-06-11,2026-06-30,7100.0,PE,3750,0,2,2.25
2026-06-11,2026-06-30,7200.0,CE,0,0,0,566.0
2026-06-11,2026-06-30,7200.0,PE,3125,-250,11,2.0
2026-06-11,2026-06-30,7250.0,PE,250,0,0,43.0
2026-06-11,2026-06-30,7300.0,CE,0,0,0,506.8
2026-06-11,2026-06-30,7300.0,PE,5500,250,2,4.8
2026-06-11,2026-06-30,7350.0,PE,1875,0,0,25.0
2026-06-11,2026-06-30,7400.0,CE,0,0,0,451.7
2026-06-11,2026-06-30,7400.0,PE,6750,-250,3,2.05
2026-06-11,2026-06-30,7500.0,CE,2000,0,0,765.0
2026-06-11,2026-06-30,7500.0,PE,70000,-7500,283,3.7
2026-06-11,2026-06-30,7550.0,CE,0,0,0,474.0
2026-06-11,2026-06-30,7550.0,PE,3500,-1000,27,4.1
2026-06-11,2026-06-30,7600.0,CE,2000,0,0,863.2
2026-06-11,2026-06-30,7600.0,PE,70375,0,8,4.6
2026-06-11,2026-06-30,7650.0,CE,0,0,0,415.3
2026-06-11,2026-06-30,7650.0,PE,6000,0,0,5.0
2026-06-11,2026-06-30,7700.0,CE,1125,0,0,572.95
2026-06-11,2026-06-30,7700.0,PE,74125,-5750,74,6.5
2026-06-11,2026-06-30,7750.0,CE,3375,0,0,718.6
2026-06-11,2026-06-30,7750.0,PE,4125,0,0,18.4
2026-06-11,2026-06-30,7800.0,CE,3875,0,0,710.0
2026-06-11,2026-06-30,7800.0,PE,57625,3125,82,10.1
2026-06-11,2026-06-30,7850.0,CE,0,0,0,312.45
2026-06-11,2026-06-30,7850.0,PE,3500,1500,33,11.0
2026-06-11,2026-06-30,7900.0,CE,1750,0,0,409.5
2026-06-11,2026-06-30,7900.0,PE,51000,-1125,36,14.15
2026-06-11,2026-06-30,7950.0,CE,1875,0,0,442.1
2026-06-11,2026-06-30,7950.0,PE,8875,625,7,15.4
2026-06-11,2026-06-30,8000.0,CE,24750,-1000,19,520.0
2026-06-11,2026-06-30,8000.0,PE,125500,9625,435,19.25
2026-06-11,2026-06-30,8050.0,CE,7500,0,0,340.8
2026-06-11,2026-06-30,8050.0,PE,10500,500,14,23.9
2026-06-11,2026-06-30,8100.0,CE,21500,0,10,476.5
2026-06-11,2026-06-30,8100.0,PE,42750,-1625,120,29.55
2026-06-11,2026-06-30,8150.0,CE,7250,0,0,477.7
2026-06-11,2026-06-30,8150.0,PE,23875,-1500,68,33.3
2026-06-11,2026-06-30,8200.0,CE,27625,125,5,355.4
2026-06-11,2026-06-30,8200.0,PE,76000,750,249,41.95
2026-06-11,2026-06-30,8250.0,CE,11125,375,12,322.75
2026-06-11,2026-06-30,8250.0,PE,38625,-3750,225,52.5
2026-06-11,2026-06-30,8300.0,CE,51250,-5000,150,287.35
2026-06-11,2026-06-30,8300.0,PE,116125,-20000,1334,64.95
2026-06-11,2026-06-30,8350.0,CE,32500,-125,1,258.0
2026-06-11,2026-06-30,8350.0,PE,36625,-1625,203,74.9
2026-06-11,2026-06-30,8400.0,CE,41250,-1625,430,218.45
2026-06-11,2026-06-30,8400.0,PE,81750,11875,1682,94.85
2026-06-11,2026-06-30,8450.0,CE,28625,-6500,368,186.55
2026-06-11,2026-06-30,8450.0,PE,36250,-1000,561,112.15
2026-06-11,2026-06-30,8500.0,CE,114625,-11000,2026,159.3
2026-06-11,2026-06-30,8500.0,PE,70125,-6375,1138,134.75
2026-06-11,2026-06-30,8550.0,CE,51000,4875,664,133.55
2026-06-11,2026-06-30,8550.0,PE,33250,-2375,155,162.35
2026-06-11,2026-06-30,8600.0,CE,126375,-250,1290,113.55
2026-06-11,2026-06-30,8600.0,PE,41250,4625,328,192.75
2026-06-11,2026-06-30,8650.0,CE,26500,-6875,422,94.7
2026-06-11,2026-06-30,8650.0,PE,6000,375,40,218.0
2026-06-11,2026-06-30,8700.0,CE,79500,-2000,761,76.8
2026-06-11,2026-06-30,8700.0,PE,10375,0,34,256.55
2026-06-11,2026-06-30,8750.0,CE,17000,-750,33,63.0
2026-06-11,2026-06-30,8750.0,PE,0,0,0,972.3
2026-06-11,2026-06-30,8800.0,CE,96875,-2625,677,50.4
2026-06-11,2026-06-30,8800.0,PE,3500,125,4,346.05
2026-06-11,2026-06-30,8850.0,CE,9000,-125,36,41.05
2026-06-11,2026-06-30,8850.0,PE,0,0,0,1059.35
2026-06-11,2026-06-30,8900.0,CE,65250,-875,313,33.05
2026-06-11,2026-06-30,8900.0,PE,0,0,0,1368.8
2026-06-11,2026-06-30,8950.0,CE,0,0,0,40.6
2026-06-11,2026-06-30,8950.0,PE,0,0,0,1148.45
2026-06-11,2026-06-30,9000.0,CE,142375,-7000,951,21.15
2026-06-11,2026-06-30,9000.0,PE,2250,-500,6,476.0
2026-06-11,2026-06-30,9050.0,CE,0,0,0,32.45
2026-06-11,2026-06-30,9050.0,PE,0,0,0,1239.3
2026-06-11,2026-06-30,9100.0,CE,171500,11000,450,12.35
2026-06-11,2026-06-30,9100.0,PE,125,0,0,754.3
2026-06-11,2026-06-30,9200.0,CE,33125,-375,164,8.8
2026-06-11,2026-06-30,9200.0,PE,375,0,0,874.75
2026-06-11,2026-06-30,9300.0,CE,24125,-750,51,8.95
2026-06-11,2026-06-30,9300.0,PE,0,0,0,1705.85
2026-06-11,2026-06-30,9400.0,CE,17750,-1625,29,5.05
2026-06-11,2026-06-30,9400.0,PE,0,0,0,1830.75
2026-06-11,2026-06-30,9500.0,CE,35875,-125,127,4.95
2026-06-11,2026-06-30,9500.0,PE,0,0,0,1707.35
2026-06-11,2026-06-30,9600.0,CE,0,0,0,12.05
2026-06-11,2026-06-30,9600.0,PE,0,0,0,2021.1
2026-06-11,2026-07-28,7000.0,CE,0,0,0,939.85
2026-06-11,2026-07-28,7000.0,PE,0,0,0,86.35
2026-06-11,2026-07-28,7100.0,CE,0,0,0,861.8
2026-06-11,2026-07-28,7100.0,PE,125,0,0,12.0
2026-06-11,2026-07-28,7200.0,CE,0,0,0,787.3
2026-06-11,2026-07-28,7200.0,PE,0,0,0,130.9
2026-06-11,2026-07-28,7300.0,CE,0,0,0,715.65
2026-06-11,2026-07-28,7300.0,PE,125,0,0,36.05
2026-06-11,2026-07-28,7400.0,CE,0,0,0,648.15
2026-06-11,2026-07-28,7400.0,PE,0,0,0,188.95
2026-06-11,2026-07-28,7500.0,CE,0,0,0,584.6
2026-06-11,2026-07-28,7500.0,PE,875,0,0,33.45
2026-06-11,2026-07-28,7550.0,CE,0,0,0,858.5
2026-06-11,2026-07-28,7550.0,PE,1250,0,0,33.1
2026-06-11,2026-07-28,7600.0,CE,0,0,0,525.0
2026-06-11,2026-07-28,7600.0,PE,1750,0,0,22.2
2026-06-11,2026-07-28,7650.0,CE,0,0,0,779.1
2026-06-11,2026-07-28,7650.0,PE,500,0,0,28.15
2026-06-11,2026-07-28,7700.0,CE,500,0,0,575.9
2026-06-11,2026-07-28,7700.0,PE,625,0,0,31.9
2026-06-11,2026-07-28,7750.0,CE,0,0,0,703.65
2026-06-11,2026-07-28,7750.0,PE,625,0,0,36.6
2026-06-11,2026-07-28,7800.0,CE,0,0,0,417.9
2026-06-11,2026-07-28,7800.0,PE,500,0,0,42.0
2026-06-11,2026-07-28,7850.0,CE,0,0,0,631.4
2026-06-11,2026-07-28,7850.0,PE,250,0,0,40.55
2026-06-11,2026-07-28,7900.0,CE,0,0,0,370.4
2026-06-11,2026-07-28,7900.0,PE,250,0,0,54.45
2026-06-11,2026-07-28,7950.0,CE,0,0,0,563.85
2026-06-11,2026-07-28,7950.0,PE,375,0,0,60.6
2026-06-11,2026-07-28,8000.0,CE,375,0,0,700.0
2026-06-11,2026-07-28,8000.0,PE,10125,2500,52,70.15
2026-06-11,2026-07-28,8050.0,CE,0,0,0,500.65
2026-06-11,2026-07-28,8050.0,PE,0,0,0,209.6
2026-06-11,2026-07-28,8100.0,CE,0,0,0,287.25
2026-06-11,2026-07-28,8100.0,PE,0,0,0,518.0
2026-06-11,2026-07-28,8150.0,CE,125,0,0,565.0
2026-06-11,2026-07-28,8150.0,PE,0,0,0,249.9
2026-06-11,2026-07-28,8200.0,CE,0,0,0,460.2
2026-06-11,2026-07-28,8200.0,PE,0,0,0,580.6
2026-06-11,2026-07-28,8250.0,CE,0,0,0,413.25
2026-06-11,2026-07-28,8250.0,PE,0,0,0,294.85
2026-06-11,2026-07-28,8300.0,CE,0,0,0,218.95
2026-06-11,2026-07-28,8300.0,PE,0,0,0,646.8
2026-06-11,2026-07-28,8350.0,CE,0,0,0,338.4
2026-06-11,2026-07-28,8350.0,PE,0,0,0,344.3
2026-06-11,2026-07-28,8400.0,CE,0,0,0,189.9
2026-06-11,2026-07-28,8400.0,PE,4000,-125,1,185.0
2026-06-11,2026-07-28,8450.0,CE,0,0,0,370.0
2026-06-11,2026-07-28,8450.0,PE,0,0,0,398.35
2026-06-11,2026-07-28,8500.0,CE,2625,375,26,275.6
2026-06-11,2026-07-28,8500.0,PE,7000,125,3,210.0
2026-06-11,2026-07-28,8550.0,CE,0,0,0,253.05
2026-06-11,2026-07-28,8550.0,PE,0,0,0,456.9
2026-06-11,2026-07-28,8600.0,CE,125,0,0,289.7
2026-06-11,2026-07-28,8600.0,PE,0,0,0,865.15
2026-06-11,2026-07-28,8650.0,CE,0,-125,1,194.95
2026-06-11,2026-07-28,8650.0,PE,0,0,0,519.65
2026-06-11,2026-07-28,8700.0,CE,875,625,6,187.45
2026-06-11,2026-07-28,8700.0,PE,0,0,0,943.15
2026-06-11,2026-07-28,8750.0,CE,250,0,0,110.55
2026-06-11,2026-07-28,8750.0,PE,0,0,0,586.5
2026-06-11,2026-07-28,8800.0,CE,250,0,0,83.5
2026-06-11,2026-07-28,8800.0,PE,0,0,0,1024.0
2026-06-11,2026-07-28,8850.0,CE,0,0,0,156.4
2026-06-11,2026-07-28,8850.0,PE,0,0,0,657.15
2026-06-11,2026-07-28,8900.0,CE,125,0,0,102.45
2026-06-11,2026-07-28,8900.0,PE,0,0,0,1107.05
2026-06-11,2026-07-28,8950.0,CE,0,0,0,132.1
2026-06-11,2026-07-28,8950.0,PE,0,0,0,731.85
2026-06-11,2026-07-28,9000.0,CE,10500,-125,25,90.0
2026-06-11,2026-07-28,9000.0,PE,125,0,1,550.0
2026-06-11,2026-07-28,9050.0,CE,0,0,0,110.3
2026-06-11,2026-07-28,9050.0,PE,0,0,0,809.05
2026-06-11,2026-07-28,9100.0,CE,1000,-375,8,66.0
2026-06-11,2026-07-28,9100.0,PE,0,0,0,1279.05
2026-06-11,2026-07-28,9200.0,CE,0,0,0,52.65
2026-06-11,2026-07-28,9200.0,PE,0,0,0,1367.6
2026-06-11,2026-07-28,9300.0,CE,1250,125,1,45.0
2026-06-11,2026-07-28,9300.0,PE,0,0,0,1457.55
2026-06-11,2026-07-28,9400.0,CE,750,0,0,57.35
2026-06-11,2026-07-28,9400.0,PE,0,0,0,1548.8
2026-06-11,2026-07-28,9500.0,CE,875,-125,2,24.0
2026-06-11,2026-07-28,9500.0,PE,0,0,0,1641.15
2026-06-11,2026-07-28,9600.0,CE,125,125,1,25.2
2026-06-11,2026-07-28,9600.0,PE,0,0,0,1734.45
2026-06-11,2026-08-25,6800.0,CE,0,0,0,1576.8
2026-06-11,2026-08-25,6800.0,PE,0,0,0,17.85
2026-06-11,2026-08-25,7000.0,CE,0,0,0,1393.05
2026-06-11,2026-08-25,7000.0,PE,0,0,0,31.15
2026-06-11,2026-08-25,7200.0,CE,0,0,0,1216.2
2026-06-11,2026-08-25,7200.0,PE,0,0,0,51.35
2026-06-11,2026-08-25,7400.0,CE,0,0,0,1048.3
2026-06-11,2026-08-25,7400.0,PE,0,0,0,80.5
2026-06-11,2026-08-25,7500.0,CE,0,0,0,968.35
2026-06-11,2026-08-25,7500.0,PE,0,0,0,99.05
2026-06-11,2026-08-25,7600.0,CE,0,0,0,891.35
2026-06-11,2026-08-25,7600.0,PE,0,0,0,120.55
2026-06-11,2026-08-25,7700.0,CE,0,0,0,817.8
2026-06-11,2026-08-25,7700.0,PE,0,0,0,145.55
2026-06-11,2026-08-25,7800.0,CE,0,0,0,746.9
2026-06-11,2026-08-25,7800.0,PE,0,0,0,173.2
2026-06-11,2026-08-25,7900.0,CE,0,0,0,680.05
2026-06-11,2026-08-25,7900.0,PE,0,0,0,204.85
2026-06-11,2026-08-25,8000.0,CE,0,0,0,616.8
2026-06-11,2026-08-25,8000.0,PE,0,0,0,240.15
2026-06-11,2026-08-25,8100.0,CE,0,0,0,557.35
2026-06-11,2026-08-25,8100.0,PE,0,0,0,279.2
2026-06-11,2026-08-25,8200.0,CE,0,0,0,501.7
2026-06-11,2026-08-25,8200.0,PE,0,0,0,322.05
2026-06-11,2026-08-25,8300.0,CE,0,0,0,449.85
2026-06-11,2026-08-25,8300.0,PE,0,0,0,368.75
2026-06-11,2026-08-25,8400.0,CE,0,0,0,401.8
2026-06-11,2026-08-25,8400.0,PE,0,0,0,419.2
2026-06-11,2026-08-25,8500.0,CE,0,0,0,357.5
2026-06-11,2026-08-25,8500.0,PE,0,0,0,473.45
2026-06-11,2026-08-25,8600.0,CE,0,0,0,316.85
2026-06-11,2026-08-25,8600.0,PE,0,0,0,531.3
2026-06-11,2026-08-25,8700.0,CE,0,0,0,279.75
2026-06-11,2026-08-25,8700.0,PE,0,0,0,592.75
2026-06-11,2026-08-25,8800.0,CE,0,0,0,246.05
2026-06-11,2026-08-25,8800.0,PE,0,0,0,657.55
2026-06-11,2026-08-25,8900.0,CE,0,0,0,215.6
2026-06-11,2026-08-25,8900.0,PE,0,0,0,725.6
2026-06-11,2026-08-25,9000.0,CE,0,0,0,188.2
2026-06-11,2026-08-25,9000.0,PE,0,0,0,796.75
2026-06-11,2026-08-25,9100.0,CE,0,0,0,164.1
2026-06-11,2026-08-25,9100.0,PE,0,0,0,871.15
2026-06-11,2026-08-25,9200.0,CE,0,0,0,142.0
2026-06-11,2026-08-25,9200.0,PE,0,0,0,947.6
2026-06-11,2026-08-25,9400.0,CE,0,0,0,105.5
2026-06-11,2026-08-25,9400.0,PE,0,0,0,1108.15
2026-06-11,2026-08-25,9600.0,CE,0,0,0,77.3
2026-06-11,2026-08-25,9600.0,PE,0,0,0,1276.95
2026-06-11,2026-08-25,9800.0,CE,0,0,0,55.8
2026-06-11,2026-08-25,9800.0,PE,0,0,0,1452.55
2026-06-12,2026-06-30,6500.0,PE,5625,0,34,1.95
2026-06-12,2026-06-30,7000.0,CE,0,0,0,696.9
2026-06-12,2026-06-30,7000.0,PE,22000,1250,46,2.45
2026-06-12,2026-06-30,7100.0,CE,0,0,0,629.3
2026-06-12,2026-06-30,7100.0,PE,3750,0,16,2.25
2026-06-12,2026-06-30,7200.0,CE,0,0,0,566.0
2026-06-12,2026-06-30,7200.0,PE,3125,0,0,2.0
2026-06-12,2026-06-30,7250.0,PE,250,0,0,43.0
2026-06-12,2026-06-30,7300.0,CE,0,0,0,506.8
2026-06-12,2026-06-30,7300.0,PE,5500,0,0,4.8
2026-06-12,2026-06-30,7350.0,PE,1875,0,0,25.0
2026-06-12,2026-06-30,7400.0,CE,0,0,0,451.7
2026-06-12,2026-06-30,7400.0,PE,6750,0,0,2.05
2026-06-12,2026-06-30,7500.0,CE,2000,0,0,765.0
2026-06-12,2026-06-30,7500.0,PE,70500,500,32,4.5
2026-06-12,2026-06-30,7550.0,CE,0,0,0,474.0
2026-06-12,2026-06-30,7550.0,PE,3500,0,0,4.1
2026-06-12,2026-06-30,7600.0,CE,2000,0,0,863.2
2026-06-12,2026-06-30,7600.0,PE,70125,-250,12,5.25
2026-06-12,2026-06-30,7650.0,CE,0,0,0,415.3
2026-06-12,2026-06-30,7650.0,PE,6000,0,0,5.0
2026-06-12,2026-06-30,7700.0,CE,1125,0,0,572.95
2026-06-12,2026-06-30,7700.0,PE,76750,2625,54,5.6
2026-06-12,2026-06-30,7750.0,CE,3375,0,0,718.6
2026-06-12,2026-06-30,7750.0,PE,4125,0,0,18.4
2026-06-12,2026-06-30,7800.0,CE,3875,0,0,710.0
2026-06-12,2026-06-30,7800.0,PE,56125,-1500,82,10.35
2026-06-12,2026-06-30,7850.0,CE,0,0,0,312.45
2026-06-12,2026-06-30,7850.0,PE,3875,375,44,8.8
2026-06-12,2026-06-30,7900.0,CE,1750,0,0,409.5
2026-06-12,2026-06-30,7900.0,PE,49125,-1875,39,12.35
2026-06-12,2026-06-30,7950.0,CE,1875,0,0,442.1
2026-06-12,2026-06-30,7950.0,PE,8250,-625,10,14.3
2026-06-12,2026-06-30,8000.0,CE,24750,0,2,554.05
2026-06-12,2026-06-30,8000.0,PE,122000,-3500,341,17.05
2026-06-12,2026-06-30,8050.0,CE,7500,0,0,340.8
2026-06-12,2026-06-30,8050.0,PE,10500,0,84,18.45
2026-06-12,2026-06-30,8100.0,CE,21250,-250,3,462.15
2026-06-12,2026-06-30,8100.0,PE,47500,4750,226,23.15
2026-06-12,2026-06-30,8150.0,CE,7000,-250,7,419.6
2026-06-12,2026-06-30,8150.0,PE,24375,500,79,29.3
2026-06-12,2026-06-30,8200.0,CE,26375,-1250,24,370.0
2026-06-12,2026-06-30,8200.0,PE,77125,1125,250,35.7
2026-06-12,2026-06-30,8250.0,CE,10750,-375,11,329.1
2026-06-12,2026-06-30,8250.0,PE,37750,-875,138,43.25
2026-06-12,2026-06-30,8300.0,CE,50250,-1000,20,294.35
2026-06-12,2026-06-30,8300.0,PE,139125,23000,1367,52.6
2026-06-12,2026-06-30,8350.0,CE,32000,-500,17,261.95
2026-06-12,2026-06-30,8350.0,PE,34625,-2000,143,63.6
2026-06-12,2026-06-30,8400.0,CE,40500,-750,312,220.65
2026-06-12,2026-06-30,8400.0,PE,79250,-2500,933,79.25
2026-06-12,2026-06-30,8450.0,CE,27500,-1125,234,188.55
2026-06-12,2026-06-30,8450.0,PE,24500,-11750,683,96.9
2026-06-12,2026-06-30,8500.0,CE,116625,2000,2340,159.85
2026-06-12,2026-06-30,8500.0,PE,75000,4875,1258,117.0
2026-06-12,2026-06-30,8550.0,CE,54875,3875,1039,133.3
2026-06-12,2026-06-30,8550.0,PE,33875,625,329,141.75
2026-06-12,2026-06-30,8600.0,CE,115375,-11000,1113,109.75
2026-06-12,2026-06-30,8600.0,PE,41125,-125,356,165.8
2026-06-12,2026-06-30,8650.0,CE,29250,2750,248,90.45
2026-06-12,2026-06-30,8650.0,PE,7125,1125,54,193.2
2026-06-12,2026-06-30,8700.0,CE,81250,1750,692,71.85
2026-06-12,2026-06-30,8700.0,PE,9875,-500,15,233.05
2026-06-12,2026-06-30,8750.0,CE,20250,3250,100,59.75
2026-06-12,2026-06-30,8750.0,PE,0,0,0,972.3
2026-06-12,2026-06-30,8800.0,CE,100625,3750,571,46.75
2026-06-12,2026-06-30,8800.0,PE,3250,-250,4,299.4
2026-06-12,2026-06-30,8850.0,CE,13000,4000,125,38.55
2026-06-12,2026-06-30,8850.0,PE,0,0,0,1059.35
2026-06-12,2026-06-30,8900.0,CE,66250,1000,229,29.15
2026-06-12,2026-06-30,8900.0,PE,0,0,0,1368.8
2026-06-12,2026-06-30,8950.0,CE,0,0,0,40.6
2026-06-12,2026-06-30,8950.0,PE,0,0,0,1148.45
2026-06-12,2026-06-30,9000.0,CE,151875,9500,940,18.15
2026-06-12,2026-06-30,9000.0,PE,2250,0,0,476.0
2026-06-12,2026-06-30,9050.0,CE,0,0,0,32.45
2026-06-12,2026-06-30,9050.0,PE,0,0,0,1239.3
2026-06-12,2026-06-30,9100.0,CE,174750,3250,292,9.6
2026-06-12,2026-06-30,9100.0,PE,125,0,0,754.3
2026-06-12,2026-06-30,9200.0,CE,29625,-3500,83,7.35
2026-06-12,2026-06-30,9200.0,PE,375,0,0,874.75
2026-06-12,2026-06-30,9300.0,CE,24250,125,29,6.25
2026-06-12,2026-06-30,9300.0,PE,0,0,0,1705.85
2026-06-12,2026-06-30,9400.0,CE,18875,1125,15,5.7
2026-06-12,2026-06-30,9400.0,PE,0,0,0,1830.75
2026-06-12,2026-06-30,9500.0,CE,34875,-1000,127,4.05
2026-06-12,2026-06-30,9500.0,PE,0,0,0,1707.35
2026-06-12,2026-06-30,9600.0,CE,0,0,0,12.05
2026-06-12,2026-06-30,9600.0,PE,0,0,0,2021.1
2026-06-12,2026-07-28,7000.0,CE,0,0,0,939.85
2026-06-12,2026-07-28,7000.0,PE,0,0,0,86.35
2026-06-12,2026-07-28,7100.0,CE,0,0,0,861.8
2026-06-12,2026-07-28,7100.0,PE,125,0,0,12.0
2026-06-12,2026-07-28,7200.0,CE,0,0,0,787.3
2026-06-12,2026-07-28,7200.0,PE,0,0,0,130.9
2026-06-12,2026-07-28,7300.0,CE,0,0,0,715.65
2026-06-12,2026-07-28,7300.0,PE,125,0,0,36.05
2026-06-12,2026-07-28,7400.0,CE,0,0,0,648.15
2026-06-12,2026-07-28,7400.0,PE,0,0,0,188.95
2026-06-12,2026-07-28,7500.0,CE,0,0,0,584.6
2026-06-12,2026-07-28,7500.0,PE,875,0,0,33.45
2026-06-12,2026-07-28,7550.0,CE,0,0,0,858.5
2026-06-12,2026-07-28,7550.0,PE,1250,0,0,33.1
2026-06-12,2026-07-28,7600.0,CE,0,0,0,525.0
2026-06-12,2026-07-28,7600.0,PE,1750,0,0,22.2
2026-06-12,2026-07-28,7650.0,CE,0,0,0,779.1
2026-06-12,2026-07-28,7650.0,PE,500,0,0,28.15
2026-06-12,2026-07-28,7700.0,CE,500,0,0,575.9
2026-06-12,2026-07-28,7700.0,PE,1000,375,3,28.95
2026-06-12,2026-07-28,7750.0,CE,0,0,0,703.65
2026-06-12,2026-07-28,7750.0,PE,1000,375,3,32.1
2026-06-12,2026-07-28,7800.0,CE,0,0,0,417.9
2026-06-12,2026-07-28,7800.0,PE,250,-250,3,35.7
2026-06-12,2026-07-28,7850.0,CE,0,0,0,631.4
2026-06-12,2026-07-28,7850.0,PE,625,375,3,39.9
2026-06-12,2026-07-28,7900.0,CE,0,0,0,370.4
2026-06-12,2026-07-28,7900.0,PE,250,0,0,54.45
2026-06-12,2026-07-28,7950.0,CE,0,0,0,563.85
2026-06-12,2026-07-28,7950.0,PE,375,0,0,60.6
2026-06-12,2026-07-28,8000.0,CE,375,0,0,700.0
2026-06-12,2026-07-28,8000.0,PE,8625,-1500,73,63.95
2026-06-12,2026-07-28,8050.0,CE,0,0,0,500.65
2026-06-12,2026-07-28,8050.0,PE,0,0,0,209.6
2026-06-12,2026-07-28,8100.0,CE,0,0,0,287.25
2026-06-12,2026-07-28,8100.0,PE,0,0,0,518.0
2026-06-12,2026-07-28,8150.0,CE,125,0,0,565.0
2026-06-12,2026-07-28,8150.0,PE,0,0,0,249.9
2026-06-12,2026-07-28,8200.0,CE,0,0,0,460.2
2026-06-12,2026-07-28,8200.0,PE,0,0,0,580.6
2026-06-12,2026-07-28,8250.0,CE,0,0,0,413.25
2026-06-12,2026-07-28,8250.0,PE,0,0,0,294.85
2026-06-12,2026-07-28,8300.0,CE,0,0,0,218.95
2026-06-12,2026-07-28,8300.0,PE,500,500,4,127.6
2026-06-12,2026-07-28,8350.0,CE,0,0,0,338.4
2026-06-12,2026-07-28,8350.0,PE,0,0,0,344.3
2026-06-12,2026-07-28,8400.0,CE,0,0,0,189.9
2026-06-12,2026-07-28,8400.0,PE,4000,0,0,185.0
2026-06-12,2026-07-28,8450.0,CE,0,0,0,370.0
2026-06-12,2026-07-28,8450.0,PE,0,0,0,398.35
2026-06-12,2026-07-28,8500.0,CE,2625,0,3,286.0
2026-06-12,2026-07-28,8500.0,PE,7000,0,3,229.1
2026-06-12,2026-07-28,8550.0,CE,0,0,0,253.05
2026-06-12,2026-07-28,8550.0,PE,0,0,0,456.9
2026-06-12,2026-07-28,8600.0,CE,125,0,0,289.7
2026-06-12,2026-07-28,8600.0,PE,0,0,0,865.15
2026-06-12,2026-07-28,8650.0,CE,0,0,0,194.95
2026-06-12,2026-07-28,8650.0,PE,0,0,0,519.65
2026-06-12,2026-07-28,8700.0,CE,1375,500,4,204.2
2026-06-12,2026-07-28,8700.0,PE,0,0,0,943.15
2026-06-12,2026-07-28,8750.0,CE,250,0,0,110.55
2026-06-12,2026-07-28,8750.0,PE,0,0,0,586.5
2026-06-12,2026-07-28,8800.0,CE,250,0,0,83.5
2026-06-12,2026-07-28,8800.0,PE,0,0,0,1024.0
2026-06-12,2026-07-28,8850.0,CE,0,0,0,156.4
2026-06-12,2026-07-28,8850.0,PE,0,0,0,657.15
2026-06-12,2026-07-28,8900.0,CE,125,0,0,102.45
2026-06-12,2026-07-28,8900.0,PE,0,0,0,1107.05
2026-06-12,2026-07-28,8950.0,CE,0,0,0,132.1
2026-06-12,2026-07-28,8950.0,PE,0,0,0,731.85
2026-06-12,2026-07-28,9000.0,CE,10375,-125,27,89.0
2026-06-12,2026-07-28,9000.0,PE,500,375,4,490.0
2026-06-12,2026-07-28,9050.0,CE,0,0,0,110.3
2026-06-12,2026-07-28,9050.0,PE,0,0,0,809.05
2026-06-12,2026-07-28,9100.0,CE,750,-250,2,67.4
2026-06-12,2026-07-28,9100.0,PE,0,0,0,1279.05
2026-06-12,2026-07-28,9200.0,CE,0,0,0,52.65
2026-06-12,2026-07-28,9200.0,PE,0,0,0,1367.6
2026-06-12,2026-07-28,9300.0,CE,1375,125,8,43.0
2026-06-12,2026-07-28,9300.0,PE,0,0,0,1457.55
2026-06-12,2026-07-28,9400.0,CE,750,0,0,57.35
2026-06-12,2026-07-28,9400.0,PE,0,0,0,1548.8
2026-06-12,2026-07-28,9500.0,CE,1000,125,3,25.25
2026-06-12,2026-07-28,9500.0,PE,0,0,0,1641.15
2026-06-12,2026-07-28,9600.0,CE,125,0,0,25.2
2026-06-12,2026-07-28,9600.0,PE,0,0,0,1734.45
2026-06-12,2026-08-25,6800.0,CE,0,0,0,1576.8
2026-06-12,2026-08-25,6800.0,PE,0,0,0,17.85
2026-06-12,2026-08-25,7000.0,CE,0,0,0,1393.05
2026-06-12,2026-08-25,7000.0,PE,0,0,0,31.15
2026-06-12,2026-08-25,7200.0,CE,0,0,0,1216.2
2026-06-12,2026-08-25,7200.0,PE,0,0,0,51.35
2026-06-12,2026-08-25,7400.0,CE,0,0,0,1048.3
2026-06-12,2026-08-25,7400.0,PE,0,0,0,80.5
2026-06-12,2026-08-25,7500.0,CE,0,0,0,968.35
2026-06-12,2026-08-25,7500.0,PE,0,0,0,99.05
2026-06-12,2026-08-25,7600.0,CE,0,0,0,891.35
2026-06-12,2026-08-25,7600.0,PE,0,0,0,120.55
2026-06-12,2026-08-25,7700.0,CE,0,0,0,817.8
2026-06-12,2026-08-25,7700.0,PE,0,0,0,145.55
2026-06-12,2026-08-25,7800.0,CE,0,0,0,746.9
2026-06-12,2026-08-25,7800.0,PE,0,0,0,173.2
2026-06-12,2026-08-25,7900.0,CE,0,0,0,680.05
2026-06-12,2026-08-25,7900.0,PE,0,0,0,204.85
2026-06-12,2026-08-25,8000.0,CE,0,0,0,616.8
2026-06-12,2026-08-25,8000.0,PE,0,0,0,240.15
2026-06-12,2026-08-25,8100.0,CE,0,0,0,557.35
2026-06-12,2026-08-25,8100.0,PE,0,0,0,279.2
2026-06-12,2026-08-25,8200.0,CE,0,0,0,501.7
2026-06-12,2026-08-25,8200.0,PE,0,0,0,322.05
2026-06-12,2026-08-25,8300.0,CE,0,0,0,449.85
2026-06-12,2026-08-25,8300.0,PE,0,0,0,368.75
2026-06-12,2026-08-25,8400.0,CE,0,0,0,401.8
2026-06-12,2026-08-25,8400.0,PE,0,0,0,419.2
2026-06-12,2026-08-25,8500.0,CE,0,0,0,357.5
2026-06-12,2026-08-25,8500.0,PE,0,0,0,473.45
2026-06-12,2026-08-25,8600.0,CE,0,0,0,316.85
2026-06-12,2026-08-25,8600.0,PE,0,0,0,531.3
2026-06-12,2026-08-25,8700.0,CE,0,0,0,279.75
2026-06-12,2026-08-25,8700.0,PE,0,0,0,592.75
2026-06-12,2026-08-25,8800.0,CE,0,0,0,246.05
2026-06-12,2026-08-25,8800.0,PE,0,0,0,657.55
2026-06-12,2026-08-25,8900.0,CE,0,0,0,215.6
2026-06-12,2026-08-25,8900.0,PE,0,0,0,725.6
2026-06-12,2026-08-25,9000.0,CE,0,0,0,188.2
2026-06-12,2026-08-25,9000.0,PE,0,0,0,796.75
2026-06-12,2026-08-25,9100.0,CE,0,0,0,164.1
2026-06-12,2026-08-25,9100.0,PE,0,0,0,871.15
2026-06-12,2026-08-25,9200.0,CE,0,0,0,142.0
2026-06-12,2026-08-25,9200.0,PE,0,0,0,947.6
2026-06-12,2026-08-25,9400.0,CE,0,0,0,105.5
2026-06-12,2026-08-25,9400.0,PE,0,0,0,1108.15
2026-06-12,2026-08-25,9600.0,CE,0,0,0,77.3
2026-06-12,2026-08-25,9600.0,PE,0,0,0,1276.95
2026-06-12,2026-08-25,9800.0,CE,0,0,0,55.8
2026-06-12,2026-08-25,9800.0,PE,0,0,0,1452.55
2026-06-15,2026-06-30,6500.0,PE,5875,250,6,2.35
2026-06-15,2026-06-30,7000.0,CE,0,0,0,696.9
2026-06-15,2026-06-30,7000.0,PE,18500,-3500,44,2.3
2026-06-15,2026-06-30,7100.0,CE,0,0,0,629.3
2026-06-15,2026-06-30,7100.0,PE,3750,0,0,2.25
2026-06-15,2026-06-30,7200.0,CE,0,0,0,566.0
2026-06-15,2026-06-30,7200.0,PE,3125,0,0,2.0
2026-06-15,2026-06-30,7250.0,PE,250,0,0,43.0
2026-06-15,2026-06-30,7300.0,CE,0,0,0,506.8
2026-06-15,2026-06-30,7300.0,PE,5750,250,10,4.2
2026-06-15,2026-06-30,7350.0,PE,1875,0,0,25.0
2026-06-15,2026-06-30,7400.0,CE,0,0,0,451.7
2026-06-15,2026-06-30,7400.0,PE,6750,0,0,2.05
2026-06-15,2026-06-30,7500.0,CE,2000,0,0,765.0
2026-06-15,2026-06-30,7500.0,PE,71125,625,56,4.8
2026-06-15,2026-06-30,7550.0,CE,0,0,0,474.0
2026-06-15,2026-06-30,7550.0,PE,3500,0,0,4.1
2026-06-15,2026-06-30,7600.0,CE,2000,0,0,863.2
2026-06-15,2026-06-30,7600.0,PE,70125,0,11,5.6
2026-06-15,2026-06-30,7650.0,CE,0,0,0,415.3
2026-06-15,2026-06-30,7650.0,PE,5875,-125,1,5.0
2026-06-15,2026-06-30,7700.0,CE,1125,0,0,572.95
2026-06-15,2026-06-30,7700.0,PE,77250,500,56,7.4
2026-06-15,2026-06-30,7750.0,CE,3375,0,0,718.6
2026-06-15,2026-06-30,7750.0,PE,4125,0,0,18.4
2026-06-15,2026-06-30,7800.0,CE,3875,0,0,710.0
2026-06-15,2026-06-30,7800.0,PE,55625,-500,212,10.25
2026-06-15,2026-06-30,7850.0,CE,0,0,0,312.45
2026-06-15,2026-06-30,7850.0,PE,3875,0,0,8.8
2026-06-15,2026-06-30,7900.0,CE,1750,0,0,409.5
2026-06-15,2026-06-30,7900.0,PE,46250,-2875,85,13.25
2026-06-15,2026-06-30,7950.0,CE,1875,0,0,442.1
2026-06-15,2026-06-30,7950.0,PE,8125,-125,54,16.5
2026-06-15,2026-06-30,8000.0,CE,24750,0,2,525.15
2026-06-15,2026-06-30,8000.0,PE,129875,7875,569,19.4
2026-06-15,2026-06-30,8050.0,CE,7500,0,0,340.8
2026-06-15,2026-06-30,8050.0,PE,10750,250,41,24.4
2026-06-15,2026-06-30,8100.0,CE,21125,-125,11,434.6
2026-06-15,2026-06-30,8100.0,PE,49125,1625,269,27.85
2026-06-15,2026-06-30,8150.0,CE,7000,0,0,419.6
2026-06-15,2026-06-30,8150.0,PE,25000,625,212,33.05
2026-06-15,2026-06-30,8200.0,CE,25625,-750,18,352.5
2026-06-15,2026-06-30,8200.0,PE,71875,-5250,460,40.6
2026-06-15,2026-06-30,8250.0,CE,10750,0,16,310.0
2026-06-15,2026-06-30,8250.0,PE,41375,3625,261,49.9
2026-06-15,2026-06-30,8300.0,CE,43875,-6375,210,271.25
2026-06-15,2026-06-30,8300.0,PE,125250,-13875,1937,61.85
2026-06-15,2026-06-30,8350.0,CE,31000,-1000,128,233.7
2026-06-15,2026-06-30,8350.0,PE,28500,-6125,593,76.15
2026-06-15,2026-06-30,8400.0,CE,86500,46000,1954,200.9
2026-06-15,2026-06-30,8400.0,PE,241250,162000,7911,93.5
2026-06-15,2026-06-30,8450.0,CE,44750,17250,1667,171.2
2026-06-15,2026-06-30,8450.0,PE,98000,73500,3025,112.3
2026-06-15,2026-06-30,8500.0,CE,163375,46750,4049,141.9
2026-06-15,2026-06-30,8500.0,PE,101750,26750,1956,133.1
2026-06-15,2026-06-30,8550.0,CE,60875,6000,1062,117.3
2026-06-15,2026-06-30,8550.0,PE,41250,7375,287,158.05
2026-06-15,2026-06-30,8600.0,CE,126125,10750,1758,97.9
2026-06-15,2026-06-30,8600.0,PE,36250,-4875,560,187.15
2026-06-15,2026-06-30,8650.0,CE,28875,-375,375,78.3
2026-06-15,2026-06-30,8650.0,PE,7250,125,58,219.85
2026-06-15,2026-06-30,8700.0,CE,79625,-1625,1313,63.8
2026-06-15,2026-06-30,8700.0,PE,9875,0,0,233.05
2026-06-15,2026-06-30,8750.0,CE,21625,1375,416,50.3
2026-06-15,2026-06-30,8750.0,PE,0,0,0,972.3
2026-06-15,2026-06-30,8800.0,CE,102625,2000,1453,39.45
2026-06-15,2026-06-30,8800.0,PE,3250,0,0,299.4
2026-06-15,2026-06-30,8850.0,CE,19250,6250,125,32.35
2026-06-15,2026-06-30,8850.0,PE,0,0,0,1059.35
2026-06-15,2026-06-30,8900.0,CE,63750,-2500,554,24.8
2026-06-15,2026-06-30,8900.0,PE,0,0,0,1368.8
2026-06-15,2026-06-30,8950.0,CE,0,0,0,40.6
2026-06-15,2026-06-30,8950.0,PE,0,0,0,1148.45
2026-06-15,2026-06-30,9000.0,CE,159625,7750,1256,15.95
2026-06-15,2026-06-30,9000.0,PE,2250,0,0,476.0
2026-06-15,2026-06-30,9050.0,CE,0,0,0,32.45
2026-06-15,2026-06-30,9050.0,PE,0,0,0,1239.3
2026-06-15,2026-06-30,9100.0,CE,167250,-7500,361,9.7
2026-06-15,2026-06-30,9100.0,PE,125,0,0,754.3
2026-06-15,2026-06-30,9200.0,CE,28000,-1625,122,6.8
2026-06-15,2026-06-30,9200.0,PE,375,0,0,874.75
2026-06-15,2026-06-30,9300.0,CE,24625,375,22,5.65
2026-06-15,2026-06-30,9300.0,PE,0,0,0,1705.85
2026-06-15,2026-06-30,9400.0,CE,17750,-1125,15,4.1
2026-06-15,2026-06-30,9400.0,PE,0,0,0,1830.75
2026-06-15,2026-06-30,9500.0,CE,35000,125,78,4.25
2026-06-15,2026-06-30,9500.0,PE,0,0,0,1707.35
2026-06-15,2026-06-30,9600.0,CE,0,0,0,12.05
2026-06-15,2026-06-30,9600.0,PE,0,0,0,2021.1
2026-06-15,2026-07-28,7000.0,CE,0,0,0,939.85
2026-06-15,2026-07-28,7000.0,PE,0,0,0,86.35
2026-06-15,2026-07-28,7100.0,CE,0,0,0,861.8
2026-06-15,2026-07-28,7100.0,PE,125,0,0,12.0
2026-06-15,2026-07-28,7200.0,CE,0,0,0,787.3
2026-06-15,2026-07-28,7200.0,PE,0,0,0,130.9
2026-06-15,2026-07-28,7300.0,CE,0,0,0,715.65
2026-06-15,2026-07-28,7300.0,PE,125,0,0,36.05
2026-06-15,2026-07-28,7400.0,CE,0,0,0,648.15
2026-06-15,2026-07-28,7400.0,PE,0,0,0,188.95
2026-06-15,2026-07-28,7500.0,CE,0,0,0,584.6
2026-06-15,2026-07-28,7500.0,PE,875,0,1,24.95
2026-06-15,2026-07-28,7550.0,CE,0,0,0,858.5
2026-06-15,2026-07-28,7550.0,PE,1250,0,0,33.1
2026-06-15,2026-07-28,7600.0,CE,0,0,0,525.0
2026-06-15,2026-07-28,7600.0,PE,1750,0,0,22.2
2026-06-15,2026-07-28,7650.0,CE,0,0,0,779.1
2026-06-15,2026-07-28,7650.0,PE,500,0,0,28.15
2026-06-15,2026-07-28,7700.0,CE,500,0,0,575.9
2026-06-15,2026-07-28,7700.0,PE,1125,125,2,28.05
2026-06-15,2026-07-28,7750.0,CE,0,0,0,703.65
2026-06-15,2026-07-28,7750.0,PE,1000,0,0,32.1
2026-06-15,2026-07-28,7800.0,CE,0,0,0,417.9
2026-06-15,2026-07-28,7800.0,PE,250,0,0,35.7
2026-06-15,2026-07-28,7850.0,CE,0,0,0,631.4
2026-06-15,2026-07-28,7850.0,PE,625,0,0,39.9
2026-06-15,2026-07-28,7900.0,CE,0,0,0,370.4
2026-06-15,2026-07-28,7900.0,PE,250,0,0,54.45
2026-06-15,2026-07-28,7950.0,CE,0,0,0,563.85
2026-06-15,2026-07-28,7950.0,PE,500,125,1,60.6
2026-06-15,2026-07-28,8000.0,CE,375,0,0,700.0
2026-06-15,2026-07-28,8000.0,PE,11875,3250,143,64.9
2026-06-15,2026-07-28,8050.0,CE,0,0,0,500.65
2026-06-15,2026-07-28,8050.0,PE,0,0,0,209.6
2026-06-15,2026-07-28,8100.0,CE,0,0,0,287.25
2026-06-15,2026-07-28,8100.0,PE,0,0,0,518.0
2026-06-15,2026-07-28,8150.0,CE,375,250,2,498.0
2026-06-15,2026-07-28,8150.0,PE,0,0,0,249.9
2026-06-15,2026-07-28,8200.0,CE,0,0,0,460.2
2026-06-15,2026-07-28,8200.0,PE,0,0,0,580.6
2026-06-15,2026-07-28,8250.0,CE,0,0,0,413.25
2026-06-15,2026-07-28,8250.0,PE,0,0,0,294.85
2026-06-15,2026-07-28,8300.0,CE,0,0,0,218.95
2026-06-15,2026-07-28,8300.0,PE,500,0,0,127.6
2026-06-15,2026-07-28,8350.0,CE,0,0,0,338.4
2026-06-15,2026-07-28,8350.0,PE,0,0,0,344.3
2026-06-15,2026-07-28,8400.0,CE,0,0,0,189.9
2026-06-15,2026-07-28,8400.0,PE,4375,375,4,156.65
2026-06-15,2026-07-28,8450.0,CE,125,125,1,297.35
2026-06-15,2026-07-28,8450.0,PE,0,0,0,398.35
2026-06-15,2026-07-28,8500.0,CE,4000,1375,27,265.5
2026-06-15,2026-07-28,8500.0,PE,7000,0,1,229.0
2026-06-15,2026-07-28,8550.0,CE,0,0,0,253.05
2026-06-15,2026-07-28,8550.0,PE,0,0,0,456.9
2026-06-15,2026-07-28,8600.0,CE,250,125,3,214.3
2026-06-15,2026-07-28,8600.0,PE,0,0,0,865.15
2026-06-15,2026-07-28,8650.0,CE,0,0,0,194.95
2026-06-15,2026-07-28,8650.0,PE,0,0,0,519.65
2026-06-15,2026-07-28,8700.0,CE,1875,500,8,160.0
2026-06-15,2026-07-28,8700.0,PE,0,0,0,943.15
2026-06-15,2026-07-28,8750.0,CE,250,0,0,110.55
2026-06-15,2026-07-28,8750.0,PE,0,0,0,586.5
2026-06-15,2026-07-28,8800.0,CE,250,0,0,83.5
2026-06-15,2026-07-28,8800.0,PE,0,0,0,1024.0
2026-06-15,2026-07-28,8850.0,CE,0,0,0,156.4
2026-06-15,2026-07-28,8850.0,PE,0,0,0,657.15
2026-06-15,2026-07-28,8900.0,CE,125,0,1,99.0
2026-06-15,2026-07-28,8900.0,PE,0,0,0,1107.05
2026-06-15,2026-07-28,8950.0,CE,0,0,0,132.1
2026-06-15,2026-07-28,8950.0,PE,0,0,0,731.85
2026-06-15,2026-07-28,9000.0,CE,9125,-1250,29,82.0
2026-06-15,2026-07-28,9000.0,PE,500,0,2,570.0
2026-06-15,2026-07-28,9050.0,CE,0,0,0,110.3
2026-06-15,2026-07-28,9050.0,PE,0,0,0,809.05
2026-06-15,2026-07-28,9100.0,CE,750,0,0,67.4
2026-06-15,2026-07-28,9100.0,PE,0,0,0,1279.05
2026-06-15,2026-07-28,9200.0,CE,0,0,0,52.65
2026-06-15,2026-07-28,9200.0,PE,0,0,0,1367.6
2026-06-15,2026-07-28,9300.0,CE,1625,250,12,29.95
2026-06-15,2026-07-28,9300.0,PE,0,0,0,1457.55
2026-06-15,2026-07-28,9400.0,CE,750,0,0,57.35
2026-06-15,2026-07-28,9400.0,PE,0,0,0,1548.8
2026-06-15,2026-07-28,9500.0,CE,875,-125,1,20.7
2026-06-15,2026-07-28,9500.0,PE,0,0,0,1641.15
2026-06-15,2026-07-28,9600.0,CE,750,625,7,16.25
2026-06-15,2026-07-28,9600.0,PE,0,0,0,1734.45
2026-06-15,2026-08-25,6800.0,CE,0,0,0,1576.8
2026-06-15,2026-08-25,6800.0,PE,0,0,0,17.85
2026-06-15,2026-08-25,7000.0,CE,0,0,0,1393.05
2026-06-15,2026-08-25,7000.0,PE,0,0,0,31.15
2026-06-15,2026-08-25,7200.0,CE,0,0,0,1216.2
2026-06-15,2026-08-25,7200.0,PE,0,0,0,51.35
2026-06-15,2026-08-25,7400.0,CE,0,0,0,1048.3
2026-06-15,2026-08-25,7400.0,PE,0,0,0,80.5
2026-06-15,2026-08-25,7500.0,CE,0,0,0,968.35
2026-06-15,2026-08-25,7500.0,PE,0,0,0,99.05
2026-06-15,2026-08-25,7600.0,CE,0,0,0,891.35
2026-06-15,2026-08-25,7600.0,PE,0,0,0,120.55
2026-06-15,2026-08-25,7700.0,CE,0,0,0,817.8
2026-06-15,2026-08-25,7700.0,PE,0,0,0,145.55
2026-06-15,2026-08-25,7800.0,CE,0,0,0,746.9
2026-06-15,2026-08-25,7800.0,PE,0,0,0,173.2
2026-06-15,2026-08-25,7900.0,CE,0,0,0,680.05
2026-06-15,2026-08-25,7900.0,PE,0,0,0,204.85
2026-06-15,2026-08-25,8000.0,CE,0,0,0,616.8
2026-06-15,2026-08-25,8000.0,PE,0,0,0,240.15
2026-06-15,2026-08-25,8100.0,CE,0,0,0,557.35
2026-06-15,2026-08-25,8100.0,PE,0,0,0,279.2
2026-06-15,2026-08-25,8200.0,CE,0,0,0,501.7
2026-06-15,2026-08-25,8200.0,PE,0,0,0,322.05
2026-06-15,2026-08-25,8300.0,CE,0,0,0,449.85
2026-06-15,2026-08-25,8300.0,PE,0,0,0,368.75
2026-06-15,2026-08-25,8400.0,CE,0,0,0,401.8
2026-06-15,2026-08-25,8400.0,PE,0,0,0,419.2
2026-06-15,2026-08-25,8500.0,CE,0,0,0,357.5
2026-06-15,2026-08-25,8500.0,PE,0,0,0,473.45
2026-06-15,2026-08-25,8600.0,CE,0,0,0,316.85
2026-06-15,2026-08-25,8600.0,PE,0,0,0,531.3
2026-06-15,2026-08-25,8700.0,CE,0,0,0,279.75
2026-06-15,2026-08-25,8700.0,PE,0,0,0,592.75
2026-06-15,2026-08-25,8800.0,CE,0,0,0,246.05
2026-06-15,2026-08-25,8800.0,PE,0,0,0,657.55
2026-06-15,2026-08-25,8900.0,CE,0,0,0,215.6
2026-06-15,2026-08-25,8900.0,PE,0,0,0,725.6
2026-06-15,2026-08-25,9000.0,CE,0,0,0,188.2
2026-06-15,2026-08-25,9000.0,PE,0,0,0,796.75
2026-06-15,2026-08-25,9100.0,CE,0,0,0,164.1
2026-06-15,2026-08-25,9100.0,PE,0,0,0,871.15
2026-06-15,2026-08-25,9200.0,CE,0,0,0,142.0
2026-06-15,2026-08-25,9200.0,PE,0,0,0,947.6
2026-06-15,2026-08-25,9400.0,CE,0,0,0,105.5
2026-06-15,2026-08-25,9400.0,PE,0,0,0,1108.15
2026-06-15,2026-08-25,9600.0,CE,0,0,0,77.3
2026-06-15,2026-08-25,9600.0,PE,0,0,0,1276.95
2026-06-15,2026-08-25,9800.0,CE,0,0,0,55.8
2026-06-15,2026-08-25,9800.0,PE,0,0,0,1452.55
2026-06-16,2026-06-30,6500.0,PE,5875,0,0,2.35
2026-06-16,2026-06-30,7000.0,CE,0,0,0,696.9
2026-06-16,2026-06-30,7000.0,PE,17875,-625,18,1.7
2026-06-16,2026-06-30,7100.0,CE,0,0,0,629.3
2026-06-16,2026-06-30,7100.0,PE,3750,0,0,2.25
2026-06-16,2026-06-30,7200.0,CE,0,0,0,566.0
2026-06-16,2026-06-30,7200.0,PE,3125,0,0,2.0
2026-06-16,2026-06-30,7250.0,PE,250,0,0,43.0
2026-06-16,2026-06-30,7300.0,CE,0,0,0,506.8
2026-06-16,2026-06-30,7300.0,PE,5250,-500,9,2.0
2026-06-16,2026-06-30,7350.0,PE,1875,0,0,25.0
2026-06-16,2026-06-30,7400.0,CE,0,0,0,451.7
2026-06-16,2026-06-30,7400.0,PE,6750,0,0,2.05
2026-06-16,2026-06-30,7500.0,CE,2000,0,0,765.0
2026-06-16,2026-06-30,7500.0,PE,70500,-625,22,3.5
2026-06-16,2026-06-30,7550.0,CE,0,0,0,474.0
2026-06-16,2026-06-30,7550.0,PE,3500,0,0,4.1
2026-06-16,2026-06-30,7600.0,CE,2000,0,0,863.2
2026-06-16,2026-06-30,7600.0,PE,70125,0,4,4.95
2026-06-16,2026-06-30,7650.0,CE,0,0,0,415.3
2026-06-16,2026-06-30,7650.0,PE,5875,0,0,5.0
2026-06-16,2026-06-30,7700.0,CE,1125,0,0,572.95
2026-06-16,2026-06-30,7700.0,PE,76375,-875,65,5.5
2026-06-16,2026-06-30,7750.0,CE,3375,0,1,708.1
2026-06-16,2026-06-30,7750.0,PE,4125,0,0,18.4
2026-06-16,2026-06-30,7800.0,CE,3875,0,0,710.0
2026-06-16,2026-06-30,7800.0,PE,55750,125,23,9.2
2026-06-16,2026-06-30,7850.0,CE,0,0,0,312.45
2026-06-16,2026-06-30,7850.0,PE,3875,0,0,8.8
2026-06-16,2026-06-30,7900.0,CE,1750,0,0,409.5
2026-06-16,2026-06-30,7900.0,PE,48500,2250,75,11.9
2026-06-16,2026-06-30,7950.0,CE,1875,0,0,442.1
2026-06-16,2026-06-30,7950.0,PE,8125,0,0,16.5
2026-06-16,2026-06-30,8000.0,CE,25000,250,16,450.0
2026-06-16,2026-06-30,8000.0,PE,133750,3875,674,17.35
2026-06-16,2026-06-30,8050.0,CE,7500,0,0,340.8
2026-06-16,2026-06-30,8050.0,PE,15250,4500,87,20.8
2026-06-16,2026-06-30,8100.0,CE,21125,0,1,407.0
2026-06-16,2026-06-30,8100.0,PE,51875,2750,218,26.65
2026-06-16,2026-06-30,8150.0,CE,7000,0,0,419.6
2026-06-16,2026-06-30,8150.0,PE,26250,1250,110,33.2
2026-06-16,2026-06-30,8200.0,CE,24625,-1000,13,271.35
2026-06-16,2026-06-30,8200.0,PE,72500,625,349,41.85
2026-06-16,2026-06-30,8250.0,CE,11250,500,14,235.95
2026-06-16,2026-06-30,8250.0,PE,42250,875,152,53.1
2026-06-16,2026-06-30,8300.0,CE,45125,1250,43,203.6
2026-06-16,2026-06-30,8300.0,PE,115875,-9375,1637,66.5
2026-06-16,2026-06-30,8350.0,CE,29375,-1625,153,170.4
2026-06-16,2026-06-30,8350.0,PE,32375,3875,259,83.7
2026-06-16,2026-06-30,8400.0,CE,101000,14500,901,140.0
2026-06-16,2026-06-30,8400.0,PE,133000,-108250,4195,105.0
2026-06-16,2026-06-30,8450.0,CE,55125,10375,979,113.65
2026-06-16,2026-06-30,8450.0,PE,65250,-32750,1295,129.65
2026-06-16,2026-06-30,8500.0,CE,179375,16000,2426,91.3
2026-06-16,2026-06-30,8500.0,PE,84500,-17250,837,156.65
2026-06-16,2026-06-30,8550.0,CE,62375,1500,489,72.0
2026-06-16,2026-06-30,8550.0,PE,39250,-2000,58,187.65
2026-06-16,2026-06-30,8600.0,CE,140500,14375,888,57.2
2026-06-16,2026-06-30,8600.0,PE,34000,-2250,117,224.65
2026-06-16,2026-06-30,8650.0,CE,31250,2375,179,44.5
2026-06-16,2026-06-30,8650.0,PE,6875,-375,20,260.9
2026-06-16,2026-06-30,8700.0,CE,83625,4000,682,35.3
2026-06-16,2026-06-30,8700.0,PE,10000,125,15,301.95
2026-06-16,2026-06-30,8750.0,CE,15500,-6125,209,27.45
2026-06-16,2026-06-30,8750.0,PE,7500,7500,60,341.75
2026-06-16,2026-06-30,8800.0,CE,92875,-9750,661,22.55
2026-06-16,2026-06-30,8800.0,PE,3250,0,0,299.4
2026-06-16,2026-06-30,8850.0,CE,9875,-9375,134,17.6
2026-06-16,2026-06-30,8850.0,PE,0,0,0,1059.35
2026-06-16,2026-06-30,8900.0,CE,61500,-2250,304,14.0
2026-06-16,2026-06-30,8900.0,PE,0,0,0,1368.8
2026-06-16,2026-06-30,8950.0,CE,0,0,0,40.6
2026-06-16,2026-06-30,8950.0,PE,0,0,0,1148.45
2026-06-16,2026-06-30,9000.0,CE,157875,-1750,557,9.7
2026-06-16,2026-06-30,9000.0,PE,2250,0,0,476.0
2026-06-16,2026-06-30,9050.0,CE,0,0,0,32.45
2026-06-16,2026-06-30,9050.0,PE,0,0,0,1239.3
2026-06-16,2026-06-30,9100.0,CE,165250,-2000,202,6.05
2026-06-16,2026-06-30,9100.0,PE,125,0,0,754.3
2026-06-16,2026-06-30,9200.0,CE,25000,-3000,53,5.0
2026-06-16,2026-06-30,9200.0,PE,375,0,0,874.75
2026-06-16,2026-06-30,9300.0,CE,24750,125,10,5.0
2026-06-16,2026-06-30,9300.0,PE,0,0,0,1705.85
2026-06-16,2026-06-30,9400.0,CE,17375,-375,14,3.7
2026-06-16,2026-06-30,9400.0,PE,0,0,0,1830.75
2026-06-16,2026-06-30,9500.0,CE,30000,-5000,142,2.95
2026-06-16,2026-06-30,9500.0,PE,0,0,0,1707.35
2026-06-16,2026-06-30,9600.0,CE,875,875,169,3.5
2026-06-16,2026-06-30,9600.0,PE,0,0,0,2021.1
2026-06-16,2026-07-28,7000.0,CE,0,0,0,939.85
2026-06-16,2026-07-28,7000.0,PE,0,0,0,86.35
2026-06-16,2026-07-28,7100.0,CE,0,0,0,861.8
2026-06-16,2026-07-28,7100.0,PE,125,0,0,12.0
2026-06-16,2026-07-28,7200.0,CE,0,0,0,787.3
2026-06-16,2026-07-28,7200.0,PE,0,0,0,130.9
2026-06-16,2026-07-28,7300.0,CE,0,0,0,715.65
2026-06-16,2026-07-28,7300.0,PE,125,0,0,36.05
2026-06-16,2026-07-28,7400.0,CE,0,0,0,648.15
2026-06-16,2026-07-28,7400.0,PE,0,0,0,188.95
2026-06-16,2026-07-28,7500.0,CE,0,0,0,584.6
2026-06-16,2026-07-28,7500.0,PE,875,0,0,24.95
2026-06-16,2026-07-28,7550.0,CE,0,0,0,858.5
2026-06-16,2026-07-28,7550.0,PE,1250,0,0,33.1
2026-06-16,2026-07-28,7600.0,CE,0,0,0,525.0
2026-06-16,2026-07-28,7600.0,PE,1750,0,0,22.2
2026-06-16,2026-07-28,7650.0,CE,0,0,0,779.1
2026-06-16,2026-07-28,7650.0,PE,500,0,0,28.15
2026-06-16,2026-07-28,7700.0,CE,500,0,0,575.9
2026-06-16,2026-07-28,7700.0,PE,1375,250,4,29.45
2026-06-16,2026-07-28,7750.0,CE,0,0,0,703.65
2026-06-16,2026-07-28,7750.0,PE,1500,500,4,32.0
2026-06-16,2026-07-28,7800.0,CE,0,0,0,417.9
2026-06-16,2026-07-28,7800.0,PE,875,625,6,35.0
2026-06-16,2026-07-28,7850.0,CE,0,0,0,631.4
2026-06-16,2026-07-28,7850.0,PE,875,250,2,41.7
2026-06-16,2026-07-28,7900.0,CE,0,0,0,370.4
2026-06-16,2026-07-28,7900.0,PE,625,375,3,50.0
2026-06-16,2026-07-28,7950.0,CE,0,0,0,563.85
2026-06-16,2026-07-28,7950.0,PE,500,0,0,60.6
2026-06-16,2026-07-28,8000.0,CE,250,-125,1,550.0
2026-06-16,2026-07-28,8000.0,PE,13375,1500,49,65.4
2026-06-16,2026-07-28,8050.0,CE,0,0,0,500.65
2026-06-16,2026-07-28,8050.0,PE,250,250,2,73.3
2026-06-16,2026-07-28,8100.0,CE,0,0,0,287.25
2026-06-16,2026-07-28,8100.0,PE,0,0,0,518.0
2026-06-16,2026-07-28,8150.0,CE,500,125,1,460.0
2026-06-16,2026-07-28,8150.0,PE,0,0,0,249.9
2026-06-16,2026-07-28,8200.0,CE,0,0,0,460.2
2026-06-16,2026-07-28,8200.0,PE,0,0,0,580.6
2026-06-16,2026-07-28,8250.0,CE,0,0,0,413.25
2026-06-16,2026-07-28,8250.0,PE,0,0,0,294.85
2026-06-16,2026-07-28,8300.0,CE,0,0,0,218.95
2026-06-16,2026-07-28,8300.0,PE,500,0,1,140.0
2026-06-16,2026-07-28,8350.0,CE,0,0,0,338.4
2026-06-16,2026-07-28,8350.0,PE,0,0,0,344.3
2026-06-16,2026-07-28,8400.0,CE,0,0,0,189.9
2026-06-16,2026-07-28,8400.0,PE,4375,0,0,156.65
2026-06-16,2026-07-28,8450.0,CE,125,0,0,297.35
2026-06-16,2026-07-28,8450.0,PE,0,0,0,398.35
2026-06-16,2026-07-28,8500.0,CE,5125,1125,20,212.55
2026-06-16,2026-07-28,8500.0,PE,7125,125,2,210.0
2026-06-16,2026-07-28,8550.0,CE,0,0,0,253.05
2026-06-16,2026-07-28,8550.0,PE,0,0,0,456.9
2026-06-16,2026-07-28,8600.0,CE,250,0,0,214.3
2026-06-16,2026-07-28,8600.0,PE,0,0,0,865.15
2026-06-16,2026-07-28,8650.0,CE,125,125,1,156.5
2026-06-16,2026-07-28,8650.0,PE,0,0,0,519.65
2026-06-16,2026-07-28,8700.0,CE,1875,0,5,150.0
2026-06-16,2026-07-28,8700.0,PE,0,0,0,943.15
2026-06-16,2026-07-28,8750.0,CE,250,0,0,110.55
2026-06-16,2026-07-28,8750.0,PE,0,0,0,586.5
2026-06-16,2026-07-28,8800.0,CE,500,250,2,109.1
2026-06-16,2026-07-28,8800.0,PE,0,0,0,1024.0
2026-06-16,2026-07-28,8850.0,CE,0,0,0,156.4
2026-06-16,2026-07-28,8850.0,PE,0,0,0,657.15
2026-06-16,2026-07-28,8900.0,CE,125,0,0,99.0
2026-06-16,2026-07-28,8900.0,PE,0,0,0,1107.05
2026-06-16,2026-07-28,8950.0,CE,0,0,0,132.1
2026-06-16,2026-07-28,8950.0,PE,0,0,0,731.85
2026-06-16,2026-07-28,9000.0,CE,11250,2125,52,61.15
2026-06-16,2026-07-28,9000.0,PE,500,0,1,575.0
2026-06-16,2026-07-28,9050.0,CE,0,0,0,110.3
2026-06-16,2026-07-28,9050.0,PE,0,0,0,809.05
2026-06-16,2026-07-28,9100.0,CE,625,-125,2,50.0
2026-06-16,2026-07-28,9100.0,PE,250,250,2,594.35
2026-06-16,2026-07-28,9200.0,CE,0,0,0,52.65
2026-06-16,2026-07-28,9200.0,PE,0,0,0,1367.6
2026-06-16,2026-07-28,9300.0,CE,1625,0,0,29.95
2026-06-16,2026-07-28,9300.0,PE,0,0,0,1457.55
2026-06-16,2026-07-28,9400.0,CE,750,0,1,36.05
2026-06-16,2026-07-28,9400.0,PE,0,0,0,1548.8
2026-06-16,2026-07-28,9500.0,CE,875,0,0,20.7
2026-06-16,2026-07-28,9500.0,PE,0,0,0,1641.15
2026-06-16,2026-07-28,9600.0,CE,750,0,0,16.25
2026-06-16,2026-07-28,9600.0,PE,0,0,0,1734.45
2026-06-16,2026-08-25,6800.0,CE,0,0,0,1576.8
2026-06-16,2026-08-25,6800.0,PE,0,0,0,17.85
2026-06-16,2026-08-25,7000.0,CE,0,0,0,1393.05
2026-06-16,2026-08-25,7000.0,PE,0,0,0,31.15
2026-06-16,2026-08-25,7200.0,CE,0,0,0,1216.2
2026-06-16,2026-08-25,7200.0,PE,0,0,0,51.35
2026-06-16,2026-08-25,7400.0,CE,0,0,0,1048.3
2026-06-16,2026-08-25,7400.0,PE,0,0,0,80.5
2026-06-16,2026-08-25,7500.0,CE,0,0,0,968.35
2026-06-16,2026-08-25,7500.0,PE,0,0,0,99.05
2026-06-16,2026-08-25,7600.0,CE,0,0,0,891.35
2026-06-16,2026-08-25,7600.0,PE,0,0,0,120.55
2026-06-16,2026-08-25,7700.0,CE,0,0,0,817.8
2026-06-16,2026-08-25,7700.0,PE,0,0,0,145.55
2026-06-16,2026-08-25,7800.0,CE,0,0,0,746.9
2026-06-16,2026-08-25,7800.0,PE,0,0,0,173.2
2026-06-16,2026-08-25,7900.0,CE,0,0,0,680.05
2026-06-16,2026-08-25,7900.0,PE,0,0,0,204.85
2026-06-16,2026-08-25,8000.0,CE,0,0,0,616.8
2026-06-16,2026-08-25,8000.0,PE,0,0,0,240.15
2026-06-16,2026-08-25,8100.0,CE,0,0,0,557.35
2026-06-16,2026-08-25,8100.0,PE,0,0,0,279.2
2026-06-16,2026-08-25,8200.0,CE,0,0,0,501.7
2026-06-16,2026-08-25,8200.0,PE,0,0,0,322.05
2026-06-16,2026-08-25,8300.0,CE,0,0,0,449.85
2026-06-16,2026-08-25,8300.0,PE,0,0,0,368.75
2026-06-16,2026-08-25,8400.0,CE,0,0,0,401.8
2026-06-16,2026-08-25,8400.0,PE,0,0,0,419.2
2026-06-16,2026-08-25,8500.0,CE,0,0,0,357.5
2026-06-16,2026-08-25,8500.0,PE,0,0,0,473.45
2026-06-16,2026-08-25,8600.0,CE,0,0,0,316.85
2026-06-16,2026-08-25,8600.0,PE,0,0,0,531.3
2026-06-16,2026-08-25,8700.0,CE,0,0,0,279.75
2026-06-16,2026-08-25,8700.0,PE,0,0,0,592.75
2026-06-16,2026-08-25,8800.0,CE,0,0,0,246.05
2026-06-16,2026-08-25,8800.0,PE,0,0,0,657.55
2026-06-16,2026-08-25,8900.0,CE,0,0,0,215.6
2026-06-16,2026-08-25,8900.0,PE,0,0,0,725.6
2026-06-16,2026-08-25,9000.0,CE,0,0,0,188.2
2026-06-16,2026-08-25,9000.0,PE,0,0,0,796.75
2026-06-16,2026-08-25,9100.0,CE,0,0,0,164.1
2026-06-16,2026-08-25,9100.0,PE,0,0,0,871.15
2026-06-16,2026-08-25,9200.0,CE,0,0,0,142.0
2026-06-16,2026-08-25,9200.0,PE,0,0,0,947.6
2026-06-16,2026-08-25,9400.0,CE,0,0,0,105.5
2026-06-16,2026-08-25,9400.0,PE,0,0,0,1108.15
2026-06-16,2026-08-25,9600.0,CE,0,0,0,77.3
2026-06-16,2026-08-25,9600.0,PE,0,0,0,1276.95
2026-06-16,2026-08-25,9800.0,CE,0,0,0,55.8
2026-06-16,2026-08-25,9800.0,PE,0,0,0,1452.55
2026-06-17,2026-06-30,6500.0,PE,5875,0,46,2.15
2026-06-17,2026-06-30,7000.0,CE,0,0,0,696.9
2026-06-17,2026-06-30,7000.0,PE,17250,-625,38,2.5
2026-06-17,2026-06-30,7100.0,CE,0,0,0,629.3
2026-06-17,2026-06-30,7100.0,PE,3875,125,3,1.9
2026-06-17,2026-06-30,7200.0,CE,0,0,0,566.0
2026-06-17,2026-06-30,7200.0,PE,2875,-250,810,2.1
2026-06-17,2026-06-30,7250.0,PE,250,0,0,43.0
2026-06-17,2026-06-30,7300.0,CE,0,0,0,506.8
2026-06-17,2026-06-30,7300.0,PE,5250,0,2,1.05
2026-06-17,2026-06-30,7350.0,PE,1875,0,0,25.0
2026-06-17,2026-06-30,7400.0,CE,0,0,0,451.7
2026-06-17,2026-06-30,7400.0,PE,6125,-625,9,1.6
2026-06-17,2026-06-30,7500.0,CE,2000,0,0,765.0
2026-06-17,2026-06-30,7500.0,PE,70250,-250,6,2.5
2026-06-17,2026-06-30,7550.0,CE,0,0,0,474.0
2026-06-17,2026-06-30,7550.0,PE,3500,0,0,4.1
2026-06-17,2026-06-30,7600.0,CE,2000,0,0,863.2
2026-06-17,2026-06-30,7600.0,PE,70125,0,1,3.3
2026-06-17,2026-06-30,7650.0,CE,0,0,0,415.3
2026-06-17,2026-06-30,7650.0,PE,5875,0,0,5.0
2026-06-17,2026-06-30,7700.0,CE,1125,0,0,572.95
2026-06-17,2026-06-30,7700.0,PE,76125,-250,37,4.55
2026-06-17,2026-06-30,7750.0,CE,3375,0,0,708.1
2026-06-17,2026-06-30,7750.0,PE,4125,0,0,18.4
2026-06-17,2026-06-30,7800.0,CE,3875,0,0,710.0
2026-06-17,2026-06-30,7800.0,PE,58375,2625,52,8.6
2026-06-17,2026-06-30,7850.0,CE,0,0,0,312.45
2026-06-17,2026-06-30,7850.0,PE,3875,0,1,6.15
2026-06-17,2026-06-30,7900.0,CE,1750,0,0,409.5
2026-06-17,2026-06-30,7900.0,PE,47625,-875,26,10.05
2026-06-17,2026-06-30,7950.0,CE,1875,0,0,442.1
2026-06-17,2026-06-30,7950.0,PE,8125,0,0,16.5
2026-06-17,2026-06-30,8000.0,CE,24625,-375,24,447.05
2026-06-17,2026-06-30,8000.0,PE,116000,-17750,383,14.3
2026-06-17,2026-06-30,8050.0,CE,7500,0,0,340.8
2026-06-17,2026-06-30,8050.0,PE,20875,5625,96,15.5
2026-06-17,2026-06-30,8100.0,CE,21125,0,2,400.6
2026-06-17,2026-06-30,8100.0,PE,50125,-1750,116,20.25
2026-06-17,2026-06-30,8150.0,CE,7375,375,6,310.55
2026-06-17,2026-06-30,8150.0,PE,26750,500,74,25.55
2026-06-17,2026-06-30,8200.0,CE,24625,0,16,300.65
2026-06-17,2026-06-30,8200.0,PE,69250,-3250,338,32.65
2026-06-17,2026-06-30,8250.0,CE,10500,-750,16,259.2
2026-06-17,2026-06-30,8250.0,PE,41250,-1000,120,41.75
2026-06-17,2026-06-30,8300.0,CE,45625,500,83,219.55
2026-06-17,2026-06-30,8300.0,PE,109125,-6750,2055,54.05
2026-06-17,2026-06-30,8350.0,CE,28750,-625,69,187.0
2026-06-17,2026-06-30,8350.0,PE,29625,-2750,274,69.85
2026-06-17,2026-06-30,8400.0,CE,87875,-13125,1235,153.6
2026-06-17,2026-06-30,8400.0,PE,129125,-3875,1575,88.95
2026-06-17,2026-06-30,8450.0,CE,57125,2000,1513,125.3
2026-06-17,2026-06-30,8450.0,PE,75500,10250,1666,113.75
2026-06-17,2026-06-30,8500.0,CE,199250,19875,2651,102.65
2026-06-17,2026-06-30,8500.0,PE,84500,0,324,137.2
2026-06-17,2026-06-30,8550.0,CE,57250,-5125,428,82.75
2026-06-17,2026-06-30,8550.0,PE,39500,250,69,166.8
2026-06-17,2026-06-30,8600.0,CE,141250,750,718,67.4
2026-06-17,2026-06-30,8600.0,PE,32000,-2000,82,198.65
2026-06-17,2026-06-30,8650.0,CE,30000,-1250,185,52.15
2026-06-17,2026-06-30,8650.0,PE,6875,0,6,245.15
2026-06-17,2026-06-30,8700.0,CE,84500,875,535,40.95
2026-06-17,2026-06-30,8700.0,PE,10125,125,22,277.2
2026-06-17,2026-06-30,8750.0,CE,17125,1625,138,32.75
2026-06-17,2026-06-30,8750.0,PE,7500,0,0,341.75
2026-06-17,2026-06-30,8800.0,CE,86500,-6375,510,25.3
2026-06-17,2026-06-30,8800.0,PE,3250,0,0,299.4
2026-06-17,2026-06-30,8850.0,CE,9750,-125,14,19.1
2026-06-17,2026-06-30,8850.0,PE,0,0,0,1059.35
2026-06-17,2026-06-30,8900.0,CE,53250,-8250,200,15.2
2026-06-17,2026-06-30,8900.0,PE,0,0,0,1368.8
2026-06-17,2026-06-30,8950.0,CE,0,0,0,40.6
2026-06-17,2026-06-30,8950.0,PE,0,0,0,1148.45
2026-06-17,2026-06-30,9000.0,CE,134250,-23625,420,9.7
2026-06-17,2026-06-30,9000.0,PE,2000,-250,4,561.75
2026-06-17,2026-06-30,9050.0,CE,0,0,0,32.45
2026-06-17,2026-06-30,9050.0,PE,0,0,0,1239.3
2026-06-17,2026-06-30,9100.0,CE,158125,-7125,221,5.85
2026-06-17,2026-06-30,9100.0,PE,125,0,0,754.3
2026-06-17,2026-06-30,9200.0,CE,26500,1500,97,4.9
2026-06-17,2026-06-30,9200.0,PE,375,0,0,874.75
2026-06-17,2026-06-30,9300.0,CE,24625,-125,22,3.8
2026-06-17,2026-06-30,9300.0,PE,0,0,0,1705.85
2026-06-17,2026-06-30,9400.0,CE,17125,-250,53,3.6
2026-06-17,2026-06-30,9400.0,PE,0,0,0,1830.75
2026-06-17,2026-06-30,9500.0,CE,25625,-4375,76,3.15
2026-06-17,2026-06-30,9500.0,PE,0,0,0,1707.35
2026-06-17,2026-06-30,9600.0,CE,875,0,328,2.55
2026-06-17,2026-06-30,9600.0,PE,0,0,0,2021.1
2026-06-17,2026-07-28,7000.0,CE,0,0,0,939.85
2026-06-17,2026-07-28,7000.0,PE,0,0,0,86.35
2026-06-17,2026-07-28,7100.0,CE,0,0,0,861.8
2026-06-17,2026-07-28,7100.0,PE,125,0,0,12.0
2026-06-17,2026-07-28,7200.0,CE,0,0,0,787.3
2026-06-17,2026-07-28,7200.0,PE,0,0,0,130.9
2026-06-17,2026-07-28,7300.0,CE,0,0,0,715.65
2026-06-17,2026-07-28,7300.0,PE,125,0,0,36.05
2026-06-17,2026-07-28,7400.0,CE,0,0,0,648.15
2026-06-17,2026-07-28,7400.0,PE,0,0,0,188.95
2026-06-17,2026-07-28,7500.0,CE,0,0,0,584.6
2026-06-17,2026-07-28,7500.0,PE,875,0,0,24.95
2026-06-17,2026-07-28,7550.0,CE,0,0,0,858.5
2026-06-17,2026-07-28,7550.0,PE,1250,0,0,33.1
2026-06-17,2026-07-28,7600.0,CE,0,0,0,525.0
2026-06-17,2026-07-28,7600.0,PE,1750,0,0,22.2
2026-06-17,2026-07-28,7650.0,CE,0,0,0,779.1
2026-06-17,2026-07-28,7650.0,PE,500,0,0,28.15
2026-06-17,2026-07-28,7700.0,CE,500,0,0,575.9
2026-06-17,2026-07-28,7700.0,PE,1375,0,0,29.45
2026-06-17,2026-07-28,7750.0,CE,0,0,0,703.65
2026-06-17,2026-07-28,7750.0,PE,1500,0,0,32.0
2026-06-17,2026-07-28,7800.0,CE,0,0,0,417.9
2026-06-17,2026-07-28,7800.0,PE,875,0,0,35.0
2026-06-17,2026-07-28,7850.0,CE,0,0,0,631.4
2026-06-17,2026-07-28,7850.0,PE,875,0,0,41.7
2026-06-17,2026-07-28,7900.0,CE,0,0,0,370.4
2026-06-17,2026-07-28,7900.0,PE,625,0,0,50.0
2026-06-17,2026-07-28,7950.0,CE,0,0,0,563.85
2026-06-17,2026-07-28,7950.0,PE,500,0,0,60.6
2026-06-17,2026-07-28,8000.0,CE,250,0,0,550.0
2026-06-17,2026-07-28,8000.0,PE,14500,1125,16,60.25
2026-06-17,2026-07-28,8050.0,CE,0,0,0,500.65
2026-06-17,2026-07-28,8050.0,PE,250,0,0,73.3
2026-06-17,2026-07-28,8100.0,CE,0,0,0,287.25
2026-06-17,2026-07-28,8100.0,PE,250,250,2,77.1
2026-06-17,2026-07-28,8150.0,CE,875,375,3,460.1
2026-06-17,2026-07-28,8150.0,PE,0,0,0,249.9
2026-06-17,2026-07-28,8200.0,CE,0,0,0,460.2
2026-06-17,2026-07-28,8200.0,PE,1125,1125,9,101.15
2026-06-17,2026-07-28,8250.0,CE,625,625,7,384.6
2026-06-17,2026-07-28,8250.0,PE,0,0,0,294.85
2026-06-17,2026-07-28,8300.0,CE,0,0,0,218.95
2026-06-17,2026-07-28,8300.0,PE,500,0,0,140.0
2026-06-17,2026-07-28,8350.0,CE,0,0,0,338.4
2026-06-17,2026-07-28,8350.0,PE,0,0,0,344.3
2026-06-17,2026-07-28,8400.0,CE,0,0,0,189.9
2026-06-17,2026-07-28,8400.0,PE,4375,0,0,156.65
2026-06-17,2026-07-28,8450.0,CE,125,0,0,297.35
2026-06-17,2026-07-28,8450.0,PE,0,0,0,398.35
2026-06-17,2026-07-28,8500.0,CE,4875,-250,7,229.6
2026-06-17,2026-07-28,8500.0,PE,7625,500,5,212.0
2026-06-17,2026-07-28,8550.0,CE,0,0,0,253.05
2026-06-17,2026-07-28,8550.0,PE,0,0,0,456.9
2026-06-17,2026-07-28,8600.0,CE,250,0,0,214.3
2026-06-17,2026-07-28,8600.0,PE,0,0,0,865.15
2026-06-17,2026-07-28,8650.0,CE,125,0,0,156.5
2026-06-17,2026-07-28,8650.0,PE,0,0,0,519.65
2026-06-17,2026-07-28,8700.0,CE,2000,125,1,149.15
2026-06-17,2026-07-28,8700.0,PE,0,0,0,943.15
2026-06-17,2026-07-28,8750.0,CE,250,0,0,110.55
2026-06-17,2026-07-28,8750.0,PE,0,0,0,586.5
2026-06-17,2026-07-28,8800.0,CE,2625,2125,20,106.0
2026-06-17,2026-07-28,8800.0,PE,0,0,0,1024.0
2026-06-17,2026-07-28,8850.0,CE,0,0,0,156.4
2026-06-17,2026-07-28,8850.0,PE,0,0,0,657.15
2026-06-17,2026-07-28,8900.0,CE,125,0,0,99.0
2026-06-17,2026-07-28,8900.0,PE,0,0,0,1107.05
2026-06-17,2026-07-28,8950.0,CE,0,0,0,132.1
2026-06-17,2026-07-28,8950.0,PE,0,0,0,731.85
2026-06-17,2026-07-28,9000.0,CE,13500,2250,98,65.75
2026-06-17,2026-07-28,9000.0,PE,500,0,0,575.0
2026-06-17,2026-07-28,9050.0,CE,0,0,0,110.3
2026-06-17,2026-07-28,9050.0,PE,0,0,0,809.05
2026-06-17,2026-07-28,9100.0,CE,1500,875,9,51.95
2026-06-17,2026-07-28,9100.0,PE,250,0,0,594.35
2026-06-17,2026-07-28,9200.0,CE,0,0,0,52.65
2026-06-17,2026-07-28,9200.0,PE,0,0,0,1367.6
2026-06-17,2026-07-28,9300.0,CE,1625,0,0,29.95
2026-06-17,2026-07-28,9300.0,PE,0,0,0,1457.55
2026-06-17,2026-07-28,9400.0,CE,750,0,0,36.05
2026-06-17,2026-07-28,9400.0,PE,0,0,0,1548.8
2026-06-17,2026-07-28,9500.0,CE,875,0,2,17.0
2026-06-17,2026-07-28,9500.0,PE,0,0,0,1641.15
2026-06-17,2026-07-28,9600.0,CE,500,-250,2,14.3
2026-06-17,2026-07-28,9600.0,PE,0,0,0,1734.45
2026-06-17,2026-08-25,6800.0,CE,0,0,0,1576.8
2026-06-17,2026-08-25,6800.0,PE,0,0,0,17.85
2026-06-17,2026-08-25,7000.0,CE,0,0,0,1393.05
2026-06-17,2026-08-25,7000.0,PE,0,0,0,31.15
2026-06-17,2026-08-25,7200.0,CE,0,0,0,1216.2
2026-06-17,2026-08-25,7200.0,PE,0,0,0,51.35
2026-06-17,2026-08-25,7400.0,CE,0,0,0,1048.3
2026-06-17,2026-08-25,7400.0,PE,0,0,0,80.5
2026-06-17,2026-08-25,7500.0,CE,0,0,0,968.35
2026-06-17,2026-08-25,7500.0,PE,0,0,0,99.05
2026-06-17,2026-08-25,7600.0,CE,0,0,0,891.35
2026-06-17,2026-08-25,7600.0,PE,0,0,0,120.55
2026-06-17,2026-08-25,7700.0,CE,0,0,0,817.8
2026-06-17,2026-08-25,7700.0,PE,0,0,0,145.55
2026-06-17,2026-08-25,7800.0,CE,0,0,0,746.9
2026-06-17,2026-08-25,7800.0,PE,0,0,0,173.2
2026-06-17,2026-08-25,7900.0,CE,0,0,0,680.05
2026-06-17,2026-08-25,7900.0,PE,0,0,0,204.85
2026-06-17,2026-08-25,8000.0,CE,0,0,0,616.8
2026-06-17,2026-08-25,8000.0,PE,0,0,0,240.15
2026-06-17,2026-08-25,8100.0,CE,0,0,0,557.35
2026-06-17,2026-08-25,8100.0,PE,0,0,0,279.2
2026-06-17,2026-08-25,8200.0,CE,0,0,0,501.7
2026-06-17,2026-08-25,8200.0,PE,0,0,0,322.05
2026-06-17,2026-08-25,8300.0,CE,0,0,0,449.85
2026-06-17,2026-08-25,8300.0,PE,0,0,0,368.75
2026-06-17,2026-08-25,8400.0,CE,0,0,0,401.8
2026-06-17,2026-08-25,8400.0,PE,0,0,0,419.2
2026-06-17,2026-08-25,8500.0,CE,0,0,0,357.5
2026-06-17,2026-08-25,8500.0,PE,0,0,0,473.45
2026-06-17,2026-08-25,8600.0,CE,0,0,0,316.85
2026-06-17,2026-08-25,8600.0,PE,0,0,0,531.3
2026-06-17,2026-08-25,8700.0,CE,0,0,0,279.75
2026-06-17,2026-08-25,8700.0,PE,0,0,0,592.75
2026-06-17,2026-08-25,8800.0,CE,0,0,0,246.05
2026-06-17,2026-08-25,8800.0,PE,0,0,0,657.55
2026-06-17,2026-08-25,8900.0,CE,0,0,0,215.6
2026-06-17,2026-08-25,8900.0,PE,0,0,0,725.6
2026-06-17,2026-08-25,9000.0,CE,0,0,0,188.2
2026-06-17,2026-08-25,9000.0,PE,0,0,0,796.75
2026-06-17,2026-08-25,9100.0,CE,0,0,0,164.1
2026-06-17,2026-08-25,9100.0,PE,0,0,0,871.15
2026-06-17,2026-08-25,9200.0,CE,0,0,0,142.0
2026-06-17,2026-08-25,9200.0,PE,0,0,0,947.6
2026-06-17,2026-08-25,9400.0,CE,0,0,0,105.5
2026-06-17,2026-08-25,9400.0,PE,0,0,0,1108.15
2026-06-17,2026-08-25,9600.0,CE,0,0,0,77.3
2026-06-17,2026-08-25,9600.0,PE,0,0,0,1276.95
2026-06-17,2026-08-25,9800.0,CE,0,0,0,55.8
2026-06-17,2026-08-25,9800.0,PE,0,0,0,1452.55
2026-06-18,2026-06-30,6500.0,PE,5875,0,0,2.15
2026-06-18,2026-06-30,7000.0,CE,0,0,0,696.9
2026-06-18,2026-06-30,7000.0,PE,17250,0,26,1.5
2026-06-18,2026-06-30,7100.0,CE,0,0,0,629.3
2026-06-18,2026-06-30,7100.0,PE,3125,-750,28,1.85
2026-06-18,2026-06-30,7200.0,CE,0,0,0,566.0
2026-06-18,2026-06-30,7200.0,PE,3750,875,1526,1.9
2026-06-18,2026-06-30,7250.0,PE,250,0,0,43.0
2026-06-18,2026-06-30,7300.0,CE,0,0,0,506.8
2026-06-18,2026-06-30,7300.0,PE,5250,0,0,1.05
2026-06-18,2026-06-30,7350.0,PE,1875,0,0,25.0
2026-06-18,2026-06-30,7400.0,CE,0,0,0,451.7
2026-06-18,2026-06-30,7400.0,PE,6125,0,0,1.6
2026-06-18,2026-06-30,7500.0,CE,2000,0,0,765.0
2026-06-18,2026-06-30,7500.0,PE,69250,-1000,53,2.05
2026-06-18,2026-06-30,7550.0,CE,0,0,0,474.0
2026-06-18,2026-06-30,7550.0,PE,3500,0,0,4.1
2026-06-18,2026-06-30,7600.0,CE,2000,0,0,863.2
2026-06-18,2026-06-30,7600.0,PE,71000,875,42,3.3
2026-06-18,2026-06-30,7650.0,CE,0,0,0,415.3
2026-06-18,2026-06-30,7650.0,PE,5875,0,0,5.0
2026-06-18,2026-06-30,7700.0,CE,1125,0,0,572.95
2026-06-18,2026-06-30,7700.0,PE,76125,0,27,3.65
2026-06-18,2026-06-30,7750.0,CE,3375,0,0,708.1
2026-06-18,2026-06-30,7750.0,PE,4125,0,0,18.4
2026-06-18,2026-06-30,7800.0,CE,4000,125,3,672.2
2026-06-18,2026-06-30,7800.0,PE,66750,8375,350,5.05
2026-06-18,2026-06-30,7850.0,CE,0,0,0,312.45
2026-06-18,2026-06-30,7850.0,PE,3875,0,0,6.15
2026-06-18,2026-06-30,7900.0,CE,1750,0,0,409.5
2026-06-18,2026-06-30,7900.0,PE,46125,-1500,44,7.0
2026-06-18,2026-06-30,7950.0,CE,1875,0,0,442.1
2026-06-18,2026-06-30,7950.0,PE,8125,0,0,16.5
2026-06-18,2026-06-30,8000.0,CE,24375,-250,3,441.0
2026-06-18,2026-06-30,8000.0,PE,103375,-12625,346,10.6
2026-06-18,2026-06-30,8050.0,CE,7500,0,0,340.8
2026-06-18,2026-06-30,8050.0,PE,20000,-875,73,14.65
2026-06-18,2026-06-30,8100.0,CE,19750,-1375,28,363.35
2026-06-18,2026-06-30,8100.0,PE,45500,-4625,269,16.4
2026-06-18,2026-06-30,8150.0,CE,7375,0,0,310.55
2026-06-18,2026-06-30,8150.0,PE,24750,-2000,37,21.2
2026-06-18,2026-06-30,8200.0,CE,24500,-125,17,279.7
2026-06-18,2026-06-30,8200.0,PE,72750,3500,340,27.15
2026-06-18,2026-06-30,8250.0,CE,10750,250,7,237.65
2026-06-18,2026-06-30,8250.0,PE,43875,2625,190,36.25
2026-06-18,2026-06-30,8300.0,CE,46000,375,46,201.45
2026-06-18,2026-06-30,8300.0,PE,105750,-3375,782,48.35
2026-06-18,2026-06-30,8350.0,CE,28125,-625,47,165.3
2026-06-18,2026-06-30,8350.0,PE,29750,125,139,64.15
2026-06-18,2026-06-30,8400.0,CE,115875,28000,1708,134.9
2026-06-18,2026-06-30,8400.0,PE,145250,16125,1959,84.8
2026-06-18,2026-06-30,8450.0,CE,66625,9500,1489,108.95
2026-06-18,2026-06-30,8450.0,PE,89000,13500,2048,111.4
2026-06-18,2026-06-30,8500.0,CE,230500,31250,2747,87.5
2026-06-18,2026-06-30,8500.0,PE,85125,625,319,136.2
2026-06-18,2026-06-30,8550.0,CE,59000,1750,424,69.95
2026-06-18,2026-06-30,8550.0,PE,36875,-2625,36,168.75
2026-06-18,2026-06-30,8600.0,CE,143375,2125,767,55.55
2026-06-18,2026-06-30,8600.0,PE,28750,-3250,77,205.0
2026-06-18,2026-06-30,8650.0,CE,30500,500,371,43.25
2026-06-18,2026-06-30,8650.0,PE,6875,0,0,245.15
2026-06-18,2026-06-30,8700.0,CE,87875,3375,684,34.2
2026-06-18,2026-06-30,8700.0,PE,10250,125,6,286.4
2026-06-18,2026-06-30,8750.0,CE,13000,-4125,284,26.45
2026-06-18,2026-06-30,8750.0,PE,7500,0,0,341.75
2026-06-18,2026-06-30,8800.0,CE,88500,2000,670,21.0
2026-06-18,2026-06-30,8800.0,PE,3250,0,0,299.4
2026-06-18,2026-06-30,8850.0,CE,9625,-125,5,14.1
2026-06-18,2026-06-30,8850.0,PE,0,0,0,1059.35
2026-06-18,2026-06-30,8900.0,CE,58125,4875,136,12.0
2026-06-18,2026-06-30,8900.0,PE,0,0,0,1368.8
2026-06-18,2026-06-30,8950.0,CE,0,0,0,40.6
2026-06-18,2026-06-30,8950.0,PE,0,0,0,1148.45
2026-06-18,2026-06-30,9000.0,CE,138250,4000,723,8.05
2026-06-18,2026-06-30,9000.0,PE,2000,0,2,560.0
2026-06-18,2026-06-30,9050.0,CE,0,0,0,32.45
2026-06-18,2026-06-30,9050.0,PE,0,0,0,1239.3
2026-06-18,2026-06-30,9100.0,CE,166375,8250,602,4.35
2026-06-18,2026-06-30,9100.0,PE,125,0,0,754.3
2026-06-18,2026-06-30,9200.0,CE,22125,-4375,105,3.6
2026-06-18,2026-06-30,9200.0,PE,375,0,0,874.75
2026-06-18,2026-06-30,9300.0,CE,26250,1625,22,3.8
2026-06-18,2026-06-30,9300.0,PE,0,0,0,1705.85
2026-06-18,2026-06-30,9400.0,CE,17500,375,22,2.85
2026-06-18,2026-06-30,9400.0,PE,0,0,0,1830.75
2026-06-18,2026-06-30,9500.0,CE,24875,-750,46,2.6
2026-06-18,2026-06-30,9500.0,PE,0,0,0,1707.35
2026-06-18,2026-06-30,9600.0,CE,1000,125,189,2.45
2026-06-18,2026-06-30,9600.0,PE,0,0,0,2021.1
2026-06-18,2026-07-28,7000.0,CE,0,0,0,939.85
2026-06-18,2026-07-28,7000.0,PE,0,0,0,86.35
2026-06-18,2026-07-28,7100.0,CE,0,0,0,861.8
2026-06-18,2026-07-28,7100.0,PE,125,0,0,12.0
2026-06-18,2026-07-28,7200.0,CE,0,0,0,787.3
2026-06-18,2026-07-28,7200.0,PE,0,0,0,130.9
2026-06-18,2026-07-28,7300.0,CE,0,0,0,715.65
2026-06-18,2026-07-28,7300.0,PE,125,0,0,36.05
2026-06-18,2026-07-28,7400.0,CE,0,0,0,648.15
2026-06-18,2026-07-28,7400.0,PE,0,0,0,188.95
2026-06-18,2026-07-28,7500.0,CE,0,0,0,584.6
2026-06-18,2026-07-28,7500.0,PE,875,0,0,24.95
2026-06-18,2026-07-28,7550.0,CE,0,0,0,858.5
2026-06-18,2026-07-28,7550.0,PE,1250,0,0,33.1
2026-06-18,2026-07-28,7600.0,CE,0,0,0,525.0
2026-06-18,2026-07-28,7600.0,PE,1750,0,0,22.2
2026-06-18,2026-07-28,7650.0,CE,0,0,0,779.1
2026-06-18,2026-07-28,7650.0,PE,500,0,0,28.15
2026-06-18,2026-07-28,7700.0,CE,500,0,0,575.9
2026-06-18,2026-07-28,7700.0,PE,1375,0,0,29.45
2026-06-18,2026-07-28,7750.0,CE,0,0,0,703.65
2026-06-18,2026-07-28,7750.0,PE,1500,0,0,32.0
2026-06-18,2026-07-28,7800.0,CE,0,0,0,417.9
2026-06-18,2026-07-28,7800.0,PE,875,0,0,35.0
2026-06-18,2026-07-28,7850.0,CE,0,0,0,631.4
2026-06-18,2026-07-28,7850.0,PE,875,0,0,41.7
2026-06-18,2026-07-28,7900.0,CE,0,0,0,370.4
2026-06-18,2026-07-28,7900.0,PE,625,0,0,50.0
2026-06-18,2026-07-28,7950.0,CE,0,0,0,563.85
2026-06-18,2026-07-28,7950.0,PE,500,0,0,60.6
2026-06-18,2026-07-28,8000.0,CE,250,0,0,550.0
2026-06-18,2026-07-28,8000.0,PE,14500,0,18,54.2
2026-06-18,2026-07-28,8050.0,CE,0,0,0,500.65
2026-06-18,2026-07-28,8050.0,PE,250,0,0,73.3
2026-06-18,2026-07-28,8100.0,CE,0,0,0,287.25
2026-06-18,2026-07-28,8100.0,PE,375,125,1,72.2
2026-06-18,2026-07-28,8150.0,CE,875,0,3,432.05
2026-06-18,2026-07-28,8150.0,PE,750,750,6,85.35
2026-06-18,2026-07-28,8200.0,CE,0,0,0,460.2
2026-06-18,2026-07-28,8200.0,PE,1125,0,1,100.0
2026-06-18,2026-07-28,8250.0,CE,875,250,5,355.45
2026-06-18,2026-07-28,8250.0,PE,0,0,0,294.85
2026-06-18,2026-07-28,8300.0,CE,0,0,0,218.95
2026-06-18,2026-07-28,8300.0,PE,500,0,0,140.0
2026-06-18,2026-07-28,8350.0,CE,0,0,0,338.4
2026-06-18,2026-07-28,8350.0,PE,0,0,0,344.3
2026-06-18,2026-07-28,8400.0,CE,0,0,0,189.9
2026-06-18,2026-07-28,8400.0,PE,4375,0,0,156.65
2026-06-18,2026-07-28,8450.0,CE,125,0,0,297.35
2026-06-18,2026-07-28,8450.0,PE,0,0,0,398.35
2026-06-18,2026-07-28,8500.0,CE,5625,750,23,213.9
2026-06-18,2026-07-28,8500.0,PE,7625,0,8,219.05
2026-06-18,2026-07-28,8550.0,CE,0,0,0,253.05
2026-06-18,2026-07-28,8550.0,PE,0,0,0,456.9
2026-06-18,2026-07-28,8600.0,CE,250,0,0,214.3
2026-06-18,2026-07-28,8600.0,PE,0,0,0,865.15
2026-06-18,2026-07-28,8650.0,CE,250,125,3,153.0
2026-06-18,2026-07-28,8650.0,PE,0,0,0,519.65
2026-06-18,2026-07-28,8700.0,CE,2000,0,0,149.15
2026-06-18,2026-07-28,8700.0,PE,0,0,0,943.15
2026-06-18,2026-07-28,8750.0,CE,250,0,0,110.55
2026-06-18,2026-07-28,8750.0,PE,0,0,0,586.5
2026-06-18,2026-07-28,8800.0,CE,3125,500,10,108.0
2026-06-18,2026-07-28,8800.0,PE,0,0,0,1024.0
2026-06-18,2026-07-28,8850.0,CE,0,0,0,156.4
2026-06-18,2026-07-28,8850.0,PE,0,0,0,657.15
2026-06-18,2026-07-28,8900.0,CE,125,0,0,99.0
2026-06-18,2026-07-28,8900.0,PE,0,0,0,1107.05
2026-06-18,2026-07-28,8950.0,CE,0,0,0,132.1
2026-06-18,2026-07-28,8950.0,PE,0,0,0,731.85
2026-06-18,2026-07-28,9000.0,CE,15125,1625,35,61.8
2026-06-18,2026-07-28,9000.0,PE,500,0,1,570.0
2026-06-18,2026-07-28,9050.0,CE,0,0,0,110.3
2026-06-18,2026-07-28,9050.0,PE,0,0,0,809.05
2026-06-18,2026-07-28,9100.0,CE,1500,0,0,51.95
2026-06-18,2026-07-28,9100.0,PE,250,0,0,594.35
2026-06-18,2026-07-28,9200.0,CE,0,0,0,52.65
2026-06-18,2026-07-28,9200.0,PE,0,0,0,1367.6
2026-06-18,2026-07-28,9300.0,CE,1625,0,0,29.95
2026-06-18,2026-07-28,9300.0,PE,0,0,0,1457.55
2026-06-18,2026-07-28,9400.0,CE,750,0,1,36.05
2026-06-18,2026-07-28,9400.0,PE,0,0,0,1548.8
2026-06-18,2026-07-28,9500.0,CE,1000,125,1,19.0
2026-06-18,2026-07-28,9500.0,PE,0,0,0,1641.15
2026-06-18,2026-07-28,9600.0,CE,500,0,0,14.3
2026-06-18,2026-07-28,9600.0,PE,0,0,0,1734.45
2026-06-18,2026-08-25,6800.0,CE,0,0,0,1576.8
2026-06-18,2026-08-25,6800.0,PE,0,0,0,17.85
2026-06-18,2026-08-25,7000.0,CE,0,0,0,1393.05
2026-06-18,2026-08-25,7000.0,PE,0,0,0,31.15
2026-06-18,2026-08-25,7200.0,CE,0,0,0,1216.2
2026-06-18,2026-08-25,7200.0,PE,0,0,0,51.35
2026-06-18,2026-08-25,7400.0,CE,0,0,0,1048.3
2026-06-18,2026-08-25,7400.0,PE,0,0,0,80.5
2026-06-18,2026-08-25,7500.0,CE,0,0,0,968.35
2026-06-18,2026-08-25,7500.0,PE,0,0,0,99.05
2026-06-18,2026-08-25,7600.0,CE,0,0,0,891.35
2026-06-18,2026-08-25,7600.0,PE,0,0,0,120.55
2026-06-18,2026-08-25,7700.0,CE,0,0,0,817.8
2026-06-18,2026-08-25,7700.0,PE,0,0,0,145.55
2026-06-18,2026-08-25,7800.0,CE,0,0,0,746.9
2026-06-18,2026-08-25,7800.0,PE,0,0,0,173.2
2026-06-18,2026-08-25,7900.0,CE,0,0,0,680.05
2026-06-18,2026-08-25,7900.0,PE,0,0,0,204.85
2026-06-18,2026-08-25,8000.0,CE,0,0,0,616.8
2026-06-18,2026-08-25,8000.0,PE,0,0,0,240.15
2026-06-18,2026-08-25,8100.0,CE,0,0,0,557.35
2026-06-18,2026-08-25,8100.0,PE,0,0,0,279.2
2026-06-18,2026-08-25,8200.0,CE,0,0,0,501.7
2026-06-18,2026-08-25,8200.0,PE,0,0,0,322.05
2026-06-18,2026-08-25,8300.0,CE,0,0,0,449.85
2026-06-18,2026-08-25,8300.0,PE,0,0,0,368.75
2026-06-18,2026-08-25,8400.0,CE,0,0,0,401.8
2026-06-18,2026-08-25,8400.0,PE,0,0,0,419.2
2026-06-18,2026-08-25,8500.0,CE,0,0,0,357.5
2026-06-18,2026-08-25,8500.0,PE,0,0,0,473.45
2026-06-18,2026-08-25,8600.0,CE,0,0,0,316.85
2026-06-18,2026-08-25,8600.0,PE,0,0,0,531.3
2026-06-18,2026-08-25,8700.0,CE,0,0,0,279.75
2026-06-18,2026-08-25,8700.0,PE,0,0,0,592.75
2026-06-18,2026-08-25,8800.0,CE,0,0,0,246.05
2026-06-18,2026-08-25,8800.0,PE,0,0,0,657.55
2026-06-18,2026-08-25,8900.0,CE,0,0,0,215.6
2026-06-18,2026-08-25,8900.0,PE,0,0,0,725.6
2026-06-18,2026-08-25,9000.0,CE,0,0,0,188.2
2026-06-18,2026-08-25,9000.0,PE,0,0,0,796.75
2026-06-18,2026-08-25,9100.0,CE,0,0,0,164.1
2026-06-18,2026-08-25,9100.0,PE,0,0,0,871.15
2026-06-18,2026-08-25,9200.0,CE,0,0,0,142.0
2026-06-18,2026-08-25,9200.0,PE,0,0,0,947.6
2026-06-18,2026-08-25,9400.0,CE,0,0,0,105.5
2026-06-18,2026-08-25,9400.0,PE,0,0,0,1108.15
2026-06-18,2026-08-25,9600.0,CE,0,0,0,77.3
2026-06-18,2026-08-25,9600.0,PE,0,0,0,1276.95
2026-06-18,2026-08-25,9800.0,CE,0,0,0,55.8
2026-06-18,2026-08-25,9800.0,PE,0,0,0,1452.55
2026-06-19,2026-06-30,6500.0,PE,6000,125,1,1.8
2026-06-19,2026-06-30,7000.0,CE,0,0,0,696.9
2026-06-19,2026-06-30,7000.0,PE,16500,-750,8,1.1
2026-06-19,2026-06-30,7100.0,CE,0,0,0,629.3
2026-06-19,2026-06-30,7100.0,PE,3125,0,1,1.5
2026-06-19,2026-06-30,7200.0,CE,0,0,0,566.0
2026-06-19,2026-06-30,7200.0,PE,3500,-250,14,0.65
2026-06-19,2026-06-30,7250.0,PE,250,0,4,1.25
2026-06-19,2026-06-30,7300.0,CE,0,0,0,506.8
2026-06-19,2026-06-30,7300.0,PE,5125,-125,1,1.05
2026-06-19,2026-06-30,7350.0,PE,1875,0,0,25.0
2026-06-19,2026-06-30,7400.0,CE,0,0,0,451.7
2026-06-19,2026-06-30,7400.0,PE,6125,0,0,1.6
2026-06-19,2026-06-30,7500.0,CE,1750,-250,3,965.0
2026-06-19,2026-06-30,7500.0,PE,68000,-1250,186,1.0
2026-06-19,2026-06-30,7550.0,CE,0,0,0,474.0
2026-06-19,2026-06-30,7550.0,PE,3500,0,8,0.95
2026-06-19,2026-06-30,7600.0,CE,2000,0,0,863.2
2026-06-19,2026-06-30,7600.0,PE,68250,-2750,51,1.25
2026-06-19,2026-06-30,7650.0,CE,0,0,0,415.3
2026-06-19,2026-06-30,7650.0,PE,5875,0,0,5.0
2026-06-19,2026-06-30,7700.0,CE,1125,0,0,572.95
2026-06-19,2026-06-30,7700.0,PE,73625,-2500,166,2.15
2026-06-19,2026-06-30,7750.0,CE,3375,0,0,708.1
2026-06-19,2026-06-30,7750.0,PE,4125,0,0,18.4
2026-06-19,2026-06-30,7800.0,CE,4000,0,1,740.0
2026-06-19,2026-06-30,7800.0,PE,58750,-8000,280,4.0
2026-06-19,2026-06-30,7850.0,CE,0,0,0,312.45
2026-06-19,2026-06-30,7850.0,PE,3875,0,0,6.15
2026-06-19,2026-06-30,7900.0,CE,1750,0,0,409.5
2026-06-19,2026-06-30,7900.0,PE,46750,625,93,6.45
2026-06-19,2026-06-30,7950.0,CE,1875,0,0,442.1
2026-06-19,2026-06-30,7950.0,PE,8125,0,0,16.5
2026-06-19,2026-06-30,8000.0,CE,22875,-1500,19,475.0
2026-06-19,2026-06-30,8000.0,PE,92250,-11125,410,8.75
2026-06-19,2026-06-30,8050.0,CE,7500,0,0,340.8
2026-06-19,2026-06-30,8050.0,PE,19000,-1000,13,9.2
2026-06-19,2026-06-30,8100.0,CE,18625,-1125,18,395.0
2026-06-19,2026-06-30,8100.0,PE,44375,-1125,172,11.2
2026-06-19,2026-06-30,8150.0,CE,7500,125,3,350.35
2026-06-19,2026-06-30,8150.0,PE,20625,-4125,144,13.85
2026-06-19,2026-06-30,8200.0,CE,24375,-125,45,322.1
2026-06-19,2026-06-30,8200.0,PE,62000,-10750,508,17.95
2026-06-19,2026-06-30,8250.0,CE,10375,-375,5,268.5
2026-06-19,2026-06-30,8250.0,PE,37625,-6250,261,23.25
2026-06-19,2026-06-30,8300.0,CE,38875,-7125,134,237.65
2026-06-19,2026-06-30,8300.0,PE,105500,-250,1474,31.55
2026-06-19,2026-06-30,8350.0,CE,27750,-375,94,194.35
2026-06-19,2026-06-30,8350.0,PE,25000,-4750,368,42.05
2026-06-19,2026-06-30,8400.0,CE,65750,-50125,2571,159.7
2026-06-19,2026-06-30,8400.0,PE,149000,3750,2021,57.45
2026-06-19,2026-06-30,8450.0,CE,53750,-12875,2896,128.8
2026-06-19,2026-06-30,8450.0,PE,80750,-8250,1547,76.85
2026-06-19,2026-06-30,8500.0,CE,234625,4125,5323,102.55
2026-06-19,2026-06-30,8500.0,PE,92000,6875,916,97.7
2026-06-19,2026-06-30,8550.0,CE,60625,1625,671,81.7
2026-06-19,2026-06-30,8550.0,PE,35750,-1125,55,127.55
2026-06-19,2026-06-30,8600.0,CE,148750,5375,1162,65.25
2026-06-19,2026-06-30,8600.0,PE,25875,-2875,110,161.1
2026-06-19,2026-06-30,8650.0,CE,23000,-7500,707,52.15
2026-06-19,2026-06-30,8650.0,PE,6875,0,0,245.15
2026-06-19,2026-06-30,8700.0,CE,75625,-12250,1204,39.85
2026-06-19,2026-06-30,8700.0,PE,11000,750,25,232.85
2026-06-19,2026-06-30,8750.0,CE,13875,875,394,30.45
2026-06-19,2026-06-30,8750.0,PE,7500,0,0,341.75
2026-06-19,2026-06-30,8800.0,CE,88750,250,439,23.8
2026-06-19,2026-06-30,8800.0,PE,2125,-1125,17,344.9
2026-06-19,2026-06-30,8850.0,CE,9125,-500,51,18.7
2026-06-19,2026-06-30,8850.0,PE,0,0,0,1059.35
2026-06-19,2026-06-30,8900.0,CE,54125,-4000,499,14.85
2026-06-19,2026-06-30,8900.0,PE,0,0,0,1368.8
2026-06-19,2026-06-30,8950.0,CE,0,0,0,40.6
2026-06-19,2026-06-30,8950.0,PE,0,0,0,1148.45
2026-06-19,2026-06-30,9000.0,CE,139500,1250,1391,9.65
2026-06-19,2026-06-30,9000.0,PE,2000,0,0,560.0
2026-06-19,2026-06-30,9050.0,CE,0,0,0,32.45
2026-06-19,2026-06-30,9050.0,PE,0,0,0,1239.3
2026-06-19,2026-06-30,9100.0,CE,165125,-1250,485,4.6
2026-06-19,2026-06-30,9100.0,PE,125,0,0,754.3
2026-06-19,2026-06-30,9200.0,CE,22375,250,57,3.7
2026-06-19,2026-06-30,9200.0,PE,375,0,0,874.75
2026-06-19,2026-06-30,9300.0,CE,25625,-625,9,2.9
2026-06-19,2026-06-30,9300.0,PE,0,0,0,1705.85
2026-06-19,2026-06-30,9400.0,CE,17500,0,8,2.55
2026-06-19,2026-06-30,9400.0,PE,0,0,0,1830.75
2026-06-19,2026-06-30,9500.0,CE,24375,-500,28,2.15
2026-06-19,2026-06-30,9500.0,PE,0,0,0,1707.35
2026-06-19,2026-06-30,9600.0,CE,1000,0,0,2.45
2026-06-19,2026-06-30,9600.0,PE,0,0,0,2021.1
2026-06-19,2026-07-28,7000.0,CE,0,0,0,939.85
2026-06-19,2026-07-28,7000.0,PE,0,0,0,86.35
2026-06-19,2026-07-28,7100.0,CE,0,0,0,861.8
2026-06-19,2026-07-28,7100.0,PE,125,0,0,12.0
2026-06-19,2026-07-28,7200.0,CE,0,0,0,787.3
2026-06-19,2026-07-28,7200.0,PE,0,0,0,130.9
2026-06-19,2026-07-28,7300.0,CE,0,0,0,715.65
2026-06-19,2026-07-28,7300.0,PE,125,0,0,36.05
2026-06-19,2026-07-28,7400.0,CE,0,0,0,648.15
2026-06-19,2026-07-28,7400.0,PE,0,0,0,188.95
2026-06-19,2026-07-28,7500.0,CE,375,375,3,1070.0
2026-06-19,2026-07-28,7500.0,PE,875,0,0,24.95
2026-06-19,2026-07-28,7550.0,CE,0,0,0,858.5
2026-06-19,2026-07-28,7550.0,PE,1250,0,0,33.1
2026-06-19,2026-07-28,7600.0,CE,0,0,0,525.0
2026-06-19,2026-07-28,7600.0,PE,1750,0,0,22.2
2026-06-19,2026-07-28,7650.0,CE,0,0,0,779.1
2026-06-19,2026-07-28,7650.0,PE,500,0,0,28.15
2026-06-19,2026-07-28,7700.0,CE,500,0,0,575.9
2026-06-19,2026-07-28,7700.0,PE,1375,0,0,29.45
2026-06-19,2026-07-28,7750.0,CE,0,0,0,703.65
2026-06-19,2026-07-28,7750.0,PE,1500,0,0,32.0
2026-06-19,2026-07-28,7800.0,CE,500,500,4,750.5
2026-06-19,2026-07-28,7800.0,PE,875,0,0,35.0
2026-06-19,2026-07-28,7850.0,CE,0,0,0,631.4
2026-06-19,2026-07-28,7850.0,PE,875,0,0,41.7
2026-06-19,2026-07-28,7900.0,CE,125,125,1,680.0
2026-06-19,2026-07-28,7900.0,PE,625,0,0,50.0
2026-06-19,2026-07-28,7950.0,CE,0,0,0,563.85
2026-06-19,2026-07-28,7950.0,PE,500,0,0,60.6
2026-06-19,2026-07-28,8000.0,CE,2875,2625,23,601.35
2026-06-19,2026-07-28,8000.0,PE,14000,-500,54,45.2
2026-06-19,2026-07-28,8050.0,CE,0,0,0,500.65
2026-06-19,2026-07-28,8050.0,PE,1125,875,7,52.35
2026-06-19,2026-07-28,8100.0,CE,0,0,0,287.25
2026-06-19,2026-07-28,8100.0,PE,375,0,0,72.2
2026-06-19,2026-07-28,8150.0,CE,875,0,0,432.05
2026-06-19,2026-07-28,8150.0,PE,750,0,0,85.35
2026-06-19,2026-07-28,8200.0,CE,0,0,0,460.2
2026-06-19,2026-07-28,8200.0,PE,1250,125,1,90.0
2026-06-19,2026-07-28,8250.0,CE,875,0,0,355.45
2026-06-19,2026-07-28,8250.0,PE,250,250,2,90.6
2026-06-19,2026-07-28,8300.0,CE,0,0,0,218.95
2026-06-19,2026-07-28,8300.0,PE,625,125,1,118.4
2026-06-19,2026-07-28,8350.0,CE,0,0,0,338.4
2026-06-19,2026-07-28,8350.0,PE,0,0,0,344.3
2026-06-19,2026-07-28,8400.0,CE,0,0,0,189.9
2026-06-19,2026-07-28,8400.0,PE,4375,0,3,125.0
2026-06-19,2026-07-28,8450.0,CE,125,0,0,297.35
2026-06-19,2026-07-28,8450.0,PE,0,0,0,398.35
2026-06-19,2026-07-28,8500.0,CE,10375,4750,60,244.7
2026-06-19,2026-07-28,8500.0,PE,10375,2750,31,185.35
2026-06-19,2026-07-28,8550.0,CE,125,125,1,253.05
2026-06-19,2026-07-28,8550.0,PE,0,0,0,456.9
2026-06-19,2026-07-28,8600.0,CE,375,125,1,215.0
2026-06-19,2026-07-28,8600.0,PE,0,0,0,865.15
2026-06-19,2026-07-28,8650.0,CE,250,0,0,153.0
2026-06-19,2026-07-28,8650.0,PE,0,0,0,519.65
2026-06-19,2026-07-28,8700.0,CE,2000,0,7,145.0
2026-06-19,2026-07-28,8700.0,PE,0,0,0,943.15
2026-06-19,2026-07-28,8750.0,CE,250,0,0,110.55
2026-06-19,2026-07-28,8750.0,PE,0,0,0,586.5
2026-06-19,2026-07-28,8800.0,CE,3250,125,1,110.0
2026-06-19,2026-07-28,8800.0,PE,0,0,0,1024.0
2026-06-19,2026-07-28,8850.0,CE,0,0,0,156.4
2026-06-19,2026-07-28,8850.0,PE,0,0,0,657.15
2026-06-19,2026-07-28,8900.0,CE,125,0,0,99.0
2026-06-19,2026-07-28,8900.0,PE,0,0,0,1107.05
2026-06-19,2026-07-28,8950.0,CE,0,0,0,132.1
2026-06-19,2026-07-28,8950.0,PE,0,0,0,731.85
2026-06-19,2026-07-28,9000.0,CE,17000,1875,85,74.25
2026-06-19,2026-07-28,9000.0,PE,500,0,0,570.0
2026-06-19,2026-07-28,9050.0,CE,0,0,0,110.3
2026-06-19,2026-07-28,9050.0,PE,0,0,0,809.05
2026-06-19,2026-07-28,9100.0,CE,1500,0,0,51.95
2026-06-19,2026-07-28,9100.0,PE,250,0,0,594.35
2026-06-19,2026-07-28,9200.0,CE,0,0,0,52.65
2026-06-19,2026-07-28,9200.0,PE,0,0,0,1367.6
2026-06-19,2026-07-28,9300.0,CE,3000,1375,34,36.5
2026-06-19,2026-07-28,9300.0,PE,0,0,0,1457.55
2026-06-19,2026-07-28,9400.0,CE,750,0,15,25.7
2026-06-19,2026-07-28,9400.0,PE,0,0,0,1548.8
2026-06-19,2026-07-28,9500.0,CE,4750,3750,41,18.85
2026-06-19,2026-07-28,9500.0,PE,0,0,0,1641.15
2026-06-19,2026-07-28,9600.0,CE,500,0,0,14.3
2026-06-19,2026-07-28,9600.0,PE,0,0,0,1734.45
2026-06-19,2026-08-25,6800.0,CE,0,0,0,1576.8
2026-06-19,2026-08-25,6800.0,PE,0,0,0,17.85
2026-06-19,2026-08-25,7000.0,CE,0,0,0,1393.05
2026-06-19,2026-08-25,7000.0,PE,0,0,0,31.15
2026-06-19,2026-08-25,7200.0,CE,0,0,0,1216.2
2026-06-19,2026-08-25,7200.0,PE,0,0,0,51.35
2026-06-19,2026-08-25,7400.0,CE,0,0,0,1048.3
2026-06-19,2026-08-25,7400.0,PE,0,0,0,80.5
2026-06-19,2026-08-25,7500.0,CE,0,0,0,968.35
2026-06-19,2026-08-25,7500.0,PE,0,0,0,99.05
2026-06-19,2026-08-25,7600.0,CE,0,0,0,891.35
2026-06-19,2026-08-25,7600.0,PE,0,0,0,120.55
2026-06-19,2026-08-25,7700.0,CE,0,0,0,817.8
2026-06-19,2026-08-25,7700.0,PE,0,0,0,145.55
2026-06-19,2026-08-25,7800.0,CE,0,0,0,746.9
2026-06-19,2026-08-25,7800.0,PE,0,0,0,173.2
2026-06-19,2026-08-25,7900.0,CE,0,0,0,680.05
2026-06-19,2026-08-25,7900.0,PE,0,0,0,204.85
2026-06-19,2026-08-25,8000.0,CE,0,0,0,616.8
2026-06-19,2026-08-25,8000.0,PE,0,0,0,240.15
2026-06-19,2026-08-25,8100.0,CE,0,0,0,557.35
2026-06-19,2026-08-25,8100.0,PE,0,0,0,279.2
2026-06-19,2026-08-25,8200.0,CE,0,0,0,501.7
2026-06-19,2026-08-25,8200.0,PE,0,0,0,322.05
2026-06-19,2026-08-25,8300.0,CE,0,0,0,449.85
2026-06-19,2026-08-25,8300.0,PE,0,0,0,368.75
2026-06-19,2026-08-25,8400.0,CE,0,0,0,401.8
2026-06-19,2026-08-25,8400.0,PE,0,0,0,419.2
2026-06-19,2026-08-25,8500.0,CE,0,0,0,357.5
2026-06-19,2026-08-25,8500.0,PE,0,0,0,473.45
2026-06-19,2026-08-25,8600.0,CE,0,0,0,316.85
2026-06-19,2026-08-25,8600.0,PE,0,0,0,531.3
2026-06-19,2026-08-25,8700.0,CE,0,0,0,279.75
2026-06-19,2026-08-25,8700.0,PE,0,0,0,592.75
2026-06-19,2026-08-25,8800.0,CE,0,0,0,246.05
2026-06-19,2026-08-25,8800.0,PE,0,0,0,657.55
2026-06-19,2026-08-25,8900.0,CE,0,0,0,215.6
2026-06-19,2026-08-25,8900.0,PE,0,0,0,725.6
2026-06-19,2026-08-25,9000.0,CE,0,0,0,188.2
2026-06-19,2026-08-25,9000.0,PE,0,0,0,796.75
2026-06-19,2026-08-25,9100.0,CE,0,0,0,164.1
2026-06-19,2026-08-25,9100.0,PE,0,0,0,871.15
2026-06-19,2026-08-25,9200.0,CE,0,0,0,142.0
2026-06-19,2026-08-25,9200.0,PE,0,0,0,947.6
2026-06-19,2026-08-25,9400.0,CE,0,0,0,105.5
2026-06-19,2026-08-25,9400.0,PE,0,0,0,1108.15
2026-06-19,2026-08-25,9600.0,CE,0,0,0,77.3
2026-06-19,2026-08-25,9600.0,PE,0,0,0,1276.95
2026-06-19,2026-08-25,9800.0,CE,0,0,0,55.8
2026-06-19,2026-08-25,9800.0,PE,0,0,0,1452.55
2026-06-22,2026-06-30,6500.0,PE,5625,-375,158,0.7
2026-06-22,2026-06-30,7000.0,CE,0,0,0,696.9
2026-06-22,2026-06-30,7000.0,PE,16375,-125,21,0.6
2026-06-22,2026-06-30,7100.0,CE,0,0,0,629.3
2026-06-22,2026-06-30,7100.0,PE,3125,0,0,1.5
2026-06-22,2026-06-30,7200.0,CE,0,0,0,566.0
2026-06-22,2026-06-30,7200.0,PE,3000,-500,30,0.3
2026-06-22,2026-06-30,7250.0,PE,250,0,0,1.25
2026-06-22,2026-06-30,7300.0,CE,0,0,0,506.8
2026-06-22,2026-06-30,7300.0,PE,4250,-875,17,0.65
2026-06-22,2026-06-30,7350.0,PE,1875,0,0,25.0
2026-06-22,2026-06-30,7400.0,CE,0,0,0,451.7
2026-06-22,2026-06-30,7400.0,PE,6125,0,0,1.6
2026-06-22,2026-06-30,7500.0,CE,1750,0,0,965.0
2026-06-22,2026-06-30,7500.0,PE,67750,-250,65,0.4
2026-06-22,2026-06-30,7550.0,CE,0,0,0,474.0
2026-06-22,2026-06-30,7550.0,PE,3500,0,0,0.95
2026-06-22,2026-06-30,7600.0,CE,2000,0,0,863.2
2026-06-22,2026-06-30,7600.0,PE,68125,-125,13,0.6
2026-06-22,2026-06-30,7650.0,CE,0,0,0,415.3
2026-06-22,2026-06-30,7650.0,PE,5875,0,0,5.0
2026-06-22,2026-06-30,7700.0,CE,1125,0,0,572.95
2026-06-22,2026-06-30,7700.0,PE,73375,-250,78,1.4
2026-06-22,2026-06-30,7750.0,CE,3375,0,0,708.1
2026-06-22,2026-06-30,7750.0,PE,4125,0,0,18.4
2026-06-22,2026-06-30,7800.0,CE,3875,-125,2,695.0
2026-06-22,2026-06-30,7800.0,PE,53250,-5500,118,2.75
2026-06-22,2026-06-30,7850.0,CE,0,0,0,312.45
2026-06-22,2026-06-30,7850.0,PE,3750,-125,1,5.0
2026-06-22,2026-06-30,7900.0,CE,1750,0,0,409.5
2026-06-22,2026-06-30,7900.0,PE,44125,-2625,60,4.25
2026-06-22,2026-06-30,7950.0,CE,1875,0,0,442.1
2026-06-22,2026-06-30,7950.0,PE,8125,0,0,16.5
2026-06-22,2026-06-30,8000.0,CE,21125,-1750,16,492.25
2026-06-22,2026-06-30,8000.0,PE,88375,-3875,189,5.9
2026-06-22,2026-06-30,8050.0,CE,7500,0,0,340.8
2026-06-22,2026-06-30,8050.0,PE,18875,-125,3,6.1
2026-06-22,2026-06-30,8100.0,CE,18000,-625,7,395.95
2026-06-22,2026-06-30,8100.0,PE,43750,-625,114,7.75
2026-06-22,2026-06-30,8150.0,CE,7500,0,0,350.35
2026-06-22,2026-06-30,8150.0,PE,16750,-3875,103,9.2
2026-06-22,2026-06-30,8200.0,CE,23125,-1250,33,304.45
2026-06-22,2026-06-30,8200.0,PE,60875,-1125,275,12.0
2026-06-22,2026-06-30,8250.0,CE,9375,-1000,13,249.3
2026-06-22,2026-06-30,8250.0,PE,37250,-375,132,16.3
2026-06-22,2026-06-30,8300.0,CE,37125,-1750,44,217.85
2026-06-22,2026-06-30,8300.0,PE,113500,8000,688,22.65
2026-06-22,2026-06-30,8350.0,CE,27500,-250,46,175.7
2026-06-22,2026-06-30,8350.0,PE,32375,7375,285,32.55
2026-06-22,2026-06-30,8400.0,CE,72250,6500,915,139.5
2026-06-22,2026-06-30,8400.0,PE,161000,12000,1051,47.25
2026-06-22,2026-06-30,8450.0,CE,72875,19125,1437,109.25
2026-06-22,2026-06-30,8450.0,PE,105375,24625,2591,66.8
2026-06-22,2026-06-30,8500.0,CE,301625,67000,4950,83.55
2026-06-22,2026-06-30,8500.0,PE,112750,20750,1372,90.15
2026-06-22,2026-06-30,8550.0,CE,70125,9500,785,63.55
2026-06-22,2026-06-30,8550.0,PE,35500,-250,122,119.3
2026-06-22,2026-06-30,8600.0,CE,127500,-21250,1287,48.05
2026-06-22,2026-06-30,8600.0,PE,26000,125,286,153.2
2026-06-22,2026-06-30,8650.0,CE,25125,2125,375,36.0
2026-06-22,2026-06-30,8650.0,PE,6875,0,0,245.15
2026-06-22,2026-06-30,8700.0,CE,79375,3750,957,26.9
2026-06-22,2026-06-30,8700.0,PE,11000,0,0,232.85
2026-06-22,2026-06-30,8750.0,CE,15125,1250,233,19.35
2026-06-22,2026-06-30,8750.0,PE,7875,375,12,277.9
2026-06-22,2026-06-30,8800.0,CE,90375,1625,442,14.3
2026-06-22,2026-06-30,8800.0,PE,2125,0,0,344.9
2026-06-22,2026-06-30,8850.0,CE,9500,375,11,11.35
2026-06-22,2026-06-30,8850.0,PE,0,0,0,1059.35
2026-06-22,2026-06-30,8900.0,CE,50500,-3625,380,9.55
2026-06-22,2026-06-30,8900.0,PE,0,0,0,1368.8
2026-06-22,2026-06-30,8950.0,CE,0,0,0,40.6
2026-06-22,2026-06-30,8950.0,PE,0,0,0,1148.45
2026-06-22,2026-06-30,9000.0,CE,142500,3000,940,6.35
2026-06-22,2026-06-30,9000.0,PE,2000,0,0,560.0
2026-06-22,2026-06-30,9050.0,CE,0,0,0,32.45
2026-06-22,2026-06-30,9050.0,PE,0,0,0,1239.3
2026-06-22,2026-06-30,9100.0,CE,148375,-16750,455,3.45
2026-06-22,2026-06-30,9100.0,PE,125,0,0,754.3
2026-06-22,2026-06-30,9200.0,CE,20375,-2000,34,1.95
2026-06-22,2026-06-30,9200.0,PE,375,0,0,874.75
2026-06-22,2026-06-30,9300.0,CE,25250,-375,6,2.1
2026-06-22,2026-06-30,9300.0,PE,0,0,0,1705.85
2026-06-22,2026-06-30,9400.0,CE,16125,-1375,24,1.75
2026-06-22,2026-06-30,9400.0,PE,0,0,0,1830.75
2026-06-22,2026-06-30,9500.0,CE,23125,-1250,62,2.0
2026-06-22,2026-06-30,9500.0,PE,0,0,0,1707.35
2026-06-22,2026-06-30,9600.0,CE,1000,0,0,2.45
2026-06-22,2026-06-30,9600.0,PE,0,0,0,2021.1
2026-06-22,2026-07-28,7000.0,CE,0,0,0,939.85
2026-06-22,2026-07-28,7000.0,PE,0,0,0,86.35
2026-06-22,2026-07-28,7100.0,CE,0,0,0,861.8
2026-06-22,2026-07-28,7100.0,PE,125,0,0,12.0
2026-06-22,2026-07-28,7200.0,CE,0,0,0,787.3
2026-06-22,2026-07-28,7200.0,PE,0,0,0,130.9
2026-06-22,2026-07-28,7300.0,CE,0,0,0,715.65
2026-06-22,2026-07-28,7300.0,PE,125,0,0,36.05
2026-06-22,2026-07-28,7400.0,CE,0,0,0,648.15
2026-06-22,2026-07-28,7400.0,PE,0,0,0,188.95
2026-06-22,2026-07-28,7500.0,CE,375,0,0,1070.0
2026-06-22,2026-07-28,7500.0,PE,875,0,0,24.95
2026-06-22,2026-07-28,7550.0,CE,0,0,0,858.5
2026-06-22,2026-07-28,7550.0,PE,1250,0,0,33.1
2026-06-22,2026-07-28,7600.0,CE,0,0,0,525.0
2026-06-22,2026-07-28,7600.0,PE,1750,0,0,22.2
2026-06-22,2026-07-28,7650.0,CE,0,0,0,779.1
2026-06-22,2026-07-28,7650.0,PE,500,0,0,28.15
2026-06-22,2026-07-28,7700.0,CE,500,0,0,575.9
2026-06-22,2026-07-28,7700.0,PE,1375,0,0,29.45
2026-06-22,2026-07-28,7750.0,CE,0,0,0,703.65
2026-06-22,2026-07-28,7750.0,PE,1500,0,0,32.0
2026-06-22,2026-07-28,7800.0,CE,625,125,1,800.0
2026-06-22,2026-07-28,7800.0,PE,1250,375,18,23.6
2026-06-22,2026-07-28,7850.0,CE,0,0,0,631.4
2026-06-22,2026-07-28,7850.0,PE,875,0,0,41.7
2026-06-22,2026-07-28,7900.0,CE,125,0,0,680.0
2026-06-22,2026-07-28,7900.0,PE,625,0,0,50.0
2026-06-22,2026-07-28,7950.0,CE,0,0,0,563.85
2026-06-22,2026-07-28,7950.0,PE,375,-125,5,40.7
2026-06-22,2026-07-28,8000.0,CE,2750,-125,1,571.35
2026-06-22,2026-07-28,8000.0,PE,14500,500,138,41.7
2026-06-22,2026-07-28,8050.0,CE,0,0,0,500.65
2026-06-22,2026-07-28,8050.0,PE,1125,0,0,52.35
2026-06-22,2026-07-28,8100.0,CE,0,0,0,287.25
2026-06-22,2026-07-28,8100.0,PE,1625,1250,11,61.0
2026-06-22,2026-07-28,8150.0,CE,875,0,0,432.05
2026-06-22,2026-07-28,8150.0,PE,750,0,0,85.35
2026-06-22,2026-07-28,8200.0,CE,0,0,0,460.2
2026-06-22,2026-07-28,8200.0,PE,1250,0,1,92.95
2026-06-22,2026-07-28,8250.0,CE,875,0,0,355.45
2026-06-22,2026-07-28,8250.0,PE,3000,2750,34,100.0
2026-06-22,2026-07-28,8300.0,CE,0,0,0,218.95
2026-06-22,2026-07-28,8300.0,PE,625,0,0,118.4
2026-06-22,2026-07-28,8350.0,CE,0,0,0,338.4
2026-06-22,2026-07-28,8350.0,PE,0,0,0,344.3
2026-06-22,2026-07-28,8400.0,CE,0,0,0,189.9
2026-06-22,2026-07-28,8400.0,PE,6500,2125,23,142.9
2026-06-22,2026-07-28,8450.0,CE,375,250,4,250.1
2026-06-22,2026-07-28,8450.0,PE,0,0,0,398.35
2026-06-22,2026-07-28,8500.0,CE,14750,4375,91,230.75
2026-06-22,2026-07-28,8500.0,PE,12000,1625,38,181.75
2026-06-22,2026-07-28,8550.0,CE,250,125,1,253.05
2026-06-22,2026-07-28,8550.0,PE,0,0,0,456.9
2026-06-22,2026-07-28,8600.0,CE,2000,1625,19,183.0
2026-06-22,2026-07-28,8600.0,PE,0,0,0,865.15
2026-06-22,2026-07-28,8650.0,CE,375,125,1,156.9
2026-06-22,2026-07-28,8650.0,PE,0,0,0,519.65
2026-06-22,2026-07-28,8700.0,CE,2000,0,2,150.0
2026-06-22,2026-07-28,8700.0,PE,0,0,0,943.15
2026-06-22,2026-07-28,8750.0,CE,250,0,0,110.55
2026-06-22,2026-07-28,8750.0,PE,0,0,0,586.5
2026-06-22,2026-07-28,8800.0,CE,3250,0,2,111.7
2026-06-22,2026-07-28,8800.0,PE,0,0,0,1024.0
2026-06-22,2026-07-28,8850.0,CE,0,0,0,156.4
2026-06-22,2026-07-28,8850.0,PE,0,0,0,657.15
2026-06-22,2026-07-28,8900.0,CE,125,0,0,99.0
2026-06-22,2026-07-28,8900.0,PE,0,0,0,1107.05
2026-06-22,2026-07-28,8950.0,CE,0,0,0,132.1
2026-06-22,2026-07-28,8950.0,PE,0,0,0,731.85
2026-06-22,2026-07-28,9000.0,CE,20750,3750,65,67.35
2026-06-22,2026-07-28,9000.0,PE,500,0,0,570.0
2026-06-22,2026-07-28,9050.0,CE,0,0,0,110.3
2026-06-22,2026-07-28,9050.0,PE,0,0,0,809.05
2026-06-22,2026-07-28,9100.0,CE,2125,625,18,51.55
2026-06-22,2026-07-28,9100.0,PE,250,0,0,594.35
2026-06-22,2026-07-28,9200.0,CE,0,0,0,52.65
2026-06-22,2026-07-28,9200.0,PE,0,0,0,1367.6
2026-06-22,2026-07-28,9300.0,CE,4625,1625,46,32.5
2026-06-22,2026-07-28,9300.0,PE,0,0,0,1457.55
2026-06-22,2026-07-28,9400.0,CE,1000,250,6,34.1
2026-06-22,2026-07-28,9400.0,PE,0,0,0,1548.8
2026-06-22,2026-07-28,9500.0,CE,7625,2875,50,21.75
2026-06-22,2026-07-28,9500.0,PE,0,0,0,1641.15
2026-06-22,2026-07-28,9600.0,CE,500,0,0,14.3
2026-06-22,2026-07-28,9600.0,PE,0,0,0,1734.45
2026-06-22,2026-08-25,6800.0,CE,0,0,0,1576.8
2026-06-22,2026-08-25,6800.0,PE,0,0,0,17.85
2026-06-22,2026-08-25,7000.0,CE,0,0,0,1393.05
2026-06-22,2026-08-25,7000.0,PE,0,0,0,31.15
2026-06-22,2026-08-25,7200.0,CE,0,0,0,1216.2
2026-06-22,2026-08-25,7200.0,PE,0,0,0,51.35
2026-06-22,2026-08-25,7400.0,CE,0,0,0,1048.3
2026-06-22,2026-08-25,7400.0,PE,0,0,0,80.5
2026-06-22,2026-08-25,7500.0,CE,0,0,0,968.35
2026-06-22,2026-08-25,7500.0,PE,0,0,0,99.05
2026-06-22,2026-08-25,7600.0,CE,0,0,0,891.35
2026-06-22,2026-08-25,7600.0,PE,0,0,0,120.55
2026-06-22,2026-08-25,7700.0,CE,0,0,0,817.8
2026-06-22,2026-08-25,7700.0,PE,0,0,0,145.55
2026-06-22,2026-08-25,7800.0,CE,0,0,0,746.9
2026-06-22,2026-08-25,7800.0,PE,0,0,0,173.2
2026-06-22,2026-08-25,7900.0,CE,0,0,0,680.05
2026-06-22,2026-08-25,7900.0,PE,0,0,0,204.85
2026-06-22,2026-08-25,8000.0,CE,0,0,0,616.8
2026-06-22,2026-08-25,8000.0,PE,0,0,0,240.15
2026-06-22,2026-08-25,8100.0,CE,0,0,0,557.35
2026-06-22,2026-08-25,8100.0,PE,0,0,0,279.2
2026-06-22,2026-08-25,8200.0,CE,0,0,0,501.7
2026-06-22,2026-08-25,8200.0,PE,0,0,0,322.05
2026-06-22,2026-08-25,8300.0,CE,0,0,0,449.85
2026-06-22,2026-08-25,8300.0,PE,0,0,0,368.75
2026-06-22,2026-08-25,8400.0,CE,0,0,0,401.8
2026-06-22,2026-08-25,8400.0,PE,0,0,0,419.2
2026-06-22,2026-08-25,8500.0,CE,0,0,0,357.5
2026-06-22,2026-08-25,8500.0,PE,0,0,0,473.45
2026-06-22,2026-08-25,8600.0,CE,0,0,0,316.85
2026-06-22,2026-08-25,8600.0,PE,0,0,0,531.3
2026-06-22,2026-08-25,8700.0,CE,0,0,0,279.75
2026-06-22,2026-08-25,8700.0,PE,0,0,0,592.75
2026-06-22,2026-08-25,8800.0,CE,0,0,0,246.05
2026-06-22,2026-08-25,8800.0,PE,0,0,0,657.55
2026-06-22,2026-08-25,8900.0,CE,0,0,0,215.6
2026-06-22,2026-08-25,8900.0,PE,0,0,0,725.6
2026-06-22,2026-08-25,9000.0,CE,0,0,0,188.2
2026-06-22,2026-08-25,9000.0,PE,0,0,0,796.75
2026-06-22,2026-08-25,9100.0,CE,0,0,0,164.1
2026-06-22,2026-08-25,9100.0,PE,0,0,0,871.15
2026-06-22,2026-08-25,9200.0,CE,0,0,0,142.0
2026-06-22,2026-08-25,9200.0,PE,0,0,0,947.6
2026-06-22,2026-08-25,9400.0,CE,0,0,0,105.5
2026-06-22,2026-08-25,9400.0,PE,0,0,0,1108.15
2026-06-22,2026-08-25,9600.0,CE,0,0,0,77.3
2026-06-22,2026-08-25,9600.0,PE,0,0,0,1276.95
2026-06-22,2026-08-25,9800.0,CE,0,0,0,55.8
2026-06-22,2026-08-25,9800.0,PE,0,0,0,1452.55
2026-06-23,2026-06-30,6500.0,PE,5375,-250,22,1.0
2026-06-23,2026-06-30,7000.0,CE,0,0,0,696.9
2026-06-23,2026-06-30,7000.0,PE,19000,2625,86,0.6
2026-06-23,2026-06-30,7100.0,CE,0,0,0,629.3
2026-06-23,2026-06-30,7100.0,PE,3125,0,0,1.5
2026-06-23,2026-06-30,7200.0,CE,0,0,0,566.0
2026-06-23,2026-06-30,7200.0,PE,2500,-500,6,0.4
2026-06-23,2026-06-30,7250.0,PE,250,0,0,1.25
2026-06-23,2026-06-30,7300.0,CE,0,0,0,506.8
2026-06-23,2026-06-30,7300.0,PE,3625,-625,9,0.7
2026-06-23,2026-06-30,7350.0,PE,1875,0,0,25.0
2026-06-23,2026-06-30,7400.0,CE,0,0,0,451.7
2026-06-23,2026-06-30,7400.0,PE,6125,0,0,1.6
2026-06-23,2026-06-30,7500.0,CE,1500,-250,4,1006.0
2026-06-23,2026-06-30,7500.0,PE,68125,375,26,0.25
2026-06-23,2026-06-30,7550.0,CE,0,0,0,474.0
2026-06-23,2026-06-30,7550.0,PE,3500,0,0,0.95
2026-06-23,2026-06-30,7600.0,CE,1750,-250,2,940.0
2026-06-23,2026-06-30,7600.0,PE,67625,-500,30,0.45
2026-06-23,2026-06-30,7650.0,CE,0,0,0,415.3
2026-06-23,2026-06-30,7650.0,PE,5250,-625,89,1.2
2026-06-23,2026-06-30,7700.0,CE,625,-500,5,810.0
2026-06-23,2026-06-30,7700.0,PE,72875,-500,481,0.8
2026-06-23,2026-06-30,7750.0,CE,3375,0,0,708.1
2026-06-23,2026-06-30,7750.0,PE,2750,-1375,599,1.6
2026-06-23,2026-06-30,7800.0,CE,3875,0,0,695.0
2026-06-23,2026-06-30,7800.0,PE,49000,-4250,206,1.85
2026-06-23,2026-06-30,7850.0,CE,0,0,0,312.45
2026-06-23,2026-06-30,7850.0,PE,1500,-2250,50,2.3
2026-06-23,2026-06-30,7900.0,CE,1750,0,0,409.5
2026-06-23,2026-06-30,7900.0,PE,43625,-500,32,3.7
2026-06-23,2026-06-30,7950.0,CE,1875,0,0,442.1
2026-06-23,2026-06-30,7950.0,PE,6125,-2000,24,5.65
2026-06-23,2026-06-30,8000.0,CE,19500,-1625,21,517.85
2026-06-23,2026-06-30,8000.0,PE,65125,-23250,477,4.2
2026-06-23,2026-06-30,8050.0,CE,7500,0,1,460.0
2026-06-23,2026-06-30,8050.0,PE,17750,-1125,11,5.65
2026-06-23,2026-06-30,8100.0,CE,18000,0,0,395.95
2026-06-23,2026-06-30,8100.0,PE,32750,-11000,298,6.3
2026-06-23,2026-06-30,8150.0,CE,7375,-125,1,380.0
2026-06-23,2026-06-30,8150.0,PE,13500,-3250,49,7.75
2026-06-23,2026-06-30,8200.0,CE,21625,-1500,40,332.0
2026-06-23,2026-06-30,8200.0,PE,46625,-14250,485,10.25
2026-06-23,2026-06-30,8250.0,CE,7875,-1500,17,261.0
2026-06-23,2026-06-30,8250.0,PE,31125,-6125,166,13.2
2026-06-23,2026-06-30,8300.0,CE,34500,-2625,167,225.15
2026-06-23,2026-06-30,8300.0,PE,100125,-13375,1416,17.6
2026-06-23,2026-06-30,8350.0,CE,26625,-875,28,172.75
2026-06-23,2026-06-30,8350.0,PE,27625,-4750,631,23.7
2026-06-23,2026-06-30,8400.0,CE,56875,-15375,686,137.95
2026-06-23,2026-06-30,8400.0,PE,176875,15875,2335,34.4
2026-06-23,2026-06-30,8450.0,CE,42875,-30000,1096,104.2
2026-06-23,2026-06-30,8450.0,PE,102000,-3375,1982,50.65
2026-06-23,2026-06-30,8500.0,CE,250375,-51250,6111,76.5
2026-06-23,2026-06-30,8500.0,PE,76500,-36250,2724,71.2
2026-06-23,2026-06-30,8550.0,CE,91875,21750,4104,57.4
2026-06-23,2026-06-30,8550.0,PE,42375,6875,1029,99.4
2026-06-23,2026-06-30,8600.0,CE,144500,17000,2768,41.75
2026-06-23,2026-06-30,8600.0,PE,29625,3625,150,138.7
2026-06-23,2026-06-30,8650.0,CE,22125,-3000,567,29.1
2026-06-23,2026-06-30,8650.0,PE,5750,-1125,26,178.6
2026-06-23,2026-06-30,8700.0,CE,74125,-5250,1190,21.0
2026-06-23,2026-06-30,8700.0,PE,11625,625,84,212.8
2026-06-23,2026-06-30,8750.0,CE,21500,6375,443,15.55
2026-06-23,2026-06-30,8750.0,PE,7875,0,0,277.9
2026-06-23,2026-06-30,8800.0,CE,90500,125,914,10.8
2026-06-23,2026-06-30,8800.0,PE,2125,0,0,344.9
2026-06-23,2026-06-30,8850.0,CE,16000,6500,199,6.75
2026-06-23,2026-06-30,8850.0,PE,0,0,0,1059.35
2026-06-23,2026-06-30,8900.0,CE,47375,-3125,383,5.3
2026-06-23,2026-06-30,8900.0,PE,0,0,0,1368.8
2026-06-23,2026-06-30,8950.0,CE,125,125,6,4.65
2026-06-23,2026-06-30,8950.0,PE,0,0,0,1148.45
2026-06-23,2026-06-30,9000.0,CE,131375,-11125,1536,3.3
2026-06-23,2026-06-30,9000.0,PE,2000,0,0,560.0
2026-06-23,2026-06-30,9050.0,CE,125,125,2,2.25
2026-06-23,2026-06-30,9050.0,PE,0,0,0,1239.3
2026-06-23,2026-06-30,9100.0,CE,147500,-875,583,1.35
2026-06-23,2026-06-30,9100.0,PE,125,0,0,754.3
2026-06-23,2026-06-30,9200.0,CE,18250,-2125,61,1.8
2026-06-23,2026-06-30,9200.0,PE,375,0,0,874.75
2026-06-23,2026-06-30,9300.0,CE,24750,-500,5,1.4
2026-06-23,2026-06-30,9300.0,PE,0,0,0,1705.85
2026-06-23,2026-06-30,9400.0,CE,13250,-2875,29,1.45
2026-06-23,2026-06-30,9400.0,PE,0,0,0,1830.75
2026-06-23,2026-06-30,9500.0,CE,18000,-5125,56,1.25
2026-06-23,2026-06-30,9500.0,PE,0,0,0,1707.35
2026-06-23,2026-06-30,9600.0,CE,1000,0,0,2.45
2026-06-23,2026-06-30,9600.0,PE,0,0,0,2021.1
2026-06-23,2026-07-28,7000.0,CE,0,0,0,939.85
2026-06-23,2026-07-28,7000.0,PE,0,0,0,86.35
2026-06-23,2026-07-28,7100.0,CE,0,0,0,861.8
2026-06-23,2026-07-28,7100.0,PE,125,0,0,12.0
2026-06-23,2026-07-28,7200.0,CE,0,0,0,787.3
2026-06-23,2026-07-28,7200.0,PE,0,0,0,130.9
2026-06-23,2026-07-28,7300.0,CE,0,0,0,715.65
2026-06-23,2026-07-28,7300.0,PE,125,0,0,36.05
2026-06-23,2026-07-28,7400.0,CE,0,0,0,648.15
2026-06-23,2026-07-28,7400.0,PE,0,0,0,188.95
2026-06-23,2026-07-28,7500.0,CE,375,0,0,1070.0
2026-06-23,2026-07-28,7500.0,PE,750,-125,3,9.8
2026-06-23,2026-07-28,7550.0,CE,0,0,0,858.5
2026-06-23,2026-07-28,7550.0,PE,1250,0,0,33.1
2026-06-23,2026-07-28,7600.0,CE,250,250,2,990.0
2026-06-23,2026-07-28,7600.0,PE,1750,0,0,22.2
2026-06-23,2026-07-28,7650.0,CE,0,0,0,779.1
2026-06-23,2026-07-28,7650.0,PE,500,0,0,28.15
2026-06-23,2026-07-28,7700.0,CE,500,0,2,900.0
2026-06-23,2026-07-28,7700.0,PE,1375,0,0,29.45
2026-06-23,2026-07-28,7750.0,CE,0,0,0,703.65
2026-06-23,2026-07-28,7750.0,PE,1500,0,0,32.0
2026-06-23,2026-07-28,7800.0,CE,1375,750,8,770.0
2026-06-23,2026-07-28,7800.0,PE,1250,0,17,20.0
2026-06-23,2026-07-28,7850.0,CE,0,0,0,631.4
2026-06-23,2026-07-28,7850.0,PE,875,0,0,41.7
2026-06-23,2026-07-28,7900.0,CE,125,0,0,680.0
2026-06-23,2026-07-28,7900.0,PE,625,0,0,50.0
2026-06-23,2026-07-28,7950.0,CE,0,0,0,563.85
2026-06-23,2026-07-28,7950.0,PE,375,0,0,40.7
2026-06-23,2026-07-28,8000.0,CE,2875,125,1,585.0
2026-06-23,2026-07-28,8000.0,PE,14500,0,73,37.95
2026-06-23,2026-07-28,8050.0,CE,0,0,0,500.65
2026-06-23,2026-07-28,8050.0,PE,1125,0,0,52.35
2026-06-23,2026-07-28,8100.0,CE,125,125,1,520.0
2026-06-23,2026-07-28,8100.0,PE,1875,250,3,49.0
2026-06-23,2026-07-28,8150.0,CE,875,0,0,432.05
2026-06-23,2026-07-28,8150.0,PE,750,0,0,85.35
2026-06-23,2026-07-28,8200.0,CE,0,0,0,460.2
2026-06-23,2026-07-28,8200.0,PE,3625,2375,29,72.0
2026-06-23,2026-07-28,8250.0,CE,875,0,0,355.45
2026-06-23,2026-07-28,8250.0,PE,3000,0,0,100.0
2026-06-23,2026-07-28,8300.0,CE,500,500,4,375.9
2026-06-23,2026-07-28,8300.0,PE,625,0,0,118.4
2026-06-23,2026-07-28,8350.0,CE,0,0,0,338.4
2026-06-23,2026-07-28,8350.0,PE,0,0,0,344.3
2026-06-23,2026-07-28,8400.0,CE,0,0,0,189.9
2026-06-23,2026-07-28,8400.0,PE,9125,2625,54,133.4
2026-06-23,2026-07-28,8450.0,CE,500,125,4,258.9
2026-06-23,2026-07-28,8450.0,PE,0,0,0,398.35
2026-06-23,2026-07-28,8500.0,CE,20875,6125,254,233.5
2026-06-23,2026-07-28,8500.0,PE,14125,2125,62,173.15
2026-06-23,2026-07-28,8550.0,CE,1000,750,9,221.35
2026-06-23,2026-07-28,8550.0,PE,0,0,0,456.9
2026-06-23,2026-07-28,8600.0,CE,6250,4250,54,188.0
2026-06-23,2026-07-28,8600.0,PE,625,625,7,219.9
2026-06-23,2026-07-28,8650.0,CE,375,0,0,156.9
2026-06-23,2026-07-28,8650.0,PE,0,0,0,519.65
2026-06-23,2026-07-28,8700.0,CE,2000,0,0,150.0
2026-06-23,2026-07-28,8700.0,PE,0,0,0,943.15
2026-06-23,2026-07-28,8750.0,CE,250,0,0,110.55
2026-06-23,2026-07-28,8750.0,PE,0,0,0,586.5
2026-06-23,2026-07-28,8800.0,CE,4500,1250,18,108.35
2026-06-23,2026-07-28,8800.0,PE,0,0,0,1024.0
2026-06-23,2026-07-28,8850.0,CE,0,0,0,156.4
2026-06-23,2026-07-28,8850.0,PE,0,0,0,657.15
2026-06-23,2026-07-28,8900.0,CE,125,0,0,99.0
2026-06-23,2026-07-28,8900.0,PE,0,0,0,1107.05
2026-06-23,2026-07-28,8950.0,CE,0,0,0,132.1
2026-06-23,2026-07-28,8950.0,PE,0,0,0,731.85
2026-06-23,2026-07-28,9000.0,CE,21000,250,195,65.95
2026-06-23,2026-07-28,9000.0,PE,500,0,0,570.0
2026-06-23,2026-07-28,9050.0,CE,0,0,0,110.3
2026-06-23,2026-07-28,9050.0,PE,0,0,0,809.05
2026-06-23,2026-07-28,9100.0,CE,2125,0,0,51.55
2026-06-23,2026-07-28,9100.0,PE,250,0,0,594.35
2026-06-23,2026-07-28,9200.0,CE,7625,7625,78,40.3
2026-06-23,2026-07-28,9200.0,PE,0,0,0,1367.6
2026-06-23,2026-07-28,9300.0,CE,6625,2000,27,33.35
2026-06-23,2026-07-28,9300.0,PE,0,0,0,1457.55
2026-06-23,2026-07-28,9400.0,CE,1500,500,5,27.3
2026-06-23,2026-07-28,9400.0,PE,0,0,0,1548.8
2026-06-23,2026-07-28,9500.0,CE,17750,10125,126,24.0
2026-06-23,2026-07-28,9500.0,PE,0,0,0,1641.15
2026-06-23,2026-07-28,9600.0,CE,8875,8375,75,21.45
2026-06-23,2026-07-28,9600.0,PE,0,0,0,1734.45
2026-06-23,2026-08-25,6800.0,CE,0,0,0,1576.8
2026-06-23,2026-08-25,6800.0,PE,0,0,0,17.85
2026-06-23,2026-08-25,7000.0,CE,0,0,0,1393.05
2026-06-23,2026-08-25,7000.0,PE,0,0,0,31.15
2026-06-23,2026-08-25,7200.0,CE,0,0,0,1216.2
2026-06-23,2026-08-25,7200.0,PE,0,0,0,51.35
2026-06-23,2026-08-25,7400.0,CE,0,0,0,1048.3
2026-06-23,2026-08-25,7400.0,PE,0,0,0,80.5
2026-06-23,2026-08-25,7500.0,CE,0,0,0,968.35
2026-06-23,2026-08-25,7500.0,PE,0,0,0,99.05
2026-06-23,2026-08-25,7600.0,CE,0,0,0,891.35
2026-06-23,2026-08-25,7600.0,PE,0,0,0,120.55
2026-06-23,2026-08-25,7700.0,CE,0,0,0,817.8
2026-06-23,2026-08-25,7700.0,PE,0,0,0,145.55
2026-06-23,2026-08-25,7800.0,CE,0,0,0,746.9
2026-06-23,2026-08-25,7800.0,PE,0,0,0,173.2
2026-06-23,2026-08-25,7900.0,CE,0,0,0,680.05
2026-06-23,2026-08-25,7900.0,PE,0,0,0,204.85
2026-06-23,2026-08-25,8000.0,CE,0,0,0,616.8
2026-06-23,2026-08-25,8000.0,PE,0,0,0,240.15
2026-06-23,2026-08-25,8100.0,CE,0,0,0,557.35
2026-06-23,2026-08-25,8100.0,PE,0,0,0,279.2
2026-06-23,2026-08-25,8200.0,CE,0,0,0,501.7
2026-06-23,2026-08-25,8200.0,PE,0,0,0,322.05
2026-06-23,2026-08-25,8300.0,CE,0,0,0,449.85
2026-06-23,2026-08-25,8300.0,PE,0,0,0,368.75
2026-06-23,2026-08-25,8400.0,CE,0,0,0,401.8
2026-06-23,2026-08-25,8400.0,PE,0,0,0,419.2
2026-06-23,2026-08-25,8500.0,CE,0,0,0,357.5
2026-06-23,2026-08-25,8500.0,PE,0,0,0,473.45
2026-06-23,2026-08-25,8600.0,CE,0,0,0,316.85
2026-06-23,2026-08-25,8600.0,PE,0,0,0,531.3
2026-06-23,2026-08-25,8700.0,CE,0,0,0,279.75
2026-06-23,2026-08-25,8700.0,PE,0,0,0,592.75
2026-06-23,2026-08-25,8800.0,CE,0,0,0,246.05
2026-06-23,2026-08-25,8800.0,PE,0,0,0,657.55
2026-06-23,2026-08-25,8900.0,CE,0,0,0,215.6
2026-06-23,2026-08-25,8900.0,PE,0,0,0,725.6
2026-06-23,2026-08-25,9000.0,CE,0,0,0,188.2
2026-06-23,2026-08-25,9000.0,PE,0,0,0,796.75
2026-06-23,2026-08-25,9100.0,CE,0,0,0,164.1
2026-06-23,2026-08-25,9100.0,PE,0,0,0,871.15
2026-06-23,2026-08-25,9200.0,CE,0,0,0,142.0
2026-06-23,2026-08-25,9200.0,PE,0,0,0,947.6
2026-06-23,2026-08-25,9400.0,CE,0,0,0,105.5
2026-06-23,2026-08-25,9400.0,PE,0,0,0,1108.15
2026-06-23,2026-08-25,9600.0,CE,0,0,0,77.3
2026-06-23,2026-08-25,9600.0,PE,0,0,0,1276.95
2026-06-23,2026-08-25,9800.0,CE,0,0,0,55.8
2026-06-23,2026-08-25,9800.0,PE,0,0,0,1452.55
2026-06-24,2026-06-30,6500.0,PE,5625,250,39,0.3
2026-06-24,2026-06-30,7000.0,CE,0,0,0,696.9
2026-06-24,2026-06-30,7000.0,PE,17500,-1500,16,0.35
2026-06-24,2026-06-30,7100.0,CE,0,0,0,629.3
2026-06-24,2026-06-30,7100.0,PE,2500,-625,9,0.3
2026-06-24,2026-06-30,7200.0,CE,0,0,0,566.0
2026-06-24,2026-06-30,7200.0,PE,2375,-125,5,0.25
2026-06-24,2026-06-30,7250.0,PE,250,0,0,1.25
2026-06-24,2026-06-30,7300.0,CE,0,0,0,506.8
2026-06-24,2026-06-30,7300.0,PE,3375,-250,2,0.25
2026-06-24,2026-06-30,7350.0,PE,1875,0,0,25.0
2026-06-24,2026-06-30,7400.0,CE,0,0,0,451.7
2026-06-24,2026-06-30,7400.0,PE,5125,-1000,13,0.15
2026-06-24,2026-06-30,7500.0,CE,1500,0,0,1006.0
2026-06-24,2026-06-30,7500.0,PE,67750,-375,66,0.15
2026-06-24,2026-06-30,7550.0,CE,0,0,0,474.0
2026-06-24,2026-06-30,7550.0,PE,3500,0,0,0.95
2026-06-24,2026-06-30,7600.0,CE,1625,-125,1,945.0
2026-06-24,2026-06-30,7600.0,PE,67500,-125,5,0.25
2026-06-24,2026-06-30,7650.0,CE,0,0,0,415.3
2026-06-24,2026-06-30,7650.0,PE,5125,-125,3,0.15
2026-06-24,2026-06-30,7700.0,CE,500,-125,1,871.0
2026-06-24,2026-06-30,7700.0,PE,72375,-500,88,0.45
2026-06-24,2026-06-30,7750.0,CE,3375,0,0,708.1
2026-06-24,2026-06-30,7750.0,PE,2750,0,0,1.6
2026-06-24,2026-06-30,7800.0,CE,3875,0,1,745.0
2026-06-24,2026-06-30,7800.0,PE,47125,-1875,75,2.1
2026-06-24,2026-06-30,7850.0,CE,0,0,0,312.45
2026-06-24,2026-06-30,7850.0,PE,1500,0,0,2.3
2026-06-24,2026-06-30,7900.0,CE,1625,-125,2,659.5
2026-06-24,2026-06-30,7900.0,PE,49375,5750,146,3.65
2026-06-24,2026-06-30,7950.0,CE,1875,0,0,442.1
2026-06-24,2026-06-30,7950.0,PE,5125,-1000,24,2.4
2026-06-24,2026-06-30,8000.0,CE,18375,-1125,21,576.1
2026-06-24,2026-06-30,8000.0,PE,62500,-2625,88,3.7
2026-06-24,2026-06-30,8050.0,CE,7500,0,0,460.0
2026-06-24,2026-06-30,8050.0,PE,17375,-375,3,4.25
2026-06-24,2026-06-30,8100.0,CE,17500,-500,5,471.3
2026-06-24,2026-06-30,8100.0,PE,39000,6250,261,4.75
2026-06-24,2026-06-30,8150.0,CE,7375,0,0,380.0
2026-06-24,2026-06-30,8150.0,PE,13125,-375,9,5.8
2026-06-24,2026-06-30,8200.0,CE,20750,-875,12,378.95
2026-06-24,2026-06-30,8200.0,PE,42625,-4000,100,7.15
2026-06-24,2026-06-30,8250.0,CE,7625,-250,5,322.75
2026-06-24,2026-06-30,8250.0,PE,28500,-2625,32,9.2
2026-06-24,2026-06-30,8300.0,CE,33250,-1250,37,278.6
2026-06-24,2026-06-30,8300.0,PE,109500,9375,631,11.45
2026-06-24,2026-06-30,8350.0,CE,26625,0,19,233.2
2026-06-24,2026-06-30,8350.0,PE,36875,9250,594,15.05
2026-06-24,2026-06-30,8400.0,CE,44375,-12500,438,190.1
2026-06-24,2026-06-30,8400.0,PE,213250,36375,2100,20.8
2026-06-24,2026-06-30,8450.0,CE,41500,-1375,372,146.95
2026-06-24,2026-06-30,8450.0,PE,104000,2000,992,26.7
2026-06-24,2026-06-30,8500.0,CE,150875,-99500,4407,108.95
2026-06-24,2026-06-30,8500.0,PE,75750,-750,2176,40.8
2026-06-24,2026-06-30,8550.0,CE,47875,-44000,3517,79.25
2026-06-24,2026-06-30,8550.0,PE,34250,-8125,1441,60.35
2026-06-24,2026-06-30,8600.0,CE,130125,-14375,7370,56.45
2026-06-24,2026-06-30,8600.0,PE,28000,-1625,713,85.6
2026-06-24,2026-06-30,8650.0,CE,31750,9625,985,38.1
2026-06-24,2026-06-30,8650.0,PE,11375,5625,235,118.1
2026-06-24,2026-06-30,8700.0,CE,80625,6500,1747,27.15
2026-06-24,2026-06-30,8700.0,PE,11625,0,0,212.8
2026-06-24,2026-06-30,8750.0,CE,13500,-8000,460,17.65
2026-06-24,2026-06-30,8750.0,PE,7875,0,0,277.9
2026-06-24,2026-06-30,8800.0,CE,83375,-7125,918,12.05
2026-06-24,2026-06-30,8800.0,PE,2125,0,0,344.9
2026-06-24,2026-06-30,8850.0,CE,22750,6750,407,8.65
2026-06-24,2026-06-30,8850.0,PE,0,0,0,1059.35
2026-06-24,2026-06-30,8900.0,CE,47375,0,314,6.05
2026-06-24,2026-06-30,8900.0,PE,0,0,0,1368.8
2026-06-24,2026-06-30,8950.0,CE,125,0,0,4.65
2026-06-24,2026-06-30,8950.0,PE,0,0,0,1148.45
2026-06-24,2026-06-30,9000.0,CE,83875,-47500,1131,3.15
2026-06-24,2026-06-30,9000.0,PE,2375,375,8,433.3
2026-06-24,2026-06-30,9050.0,CE,125,0,0,2.25
2026-06-24,2026-06-30,9050.0,PE,0,0,0,1239.3
2026-06-24,2026-06-30,9100.0,CE,143500,-4000,186,1.6
2026-06-24,2026-06-30,9100.0,PE,125,0,0,754.3
2026-06-24,2026-06-30,9200.0,CE,19125,875,28,1.4
2026-06-24,2026-06-30,9200.0,PE,375,0,0,874.75
2026-06-24,2026-06-30,9300.0,CE,23500,-1250,12,0.85
2026-06-24,2026-06-30,9300.0,PE,0,0,0,1705.85
2026-06-24,2026-06-30,9400.0,CE,12500,-750,12,1.15
2026-06-24,2026-06-30,9400.0,PE,0,0,0,1830.75
2026-06-24,2026-06-30,9500.0,CE,14375,-3625,58,1.35
2026-06-24,2026-06-30,9500.0,PE,0,0,0,1707.35
2026-06-24,2026-06-30,9600.0,CE,1000,0,0,2.45
2026-06-24,2026-06-30,9600.0,PE,0,0,0,2021.1
2026-06-24,2026-07-28,7000.0,CE,0,0,0,939.85
2026-06-24,2026-07-28,7000.0,PE,0,0,0,86.35
2026-06-24,2026-07-28,7100.0,CE,0,0,0,861.8
2026-06-24,2026-07-28,7100.0,PE,125,0,0,12.0
2026-06-24,2026-07-28,7200.0,CE,0,0,0,787.3
2026-06-24,2026-07-28,7200.0,PE,0,0,0,130.9
2026-06-24,2026-07-28,7300.0,CE,0,0,0,715.65
2026-06-24,2026-07-28,7300.0,PE,125,0,0,36.05
2026-06-24,2026-07-28,7400.0,CE,0,0,0,648.15
2026-06-24,2026-07-28,7400.0,PE,0,0,0,188.95
2026-06-24,2026-07-28,7500.0,CE,375,0,0,1070.0
2026-06-24,2026-07-28,7500.0,PE,750,0,0,9.8
2026-06-24,2026-07-28,7550.0,CE,0,0,0,858.5
2026-06-24,2026-07-28,7550.0,PE,1250,0,0,33.1
2026-06-24,2026-07-28,7600.0,CE,250,0,0,990.0
2026-06-24,2026-07-28,7600.0,PE,1750,0,0,22.2
2026-06-24,2026-07-28,7650.0,CE,0,0,0,779.1
2026-06-24,2026-07-28,7650.0,PE,500,0,0,28.15
2026-06-24,2026-07-28,7700.0,CE,500,0,0,900.0
2026-06-24,2026-07-28,7700.0,PE,1375,0,0,29.45
2026-06-24,2026-07-28,7750.0,CE,0,0,0,703.65
2026-06-24,2026-07-28,7750.0,PE,1500,0,0,32.0
2026-06-24,2026-07-28,7800.0,CE,1500,125,1,800.0
2026-06-24,2026-07-28,7800.0,PE,1875,625,14,16.5
2026-06-24,2026-07-28,7850.0,CE,0,0,0,631.4
2026-06-24,2026-07-28,7850.0,PE,875,0,0,41.7
2026-06-24,2026-07-28,7900.0,CE,250,125,1,720.0
2026-06-24,2026-07-28,7900.0,PE,750,125,1,27.35
2026-06-24,2026-07-28,7950.0,CE,0,0,0,563.85
2026-06-24,2026-07-28,7950.0,PE,750,375,5,28.55
2026-06-24,2026-07-28,8000.0,CE,3500,625,5,643.0
2026-06-24,2026-07-28,8000.0,PE,16375,1875,63,33.85
2026-06-24,2026-07-28,8050.0,CE,0,0,0,500.65
2026-06-24,2026-07-28,8050.0,PE,1125,0,0,52.35
2026-06-24,2026-07-28,8100.0,CE,375,250,2,560.0
2026-06-24,2026-07-28,8100.0,PE,2125,250,2,46.05
2026-06-24,2026-07-28,8150.0,CE,875,0,0,432.05
2026-06-24,2026-07-28,8150.0,PE,750,0,0,85.35
2026-06-24,2026-07-28,8200.0,CE,250,250,2,460.0
2026-06-24,2026-07-28,8200.0,PE,7375,3750,69,67.5
2026-06-24,2026-07-28,8250.0,CE,875,0,0,355.45
2026-06-24,2026-07-28,8250.0,PE,3125,125,2,76.15
2026-06-24,2026-07-28,8300.0,CE,1000,500,8,405.0
2026-06-24,2026-07-28,8300.0,PE,3250,2625,42,85.65
2026-06-24,2026-07-28,8350.0,CE,0,0,0,338.4
2026-06-24,2026-07-28,8350.0,PE,500,500,24,103.1
2026-06-24,2026-07-28,8400.0,CE,125,125,1,320.0
2026-06-24,2026-07-28,8400.0,PE,17250,8125,135,116.35
2026-06-24,2026-07-28,8450.0,CE,625,125,5,300.0
2026-06-24,2026-07-28,8450.0,PE,125,125,1,130.1
2026-06-24,2026-07-28,8500.0,CE,26500,5625,287,280.85
2026-06-24,2026-07-28,8500.0,PE,19000,4875,101,151.8
2026-06-24,2026-07-28,8550.0,CE,3250,2250,52,249.35
2026-06-24,2026-07-28,8550.0,PE,0,0,0,456.9
2026-06-24,2026-07-28,8600.0,CE,21500,15250,830,218.3
2026-06-24,2026-07-28,8600.0,PE,4125,3500,75,196.1
2026-06-24,2026-07-28,8650.0,CE,875,500,8,197.1
2026-06-24,2026-07-28,8650.0,PE,125,125,1,221.4
2026-06-24,2026-07-28,8700.0,CE,2250,250,19,174.0
2026-06-24,2026-07-28,8700.0,PE,125,125,1,251.85
2026-06-24,2026-07-28,8750.0,CE,250,0,0,110.55
2026-06-24,2026-07-28,8750.0,PE,500,500,38,292.25
2026-06-24,2026-07-28,8800.0,CE,5875,1375,18,130.0
2026-06-24,2026-07-28,8800.0,PE,250,250,2,300.0
2026-06-24,2026-07-28,8850.0,CE,0,0,0,156.4
2026-06-24,2026-07-28,8850.0,PE,0,0,0,657.15
2026-06-24,2026-07-28,8900.0,CE,125,0,0,99.0
2026-06-24,2026-07-28,8900.0,PE,0,0,0,1107.05
2026-06-24,2026-07-28,8950.0,CE,0,0,0,132.1
2026-06-24,2026-07-28,8950.0,PE,0,0,0,731.85
2026-06-24,2026-07-28,9000.0,CE,27875,6875,319,79.55
2026-06-24,2026-07-28,9000.0,PE,500,0,0,570.0
2026-06-24,2026-07-28,9050.0,CE,0,0,0,110.3
2026-06-24,2026-07-28,9050.0,PE,0,0,0,809.05
2026-06-24,2026-07-28,9100.0,CE,2125,0,0,51.55
2026-06-24,2026-07-28,9100.0,PE,250,0,0,594.35
2026-06-24,2026-07-28,9200.0,CE,12750,5125,54,48.8
2026-06-24,2026-07-28,9200.0,PE,0,0,0,1367.6
2026-06-24,2026-07-28,9300.0,CE,11250,4625,55,37.65
2026-06-24,2026-07-28,9300.0,PE,0,0,0,1457.55
2026-06-24,2026-07-28,9400.0,CE,1500,0,0,27.3
2026-06-24,2026-07-28,9400.0,PE,0,0,0,1548.8
2026-06-24,2026-07-28,9500.0,CE,49250,31500,453,27.0
2026-06-24,2026-07-28,9500.0,PE,0,0,0,1641.15
2026-06-24,2026-07-28,9600.0,CE,25375,16500,206,23.15
2026-06-24,2026-07-28,9600.0,PE,0,0,0,1734.45
2026-06-24,2026-08-25,6800.0,CE,0,0,0,1576.8
2026-06-24,2026-08-25,6800.0,PE,0,0,0,17.85
2026-06-24,2026-08-25,7000.0,CE,0,0,0,1393.05
2026-06-24,2026-08-25,7000.0,PE,0,0,0,31.15
2026-06-24,2026-08-25,7200.0,CE,0,0,0,1216.2
2026-06-24,2026-08-25,7200.0,PE,0,0,0,51.35
2026-06-24,2026-08-25,7400.0,CE,0,0,0,1048.3
2026-06-24,2026-08-25,7400.0,PE,0,0,0,80.5
2026-06-24,2026-08-25,7500.0,CE,0,0,0,968.35
2026-06-24,2026-08-25,7500.0,PE,0,0,0,99.05
2026-06-24,2026-08-25,7600.0,CE,0,0,0,891.35
2026-06-24,2026-08-25,7600.0,PE,0,0,0,120.55
2026-06-24,2026-08-25,7700.0,CE,0,0,0,817.8
2026-06-24,2026-08-25,7700.0,PE,0,0,0,145.55
2026-06-24,2026-08-25,7800.0,CE,0,0,0,746.9
2026-06-24,2026-08-25,7800.0,PE,0,0,0,173.2
2026-06-24,2026-08-25,7900.0,CE,0,0,0,680.05
2026-06-24,2026-08-25,7900.0,PE,0,0,0,204.85
2026-06-24,2026-08-25,8000.0,CE,0,0,0,616.8
2026-06-24,2026-08-25,8000.0,PE,0,0,0,240.15
2026-06-24,2026-08-25,8100.0,CE,0,0,0,557.35
2026-06-24,2026-08-25,8100.0,PE,0,0,0,279.2
2026-06-24,2026-08-25,8200.0,CE,0,0,0,501.7
2026-06-24,2026-08-25,8200.0,PE,0,0,0,322.05
2026-06-24,2026-08-25,8300.0,CE,0,0,0,449.85
2026-06-24,2026-08-25,8300.0,PE,0,0,0,368.75
2026-06-24,2026-08-25,8400.0,CE,0,0,0,401.8
2026-06-24,2026-08-25,8400.0,PE,0,0,0,419.2
2026-06-24,2026-08-25,8500.0,CE,0,0,0,357.5
2026-06-24,2026-08-25,8500.0,PE,0,0,0,473.45
2026-06-24,2026-08-25,8600.0,CE,0,0,0,316.85
2026-06-24,2026-08-25,8600.0,PE,0,0,0,531.3
2026-06-24,2026-08-25,8700.0,CE,0,0,0,279.75
2026-06-24,2026-08-25,8700.0,PE,0,0,0,592.75
2026-06-24,2026-08-25,8800.0,CE,0,0,0,246.05
2026-06-24,2026-08-25,8800.0,PE,0,0,0,657.55
2026-06-24,2026-08-25,8900.0,CE,0,0,0,215.6
2026-06-24,2026-08-25,8900.0,PE,0,0,0,725.6
2026-06-24,2026-08-25,9000.0,CE,0,0,0,188.2
2026-06-24,2026-08-25,9000.0,PE,0,0,0,796.75
2026-06-24,2026-08-25,9100.0,CE,0,0,0,164.1
2026-06-24,2026-08-25,9100.0,PE,0,0,0,871.15
2026-06-24,2026-08-25,9200.0,CE,0,0,0,142.0
2026-06-24,2026-08-25,9200.0,PE,0,0,0,947.6
2026-06-24,2026-08-25,9400.0,CE,0,0,0,105.5
2026-06-24,2026-08-25,9400.0,PE,0,0,0,1108.15
2026-06-24,2026-08-25,9600.0,CE,0,0,0,77.3
2026-06-24,2026-08-25,9600.0,PE,0,0,0,1276.95
2026-06-24,2026-08-25,9800.0,CE,0,0,0,55.8
2026-06-24,2026-08-25,9800.0,PE,0,0,0,1452.55
2026-06-25,2026-06-30,6500.0,PE,12500,6875,1680,0.7
2026-06-25,2026-06-30,7000.0,CE,0,0,0,696.9
2026-06-25,2026-06-30,7000.0,PE,14125,-3375,578,0.3
2026-06-25,2026-06-30,7100.0,CE,0,0,0,629.3
2026-06-25,2026-06-30,7100.0,PE,2750,250,12,0.25
2026-06-25,2026-06-30,7200.0,CE,0,0,0,566.0
2026-06-25,2026-06-30,7200.0,PE,2375,0,1,0.2
2026-06-25,2026-06-30,7250.0,PE,250,0,0,1.25
2026-06-25,2026-06-30,7300.0,CE,0,0,0,506.8
2026-06-25,2026-06-30,7300.0,PE,3125,-250,246,0.25
2026-06-25,2026-06-30,7350.0,PE,625,-1250,74,0.1
2026-06-25,2026-06-30,7400.0,CE,0,0,0,451.7
2026-06-25,2026-06-30,7400.0,PE,4250,-875,7,0.55
2026-06-25,2026-06-30,7500.0,CE,1500,0,0,1006.0
2026-06-25,2026-06-30,7500.0,PE,88250,20500,443,0.2
2026-06-25,2026-06-30,7550.0,CE,0,0,0,474.0
2026-06-25,2026-06-30,7550.0,PE,3500,0,0,0.95
2026-06-25,2026-06-30,7600.0,CE,1000,-625,6,1000.0
2026-06-25,2026-06-30,7600.0,PE,67000,-500,7,0.35
2026-06-25,2026-06-30,7650.0,CE,0,0,0,415.3
2026-06-25,2026-06-30,7650.0,PE,5125,0,1,0.25
2026-06-25,2026-06-30,7700.0,CE,500,0,0,871.0
2026-06-25,2026-06-30,7700.0,PE,72000,-375,16,0.35
2026-06-25,2026-06-30,7750.0,CE,3375,0,0,708.1
2026-06-25,2026-06-30,7750.0,PE,2625,-125,1,1.0
2026-06-25,2026-06-30,7800.0,CE,3750,-125,3,797.0
2026-06-25,2026-06-30,7800.0,PE,46375,-750,10,1.0
2026-06-25,2026-06-30,7850.0,CE,0,0,0,312.45
2026-06-25,2026-06-30,7850.0,PE,1500,0,0,2.3
2026-06-25,2026-06-30,7900.0,CE,1375,-250,2,696.0
2026-06-25,2026-06-30,7900.0,PE,48875,-500,13,2.1
2026-06-25,2026-06-30,7950.0,CE,1875,0,0,442.1
2026-06-25,2026-06-30,7950.0,PE,5125,0,0,2.4
2026-06-25,2026-06-30,8000.0,CE,16125,-2250,41,591.15
2026-06-25,2026-06-30,8000.0,PE,49625,-12875,163,3.05
2026-06-25,2026-06-30,8050.0,CE,7000,-500,8,630.0
2026-06-25,2026-06-30,8050.0,PE,17250,-125,2,3.0
2026-06-25,2026-06-30,8100.0,CE,17500,0,0,471.3
2026-06-25,2026-06-30,8100.0,PE,40375,1375,130,5.6
2026-06-25,2026-06-30,8150.0,CE,7375,0,0,380.0
2026-06-25,2026-06-30,8150.0,PE,12875,-250,36,4.1
2026-06-25,2026-06-30,8200.0,CE,19375,-1375,15,390.0
2026-06-25,2026-06-30,8200.0,PE,36125,-6500,226,5.65
2026-06-25,2026-06-30,8250.0,CE,7625,0,0,322.75
2026-06-25,2026-06-30,8250.0,PE,27875,-625,10,6.0
2026-06-25,2026-06-30,8300.0,CE,31500,-1750,37,307.8
2026-06-25,2026-06-30,8300.0,PE,74875,-34625,941,8.35
2026-06-25,2026-06-30,8350.0,CE,26625,0,19,225.4
2026-06-25,2026-06-30,8350.0,PE,32000,-4875,557,10.25
2026-06-25,2026-06-30,8400.0,CE,40125,-4250,181,200.2
2026-06-25,2026-06-30,8400.0,PE,187125,-26125,2034,12.2
2026-06-25,2026-06-30,8450.0,CE,37000,-4500,210,158.4
2026-06-25,2026-06-30,8450.0,PE,101500,-2500,474,14.3
2026-06-25,2026-06-30,8500.0,CE,112000,-38875,1497,114.5
2026-06-25,2026-06-30,8500.0,PE,79500,3750,2107,21.9
2026-06-25,2026-06-30,8550.0,CE,29875,-18000,1600,79.95
2026-06-25,2026-06-30,8550.0,PE,30125,-4125,1752,38.05
2026-06-25,2026-06-30,8600.0,CE,66750,-63375,5171,51.95
2026-06-25,2026-06-30,8600.0,PE,41875,13875,2325,61.05
2026-06-25,2026-06-30,8650.0,CE,38500,6750,3335,33.45
2026-06-25,2026-06-30,8650.0,PE,12000,625,531,90.4
2026-06-25,2026-06-30,8700.0,CE,78250,-2375,7025,19.05
2026-06-25,2026-06-30,8700.0,PE,19625,8000,335,128.0
2026-06-25,2026-06-30,8750.0,CE,16250,2750,1657,11.3
2026-06-25,2026-06-30,8750.0,PE,7875,0,0,277.9
2026-06-25,2026-06-30,8800.0,CE,75625,-7750,2671,5.35
2026-06-25,2026-06-30,8800.0,PE,2125,0,9,234.7
2026-06-25,2026-06-30,8850.0,CE,23375,625,396,4.5
2026-06-25,2026-06-30,8850.0,PE,0,0,0,1059.35
2026-06-25,2026-06-30,8900.0,CE,44875,-2500,1195,3.25
2026-06-25,2026-06-30,8900.0,PE,0,0,0,1368.8
2026-06-25,2026-06-30,8950.0,CE,250,125,4,4.0
2026-06-25,2026-06-30,8950.0,PE,0,0,0,1148.45
2026-06-25,2026-06-30,9000.0,CE,93750,9875,1480,2.3
2026-06-25,2026-06-30,9000.0,PE,2375,0,0,433.3
2026-06-25,2026-06-30,9050.0,CE,125,0,0,2.25
2026-06-25,2026-06-30,9050.0,PE,0,0,0,1239.3
2026-06-25,2026-06-30,9100.0,CE,143375,-125,584,1.05
2026-06-25,2026-06-30,9100.0,PE,125,0,0,754.3
2026-06-25,2026-06-30,9150.0,CE,0,0,0,25.75
2026-06-25,2026-06-30,9150.0,PE,0,0,0,1331.65
2026-06-25,2026-06-30,9200.0,CE,15250,-3875,77,1.05
2026-06-25,2026-06-30,9200.0,PE,375,0,0,874.75
2026-06-25,2026-06-30,9300.0,CE,18625,-4875,71,1.1
2026-06-25,2026-06-30,9300.0,PE,0,0,0,1705.85
2026-06-25,2026-06-30,9400.0,CE,10750,-1750,20,1.15
2026-06-25,2026-06-30,9400.0,PE,0,0,0,1830.75
2026-06-25,2026-06-30,9500.0,CE,14000,-375,28,1.0
2026-06-25,2026-06-30,9500.0,PE,0,0,0,1707.35
2026-06-25,2026-06-30,9600.0,CE,1000,0,0,2.45
2026-06-25,2026-06-30,9600.0,PE,0,0,0,2021.1
2026-06-25,2026-06-30,9700.0,CE,0,0,0,6.55
2026-06-25,2026-06-30,9700.0,PE,0,0,0,1856.9
2026-06-25,2026-07-28,7000.0,CE,0,0,0,939.85
2026-06-25,2026-07-28,7000.0,PE,0,0,0,86.35
2026-06-25,2026-07-28,7100.0,CE,0,0,0,861.8
2026-06-25,2026-07-28,7100.0,PE,125,0,0,12.0
2026-06-25,2026-07-28,7200.0,CE,0,0,0,787.3
2026-06-25,2026-07-28,7200.0,PE,0,0,0,130.9
2026-06-25,2026-07-28,7300.0,CE,0,0,0,715.65
2026-06-25,2026-07-28,7300.0,PE,125,0,0,36.05
2026-06-25,2026-07-28,7400.0,CE,0,0,0,648.15
2026-06-25,2026-07-28,7400.0,PE,0,0,0,188.95
2026-06-25,2026-07-28,7500.0,CE,500,125,1,1209.0
2026-06-25,2026-07-28,7500.0,PE,750,0,0,9.8
2026-06-25,2026-07-28,7550.0,CE,0,0,0,858.5
2026-06-25,2026-07-28,7550.0,PE,1250,0,0,33.1
2026-06-25,2026-07-28,7600.0,CE,250,0,0,990.0
2026-06-25,2026-07-28,7600.0,PE,1750,0,0,22.2
2026-06-25,2026-07-28,7650.0,CE,0,0,0,779.1
2026-06-25,2026-07-28,7650.0,PE,500,0,0,28.15
2026-06-25,2026-07-28,7700.0,CE,500,0,0,900.0
2026-06-25,2026-07-28,7700.0,PE,1375,0,0,29.45
2026-06-25,2026-07-28,7750.0,CE,0,0,0,703.65
2026-06-25,2026-07-28,7750.0,PE,1500,0,0,32.0
2026-06-25,2026-07-28,7800.0,CE,1750,250,2,840.0
2026-06-25,2026-07-28,7800.0,PE,1875,0,3,16.05
2026-06-25,2026-07-28,7850.0,CE,0,0,0,631.4
2026-06-25,2026-07-28,7850.0,PE,875,0,0,41.7
2026-06-25,2026-07-28,7900.0,CE,250,0,0,720.0
2026-06-25,2026-07-28,7900.0,PE,6750,6000,59,23.5
2026-06-25,2026-07-28,7950.0,CE,0,0,0,563.85
2026-06-25,2026-07-28,7950.0,PE,1250,500,8,28.3
2026-06-25,2026-07-28,8000.0,CE,5500,2000,18,661.0
2026-06-25,2026-07-28,8000.0,PE,35875,19500,351,33.9
2026-06-25,2026-07-28,8050.0,CE,250,250,2,610.0
2026-06-25,2026-07-28,8050.0,PE,5250,4125,49,37.1
2026-06-25,2026-07-28,8100.0,CE,375,0,2,620.0
2026-06-25,2026-07-28,8100.0,PE,2125,0,0,46.05
2026-06-25,2026-07-28,8150.0,CE,875,0,0,432.05
2026-06-25,2026-07-28,8150.0,PE,750,0,0,85.35
2026-06-25,2026-07-28,8200.0,CE,375,125,1,485.0
2026-06-25,2026-07-28,8200.0,PE,8250,875,46,59.3
2026-06-25,2026-07-28,8250.0,CE,875,0,0,355.45
2026-06-25,2026-07-28,8250.0,PE,1750,-1375,14,53.7
2026-06-25,2026-07-28,8300.0,CE,1000,0,0,405.0
2026-06-25,2026-07-28,8300.0,PE,5000,1750,29,81.7
2026-06-25,2026-07-28,8350.0,CE,0,0,0,338.4
2026-06-25,2026-07-28,8350.0,PE,1125,625,15,94.8
2026-06-25,2026-07-28,8400.0,CE,375,250,2,351.0
2026-06-25,2026-07-28,8400.0,PE,18875,1625,109,106.45
2026-06-25,2026-07-28,8450.0,CE,625,0,2,368.1
2026-06-25,2026-07-28,8450.0,PE,125,0,0,130.1
2026-06-25,2026-07-28,8500.0,CE,18250,-8250,263,280.05
2026-06-25,2026-07-28,8500.0,PE,25125,6125,318,139.45
2026-06-25,2026-07-28,8550.0,CE,3375,125,33,249.2
2026-06-25,2026-07-28,8550.0,PE,0,0,0,456.9
2026-06-25,2026-07-28,8600.0,CE,18625,-2875,567,222.9
2026-06-25,2026-07-28,8600.0,PE,7750,3625,131,180.0
2026-06-25,2026-07-28,8650.0,CE,875,0,5,205.0
2026-06-25,2026-07-28,8650.0,PE,2250,2125,52,203.2
2026-06-25,2026-07-28,8700.0,CE,12875,10625,222,175.7
2026-06-25,2026-07-28,8700.0,PE,5250,5125,42,230.85
2026-06-25,2026-07-28,8750.0,CE,250,0,0,110.55
2026-06-25,2026-07-28,8750.0,PE,1000,500,11,222.55
2026-06-25,2026-07-28,8800.0,CE,10000,4125,155,132.7
2026-06-25,2026-07-28,8800.0,PE,875,625,11,299.0
2026-06-25,2026-07-28,8850.0,CE,0,0,0,156.4
2026-06-25,2026-07-28,8850.0,PE,0,0,0,657.15
2026-06-25,2026-07-28,8900.0,CE,1500,1375,42,102.8
2026-06-25,2026-07-28,8900.0,PE,0,0,0,1107.05
2026-06-25,2026-07-28,8950.0,CE,0,0,0,132.1
2026-06-25,2026-07-28,8950.0,PE,0,0,0,731.85
2026-06-25,2026-07-28,9000.0,CE,31750,3875,473,77.05
2026-06-25,2026-07-28,9000.0,PE,500,0,1,428.0
2026-06-25,2026-07-28,9050.0,CE,0,0,0,110.3
2026-06-25,2026-07-28,9050.0,PE,0,0,0,809.05
2026-06-25,2026-07-28,9100.0,CE,3625,1500,48,56.1
2026-06-25,2026-07-28,9100.0,PE,250,0,2,520.4
2026-06-25,2026-07-28,9150.0,CE,0,0,0,91.8
2026-06-25,2026-07-28,9150.0,PE,0,0,0,889.5
2026-06-25,2026-07-28,9200.0,CE,12875,125,60,42.85
2026-06-25,2026-07-28,9200.0,PE,0,0,0,1367.6
2026-06-25,2026-07-28,9300.0,CE,13375,2125,58,33.5
2026-06-25,2026-07-28,9300.0,PE,0,0,0,1457.55
2026-06-25,2026-07-28,9400.0,CE,1625,125,97,26.55
2026-06-25,2026-07-28,9400.0,PE,0,0,0,1548.8
2026-06-25,2026-07-28,9500.0,CE,57500,8250,320,21.7
2026-06-25,2026-07-28,9500.0,PE,0,0,0,1641.15
2026-06-25,2026-07-28,9600.0,CE,23625,-1750,49,19.6
2026-06-25,2026-07-28,9600.0,PE,0,0,0,1734.45
2026-06-25,2026-07-28,9700.0,CE,22125,22125,283,16.6
2026-06-25,2026-07-28,9700.0,PE,0,0,0,1515.25
2026-06-25,2026-08-25,6800.0,CE,0,0,0,1576.8
2026-06-25,2026-08-25,6800.0,PE,0,0,0,17.85
2026-06-25,2026-08-25,7000.0,CE,0,0,0,1393.05
2026-06-25,2026-08-25,7000.0,PE,0,0,0,31.15
2026-06-25,2026-08-25,7200.0,CE,0,0,0,1216.2
2026-06-25,2026-08-25,7200.0,PE,0,0,0,51.35
2026-06-25,2026-08-25,7400.0,CE,0,0,0,1048.3
2026-06-25,2026-08-25,7400.0,PE,0,0,0,80.5
2026-06-25,2026-08-25,7500.0,CE,0,0,0,968.35
2026-06-25,2026-08-25,7500.0,PE,0,0,0,99.05
2026-06-25,2026-08-25,7600.0,CE,0,0,0,891.35
2026-06-25,2026-08-25,7600.0,PE,0,0,0,120.55
2026-06-25,2026-08-25,7700.0,CE,0,0,0,817.8
2026-06-25,2026-08-25,7700.0,PE,0,0,0,145.55
2026-06-25,2026-08-25,7800.0,CE,0,0,0,746.9
2026-06-25,2026-08-25,7800.0,PE,0,0,0,173.2
2026-06-25,2026-08-25,7900.0,CE,0,0,0,680.05
2026-06-25,2026-08-25,7900.0,PE,0,0,0,204.85
2026-06-25,2026-08-25,8000.0,CE,0,0,0,616.8
2026-06-25,2026-08-25,8000.0,PE,0,0,0,240.15
2026-06-25,2026-08-25,8100.0,CE,0,0,0,557.35
2026-06-25,2026-08-25,8100.0,PE,0,0,0,279.2
2026-06-25,2026-08-25,8200.0,CE,0,0,0,501.7
2026-06-25,2026-08-25,8200.0,PE,0,0,0,322.05
2026-06-25,2026-08-25,8300.0,CE,0,0,0,449.85
2026-06-25,2026-08-25,8300.0,PE,0,0,0,368.75
2026-06-25,2026-08-25,8400.0,CE,0,0,0,401.8
2026-06-25,2026-08-25,8400.0,PE,0,0,0,419.2
2026-06-25,2026-08-25,8500.0,CE,0,0,0,357.5
2026-06-25,2026-08-25,8500.0,PE,5125,5125,42,180.85
2026-06-25,2026-08-25,8600.0,CE,0,0,0,316.85
2026-06-25,2026-08-25,8600.0,PE,0,0,0,531.3
2026-06-25,2026-08-25,8700.0,CE,0,0,0,279.75
2026-06-25,2026-08-25,8700.0,PE,0,0,0,592.75
2026-06-25,2026-08-25,8800.0,CE,0,0,0,246.05
2026-06-25,2026-08-25,8800.0,PE,0,0,0,657.55
2026-06-25,2026-08-25,8900.0,CE,0,0,0,215.6
2026-06-25,2026-08-25,8900.0,PE,0,0,0,725.6
2026-06-25,2026-08-25,9000.0,CE,0,0,0,188.2
2026-06-25,2026-08-25,9000.0,PE,0,0,0,796.75
2026-06-25,2026-08-25,9100.0,CE,0,0,0,164.1
2026-06-25,2026-08-25,9100.0,PE,0,0,0,871.15
2026-06-25,2026-08-25,9200.0,CE,375,375,3,110.0
2026-06-25,2026-08-25,9200.0,PE,0,0,0,947.6
2026-06-25,2026-08-25,9400.0,CE,0,0,0,105.5
2026-06-25,2026-08-25,9400.0,PE,0,0,0,1108.15
2026-06-25,2026-08-25,9600.0,CE,0,0,0,77.3
2026-06-25,2026-08-25,9600.0,PE,0,0,0,1276.95
2026-06-25,2026-08-25,9800.0,CE,0,0,0,55.8
2026-06-25,2026-08-25,9800.0,PE,0,0,0,1452.55
2026-06-29,2026-06-30,6500.0,PE,5875,-6625,230,0.25
2026-06-29,2026-06-30,7000.0,CE,0,0,0,696.9
2026-06-29,2026-06-30,7000.0,PE,12625,-1500,31,0.05
2026-06-29,2026-06-30,7100.0,CE,0,0,0,629.3
2026-06-29,2026-06-30,7100.0,PE,2625,-125,1,0.1
2026-06-29,2026-06-30,7200.0,CE,0,0,0,566.0
2026-06-29,2026-06-30,7200.0,PE,2375,0,0,0.2
2026-06-29,2026-06-30,7250.0,PE,250,0,0,1.25
2026-06-29,2026-06-30,7300.0,CE,0,0,0,506.8
2026-06-29,2026-06-30,7300.0,PE,3625,500,8,0.05
2026-06-29,2026-06-30,7350.0,PE,1125,500,5,0.15
2026-06-29,2026-06-30,7400.0,CE,0,0,0,451.7
2026-06-29,2026-06-30,7400.0,PE,4625,375,5,0.15
2026-06-29,2026-06-30,7500.0,CE,1500,0,3,1174.0
2026-06-29,2026-06-30,7500.0,PE,84750,-3500,39,0.1
2026-06-29,2026-06-30,7550.0,CE,0,0,0,474.0
2026-06-29,2026-06-30,7550.0,PE,3375,-125,2,0.1
2026-06-29,2026-06-30,7600.0,CE,1000,0,0,1000.0
2026-06-29,2026-06-30,7600.0,PE,66625,-375,82,0.05
2026-06-29,2026-06-30,7650.0,CE,0,0,0,415.3
2026-06-29,2026-06-30,7650.0,PE,5125,0,0,0.25
2026-06-29,2026-06-30,7700.0,CE,500,0,1,970.0
2026-06-29,2026-06-30,7700.0,PE,71500,-500,17,0.15
2026-06-29,2026-06-30,7750.0,CE,3375,0,0,708.1
2026-06-29,2026-06-30,7750.0,PE,2625,0,0,1.0
2026-06-29,2026-06-30,7800.0,CE,3500,-250,3,854.9
2026-06-29,2026-06-30,7800.0,PE,40000,-6375,90,0.65
2026-06-29,2026-06-30,7850.0,CE,0,0,0,312.45
2026-06-29,2026-06-30,7850.0,PE,1500,0,0,2.3
2026-06-29,2026-06-30,7900.0,CE,875,-500,7,765.0
2026-06-29,2026-06-30,7900.0,PE,45000,-3875,49,1.5
2026-06-29,2026-06-30,7950.0,CE,1875,0,0,442.1
2026-06-29,2026-06-30,7950.0,PE,4625,-500,8,3.25
2026-06-29,2026-06-30,8000.0,CE,12625,-3500,47,640.0
2026-06-29,2026-06-30,8000.0,PE,38500,-11125,269,0.95
2026-06-29,2026-06-30,8050.0,CE,7000,0,0,630.0
2026-06-29,2026-06-30,8050.0,PE,17125,-125,1,3.0
2026-06-29,2026-06-30,8100.0,CE,16750,-750,6,565.0
2026-06-29,2026-06-30,8100.0,PE,34750,-5625,302,1.15
2026-06-29,2026-06-30,8150.0,CE,6875,-500,7,511.5
2026-06-29,2026-06-30,8150.0,PE,12875,0,2,1.65
2026-06-29,2026-06-30,8200.0,CE,18250,-1125,18,460.85
2026-06-29,2026-06-30,8200.0,PE,31000,-5125,391,2.15
2026-06-29,2026-06-30,8250.0,CE,7625,0,0,322.75
2026-06-29,2026-06-30,8250.0,PE,27250,-625,17,3.35
2026-06-29,2026-06-30,8300.0,CE,30625,-875,20,358.8
2026-06-29,2026-06-30,8300.0,PE,60125,-14750,964,3.35
2026-06-29,2026-06-30,8350.0,CE,26625,0,0,225.4
2026-06-29,2026-06-30,8350.0,PE,20750,-11250,257,4.05
2026-06-29,2026-06-30,8400.0,CE,39500,-625,71,249.75
2026-06-29,2026-06-30,8400.0,PE,141125,-46000,2780,5.3
2026-06-29,2026-06-30,8450.0,CE,35375,-1625,32,199.75
2026-06-29,2026-06-30,8450.0,PE,98250,-3250,559,3.95
2026-06-29,2026-06-30,8500.0,CE,96625,-15375,414,158.2
2026-06-29,2026-06-30,8500.0,PE,79875,375,1565,7.45
2026-06-29,2026-06-30,8550.0,CE,24625,-5250,211,109.55
2026-06-29,2026-06-30,8550.0,PE,33000,2875,794,13.2
2026-06-29,2026-06-30,8600.0,CE,39500,-27250,1492,74.7
2026-06-29,2026-06-30,8600.0,PE,43125,1250,2765,25.15
2026-06-29,2026-06-30,8650.0,CE,15250,-23250,1251,46.8
2026-06-29,2026-06-30,8650.0,PE,15000,3000,1129,46.45
2026-06-29,2026-06-30,8700.0,CE,68375,-9875,5371,28.65
2026-06-29,2026-06-30,8700.0,PE,24125,4500,1029,81.8
2026-06-29,2026-06-30,8750.0,CE,45000,28750,2730,17.55
2026-06-29,2026-06-30,8750.0,PE,7875,0,0,277.9
2026-06-29,2026-06-30,8800.0,CE,85125,9500,2658,10.3
2026-06-29,2026-06-30,8800.0,PE,3625,1500,161,165.9
2026-06-29,2026-06-30,8850.0,CE,33625,10250,452,6.75
2026-06-29,2026-06-30,8850.0,PE,0,0,0,1059.35
2026-06-29,2026-06-30,8900.0,CE,41500,-3375,1270,3.7
2026-06-29,2026-06-30,8900.0,PE,0,0,0,1368.8
2026-06-29,2026-06-30,8950.0,CE,750,500,25,2.2
2026-06-29,2026-06-30,8950.0,PE,0,0,0,1148.45
2026-06-29,2026-06-30,9000.0,CE,57250,-36500,1501,1.75
2026-06-29,2026-06-30,9000.0,PE,2125,-250,3,347.7
2026-06-29,2026-06-30,9050.0,CE,125,0,19,1.1
2026-06-29,2026-06-30,9050.0,PE,0,0,0,1239.3
2026-06-29,2026-06-30,9100.0,CE,139875,-3500,1032,0.3
2026-06-29,2026-06-30,9100.0,PE,125,0,0,754.3
2026-06-29,2026-06-30,9150.0,CE,0,0,0,25.75
2026-06-29,2026-06-30,9150.0,PE,0,0,0,1331.65
2026-06-29,2026-06-30,9200.0,CE,13500,-1750,22,0.7
2026-06-29,2026-06-30,9200.0,PE,375,0,0,874.75
2026-06-29,2026-06-30,9300.0,CE,18500,-125,37,0.75
2026-06-29,2026-06-30,9300.0,PE,0,0,0,1705.85
2026-06-29,2026-06-30,9400.0,CE,10500,-250,4,0.25
2026-06-29,2026-06-30,9400.0,PE,0,0,0,1830.75
2026-06-29,2026-06-30,9500.0,CE,7875,-6125,66,0.6
2026-06-29,2026-06-30,9500.0,PE,0,0,0,1707.35
2026-06-29,2026-06-30,9600.0,CE,1000,0,0,2.45
2026-06-29,2026-06-30,9600.0,PE,0,0,0,2021.1
2026-06-29,2026-06-30,9700.0,CE,0,0,0,6.55
2026-06-29,2026-06-30,9700.0,PE,0,0,0,1856.9
2026-06-29,2026-07-28,7000.0,CE,0,0,0,939.85
2026-06-29,2026-07-28,7000.0,PE,0,0,0,86.35
2026-06-29,2026-07-28,7100.0,CE,0,0,0,861.8
2026-06-29,2026-07-28,7100.0,PE,125,0,0,12.0
2026-06-29,2026-07-28,7200.0,CE,0,0,0,787.3
2026-06-29,2026-07-28,7200.0,PE,0,0,0,130.9
2026-06-29,2026-07-28,7300.0,CE,0,0,0,715.65
2026-06-29,2026-07-28,7300.0,PE,125,0,0,36.05
2026-06-29,2026-07-28,7400.0,CE,0,0,0,648.15
2026-06-29,2026-07-28,7400.0,PE,0,0,0,188.95
2026-06-29,2026-07-28,7500.0,CE,500,0,0,1209.0
2026-06-29,2026-07-28,7500.0,PE,750,0,0,9.8
2026-06-29,2026-07-28,7550.0,CE,0,0,0,858.5
2026-06-29,2026-07-28,7550.0,PE,1250,0,0,33.1
2026-06-29,2026-07-28,7600.0,CE,250,0,0,990.0
2026-06-29,2026-07-28,7600.0,PE,1750,0,0,22.2
2026-06-29,2026-07-28,7650.0,CE,0,0,0,779.1
2026-06-29,2026-07-28,7650.0,PE,500,0,0,28.15
2026-06-29,2026-07-28,7700.0,CE,500,0,0,900.0
2026-06-29,2026-07-28,7700.0,PE,1375,0,0,29.45
2026-06-29,2026-07-28,7750.0,CE,0,0,0,703.65
2026-06-29,2026-07-28,7750.0,PE,1500,0,0,32.0
2026-06-29,2026-07-28,7800.0,CE,1875,125,1,940.0
2026-06-29,2026-07-28,7800.0,PE,1875,0,5,16.1
2026-06-29,2026-07-28,7850.0,CE,0,0,0,631.4
2026-06-29,2026-07-28,7850.0,PE,875,0,0,41.7
2026-06-29,2026-07-28,7900.0,CE,250,0,0,720.0
2026-06-29,2026-07-28,7900.0,PE,7375,625,21,22.0
2026-06-29,2026-07-28,7950.0,CE,125,125,1,780.0
2026-06-29,2026-07-28,7950.0,PE,875,-375,15,24.55
2026-06-29,2026-07-28,8000.0,CE,8125,2625,28,725.0
2026-06-29,2026-07-28,8000.0,PE,35625,-250,353,29.05
2026-06-29,2026-07-28,8050.0,CE,250,0,0,610.0
2026-06-29,2026-07-28,8050.0,PE,5125,-125,4,32.8
2026-06-29,2026-07-28,8100.0,CE,375,0,0,620.0
2026-06-29,2026-07-28,8100.0,PE,7625,5500,61,37.35
2026-06-29,2026-07-28,8150.0,CE,875,0,0,432.05
2026-06-29,2026-07-28,8150.0,PE,750,0,0,85.35
2026-06-29,2026-07-28,8200.0,CE,375,0,0,485.0
2026-06-29,2026-07-28,8200.0,PE,10375,2125,91,50.2
2026-06-29,2026-07-28,8250.0,CE,875,0,0,355.45
2026-06-29,2026-07-28,8250.0,PE,1750,0,0,53.7
2026-06-29,2026-07-28,8300.0,CE,2500,1500,12,482.0
2026-06-29,2026-07-28,8300.0,PE,8625,3625,53,65.6
2026-06-29,2026-07-28,8350.0,CE,0,0,0,338.4
2026-06-29,2026-07-28,8350.0,PE,1250,125,22,75.75
2026-06-29,2026-07-28,8400.0,CE,500,125,3,390.0
2026-06-29,2026-07-28,8400.0,PE,23500,4625,170,88.75
2026-06-29,2026-07-28,8450.0,CE,625,0,0,368.1
2026-06-29,2026-07-28,8450.0,PE,125,0,0,130.1
2026-06-29,2026-07-28,8500.0,CE,18500,250,224,328.05
2026-06-29,2026-07-28,8500.0,PE,31000,5875,548,117.1
2026-06-29,2026-07-28,8550.0,CE,3250,-125,11,304.15
2026-06-29,2026-07-28,8550.0,PE,2000,2000,22,131.35
2026-06-29,2026-07-28,8600.0,CE,18125,-500,390,263.45
2026-06-29,2026-07-28,8600.0,PE,20500,12750,491,153.8
2026-06-29,2026-07-28,8650.0,CE,2875,2000,46,241.6
2026-06-29,2026-07-28,8650.0,PE,6750,4500,137,172.0
2026-06-29,2026-07-28,8700.0,CE,44875,32000,1631,212.55
2026-06-29,2026-07-28,8700.0,PE,11250,6000,722,197.25
2026-06-29,2026-07-28,8750.0,CE,5875,5625,163,182.6
2026-06-29,2026-07-28,8750.0,PE,9250,8250,113,212.2
2026-06-29,2026-07-28,8800.0,CE,30750,20750,1227,165.35
2026-06-29,2026-07-28,8800.0,PE,8500,7625,269,249.85
2026-06-29,2026-07-28,8850.0,CE,1625,1625,85,141.8
2026-06-29,2026-07-28,8850.0,PE,1125,1125,9,284.8
2026-06-29,2026-07-28,8900.0,CE,6125,4625,97,113.2
2026-06-29,2026-07-28,8900.0,PE,0,0,0,1107.05
2026-06-29,2026-07-28,8950.0,CE,0,0,0,132.1
2026-06-29,2026-07-28,8950.0,PE,0,0,0,731.85
2026-06-29,2026-07-28,9000.0,CE,41500,9750,927,96.4
2026-06-29,2026-07-28,9000.0,PE,500,0,1,362.0
2026-06-29,2026-07-28,9050.0,CE,375,375,3,83.9
2026-06-29,2026-07-28,9050.0,PE,0,0,0,809.05
2026-06-29,2026-07-28,9100.0,CE,5625,2000,87,69.4
2026-06-29,2026-07-28,9100.0,PE,250,0,0,520.4
2026-06-29,2026-07-28,9150.0,CE,0,0,0,91.8
2026-06-29,2026-07-28,9150.0,PE,0,0,0,889.5
2026-06-29,2026-07-28,9200.0,CE,50875,38000,818,54.45
2026-06-29,2026-07-28,9200.0,PE,0,0,0,1367.6
2026-06-29,2026-07-28,9300.0,CE,12875,-500,284,41.75
2026-06-29,2026-07-28,9300.0,PE,0,0,0,1457.55
2026-06-29,2026-07-28,9400.0,CE,12000,10375,223,30.95
2026-06-29,2026-07-28,9400.0,PE,0,0,0,1548.8
2026-06-29,2026-07-28,9500.0,CE,65500,8000,468,22.7
2026-06-29,2026-07-28,9500.0,PE,0,0,0,1641.15
2026-06-29,2026-07-28,9600.0,CE,22125,-1500,220,18.1
2026-06-29,2026-07-28,9600.0,PE,0,0,0,1734.45
2026-06-29,2026-07-28,9700.0,CE,15875,-6250,217,14.0
2026-06-29,2026-07-28,9700.0,PE,250,250,2,975.0
2026-06-29,2026-08-25,6800.0,CE,0,0,0,1576.8
2026-06-29,2026-08-25,6800.0,PE,0,0,0,17.85
2026-06-29,2026-08-25,7000.0,CE,0,0,0,1393.05
2026-06-29,2026-08-25,7000.0,PE,0,0,0,31.15
2026-06-29,2026-08-25,7200.0,CE,0,0,0,1216.2
2026-06-29,2026-08-25,7200.0,PE,0,0,0,51.35
2026-06-29,2026-08-25,7400.0,CE,0,0,0,1048.3
2026-06-29,2026-08-25,7400.0,PE,0,0,0,80.5
2026-06-29,2026-08-25,7500.0,CE,0,0,0,968.35
2026-06-29,2026-08-25,7500.0,PE,0,0,0,99.05
2026-06-29,2026-08-25,7600.0,CE,0,0,0,891.35
2026-06-29,2026-08-25,7600.0,PE,0,0,0,120.55
2026-06-29,2026-08-25,7700.0,CE,0,0,0,817.8
2026-06-29,2026-08-25,7700.0,PE,0,0,0,145.55
2026-06-29,2026-08-25,7800.0,CE,0,0,0,746.9
2026-06-29,2026-08-25,7800.0,PE,0,0,0,173.2
2026-06-29,2026-08-25,7900.0,CE,0,0,0,680.05
2026-06-29,2026-08-25,7900.0,PE,0,0,0,204.85
2026-06-29,2026-08-25,8000.0,CE,0,0,0,616.8
2026-06-29,2026-08-25,8000.0,PE,0,0,0,240.15
2026-06-29,2026-08-25,8100.0,CE,0,0,0,557.35
2026-06-29,2026-08-25,8100.0,PE,0,0,0,279.2
2026-06-29,2026-08-25,8200.0,CE,0,0,0,501.7
2026-06-29,2026-08-25,8200.0,PE,0,0,0,322.05
2026-06-29,2026-08-25,8300.0,CE,0,0,0,449.85
2026-06-29,2026-08-25,8300.0,PE,0,0,0,368.75
2026-06-29,2026-08-25,8400.0,CE,0,0,0,401.8
2026-06-29,2026-08-25,8400.0,PE,0,0,0,419.2
2026-06-29,2026-08-25,8500.0,CE,0,0,0,357.5
2026-06-29,2026-08-25,8500.0,PE,5250,125,9,178.3
2026-06-29,2026-08-25,8600.0,CE,0,0,0,316.85
2026-06-29,2026-08-25,8600.0,PE,0,0,0,531.3
2026-06-29,2026-08-25,8700.0,CE,0,0,0,279.75
2026-06-29,2026-08-25,8700.0,PE,0,0,0,592.75
2026-06-29,2026-08-25,8800.0,CE,0,0,0,246.05
2026-06-29,2026-08-25,8800.0,PE,0,0,0,657.55
2026-06-29,2026-08-25,8900.0,CE,0,0,0,215.6
2026-06-29,2026-08-25,8900.0,PE,0,0,0,725.6
2026-06-29,2026-08-25,9000.0,CE,0,0,0,188.2
2026-06-29,2026-08-25,9000.0,PE,0,0,0,796.75
2026-06-29,2026-08-25,9100.0,CE,0,0,0,164.1
2026-06-29,2026-08-25,9100.0,PE,0,0,0,871.15
2026-06-29,2026-08-25,9200.0,CE,375,0,0,110.0
2026-06-29,2026-08-25,9200.0,PE,0,0,0,947.6
2026-06-29,2026-08-25,9400.0,CE,0,0,0,105.5
2026-06-29,2026-08-25,9400.0,PE,0,0,0,1108.15
2026-06-29,2026-08-25,9600.0,CE,0,0,0,77.3
2026-06-29,2026-08-25,9600.0,PE,0,0,0,1276.95
2026-06-29,2026-08-25,9800.0,CE,0,0,0,55.8
2026-06-29,2026-08-25,9800.0,PE,0,0,0,1452.55
2026-06-30,2026-06-30,6500.0,PE,4125,-1750,15,0.1
2026-06-30,2026-06-30,7000.0,CE,0,0,0,696.9
2026-06-30,2026-06-30,7000.0,PE,10500,-2125,17,0.05
2026-06-30,2026-06-30,7100.0,CE,0,0,0,629.3
2026-06-30,2026-06-30,7100.0,PE,2625,0,0,0.1
2026-06-30,2026-06-30,7200.0,CE,0,0,0,566.0
2026-06-30,2026-06-30,7200.0,PE,2000,-375,5,0.05
2026-06-30,2026-06-30,7250.0,PE,250,0,0,1.25
2026-06-30,2026-06-30,7300.0,CE,0,0,0,506.8
2026-06-30,2026-06-30,7300.0,PE,3625,0,6,0.25
2026-06-30,2026-06-30,7350.0,PE,1125,0,0,0.15
2026-06-30,2026-06-30,7400.0,CE,0,0,0,451.7
2026-06-30,2026-06-30,7400.0,PE,4500,-125,3,0.05
2026-06-30,2026-06-30,7500.0,CE,1250,-250,5,1235.0
2026-06-30,2026-06-30,7500.0,PE,67625,-17125,175,0.15
2026-06-30,2026-06-30,7550.0,CE,0,0,0,474.0
2026-06-30,2026-06-30,7550.0,PE,3375,0,0,0.1
2026-06-30,2026-06-30,7600.0,CE,500,-500,7,1135.0
2026-06-30,2026-06-30,7600.0,PE,66500,-125,8,0.05
2026-06-30,2026-06-30,7650.0,CE,0,0,0,415.3
2026-06-30,2026-06-30,7650.0,PE,5125,0,0,0.25
2026-06-30,2026-06-30,7700.0,CE,375,-125,1,980.0
2026-06-30,2026-06-30,7700.0,PE,70250,-1250,14,0.05
2026-06-30,2026-06-30,7750.0,CE,3375,0,0,708.1
2026-06-30,2026-06-30,7750.0,PE,2625,0,0,1.0
2026-06-30,2026-06-30,7800.0,CE,3375,-125,3,890.0
2026-06-30,2026-06-30,7800.0,PE,31750,-8250,119,0.25
2026-06-30,2026-06-30,7850.0,CE,0,0,0,312.45
2026-06-30,2026-06-30,7850.0,PE,1500,0,0,2.3
2026-06-30,2026-06-30,7900.0,CE,875,0,0,765.0
2026-06-30,2026-06-30,7900.0,PE,44250,-750,92,0.35
2026-06-30,2026-06-30,7950.0,CE,1875,0,0,442.1
2026-06-30,2026-06-30,7950.0,PE,4625,0,0,3.25
2026-06-30,2026-06-30,8000.0,CE,11750,-875,33,713.5
2026-06-30,2026-06-30,8000.0,PE,22250,-16250,199,0.05
2026-06-30,2026-06-30,8050.0,CE,7000,0,0,630.0
2026-06-30,2026-06-30,8050.0,PE,16625,-500,4,2.05
2026-06-30,2026-06-30,8100.0,CE,16750,0,3,591.25
2026-06-30,2026-06-30,8100.0,PE,29000,-5750,105,0.2
2026-06-30,2026-06-30,8150.0,CE,6500,-375,3,577.05
2026-06-30,2026-06-30,8150.0,PE,12500,-375,7,0.15
2026-06-30,2026-06-30,8200.0,CE,14750,-3500,43,497.6
2026-06-30,2026-06-30,8200.0,PE,24875,-6125,210,0.25
2026-06-30,2026-06-30,8250.0,CE,6750,-875,7,430.0
2026-06-30,2026-06-30,8250.0,PE,25625,-1625,72,0.7
2026-06-30,2026-06-30,8300.0,CE,29750,-875,57,401.65
2026-06-30,2026-06-30,8300.0,PE,57125,-3000,580,0.8
2026-06-30,2026-06-30,8350.0,CE,26625,0,6,351.0
2026-06-30,2026-06-30,8350.0,PE,24375,3625,228,0.6
2026-06-30,2026-06-30,8400.0,CE,38125,-1375,29,300.1
2026-06-30,2026-06-30,8400.0,PE,94250,-46875,1078,0.3
2026-06-30,2026-06-30,8450.0,CE,34250,-1125,15,274.0
2026-06-30,2026-06-30,8450.0,PE,89250,-9000,641,0.2
2026-06-30,2026-06-30,8500.0,CE,63875,-32750,424,222.05
2026-06-30,2026-06-30,8500.0,PE,64375,-15500,831,0.9
2026-06-30,2026-06-30,8550.0,CE,22125,-2500,41,143.35
2026-06-30,2026-06-30,8550.0,PE,20250,-12750,266,2.9
2026-06-30,2026-06-30,8600.0,CE,24375,-15125,334,87.4
2026-06-30,2026-06-30,8600.0,PE,24625,-18500,640,1.5
2026-06-30,2026-06-30,8650.0,CE,10375,-4875,106,49.85
2026-06-30,2026-06-30,8650.0,PE,15375,375,263,1.45
2026-06-30,2026-06-30,8700.0,CE,16125,-52250,1454,0.9
2026-06-30,2026-06-30,8700.0,PE,16250,-7875,333,19.3
2026-06-30,2026-06-30,8750.0,CE,10875,-34125,1081,0.05
2026-06-30,2026-06-30,8750.0,PE,7750,-125,4,70.0
2026-06-30,2026-06-30,8800.0,CE,39500,-45625,1279,1.25
2026-06-30,2026-06-30,8800.0,PE,3375,-250,9,118.25
2026-06-30,2026-06-30,8850.0,CE,13750,-19875,486,0.45
2026-06-30,2026-06-30,8850.0,PE,0,0,0,1059.35
2026-06-30,2026-06-30,8900.0,CE,28125,-13375,605,0.05
2026-06-30,2026-06-30,8900.0,PE,0,0,0,1368.8
2026-06-30,2026-06-30,8950.0,CE,250,-500,7,0.1
2026-06-30,2026-06-30,8950.0,PE,0,0,0,1148.45
2026-06-30,2026-06-30,9000.0,CE,29125,-28125,470,0.35
2026-06-30,2026-06-30,9000.0,PE,2125,0,0,347.7
2026-06-30,2026-06-30,9050.0,CE,125,0,0,1.1
2026-06-30,2026-06-30,9050.0,PE,0,0,0,1239.3
2026-06-30,2026-06-30,9100.0,CE,138375,-1500,45,0.05
2026-06-30,2026-06-30,9100.0,PE,125,0,0,754.3
2026-06-30,2026-06-30,9150.0,CE,0,0,0,25.75
2026-06-30,2026-06-30,9150.0,PE,0,0,0,1331.65
2026-06-30,2026-06-30,9200.0,CE,12375,-1125,26,0.05
2026-06-30,2026-06-30,9200.0,PE,375,0,0,874.75
2026-06-30,2026-06-30,9250.0,CE,0,0,0,20.35
2026-06-30,2026-06-30,9250.0,PE,0,0,0,1425.2
2026-06-30,2026-06-30,9300.0,CE,8125,-10375,106,0.1
2026-06-30,2026-06-30,9300.0,PE,0,0,0,1705.85
2026-06-30,2026-06-30,9400.0,CE,9625,-875,9,0.2
2026-06-30,2026-06-30,9400.0,PE,0,0,0,1830.75
2026-06-30,2026-06-30,9500.0,CE,4750,-3125,40,0.05
2026-06-30,2026-06-30,9500.0,PE,0,0,0,1707.35
2026-06-30,2026-06-30,9600.0,CE,1000,0,0,2.45
2026-06-30,2026-06-30,9600.0,PE,0,0,0,2021.1
2026-06-30,2026-06-30,9700.0,CE,0,0,0,6.55
2026-06-30,2026-06-30,9700.0,PE,0,0,0,1856.9
2026-06-30,2026-06-30,9800.0,CE,0,0,0,7.9
2026-06-30,2026-06-30,9800.0,PE,0,0,0,2213.35
2026-06-30,2026-07-28,7000.0,CE,0,0,0,939.85
2026-06-30,2026-07-28,7000.0,PE,0,0,0,86.35
2026-06-30,2026-07-28,7100.0,CE,0,0,0,861.8
2026-06-30,2026-07-28,7100.0,PE,125,0,0,12.0
2026-06-30,2026-07-28,7200.0,CE,0,0,0,787.3
2026-06-30,2026-07-28,7200.0,PE,0,0,0,130.9
2026-06-30,2026-07-28,7300.0,CE,0,0,0,715.65
2026-06-30,2026-07-28,7300.0,PE,125,0,0,36.05
2026-06-30,2026-07-28,7400.0,CE,0,0,0,648.15
2026-06-30,2026-07-28,7400.0,PE,0,0,0,188.95
2026-06-30,2026-07-28,7500.0,CE,625,125,1,1269.0
2026-06-30,2026-07-28,7500.0,PE,750,0,0,9.8
2026-06-30,2026-07-28,7550.0,CE,0,0,0,858.5
2026-06-30,2026-07-28,7550.0,PE,1250,0,0,33.1
2026-06-30,2026-07-28,7600.0,CE,250,0,0,990.0
2026-06-30,2026-07-28,7600.0,PE,1750,0,0,22.2
2026-06-30,2026-07-28,7650.0,CE,0,0,0,779.1
2026-06-30,2026-07-28,7650.0,PE,500,0,0,28.15
2026-06-30,2026-07-28,7700.0,CE,500,0,0,900.0
2026-06-30,2026-07-28,7700.0,PE,1375,0,0,29.45
2026-06-30,2026-07-28,7750.0,CE,0,0,0,703.65
2026-06-30,2026-07-28,7750.0,PE,1500,0,0,32.0
2026-06-30,2026-07-28,7800.0,CE,1875,0,0,940.0
2026-06-30,2026-07-28,7800.0,PE,6875,5000,83,14.25
2026-06-30,2026-07-28,7850.0,CE,0,0,0,631.4
2026-06-30,2026-07-28,7850.0,PE,875,0,0,41.7
2026-06-30,2026-07-28,7900.0,CE,250,0,0,720.0
2026-06-30,2026-07-28,7900.0,PE,7625,250,20,16.0
2026-06-30,2026-07-28,7950.0,CE,125,0,0,780.0
2026-06-30,2026-07-28,7950.0,PE,625,-250,5,17.95
2026-06-30,2026-07-28,8000.0,CE,10250,2125,61,740.0
2026-06-30,2026-07-28,8000.0,PE,36125,500,332,23.6
2026-06-30,2026-07-28,8050.0,CE,250,0,0,610.0
2026-06-30,2026-07-28,8050.0,PE,1375,-3750,139,24.95
2026-06-30,2026-07-28,8100.0,CE,375,0,0,620.0
2026-06-30,2026-07-28,8100.0,PE,5875,-1750,122,29.25
2026-06-30,2026-07-28,8150.0,CE,875,0,0,432.05
2026-06-30,2026-07-28,8150.0,PE,1000,250,3,31.5
2026-06-30,2026-07-28,8200.0,CE,375,0,0,485.0
2026-06-30,2026-07-28,8200.0,PE,10375,0,131,37.25
2026-06-30,2026-07-28,8250.0,CE,875,0,0,355.45
2026-06-30,2026-07-28,8250.0,PE,2375,625,25,40.2
2026-06-30,2026-07-28,8300.0,CE,3625,1125,9,475.0
2026-06-30,2026-07-28,8300.0,PE,10375,1750,118,51.75
2026-06-30,2026-07-28,8350.0,CE,0,0,0,338.4
2026-06-30,2026-07-28,8350.0,PE,1500,250,12,61.7
2026-06-30,2026-07-28,8400.0,CE,2125,1625,18,409.55
2026-06-30,2026-07-28,8400.0,PE,27375,3875,328,69.15
2026-06-30,2026-07-28,8450.0,CE,500,-125,2,342.8
2026-06-30,2026-07-28,8450.0,PE,625,500,11,79.35
2026-06-30,2026-07-28,8500.0,CE,17000,-1500,93,325.55
2026-06-30,2026-07-28,8500.0,PE,30000,-1000,609,93.3
2026-06-30,2026-07-28,8550.0,CE,3250,0,0,304.15
2026-06-30,2026-07-28,8550.0,PE,2500,500,37,105.0
2026-06-30,2026-07-28,8600.0,CE,19000,875,179,273.3
2026-06-30,2026-07-28,8600.0,PE,29375,8875,980,126.15
2026-06-30,2026-07-28,8650.0,CE,7250,4375,254,247.15
2026-06-30,2026-07-28,8650.0,PE,12500,5750,308,146.55
2026-06-30,2026-07-28,8700.0,CE,50125,5250,1342,211.2
2026-06-30,2026-07-28,8700.0,PE,25625,14375,824,165.2
2026-06-30,2026-07-28,8750.0,CE,31125,25250,611,186.15
2026-06-30,2026-07-28,8750.0,PE,24625,15375,442,186.95
2026-06-30,2026-07-28,8800.0,CE,33000,2250,418,160.85
2026-06-30,2026-07-28,8800.0,PE,10875,2375,141,216.45
2026-06-30,2026-07-28,8850.0,CE,3250,1625,61,140.8
2026-06-30,2026-07-28,8850.0,PE,3750,2625,36,246.6
2026-06-30,2026-07-28,8900.0,CE,9500,3375,163,123.15
2026-06-30,2026-07-28,8900.0,PE,0,0,0,1107.05
2026-06-30,2026-07-28,8950.0,CE,0,0,0,132.1
2026-06-30,2026-07-28,8950.0,PE,0,0,0,731.85
2026-06-30,2026-07-28,9000.0,CE,55500,14000,908,90.15
2026-06-30,2026-07-28,9000.0,PE,500,0,6,325.0
2026-06-30,2026-07-28,9050.0,CE,500,125,1,74.0
2026-06-30,2026-07-28,9050.0,PE,0,0,0,809.05
2026-06-30,2026-07-28,9100.0,CE,5875,250,55,68.0
2026-06-30,2026-07-28,9100.0,PE,250,0,0,520.4
2026-06-30,2026-07-28,9150.0,CE,0,0,0,91.8
2026-06-30,2026-07-28,9150.0,PE,0,0,0,889.5
2026-06-30,2026-07-28,9200.0,CE,57250,6375,237,47.45
2026-06-30,2026-07-28,9200.0,PE,0,0,0,1367.6
2026-06-30,2026-07-28,9250.0,CE,0,0,0,75.95
2026-06-30,2026-07-28,9250.0,PE,0,0,0,972.6
2026-06-30,2026-07-28,9300.0,CE,8500,-4375,86,37.95
2026-06-30,2026-07-28,9300.0,PE,0,0,0,1457.55
2026-06-30,2026-07-28,9400.0,CE,14750,2750,158,26.0
2026-06-30,2026-07-28,9400.0,PE,0,0,0,1548.8
2026-06-30,2026-07-28,9500.0,CE,41125,-24375,739,18.15
2026-06-30,2026-07-28,9500.0,PE,0,0,0,1641.15
2026-06-30,2026-07-28,9600.0,CE,17250,-4875,197,13.15
2026-06-30,2026-07-28,9600.0,PE,0,0,0,1734.45
2026-06-30,2026-07-28,9700.0,CE,8750,-7125,135,10.25
2026-06-30,2026-07-28,9700.0,PE,250,0,0,975.0
2026-06-30,2026-07-28,9800.0,CE,0,0,0,17.15
2026-06-30,2026-07-28,9800.0,PE,0,0,0,1923.45
2026-06-30,2026-08-25,6800.0,CE,0,0,0,1576.8
2026-06-30,2026-08-25,6800.0,PE,0,0,0,17.85
2026-06-30,2026-08-25,7000.0,CE,0,0,0,1393.05
2026-06-30,2026-08-25,7000.0,PE,0,0,0,31.15
2026-06-30,2026-08-25,7200.0,CE,0,0,0,1216.2
2026-06-30,2026-08-25,7200.0,PE,0,0,0,51.35
2026-06-30,2026-08-25,7400.0,CE,0,0,0,1048.3
2026-06-30,2026-08-25,7400.0,PE,0,0,0,80.5
2026-06-30,2026-08-25,7500.0,CE,0,0,0,968.35
2026-06-30,2026-08-25,7500.0,PE,0,0,0,99.05
2026-06-30,2026-08-25,7600.0,CE,0,0,0,891.35
2026-06-30,2026-08-25,7600.0,PE,0,0,0,120.55
2026-06-30,2026-08-25,7700.0,CE,0,0,0,817.8
2026-06-30,2026-08-25,7700.0,PE,0,0,0,145.55
2026-06-30,2026-08-25,7800.0,CE,0,0,0,746.9
2026-06-30,2026-08-25,7800.0,PE,0,0,0,173.2
2026-06-30,2026-08-25,7900.0,CE,0,0,0,680.05
2026-06-30,2026-08-25,7900.0,PE,0,0,0,204.85
2026-06-30,2026-08-25,8000.0,CE,0,0,0,616.8
2026-06-30,2026-08-25,8000.0,PE,0,0,0,240.15
2026-06-30,2026-08-25,8100.0,CE,0,0,0,557.35
2026-06-30,2026-08-25,8100.0,PE,0,0,0,279.2
2026-06-30,2026-08-25,8200.0,CE,0,0,0,501.7
2026-06-30,2026-08-25,8200.0,PE,0,0,0,322.05
2026-06-30,2026-08-25,8300.0,CE,0,0,0,449.85
2026-06-30,2026-08-25,8300.0,PE,0,0,0,368.75
2026-06-30,2026-08-25,8400.0,CE,0,0,0,401.8
2026-06-30,2026-08-25,8400.0,PE,0,0,0,419.2
2026-06-30,2026-08-25,8500.0,CE,0,0,0,357.5
2026-06-30,2026-08-25,8500.0,PE,5250,0,15,151.55
2026-06-30,2026-08-25,8600.0,CE,0,0,0,316.85
2026-06-30,2026-08-25,8600.0,PE,7125,7125,94,220.0
2026-06-30,2026-08-25,8700.0,CE,0,0,0,279.75
2026-06-30,2026-08-25,8700.0,PE,0,0,0,592.75
2026-06-30,2026-08-25,8800.0,CE,0,0,0,246.05
2026-06-30,2026-08-25,8800.0,PE,0,0,0,657.55
2026-06-30,2026-08-25,8900.0,CE,0,0,0,215.6
2026-06-30,2026-08-25,8900.0,PE,0,0,0,725.6
2026-06-30,2026-08-25,9000.0,CE,0,0,0,188.2
2026-06-30,2026-08-25,9000.0,PE,0,0,0,796.75
2026-06-30,2026-08-25,9100.0,CE,0,0,0,164.1
2026-06-30,2026-08-25,9100.0,PE,0,0,0,871.15
2026-06-30,2026-08-25,9200.0,CE,375,0,0,110.0
2026-06-30,2026-08-25,9200.0,PE,0,0,0,947.6
2026-06-30,2026-08-25,9300.0,CE,0,0,0,122.6
2026-06-30,2026-08-25,9300.0,PE,0,0,0,1026.7
2026-06-30,2026-08-25,9400.0,CE,0,0,0,105.5
2026-06-30,2026-08-25,9400.0,PE,0,0,0,1108.15
2026-06-30,2026-08-25,9600.0,CE,0,0,0,77.3
2026-06-30,2026-08-25,9600.0,PE,0,0,0,1276.95
2026-06-30,2026-08-25,9800.0,CE,0,0,0,55.8
2026-06-30,2026-08-25,9800.0,PE,0,0,0,1452.55
2026-07-01,2026-07-28,7000.0,CE,0,0,0,939.85
2026-07-01,2026-07-28,7000.0,PE,0,0,0,86.35
2026-07-01,2026-07-28,7100.0,CE,0,0,0,861.8
2026-07-01,2026-07-28,7100.0,PE,125,0,0,12.0
2026-07-01,2026-07-28,7200.0,CE,0,0,0,787.3
2026-07-01,2026-07-28,7200.0,PE,0,0,0,130.9
2026-07-01,2026-07-28,7300.0,CE,0,0,0,715.65
2026-07-01,2026-07-28,7300.0,PE,125,0,0,36.05
2026-07-01,2026-07-28,7400.0,CE,0,0,0,648.15
2026-07-01,2026-07-28,7400.0,PE,0,0,0,188.95
2026-07-01,2026-07-28,7500.0,CE,625,0,0,1269.0
2026-07-01,2026-07-28,7500.0,PE,750,0,0,9.8
2026-07-01,2026-07-28,7550.0,CE,0,0,0,858.5
2026-07-01,2026-07-28,7550.0,PE,1250,0,0,33.1
2026-07-01,2026-07-28,7600.0,CE,250,0,0,990.0
2026-07-01,2026-07-28,7600.0,PE,1750,0,2,4.0
2026-07-01,2026-07-28,7650.0,CE,0,0,0,779.1
2026-07-01,2026-07-28,7650.0,PE,500,0,0,28.15
2026-07-01,2026-07-28,7700.0,CE,500,0,0,900.0
2026-07-01,2026-07-28,7700.0,PE,1375,0,0,29.45
2026-07-01,2026-07-28,7750.0,CE,0,0,0,703.65
2026-07-01,2026-07-28,7750.0,PE,1500,0,0,32.0
2026-07-01,2026-07-28,7800.0,CE,1875,0,0,940.0
2026-07-01,2026-07-28,7800.0,PE,7625,750,130,6.35
2026-07-01,2026-07-28,7850.0,CE,0,0,0,631.4
2026-07-01,2026-07-28,7850.0,PE,875,0,0,41.7
2026-07-01,2026-07-28,7900.0,CE,250,0,0,720.0
2026-07-01,2026-07-28,7900.0,PE,7625,0,0,16.0
2026-07-01,2026-07-28,7950.0,CE,125,0,0,780.0
2026-07-01,2026-07-28,7950.0,PE,625,0,1,12.0
2026-07-01,2026-07-28,8000.0,CE,10250,0,0,740.0
2026-07-01,2026-07-28,8000.0,PE,119750,83625,1748,13.5
2026-07-01,2026-07-28,8050.0,CE,250,0,0,610.0
2026-07-01,2026-07-28,8050.0,PE,11500,10125,149,16.75
2026-07-01,2026-07-28,8100.0,CE,375,0,0,620.0
2026-07-01,2026-07-28,8100.0,PE,11125,5250,346,20.2
2026-07-01,2026-07-28,8150.0,CE,875,0,0,432.05
2026-07-01,2026-07-28,8150.0,PE,5125,4125,62,24.55
2026-07-01,2026-07-28,8200.0,CE,375,0,0,485.0
2026-07-01,2026-07-28,8200.0,PE,26750,16375,394,30.55
2026-07-01,2026-07-28,8250.0,CE,875,0,0,355.45
2026-07-01,2026-07-28,8250.0,PE,5000,2625,43,37.85
2026-07-01,2026-07-28,8300.0,CE,3625,0,0,475.0
2026-07-01,2026-07-28,8300.0,PE,18625,8250,156,45.25
2026-07-01,2026-07-28,8350.0,CE,0,0,0,338.4
2026-07-01,2026-07-28,8350.0,PE,1625,125,1,61.7
2026-07-01,2026-07-28,8400.0,CE,2125,0,0,409.55
2026-07-01,2026-07-28,8400.0,PE,34875,7500,248,67.35
2026-07-01,2026-07-28,8450.0,CE,500,0,0,342.8
2026-07-01,2026-07-28,8450.0,PE,4125,3500,64,79.2
2026-07-01,2026-07-28,8500.0,CE,15750,-1250,40,269.2
2026-07-01,2026-07-28,8500.0,PE,37250,7250,528,94.65
2026-07-01,2026-07-28,8550.0,CE,3250,0,0,304.15
2026-07-01,2026-07-28,8550.0,PE,5125,2625,57,110.4
2026-07-01,2026-07-28,8600.0,CE,21500,2500,196,207.95
2026-07-01,2026-07-28,8600.0,PE,40500,11125,836,132.5
2026-07-01,2026-07-28,8650.0,CE,15375,8125,242,181.5
2026-07-01,2026-07-28,8650.0,PE,18375,5875,365,153.65
2026-07-01,2026-07-28,8700.0,CE,98375,48250,1371,157.35
2026-07-01,2026-07-28,8700.0,PE,45500,19875,789,179.95
2026-07-01,2026-07-28,8750.0,CE,31500,375,166,133.85
2026-07-01,2026-07-28,8750.0,PE,25000,375,201,205.4
2026-07-01,2026-07-28,8800.0,CE,32125,-875,283,113.1
2026-07-01,2026-07-28,8800.0,PE,13500,2625,80,235.45
2026-07-01,2026-07-28,8850.0,CE,6375,3125,49,97.7
2026-07-01,2026-07-28,8850.0,PE,2875,-875,10,265.0
2026-07-01,2026-07-28,8900.0,CE,14750,5250,148,80.05
2026-07-01,2026-07-28,8900.0,PE,0,0,0,1107.05
2026-07-01,2026-07-28,8950.0,CE,0,0,0,132.1
2026-07-01,2026-07-28,8950.0,PE,0,0,0,731.85
2026-07-01,2026-07-28,9000.0,CE,66625,11125,902,56.15
2026-07-01,2026-07-28,9000.0,PE,625,125,1,361.0
2026-07-01,2026-07-28,9050.0,CE,500,0,0,74.0
2026-07-01,2026-07-28,9050.0,PE,0,0,0,809.05
2026-07-01,2026-07-28,9100.0,CE,7250,1375,52,39.0
2026-07-01,2026-07-28,9100.0,PE,250,0,0,520.4
2026-07-01,2026-07-28,9150.0,CE,0,0,0,91.8
2026-07-01,2026-07-28,9150.0,PE,0,0,0,889.5
2026-07-01,2026-07-28,9200.0,CE,96875,39625,585,26.4
2026-07-01,2026-07-28,9200.0,PE,0,0,0,1367.6
2026-07-01,2026-07-28,9250.0,CE,0,0,0,75.95
2026-07-01,2026-07-28,9250.0,PE,0,0,0,972.6
2026-07-01,2026-07-28,9300.0,CE,34125,25625,415,18.05
2026-07-01,2026-07-28,9300.0,PE,0,0,0,1457.55
2026-07-01,2026-07-28,9400.0,CE,65500,50750,770,12.1
2026-07-01,2026-07-28,9400.0,PE,0,0,0,1548.8
2026-07-01,2026-07-28,9500.0,CE,44375,3250,275,9.9
2026-07-01,2026-07-28,9500.0,PE,0,0,0,1641.15
2026-07-01,2026-07-28,9600.0,CE,13875,-3375,191,6.9
2026-07-01,2026-07-28,9600.0,PE,0,0,0,1734.45
2026-07-01,2026-07-28,9700.0,CE,10625,1875,54,5.9
2026-07-01,2026-07-28,9700.0,PE,250,0,0,975.0
2026-07-01,2026-07-28,9800.0,CE,1000,1000,10,7.15
2026-07-01,2026-07-28,9800.0,PE,0,0,0,1923.45
2026-07-01,2026-08-25,6800.0,CE,0,0,0,1576.8
2026-07-01,2026-08-25,6800.0,PE,0,0,0,17.85
2026-07-01,2026-08-25,7000.0,CE,0,0,0,1393.05
2026-07-01,2026-08-25,7000.0,PE,0,0,0,31.15
2026-07-01,2026-08-25,7200.0,CE,0,0,0,1216.2
2026-07-01,2026-08-25,7200.0,PE,0,0,0,51.35
2026-07-01,2026-08-25,7400.0,CE,0,0,0,1048.3
2026-07-01,2026-08-25,7400.0,PE,0,0,0,80.5
2026-07-01,2026-08-25,7500.0,CE,0,0,0,968.35
2026-07-01,2026-08-25,7500.0,PE,0,0,0,99.05
2026-07-01,2026-08-25,7600.0,CE,0,0,0,891.35
2026-07-01,2026-08-25,7600.0,PE,0,0,0,120.55
2026-07-01,2026-08-25,7700.0,CE,0,0,0,817.8
2026-07-01,2026-08-25,7700.0,PE,0,0,0,145.55
2026-07-01,2026-08-25,7800.0,CE,0,0,0,746.9
2026-07-01,2026-08-25,7800.0,PE,0,0,0,173.2
2026-07-01,2026-08-25,7900.0,CE,0,0,0,680.05
2026-07-01,2026-08-25,7900.0,PE,0,0,0,204.85
2026-07-01,2026-08-25,8000.0,CE,0,0,0,616.8
2026-07-01,2026-08-25,8000.0,PE,0,0,0,240.15
2026-07-01,2026-08-25,8100.0,CE,0,0,0,557.35
2026-07-01,2026-08-25,8100.0,PE,0,0,0,279.2
2026-07-01,2026-08-25,8200.0,CE,0,0,0,501.7
2026-07-01,2026-08-25,8200.0,PE,0,0,0,322.05
2026-07-01,2026-08-25,8300.0,CE,0,0,0,449.85
2026-07-01,2026-08-25,8300.0,PE,0,0,0,368.75
2026-07-01,2026-08-25,8400.0,CE,0,0,0,401.8
2026-07-01,2026-08-25,8400.0,PE,0,0,0,419.2
2026-07-01,2026-08-25,8500.0,CE,0,0,0,357.5
2026-07-01,2026-08-25,8500.0,PE,5500,250,42,171.8
2026-07-01,2026-08-25,8600.0,CE,0,0,0,316.85
2026-07-01,2026-08-25,8600.0,PE,7125,0,0,220.0
2026-07-01,2026-08-25,8700.0,CE,0,0,0,279.75
2026-07-01,2026-08-25,8700.0,PE,0,0,0,592.75
2026-07-01,2026-08-25,8800.0,CE,0,0,0,246.05
2026-07-01,2026-08-25,8800.0,PE,0,0,0,657.55
2026-07-01,2026-08-25,8900.0,CE,0,0,0,215.6
2026-07-01,2026-08-25,8900.0,PE,0,0,0,725.6
2026-07-01,2026-08-25,9000.0,CE,0,0,0,188.2
2026-07-01,2026-08-25,9000.0,PE,0,0,0,796.75
2026-07-01,2026-08-25,9100.0,CE,0,0,0,164.1
2026-07-01,2026-08-25,9100.0,PE,0,0,0,871.15
2026-07-01,2026-08-25,9200.0,CE,375,0,0,110.0
2026-07-01,2026-08-25,9200.0,PE,0,0,0,947.6
2026-07-01,2026-08-25,9300.0,CE,0,0,0,122.6
2026-07-01,2026-08-25,9300.0,PE,0,0,0,1026.7
2026-07-01,2026-08-25,9400.0,CE,0,0,0,105.5
2026-07-01,2026-08-25,9400.0,PE,0,0,0,1108.15
2026-07-01,2026-08-25,9500.0,CE,0,0,0,90.45
2026-07-01,2026-08-25,9500.0,PE,0,0,0,1191.6
2026-07-01,2026-08-25,9600.0,CE,0,0,0,77.3
2026-07-01,2026-08-25,9600.0,PE,0,0,0,1276.95
2026-07-01,2026-08-25,9800.0,CE,0,0,0,55.8
2026-07-01,2026-08-25,9800.0,PE,0,0,0,1452.55
2026-07-01,2026-09-29,7600.0,CE,0,0,0,1249.6
2026-07-01,2026-09-29,7600.0,PE,0,0,0,51.05
2026-07-01,2026-09-29,7800.0,CE,0,0,0,1081.05
2026-07-01,2026-09-29,7800.0,PE,0,0,0,79.45
2026-07-01,2026-09-29,8000.0,CE,0,0,0,923.05
2026-07-01,2026-09-29,8000.0,PE,0,0,0,118.35
2026-07-01,2026-09-29,8200.0,CE,0,0,0,777.15
2026-07-01,2026-09-29,8200.0,PE,0,0,0,169.35
2026-07-01,2026-09-29,8400.0,CE,0,0,0,645.15
2026-07-01,2026-09-29,8400.0,PE,0,0,0,234.3
2026-07-01,2026-09-29,8600.0,CE,0,0,0,527.7
2026-07-01,2026-09-29,8600.0,PE,0,0,0,313.8
2026-07-01,2026-09-29,8800.0,CE,0,0,0,425.2
2026-07-01,2026-09-29,8800.0,PE,0,0,0,408.2
2026-07-01,2026-09-29,9000.0,CE,0,0,0,337.5
2026-07-01,2026-09-29,9000.0,PE,0,0,0,517.45
2026-07-01,2026-09-29,9200.0,CE,0,0,0,263.85
2026-07-01,2026-09-29,9200.0,PE,0,0,0,640.75
2026-07-01,2026-09-29,9400.0,CE,0,0,0,203.25
2026-07-01,2026-09-29,9400.0,PE,0,0,0,777.05
2026-07-01,2026-09-29,9600.0,CE,0,0,0,154.8
2026-07-01,2026-09-29,9600.0,PE,0,0,0,925.55
2026-07-01,2026-09-29,10000.0,CE,0,0,0,85.3
2026-07-01,2026-09-29,10000.0,PE,0,0,0,1249.95
2026-07-02,2026-07-28,7100.0,PE,125,0,0,12.0
2026-07-02,2026-07-28,7300.0,PE,125,0,1,4.0
2026-07-02,2026-07-28,7400.0,CE,375,375,3,1270.2
2026-07-02,2026-07-28,7400.0,PE,15375,15375,195,3.35
2026-07-02,2026-07-28,7500.0,CE,625,0,0,1269.0
2026-07-02,2026-07-28,7500.0,PE,750,0,1,4.0
2026-07-02,2026-07-28,7550.0,PE,1375,125,2,3.05
2026-07-02,2026-07-28,7600.0,CE,250,0,0,990.0
2026-07-02,2026-07-28,7600.0,PE,1750,0,1,3.8
2026-07-02,2026-07-28,7650.0,PE,500,0,0,28.15
2026-07-02,2026-07-28,7700.0,CE,500,0,0,900.0
2026-07-02,2026-07-28,7700.0,PE,1375,0,0,29.45
2026-07-02,2026-07-28,7750.0,PE,1500,0,0,32.0
2026-07-02,2026-07-28,7800.0,CE,1875,0,0,940.0
2026-07-02,2026-07-28,7800.0,PE,9375,1750,40,5.0
2026-07-02,2026-07-28,7850.0,PE,875,0,0,41.7
2026-07-02,2026-07-28,7900.0,CE,250,0,0,720.0
2026-07-02,2026-07-28,7900.0,PE,7625,0,0,16.0
2026-07-02,2026-07-28,7950.0,CE,125,0,0,780.0
2026-07-02,2026-07-28,7950.0,PE,500,-125,2,7.45
2026-07-02,2026-07-28,8000.0,CE,10250,0,0,740.0
2026-07-02,2026-07-28,8000.0,PE,115875,-3875,401,8.65
2026-07-02,2026-07-28,8050.0,CE,250,0,0,610.0
2026-07-02,2026-07-28,8050.0,PE,12875,1375,25,10.85
2026-07-02,2026-07-28,8100.0,CE,375,0,0,620.0
2026-07-02,2026-07-28,8100.0,PE,66125,55000,663,11.65
2026-07-02,2026-07-28,8150.0,CE,875,0,0,432.05
2026-07-02,2026-07-28,8150.0,PE,2875,-2250,68,15.7
2026-07-02,2026-07-28,8200.0,CE,375,0,0,485.0
2026-07-02,2026-07-28,8200.0,PE,38250,11500,376,19.8
2026-07-02,2026-07-28,8250.0,CE,875,0,0,355.45
2026-07-02,2026-07-28,8250.0,PE,8375,3375,107,23.05
2026-07-02,2026-07-28,8300.0,CE,3625,0,1,500.0
2026-07-02,2026-07-28,8300.0,PE,32500,13875,216,30.7
2026-07-02,2026-07-28,8350.0,PE,3875,2250,45,37.15
2026-07-02,2026-07-28,8400.0,CE,2125,0,4,356.95
2026-07-02,2026-07-28,8400.0,PE,36625,1750,195,44.15
2026-07-02,2026-07-28,8450.0,CE,500,0,1,370.0
2026-07-02,2026-07-28,8450.0,PE,6000,1875,113,57.7
2026-07-02,2026-07-28,8500.0,CE,15875,125,48,327.0
2026-07-02,2026-07-28,8500.0,PE,42000,4750,532,69.05
2026-07-02,2026-07-28,8550.0,CE,4875,1625,56,298.65
2026-07-02,2026-07-28,8550.0,PE,9750,4625,119,81.6
2026-07-02,2026-07-28,8600.0,CE,21000,-500,357,256.15
2026-07-02,2026-07-28,8600.0,PE,47875,7375,677,98.5
2026-07-02,2026-07-28,8650.0,CE,12250,-3125,678,219.7
2026-07-02,2026-07-28,8650.0,PE,24250,5875,358,118.15
2026-07-02,2026-07-28,8700.0,CE,70375,-28000,1881,193.6
2026-07-02,2026-07-28,8700.0,PE,55500,10000,947,138.1
2026-07-02,2026-07-28,8750.0,CE,31750,250,232,175.15
2026-07-02,2026-07-28,8750.0,PE,23500,-1500,92,154.2
2026-07-02,2026-07-28,8800.0,CE,33125,1000,672,146.25
2026-07-02,2026-07-28,8800.0,PE,20125,6625,183,183.45
2026-07-02,2026-07-28,8850.0,CE,7250,875,99,121.8
2026-07-02,2026-07-28,8850.0,PE,2875,0,19,209.2
2026-07-02,2026-07-28,8900.0,CE,22250,7500,262,100.75
2026-07-02,2026-07-28,8900.0,PE,0,0,0,1107.05
2026-07-02,2026-07-28,9000.0,CE,67000,375,733,73.35
2026-07-02,2026-07-28,9000.0,PE,625,0,0,361.0
2026-07-02,2026-07-28,9050.0,CE,500,0,0,74.0
2026-07-02,2026-07-28,9100.0,CE,21750,14500,344,51.4
2026-07-02,2026-07-28,9100.0,PE,250,0,0,520.4
2026-07-02,2026-07-28,9200.0,CE,99500,2625,610,35.5
2026-07-02,2026-07-28,9200.0,PE,0,0,0,1367.6
2026-07-02,2026-07-28,9300.0,CE,38750,4625,350,21.85
2026-07-02,2026-07-28,9300.0,PE,0,0,0,1457.55
2026-07-02,2026-07-28,9400.0,CE,65875,375,189,15.5
2026-07-02,2026-07-28,9400.0,PE,0,0,0,1548.8
2026-07-02,2026-07-28,9500.0,CE,46500,2125,226,11.45
2026-07-02,2026-07-28,9500.0,PE,0,0,0,1641.15
2026-07-02,2026-07-28,9600.0,CE,14000,125,11,7.0
2026-07-02,2026-07-28,9600.0,PE,0,0,0,1734.45
2026-07-02,2026-07-28,9700.0,CE,12250,1625,44,6.25
2026-07-02,2026-07-28,9700.0,PE,250,0,0,975.0
2026-07-02,2026-07-28,9800.0,CE,2750,1750,19,5.05
2026-07-02,2026-07-28,9800.0,PE,0,0,0,1923.45
2026-07-02,2026-08-25,7400.0,CE,0,0,0,1048.3
2026-07-02,2026-08-25,7400.0,PE,0,0,0,80.5
2026-07-02,2026-08-25,7600.0,CE,0,0,0,891.35
2026-07-02,2026-08-25,7600.0,PE,0,0,0,120.55
2026-07-02,2026-08-25,7700.0,CE,0,0,0,817.8
2026-07-02,2026-08-25,7700.0,PE,0,0,0,145.55
2026-07-02,2026-08-25,7800.0,CE,0,0,0,746.9
2026-07-02,2026-08-25,7800.0,PE,0,0,0,173.2
2026-07-02,2026-08-25,7900.0,CE,0,0,0,680.05
2026-07-02,2026-08-25,7900.0,PE,0,0,0,204.85
2026-07-02,2026-08-25,8000.0,CE,0,0,0,616.8
2026-07-02,2026-08-25,8000.0,PE,0,0,0,240.15
2026-07-02,2026-08-25,8100.0,CE,0,0,0,557.35
2026-07-02,2026-08-25,8100.0,PE,0,0,0,279.2
2026-07-02,2026-08-25,8200.0,CE,0,0,0,501.7
2026-07-02,2026-08-25,8200.0,PE,125,125,1,65.0
2026-07-02,2026-08-25,8300.0,CE,0,0,0,449.85
2026-07-02,2026-08-25,8300.0,PE,0,0,0,368.75
2026-07-02,2026-08-25,8400.0,CE,0,0,0,401.8
2026-07-02,2026-08-25,8400.0,PE,0,0,0,419.2
2026-07-02,2026-08-25,8500.0,CE,0,0,0,357.5
2026-07-02,2026-08-25,8500.0,PE,5500,0,4,141.9
2026-07-02,2026-08-25,8600.0,CE,0,0,0,316.85
2026-07-02,2026-08-25,8600.0,PE,7125,0,0,220.0
2026-07-02,2026-08-25,8700.0,CE,0,0,0,279.75
2026-07-02,2026-08-25,8700.0,PE,0,0,0,592.75
2026-07-02,2026-08-25,8800.0,CE,0,0,0,246.05
2026-07-02,2026-08-25,8800.0,PE,0,0,0,657.55
2026-07-02,2026-08-25,8900.0,CE,0,0,0,215.6
2026-07-02,2026-08-25,8900.0,PE,0,0,0,725.6
2026-07-02,2026-08-25,9000.0,CE,0,0,0,188.2
2026-07-02,2026-08-25,9000.0,PE,0,0,0,796.75
2026-07-02,2026-08-25,9100.0,CE,0,0,0,164.1
2026-07-02,2026-08-25,9100.0,PE,0,0,0,871.15
2026-07-02,2026-08-25,9200.0,CE,375,0,0,110.0
2026-07-02,2026-08-25,9200.0,PE,0,0,0,947.6
2026-07-02,2026-08-25,9300.0,CE,0,0,0,122.6
2026-07-02,2026-08-25,9300.0,PE,0,0,0,1026.7
2026-07-02,2026-08-25,9400.0,CE,0,0,0,105.5
2026-07-02,2026-08-25,9400.0,PE,0,0,0,1108.15
2026-07-02,2026-08-25,9500.0,CE,125,125,1,60.0
2026-07-02,2026-08-25,9500.0,PE,0,0,0,1191.6
2026-07-02,2026-08-25,9600.0,CE,0,0,0,77.3
2026-07-02,2026-08-25,9600.0,PE,0,0,0,1276.95
2026-07-02,2026-08-25,9800.0,CE,0,0,0,55.8
2026-07-02,2026-08-25,9800.0,PE,0,0,0,1452.55
2026-07-02,2026-09-29,7600.0,CE,0,0,0,1249.6
2026-07-02,2026-09-29,7600.0,PE,0,0,0,51.05
2026-07-02,2026-09-29,7800.0,CE,0,0,0,1081.05
2026-07-02,2026-09-29,7800.0,PE,0,0,0,79.45
2026-07-02,2026-09-29,8000.0,CE,0,0,0,923.05
2026-07-02,2026-09-29,8000.0,PE,0,0,0,118.35
2026-07-02,2026-09-29,8200.0,CE,0,0,0,777.15
2026-07-02,2026-09-29,8200.0,PE,0,0,0,169.35
2026-07-02,2026-09-29,8400.0,CE,0,0,0,645.15
2026-07-02,2026-09-29,8400.0,PE,0,0,0,234.3
2026-07-02,2026-09-29,8600.0,CE,0,0,0,527.7
2026-07-02,2026-09-29,8600.0,PE,0,0,0,313.8
2026-07-02,2026-09-29,8800.0,CE,0,0,0,425.2
2026-07-02,2026-09-29,8800.0,PE,0,0,0,408.2
2026-07-02,2026-09-29,9000.0,CE,0,0,0,337.5
2026-07-02,2026-09-29,9000.0,PE,0,0,0,517.45
2026-07-02,2026-09-29,9200.0,CE,0,0,0,263.85
2026-07-02,2026-09-29,9200.0,PE,0,0,0,640.75
2026-07-02,2026-09-29,9400.0,CE,0,0,0,203.25
2026-07-02,2026-09-29,9400.0,PE,0,0,0,777.05
2026-07-02,2026-09-29,9600.0,CE,0,0,0,154.8
2026-07-02,2026-09-29,9600.0,PE,0,0,0,925.55
2026-07-02,2026-09-29,10000.0,CE,0,0,0,85.3
2026-07-02,2026-09-29,10000.0,PE,0,0,0,1249.95
2026-07-03,2026-07-28,7100.0,PE,1750,1625,18,3.05
2026-07-03,2026-07-28,7300.0,PE,125,0,0,4.0
2026-07-03,2026-07-28,7400.0,CE,375,0,0,1270.2
2026-07-03,2026-07-28,7400.0,PE,16125,750,27,3.05
2026-07-03,2026-07-28,7500.0,CE,750,125,1,1429.0
2026-07-03,2026-07-28,7500.0,PE,750,0,0,4.0
2026-07-03,2026-07-28,7550.0,PE,1375,0,0,3.05
2026-07-03,2026-07-28,7600.0,CE,250,0,0,990.0
2026-07-03,2026-07-28,7600.0,PE,1750,0,0,3.8
2026-07-03,2026-07-28,7650.0,PE,500,0,0,28.15
2026-07-03,2026-07-28,7700.0,CE,500,0,0,900.0
2026-07-03,2026-07-28,7700.0,PE,1000,-375,3,4.6
2026-07-03,2026-07-28,7750.0,PE,1500,0,0,32.0
2026-07-03,2026-07-28,7800.0,CE,1875,0,0,940.0
2026-07-03,2026-07-28,7800.0,PE,7250,-2125,26,3.9
2026-07-03,2026-07-28,7850.0,PE,875,0,0,41.7
2026-07-03,2026-07-28,7900.0,CE,250,0,0,720.0
2026-07-03,2026-07-28,7900.0,PE,7625,0,0,16.0
2026-07-03,2026-07-28,7950.0,CE,125,0,0,780.0
2026-07-03,2026-07-28,7950.0,PE,375,-125,1,4.5
2026-07-03,2026-07-28,8000.0,CE,10250,0,1,950.0
2026-07-03,2026-07-28,8000.0,PE,113625,-2250,500,5.15
2026-07-03,2026-07-28,8050.0,CE,250,0,0,610.0
2026-07-03,2026-07-28,8050.0,PE,15125,2250,22,8.0
2026-07-03,2026-07-28,8100.0,CE,375,0,0,620.0
2026-07-03,2026-07-28,8100.0,PE,65875,-250,218,7.85
2026-07-03,2026-07-28,8150.0,CE,875,0,0,432.05
2026-07-03,2026-07-28,8150.0,PE,1125,-1750,23,8.45
2026-07-03,2026-07-28,8200.0,CE,375,0,0,485.0
2026-07-03,2026-07-28,8200.0,PE,39250,1000,417,11.5
2026-07-03,2026-07-28,8250.0,CE,875,0,0,355.45
2026-07-03,2026-07-28,8250.0,PE,1625,-6750,155,13.15
2026-07-03,2026-07-28,8300.0,CE,3625,0,0,500.0
2026-07-03,2026-07-28,8300.0,PE,58875,26375,1048,17.15
2026-07-03,2026-07-28,8350.0,PE,3875,0,0,37.15
2026-07-03,2026-07-28,8400.0,CE,2125,0,0,356.95
2026-07-03,2026-07-28,8400.0,PE,49875,13250,528,26.6
2026-07-03,2026-07-28,8450.0,CE,500,0,0,370.0
2026-07-03,2026-07-28,8450.0,PE,8000,2000,142,31.8
2026-07-03,2026-07-28,8500.0,CE,17250,1375,81,472.1
2026-07-03,2026-07-28,8500.0,PE,60750,18750,1146,40.0
2026-07-03,2026-07-28,8550.0,CE,4875,0,0,298.65
2026-07-03,2026-07-28,8550.0,PE,11875,2125,221,48.55
2026-07-03,2026-07-28,8600.0,CE,16000,-5000,303,376.5
2026-07-03,2026-07-28,8600.0,PE,76000,28125,1602,59.65
2026-07-03,2026-07-28,8650.0,CE,10625,-1625,181,339.45
2026-07-03,2026-07-28,8650.0,PE,32375,8125,715,68.9
2026-07-03,2026-07-28,8700.0,CE,60000,-10375,1163,302.75
2026-07-03,2026-07-28,8700.0,PE,95750,40250,1880,81.75
2026-07-03,2026-07-28,8750.0,CE,28375,-3375,405,269.7
2026-07-03,2026-07-28,8750.0,PE,34500,11000,691,97.5
2026-07-03,2026-07-28,8800.0,CE,39875,6750,2551,239.45
2026-07-03,2026-07-28,8800.0,PE,66500,46375,2251,114.35
2026-07-03,2026-07-28,8850.0,CE,28375,21125,1956,208.05
2026-07-03,2026-07-28,8850.0,PE,28625,25750,1707,136.6
2026-07-03,2026-07-28,8900.0,CE,54500,32250,4061,183.3
2026-07-03,2026-07-28,8900.0,PE,25000,25000,871,153.6
2026-07-03,2026-07-28,9000.0,CE,94750,27750,5692,134.5
2026-07-03,2026-07-28,9000.0,PE,17625,17000,403,210.4
2026-07-03,2026-07-28,9050.0,CE,10250,9750,125,112.15
2026-07-03,2026-07-28,9100.0,CE,36625,14875,1495,93.8
2026-07-03,2026-07-28,9100.0,PE,250,0,0,520.4
2026-07-03,2026-07-28,9200.0,CE,46375,-53125,2518,65.1
2026-07-03,2026-07-28,9200.0,PE,1125,1125,35,331.95
2026-07-03,2026-07-28,9300.0,CE,53000,14250,1214,43.25
2026-07-03,2026-07-28,9300.0,PE,0,0,0,1457.55
2026-07-03,2026-07-28,9400.0,CE,121875,56000,2003,27.6
2026-07-03,2026-07-28,9400.0,PE,125,125,1,550.0
2026-07-03,2026-07-28,9500.0,CE,71375,24875,2287,18.55
2026-07-03,2026-07-28,9500.0,PE,0,0,0,1641.15
2026-07-03,2026-07-28,9600.0,CE,32125,18125,770,12.5
2026-07-03,2026-07-28,9600.0,PE,0,0,0,1734.45
2026-07-03,2026-07-28,9700.0,CE,23000,10750,301,9.55
2026-07-03,2026-07-28,9700.0,PE,250,0,0,975.0
2026-07-03,2026-07-28,9800.0,CE,7875,5125,140,6.75
2026-07-03,2026-07-28,9800.0,PE,0,0,0,1923.45
2026-07-03,2026-08-25,7400.0,CE,0,0,0,1048.3
2026-07-03,2026-08-25,7400.0,PE,0,0,0,80.5
2026-07-03,2026-08-25,7600.0,CE,0,0,0,891.35
2026-07-03,2026-08-25,7600.0,PE,0,0,0,120.55
2026-07-03,2026-08-25,7700.0,CE,0,0,0,817.8
2026-07-03,2026-08-25,7700.0,PE,0,0,0,145.55
2026-07-03,2026-08-25,7800.0,CE,0,0,0,746.9
2026-07-03,2026-08-25,7800.0,PE,0,0,0,173.2
2026-07-03,2026-08-25,7900.0,CE,0,0,0,680.05
2026-07-03,2026-08-25,7900.0,PE,0,0,0,204.85
2026-07-03,2026-08-25,8000.0,CE,0,0,0,616.8
2026-07-03,2026-08-25,8000.0,PE,0,0,0,240.15
2026-07-03,2026-08-25,8100.0,CE,0,0,0,557.35
2026-07-03,2026-08-25,8100.0,PE,0,0,0,279.2
2026-07-03,2026-08-25,8200.0,CE,0,0,0,501.7
2026-07-03,2026-08-25,8200.0,PE,125,0,0,65.0
2026-07-03,2026-08-25,8300.0,CE,0,0,0,449.85
2026-07-03,2026-08-25,8300.0,PE,0,0,0,368.75
2026-07-03,2026-08-25,8400.0,CE,0,0,0,401.8
2026-07-03,2026-08-25,8400.0,PE,0,0,0,419.2
2026-07-03,2026-08-25,8500.0,CE,0,0,0,357.5
2026-07-03,2026-08-25,8500.0,PE,5750,250,36,111.0
2026-07-03,2026-08-25,8600.0,CE,0,0,0,316.85
2026-07-03,2026-08-25,8600.0,PE,7125,0,0,220.0
2026-07-03,2026-08-25,8700.0,CE,0,0,0,279.75
2026-07-03,2026-08-25,8700.0,PE,0,0,0,592.75
2026-07-03,2026-08-25,8800.0,CE,0,0,0,246.05
2026-07-03,2026-08-25,8800.0,PE,0,0,0,657.55
2026-07-03,2026-08-25,8900.0,CE,0,0,0,215.6
2026-07-03,2026-08-25,8900.0,PE,0,0,0,725.6
2026-07-03,2026-08-25,9000.0,CE,375,375,3,250.0
2026-07-03,2026-08-25,9000.0,PE,0,0,0,796.75
2026-07-03,2026-08-25,9100.0,CE,0,0,0,164.1
2026-07-03,2026-08-25,9100.0,PE,0,0,0,871.15
2026-07-03,2026-08-25,9200.0,CE,375,0,0,110.0
2026-07-03,2026-08-25,9200.0,PE,0,0,0,947.6
2026-07-03,2026-08-25,9300.0,CE,0,0,0,122.6
2026-07-03,2026-08-25,9300.0,PE,125,125,1,473.0
2026-07-03,2026-08-25,9400.0,CE,0,0,0,105.5
2026-07-03,2026-08-25,9400.0,PE,0,0,0,1108.15
2026-07-03,2026-08-25,9500.0,CE,625,500,4,95.0
2026-07-03,2026-08-25,9500.0,PE,0,0,0,1191.6
2026-07-03,2026-08-25,9600.0,CE,250,250,2,68.25
2026-07-03,2026-08-25,9600.0,PE,0,0,0,1276.95
2026-07-03,2026-08-25,9800.0,CE,750,750,8,46.0
2026-07-03,2026-08-25,9800.0,PE,0,0,0,1452.55
2026-07-03,2026-09-29,7600.0,CE,0,0,0,1249.6
2026-07-03,2026-09-29,7600.0,PE,0,0,0,51.05
2026-07-03,2026-09-29,7800.0,CE,0,0,0,1081.05
2026-07-03,2026-09-29,7800.0,PE,0,0,0,79.45
2026-07-03,2026-09-29,8000.0,CE,0,0,0,923.05
2026-07-03,2026-09-29,8000.0,PE,0,0,0,118.35
2026-07-03,2026-09-29,8200.0,CE,0,0,0,777.15
2026-07-03,2026-09-29,8200.0,PE,0,0,0,169.35
2026-07-03,2026-09-29,8400.0,CE,0,0,0,645.15
2026-07-03,2026-09-29,8400.0,PE,0,0,0,234.3
2026-07-03,2026-09-29,8600.0,CE,0,0,0,527.7
2026-07-03,2026-09-29,8600.0,PE,0,0,0,313.8
2026-07-03,2026-09-29,8800.0,CE,0,0,0,425.2
2026-07-03,2026-09-29,8800.0,PE,0,0,0,408.2
2026-07-03,2026-09-29,9000.0,CE,0,0,0,337.5
2026-07-03,2026-09-29,9000.0,PE,0,0,0,517.45
2026-07-03,2026-09-29,9200.0,CE,0,0,0,263.85
2026-07-03,2026-09-29,9200.0,PE,0,0,0,640.75
2026-07-03,2026-09-29,9400.0,CE,0,0,0,203.25
2026-07-03,2026-09-29,9400.0,PE,0,0,0,777.05
2026-07-03,2026-09-29,9600.0,CE,0,0,0,154.8
2026-07-03,2026-09-29,9600.0,PE,0,0,0,925.55
2026-07-03,2026-09-29,10000.0,CE,0,0,0,85.3
2026-07-03,2026-09-29,10000.0,PE,0,0,0,1249.95
2026-07-07,2026-07-28,7100.0,PE,1750,0,0,3.05
2026-07-07,2026-07-28,7300.0,PE,250,125,46,1.0
2026-07-07,2026-07-28,7400.0,CE,375,0,0,1270.2
2026-07-07,2026-07-28,7400.0,PE,16125,0,0,3.05
2026-07-07,2026-07-28,7500.0,CE,750,0,0,1429.0
2026-07-07,2026-07-28,7500.0,PE,750,0,0,4.0
2026-07-07,2026-07-28,7550.0,PE,1500,0,0,4.25
2026-07-07,2026-07-28,7600.0,CE,250,0,0,990.0
2026-07-07,2026-07-28,7600.0,PE,1750,0,1,1.5
2026-07-07,2026-07-28,7650.0,PE,500,0,0,28.15
2026-07-07,2026-07-28,7700.0,CE,500,0,0,900.0
2026-07-07,2026-07-28,7700.0,PE,1000,0,0,4.6
2026-07-07,2026-07-28,7750.0,PE,1500,0,0,32.0
2026-07-07,2026-07-28,7800.0,CE,1875,0,0,940.0
2026-07-07,2026-07-28,7800.0,PE,7750,375,8,2.1
2026-07-07,2026-07-28,7850.0,PE,875,0,0,41.7
2026-07-07,2026-07-28,7900.0,CE,250,0,0,720.0
2026-07-07,2026-07-28,7900.0,PE,7625,0,0,16.0
2026-07-07,2026-07-28,7950.0,CE,125,0,0,780.0
2026-07-07,2026-07-28,7950.0,PE,375,0,0,4.5
2026-07-07,2026-07-28,8000.0,CE,10250,0,0,950.0
2026-07-07,2026-07-28,8000.0,PE,111875,-500,61,3.7
2026-07-07,2026-07-28,8050.0,CE,375,0,0,868.2
2026-07-07,2026-07-28,8050.0,PE,15000,0,0,6.0
2026-07-07,2026-07-28,8100.0,CE,375,0,0,620.0
2026-07-07,2026-07-28,8100.0,PE,67500,0,12,5.75
2026-07-07,2026-07-28,8150.0,CE,875,0,0,432.05
2026-07-07,2026-07-28,8150.0,PE,1000,-125,1,7.0
2026-07-07,2026-07-28,8200.0,CE,750,375,3,733.4
2026-07-07,2026-07-28,8200.0,PE,40250,-125,72,8.0
2026-07-07,2026-07-28,8250.0,CE,875,0,0,686.35
2026-07-07,2026-07-28,8250.0,PE,3125,0,0,13.3
2026-07-07,2026-07-28,8300.0,CE,3625,0,0,500.0
2026-07-07,2026-07-28,8300.0,PE,56750,0,158,14.35
2026-07-07,2026-07-28,8350.0,PE,3875,0,0,37.15
2026-07-07,2026-07-28,8400.0,CE,2125,0,0,356.95
2026-07-07,2026-07-28,8400.0,PE,47750,-1750,131,24.0
2026-07-07,2026-07-28,8450.0,CE,500,0,0,370.0
2026-07-07,2026-07-28,8450.0,PE,13375,3250,77,30.9
2026-07-07,2026-07-28,8500.0,CE,17875,375,5,390.0
2026-07-07,2026-07-28,8500.0,PE,57250,-125,304,38.1
2026-07-07,2026-07-28,8550.0,CE,4875,0,0,298.65
2026-07-07,2026-07-28,8550.0,PE,11250,-250,20,48.05
2026-07-07,2026-07-28,8600.0,CE,16000,750,25,329.65
2026-07-07,2026-07-28,8600.0,PE,71375,-2125,607,58.15
2026-07-07,2026-07-28,8650.0,CE,10625,0,7,289.0
2026-07-07,2026-07-28,8650.0,PE,27125,1875,146,71.25
2026-07-07,2026-07-28,8700.0,CE,59750,-500,38,249.6
2026-07-07,2026-07-28,8700.0,PE,100375,-1875,582,88.9
2026-07-07,2026-07-28,8750.0,CE,28000,-750,24,219.55
2026-07-07,2026-07-28,8750.0,PE,37750,1125,106,106.4
2026-07-07,2026-07-28,8800.0,CE,51750,8625,412,190.85
2026-07-07,2026-07-28,8800.0,PE,64125,-4250,933,124.45
2026-07-07,2026-07-28,8850.0,CE,36250,3000,422,162.35
2026-07-07,2026-07-28,8850.0,PE,31500,-875,479,148.05
2026-07-07,2026-07-28,8900.0,CE,98375,16875,1575,138.35
2026-07-07,2026-07-28,8900.0,PE,51875,14625,1078,171.4
2026-07-07,2026-07-28,9000.0,CE,108750,13375,1831,97.5
2026-07-07,2026-07-28,9000.0,PE,14000,250,479,231.35
2026-07-07,2026-07-28,9050.0,CE,15500,0,38,79.4
2026-07-07,2026-07-28,9100.0,CE,41500,0,412,65.2
2026-07-07,2026-07-28,9100.0,PE,250,0,0,520.4
2026-07-07,2026-07-28,9200.0,CE,48875,2000,533,42.9
2026-07-07,2026-07-28,9200.0,PE,1375,0,0,357.0
2026-07-07,2026-07-28,9300.0,CE,53625,-5625,519,28.15
2026-07-07,2026-07-28,9300.0,PE,0,0,0,1457.55
2026-07-07,2026-07-28,9400.0,CE,122500,-1125,480,17.6
2026-07-07,2026-07-28,9400.0,PE,250,125,7,541.3
2026-07-07,2026-07-28,9500.0,CE,81375,-8000,961,12.3
2026-07-07,2026-07-28,9500.0,PE,0,0,0,1641.15
2026-07-07,2026-07-28,9600.0,CE,22500,-6500,183,8.3
2026-07-07,2026-07-28,9600.0,PE,0,0,0,1734.45
2026-07-07,2026-07-28,9700.0,CE,17000,-8125,196,6.5
2026-07-07,2026-07-28,9700.0,PE,250,0,0,975.0
2026-07-07,2026-07-28,9800.0,CE,13250,2625,69,4.5
2026-07-07,2026-07-28,9800.0,PE,0,0,0,1923.45
2026-07-07,2026-07-28,10000.0,CE,0,0,0,11.45
2026-07-07,2026-07-28,10000.0,PE,0,0,0,2114.9
2026-07-07,2026-08-25,7400.0,CE,0,0,0,1048.3
2026-07-07,2026-08-25,7400.0,PE,0,0,0,80.5
2026-07-07,2026-08-25,7600.0,CE,0,0,0,891.35
2026-07-07,2026-08-25,7600.0,PE,0,0,0,120.55
2026-07-07,2026-08-25,7700.0,CE,0,0,0,817.8
2026-07-07,2026-08-25,7700.0,PE,0,0,0,145.55
2026-07-07,2026-08-25,7800.0,CE,0,0,0,746.9
2026-07-07,2026-08-25,7800.0,PE,0,0,0,173.2
2026-07-07,2026-08-25,7900.0,CE,0,0,0,680.05
2026-07-07,2026-08-25,7900.0,PE,0,0,0,204.85
2026-07-07,2026-08-25,8000.0,CE,0,0,0,616.8
2026-07-07,2026-08-25,8000.0,PE,0,0,0,240.15
2026-07-07,2026-08-25,8100.0,CE,0,0,0,557.35
2026-07-07,2026-08-25,8100.0,PE,3750,0,0,38.0
2026-07-07,2026-08-25,8200.0,CE,0,0,0,501.7
2026-07-07,2026-08-25,8200.0,PE,375,0,0,53.95
2026-07-07,2026-08-25,8300.0,CE,0,0,0,449.85
2026-07-07,2026-08-25,8300.0,PE,0,0,0,368.75
2026-07-07,2026-08-25,8400.0,CE,0,0,0,401.8
2026-07-07,2026-08-25,8400.0,PE,0,0,0,419.2
2026-07-07,2026-08-25,8500.0,CE,0,0,0,357.5
2026-07-07,2026-08-25,8500.0,PE,6000,0,7,117.5
2026-07-07,2026-08-25,8600.0,CE,0,0,0,316.85
2026-07-07,2026-08-25,8600.0,PE,7500,0,0,145.0
2026-07-07,2026-08-25,8700.0,CE,0,0,0,279.75
2026-07-07,2026-08-25,8700.0,PE,125,0,0,191.55
2026-07-07,2026-08-25,8800.0,CE,0,0,0,246.05
2026-07-07,2026-08-25,8800.0,PE,0,0,0,657.55
2026-07-07,2026-08-25,8900.0,CE,0,0,0,215.6
2026-07-07,2026-08-25,8900.0,PE,0,0,0,725.6
2026-07-07,2026-08-25,9000.0,CE,875,0,2,247.8
2026-07-07,2026-08-25,9000.0,PE,125,125,1,298.7
2026-07-07,2026-08-25,9100.0,CE,125,0,0,205.0
2026-07-07,2026-08-25,9100.0,PE,0,0,0,871.15
2026-07-07,2026-08-25,9200.0,CE,375,0,0,110.0
2026-07-07,2026-08-25,9200.0,PE,0,0,0,947.6
2026-07-07,2026-08-25,9300.0,CE,0,0,0,122.6
2026-07-07,2026-08-25,9300.0,PE,125,0,0,473.0
2026-07-07,2026-08-25,9400.0,CE,0,0,0,105.5
2026-07-07,2026-08-25,9400.0,PE,0,0,0,1108.15
2026-07-07,2026-08-25,9500.0,CE,500,-125,1,75.0
2026-07-07,2026-08-25,9500.0,PE,0,0,0,1191.6
2026-07-07,2026-08-25,9600.0,CE,875,375,3,55.0
2026-07-07,2026-08-25,9600.0,PE,0,0,0,1276.95
2026-07-07,2026-08-25,9700.0,CE,1500,0,0,53.25
2026-07-07,2026-08-25,9700.0,PE,0,0,0,1364.0
2026-07-07,2026-08-25,9800.0,CE,1125,0,0,44.0
2026-07-07,2026-08-25,9800.0,PE,0,0,0,1452.55
2026-07-07,2026-08-25,10000.0,CE,1125,375,5,26.25
2026-07-07,2026-08-25,10000.0,PE,0,0,0,1633.55
2026-07-07,2026-09-29,7600.0,CE,0,0,0,1249.6
2026-07-07,2026-09-29,7600.0,PE,0,0,0,51.05
2026-07-07,2026-09-29,7800.0,CE,0,0,0,1081.05
2026-07-07,2026-09-29,7800.0,PE,0,0,0,79.45
2026-07-07,2026-09-29,8000.0,CE,0,0,0,923.05
2026-07-07,2026-09-29,8000.0,PE,0,0,0,118.35
2026-07-07,2026-09-29,8200.0,CE,0,0,0,777.15
2026-07-07,2026-09-29,8200.0,PE,0,0,0,169.35
2026-07-07,2026-09-29,8400.0,CE,0,0,0,645.15
2026-07-07,2026-09-29,8400.0,PE,0,0,0,234.3
2026-07-07,2026-09-29,8600.0,CE,0,0,0,527.7
2026-07-07,2026-09-29,8600.0,PE,0,0,0,313.8
2026-07-07,2026-09-29,8800.0,CE,0,0,0,425.2
2026-07-07,2026-09-29,8800.0,PE,0,0,0,408.2
2026-07-07,2026-09-29,9000.0,CE,0,0,0,337.5
2026-07-07,2026-09-29,9000.0,PE,0,0,0,517.45
2026-07-07,2026-09-29,9200.0,CE,0,0,0,263.85
2026-07-07,2026-09-29,9200.0,PE,0,0,0,640.75
2026-07-07,2026-09-29,9400.0,CE,0,0,0,203.25
2026-07-07,2026-09-29,9400.0,PE,0,0,0,777.05
2026-07-07,2026-09-29,9600.0,CE,0,0,0,154.8
2026-07-07,2026-09-29,9600.0,PE,0,0,0,925.55
2026-07-07,2026-09-29,10000.0,CE,0,0,0,85.3
2026-07-07,2026-09-29,10000.0,PE,0,0,0,1249.95
2026-07-08,2026-07-28,7100.0,PE,1750,0,0,3.05
2026-07-08,2026-07-28,7300.0,PE,500,250,16,2.05
2026-07-08,2026-07-28,7400.0,CE,375,0,3,1337.55
2026-07-08,2026-07-28,7400.0,PE,13375,-2750,51,3.05
2026-07-08,2026-07-28,7500.0,CE,750,0,0,1429.0
2026-07-08,2026-07-28,7500.0,PE,750,0,1,0.75
2026-07-08,2026-07-28,7550.0,PE,1500,0,0,4.25
2026-07-08,2026-07-28,7600.0,CE,250,0,0,990.0
2026-07-08,2026-07-28,7600.0,PE,1750,0,0,1.5
2026-07-08,2026-07-28,7650.0,PE,500,0,0,28.15
2026-07-08,2026-07-28,7700.0,CE,500,0,0,900.0
2026-07-08,2026-07-28,7700.0,PE,1000,0,0,4.6
2026-07-08,2026-07-28,7750.0,PE,1500,0,0,32.0
2026-07-08,2026-07-28,7800.0,CE,1875,0,0,940.0
2026-07-08,2026-07-28,7800.0,PE,7500,-250,11,4.05
2026-07-08,2026-07-28,7850.0,PE,875,0,0,41.7
2026-07-08,2026-07-28,7900.0,CE,250,0,0,720.0
2026-07-08,2026-07-28,7900.0,PE,7625,0,4,5.0
2026-07-08,2026-07-28,7950.0,CE,125,0,0,780.0
2026-07-08,2026-07-28,7950.0,PE,375,0,0,4.5
2026-07-08,2026-07-28,8000.0,CE,10125,-125,1,820.0
2026-07-08,2026-07-28,8000.0,PE,112250,375,358,5.8
2026-07-08,2026-07-28,8050.0,CE,375,0,3,828.25
2026-07-08,2026-07-28,8050.0,PE,15125,125,3,4.25
2026-07-08,2026-07-28,8100.0,CE,375,0,0,620.0
2026-07-08,2026-07-28,8100.0,PE,67625,125,174,8.8
2026-07-08,2026-07-28,8150.0,CE,875,0,0,432.05
2026-07-08,2026-07-28,8150.0,PE,1000,0,0,7.0
2026-07-08,2026-07-28,8200.0,CE,375,-375,3,683.2
2026-07-08,2026-07-28,8200.0,PE,39875,-375,132,14.05
2026-07-08,2026-07-28,8250.0,CE,875,0,0,686.35
2026-07-08,2026-07-28,8250.0,PE,6000,2875,53,19.1
2026-07-08,2026-07-28,8300.0,CE,3625,0,0,500.0
2026-07-08,2026-07-28,8300.0,PE,56500,-250,141,23.3
2026-07-08,2026-07-28,8350.0,PE,3875,0,0,37.15
2026-07-08,2026-07-28,8400.0,CE,2125,0,0,356.95
2026-07-08,2026-07-28,8400.0,PE,56250,8500,404,36.75
2026-07-08,2026-07-28,8450.0,CE,500,0,0,370.0
2026-07-08,2026-07-28,8450.0,PE,10875,-2500,55,46.25
2026-07-08,2026-07-28,8500.0,CE,17375,-500,14,320.5
2026-07-08,2026-07-28,8500.0,PE,46250,-11000,851,57.45
2026-07-08,2026-07-28,8550.0,CE,4875,0,0,298.65
2026-07-08,2026-07-28,8550.0,PE,9750,-1500,126,70.55
2026-07-08,2026-07-28,8600.0,CE,20625,4625,127,249.15
2026-07-08,2026-07-28,8600.0,PE,61750,-9625,1125,86.4
2026-07-08,2026-07-28,8650.0,CE,10250,-375,7,227.1
2026-07-08,2026-07-28,8650.0,PE,26125,-1000,198,104.0
2026-07-08,2026-07-28,8700.0,CE,61125,1375,305,184.5
2026-07-08,2026-07-28,8700.0,PE,91250,-9125,1247,124.3
2026-07-08,2026-07-28,8750.0,CE,28500,500,343,164.1
2026-07-08,2026-07-28,8750.0,PE,36250,-1500,403,146.95
2026-07-08,2026-07-28,8800.0,CE,60125,8375,2070,137.9
2026-07-08,2026-07-28,8800.0,PE,41750,-22375,1918,171.35
2026-07-08,2026-07-28,8850.0,CE,38250,2000,1138,118.3
2026-07-08,2026-07-28,8850.0,PE,20500,-11000,878,199.95
2026-07-08,2026-07-28,8900.0,CE,102875,4500,2120,98.3
2026-07-08,2026-07-28,8900.0,PE,44750,-7125,640,230.95
2026-07-08,2026-07-28,9000.0,CE,99000,-9750,2152,66.5
2026-07-08,2026-07-28,9000.0,PE,12875,-1125,252,293.25
2026-07-08,2026-07-28,9050.0,CE,6875,-8625,218,55.15
2026-07-08,2026-07-28,9100.0,CE,47000,5500,837,44.1
2026-07-08,2026-07-28,9100.0,PE,1125,875,11,336.8
2026-07-08,2026-07-28,9200.0,CE,52875,4000,637,28.7
2026-07-08,2026-07-28,9200.0,PE,1125,-250,2,452.0
2026-07-08,2026-07-28,9300.0,CE,51000,-2625,520,17.9
2026-07-08,2026-07-28,9300.0,PE,0,0,0,1457.55
2026-07-08,2026-07-28,9400.0,CE,120875,-1625,610,10.9
2026-07-08,2026-07-28,9400.0,PE,250,0,0,541.3
2026-07-08,2026-07-28,9500.0,CE,87125,5750,333,9.25
2026-07-08,2026-07-28,9500.0,PE,0,0,0,1641.15
2026-07-08,2026-07-28,9600.0,CE,14000,-8500,95,6.0
2026-07-08,2026-07-28,9600.0,PE,0,0,0,1734.45
2026-07-08,2026-07-28,9700.0,CE,20500,3500,106,4.7
2026-07-08,2026-07-28,9700.0,PE,250,0,0,975.0
2026-07-08,2026-07-28,9800.0,CE,32750,19500,229,3.6
2026-07-08,2026-07-28,9800.0,PE,0,0,0,1923.45
2026-07-08,2026-07-28,10000.0,CE,0,0,0,11.45
2026-07-08,2026-07-28,10000.0,PE,0,0,0,2114.9
2026-07-08,2026-08-25,7400.0,CE,0,0,0,1048.3
2026-07-08,2026-08-25,7400.0,PE,0,0,0,80.5
2026-07-08,2026-08-25,7600.0,CE,0,0,0,891.35
2026-07-08,2026-08-25,7600.0,PE,0,0,0,120.55
2026-07-08,2026-08-25,7700.0,CE,0,0,0,817.8
2026-07-08,2026-08-25,7700.0,PE,0,0,0,145.55
2026-07-08,2026-08-25,7800.0,CE,0,0,0,746.9
2026-07-08,2026-08-25,7800.0,PE,0,0,0,173.2
2026-07-08,2026-08-25,7900.0,CE,0,0,0,680.05
2026-07-08,2026-08-25,7900.0,PE,125,125,1,30.7
2026-07-08,2026-08-25,8000.0,CE,0,0,0,616.8
2026-07-08,2026-08-25,8000.0,PE,125,125,1,32.75
2026-07-08,2026-08-25,8100.0,CE,0,0,0,557.35
2026-07-08,2026-08-25,8100.0,PE,3750,0,0,38.0
2026-07-08,2026-08-25,8200.0,CE,0,0,0,501.7
2026-07-08,2026-08-25,8200.0,PE,250,-125,1,68.0
2026-07-08,2026-08-25,8300.0,CE,0,0,0,449.85
2026-07-08,2026-08-25,8300.0,PE,0,0,0,368.75
2026-07-08,2026-08-25,8400.0,CE,0,0,0,401.8
2026-07-08,2026-08-25,8400.0,PE,0,0,0,419.2
2026-07-08,2026-08-25,8500.0,CE,0,0,0,357.5
2026-07-08,2026-08-25,8500.0,PE,6125,125,7,125.0
2026-07-08,2026-08-25,8600.0,CE,0,0,0,316.85
2026-07-08,2026-08-25,8600.0,PE,7625,125,2,155.0
2026-07-08,2026-08-25,8700.0,CE,0,0,0,279.75
2026-07-08,2026-08-25,8700.0,PE,125,0,1,191.55
2026-07-08,2026-08-25,8800.0,CE,0,0,0,246.05
2026-07-08,2026-08-25,8800.0,PE,0,0,0,657.55
2026-07-08,2026-08-25,8900.0,CE,0,0,0,215.6
2026-07-08,2026-08-25,8900.0,PE,0,0,0,725.6
2026-07-08,2026-08-25,9000.0,CE,1250,375,5,185.0
2026-07-08,2026-08-25,9000.0,PE,125,0,0,298.7
2026-07-08,2026-08-25,9100.0,CE,125,0,0,205.0
2026-07-08,2026-08-25,9100.0,PE,0,0,0,871.15
2026-07-08,2026-08-25,9200.0,CE,375,0,0,110.0
2026-07-08,2026-08-25,9200.0,PE,0,0,0,947.6
2026-07-08,2026-08-25,9300.0,CE,0,0,0,122.6
2026-07-08,2026-08-25,9300.0,PE,125,0,0,473.0
2026-07-08,2026-08-25,9400.0,CE,0,0,0,105.5
2026-07-08,2026-08-25,9400.0,PE,0,0,0,1108.15
2026-07-08,2026-08-25,9500.0,CE,500,0,0,75.0
2026-07-08,2026-08-25,9500.0,PE,0,0,0,1191.6
2026-07-08,2026-08-25,9600.0,CE,875,0,0,55.0
2026-07-08,2026-08-25,9600.0,PE,0,0,0,1276.95
2026-07-08,2026-08-25,9700.0,CE,1500,0,0,53.25
2026-07-08,2026-08-25,9700.0,PE,0,0,0,1364.0
2026-07-08,2026-08-25,9800.0,CE,1125,0,0,44.0
2026-07-08,2026-08-25,9800.0,PE,0,0,0,1452.55
2026-07-08,2026-08-25,10000.0,CE,1000,-125,5,22.65
2026-07-08,2026-08-25,10000.0,PE,0,0,0,1633.55
2026-07-08,2026-09-29,7600.0,CE,0,0,0,1249.6
2026-07-08,2026-09-29,7600.0,PE,0,0,0,51.05
2026-07-08,2026-09-29,7800.0,CE,0,0,0,1081.05
2026-07-08,2026-09-29,7800.0,PE,0,0,0,79.45
2026-07-08,2026-09-29,8000.0,CE,0,0,0,923.05
2026-07-08,2026-09-29,8000.0,PE,0,0,0,118.35
2026-07-08,2026-09-29,8200.0,CE,0,0,0,777.15
2026-07-08,2026-09-29,8200.0,PE,0,0,0,169.35
2026-07-08,2026-09-29,8400.0,CE,0,0,0,645.15
2026-07-08,2026-09-29,8400.0,PE,0,0,0,234.3
2026-07-08,2026-09-29,8600.0,CE,0,0,0,527.7
2026-07-08,2026-09-29,8600.0,PE,0,0,0,313.8
2026-07-08,2026-09-29,8800.0,CE,0,0,0,425.2
2026-07-08,2026-09-29,8800.0,PE,0,0,0,408.2
2026-07-08,2026-09-29,9000.0,CE,0,0,0,337.5
2026-07-08,2026-09-29,9000.0,PE,0,0,0,517.45
2026-07-08,2026-09-29,9200.0,CE,0,0,0,263.85
2026-07-08,2026-09-29,9200.0,PE,0,0,0,640.75
2026-07-08,2026-09-29,9400.0,CE,0,0,0,203.25
2026-07-08,2026-09-29,9400.0,PE,0,0,0,777.05
2026-07-08,2026-09-29,9600.0,CE,0,0,0,154.8
2026-07-08,2026-09-29,9600.0,PE,0,0,0,925.55
2026-07-08,2026-09-29,10000.0,CE,0,0,0,85.3
2026-07-08,2026-09-29,10000.0,PE,0,0,0,1249.95
2026-07-09,2026-07-28,7100.0,PE,1750,0,0,3.05
2026-07-09,2026-07-28,7300.0,PE,500,0,0,2.05
2026-07-09,2026-07-28,7400.0,CE,375,0,0,1337.55
2026-07-09,2026-07-28,7400.0,PE,13375,0,15,2.35
2026-07-09,2026-07-28,7500.0,CE,750,0,0,1429.0
2026-07-09,2026-07-28,7500.0,PE,750,0,0,0.75
2026-07-09,2026-07-28,7550.0,PE,1375,-125,2,2.55
2026-07-09,2026-07-28,7600.0,CE,250,0,0,990.0
2026-07-09,2026-07-28,7600.0,PE,1750,0,0,1.5
2026-07-09,2026-07-28,7650.0,PE,500,0,0,28.15
2026-07-09,2026-07-28,7700.0,CE,500,0,0,900.0
2026-07-09,2026-07-28,7700.0,PE,1125,125,1,4.6
2026-07-09,2026-07-28,7750.0,PE,1500,0,0,32.0
2026-07-09,2026-07-28,7800.0,CE,1875,0,0,940.0
2026-07-09,2026-07-28,7800.0,PE,7125,-375,3,3.2
2026-07-09,2026-07-28,7850.0,PE,875,0,0,41.7
2026-07-09,2026-07-28,7900.0,CE,250,0,0,720.0
2026-07-09,2026-07-28,7900.0,PE,7625,0,0,5.0
2026-07-09,2026-07-28,7950.0,CE,125,0,0,780.0
2026-07-09,2026-07-28,7950.0,PE,375,0,0,4.5
2026-07-09,2026-07-28,8000.0,CE,10125,0,0,820.0
2026-07-09,2026-07-28,8000.0,PE,111375,-875,120,4.75
2026-07-09,2026-07-28,8050.0,CE,375,0,0,828.25
2026-07-09,2026-07-28,8050.0,PE,15125,0,0,4.25
2026-07-09,2026-07-28,8100.0,CE,375,0,0,620.0
2026-07-09,2026-07-28,8100.0,PE,67625,0,39,13.85
2026-07-09,2026-07-28,8150.0,CE,875,0,0,432.05
2026-07-09,2026-07-28,8150.0,PE,1000,0,0,7.0
2026-07-09,2026-07-28,8200.0,CE,375,0,0,683.2
2026-07-09,2026-07-28,8200.0,PE,39250,-625,105,9.95
2026-07-09,2026-07-28,8250.0,CE,875,0,0,686.35
2026-07-09,2026-07-28,8250.0,PE,2500,-3500,76,11.8
2026-07-09,2026-07-28,8300.0,CE,3625,0,0,500.0
2026-07-09,2026-07-28,8300.0,PE,54875,-1625,135,14.45
2026-07-09,2026-07-28,8350.0,PE,3875,0,0,37.15
2026-07-09,2026-07-28,8400.0,CE,2125,0,0,356.95
2026-07-09,2026-07-28,8400.0,PE,58000,1750,311,22.0
2026-07-09,2026-07-28,8450.0,CE,875,375,6,413.85
2026-07-09,2026-07-28,8450.0,PE,10875,0,0,46.25
2026-07-09,2026-07-28,8500.0,CE,16750,-625,10,400.1
2026-07-09,2026-07-28,8500.0,PE,47750,1500,943,34.95
2026-07-09,2026-07-28,8550.0,CE,4875,0,0,298.65
2026-07-09,2026-07-28,8550.0,PE,8000,-1750,94,43.6
2026-07-09,2026-07-28,8600.0,CE,16125,-4500,82,326.75
2026-07-09,2026-07-28,8600.0,PE,77125,15375,910,53.15
2026-07-09,2026-07-28,8650.0,CE,10250,0,0,227.1
2026-07-09,2026-07-28,8650.0,PE,30000,3875,167,65.0
2026-07-09,2026-07-28,8700.0,CE,59500,-1625,197,251.25
2026-07-09,2026-07-28,8700.0,PE,89125,-2125,1162,78.9
2026-07-09,2026-07-28,8750.0,CE,27375,-1125,155,218.35
2026-07-09,2026-07-28,8750.0,PE,35875,-375,327,95.55
2026-07-09,2026-07-28,8800.0,CE,47000,-13125,941,190.55
2026-07-09,2026-07-28,8800.0,PE,61500,19750,1467,114.35
2026-07-09,2026-07-28,8850.0,CE,28875,-9375,847,161.8
2026-07-09,2026-07-28,8850.0,PE,24500,4000,748,135.75
2026-07-09,2026-07-28,8900.0,CE,114625,11750,3955,136.7
2026-07-09,2026-07-28,8900.0,PE,58125,13375,1643,160.4
2026-07-09,2026-07-28,9000.0,CE,89000,-10000,2847,93.65
2026-07-09,2026-07-28,9000.0,PE,16125,3250,369,218.2
2026-07-09,2026-07-28,9050.0,CE,6875,0,217,75.85
2026-07-09,2026-07-28,9100.0,CE,44125,-2875,704,61.55
2026-07-09,2026-07-28,9100.0,PE,2750,1625,31,283.0
2026-07-09,2026-07-28,9200.0,CE,56625,3750,747,39.4
2026-07-09,2026-07-28,9200.0,PE,2375,1250,28,361.05
2026-07-09,2026-07-28,9300.0,CE,53250,2250,542,24.15
2026-07-09,2026-07-28,9300.0,PE,0,0,0,1457.55
2026-07-09,2026-07-28,9400.0,CE,122250,1375,762,15.0
2026-07-09,2026-07-28,9400.0,PE,250,0,0,541.3
2026-07-09,2026-07-28,9500.0,CE,61500,-25625,883,10.75
2026-07-09,2026-07-28,9500.0,PE,0,0,0,1641.15
2026-07-09,2026-07-28,9600.0,CE,16500,2500,60,7.55
2026-07-09,2026-07-28,9600.0,PE,0,0,0,1734.45
2026-07-09,2026-07-28,9700.0,CE,31000,10500,259,5.85
2026-07-09,2026-07-28,9700.0,PE,250,0,0,975.0
2026-07-09,2026-07-28,9800.0,CE,25625,-7125,143,4.45
2026-07-09,2026-07-28,9800.0,PE,375,375,6,883.6
2026-07-09,2026-07-28,10000.0,CE,500,500,4,5.0
2026-07-09,2026-07-28,10000.0,PE,0,0,0,2114.9
2026-07-09,2026-08-25,7400.0,CE,0,0,0,1048.3
2026-07-09,2026-08-25,7400.0,PE,0,0,0,80.5
2026-07-09,2026-08-25,7600.0,CE,0,0,0,891.35
2026-07-09,2026-08-25,7600.0,PE,0,0,0,120.55
2026-07-09,2026-08-25,7700.0,CE,0,0,0,817.8
2026-07-09,2026-08-25,7700.0,PE,0,0,0,145.55
2026-07-09,2026-08-25,7800.0,CE,0,0,0,746.9
2026-07-09,2026-08-25,7800.0,PE,0,0,0,173.2
2026-07-09,2026-08-25,7900.0,CE,0,0,0,680.05
2026-07-09,2026-08-25,7900.0,PE,125,0,0,30.7
2026-07-09,2026-08-25,8000.0,CE,0,0,0,616.8
2026-07-09,2026-08-25,8000.0,PE,125,0,0,32.75
2026-07-09,2026-08-25,8100.0,CE,0,0,0,557.35
2026-07-09,2026-08-25,8100.0,PE,3750,0,0,38.0
2026-07-09,2026-08-25,8200.0,CE,0,0,0,501.7
2026-07-09,2026-08-25,8200.0,PE,375,125,2,51.0
2026-07-09,2026-08-25,8300.0,CE,0,0,0,449.85
2026-07-09,2026-08-25,8300.0,PE,0,0,0,368.75
2026-07-09,2026-08-25,8400.0,CE,0,0,0,401.8
2026-07-09,2026-08-25,8400.0,PE,0,0,0,419.2
2026-07-09,2026-08-25,8500.0,CE,0,0,0,357.5
2026-07-09,2026-08-25,8500.0,PE,6125,0,0,125.0
2026-07-09,2026-08-25,8600.0,CE,0,0,0,316.85
2026-07-09,2026-08-25,8600.0,PE,7875,250,3,105.05
2026-07-09,2026-08-25,8700.0,CE,0,0,0,279.75
2026-07-09,2026-08-25,8700.0,PE,125,0,0,191.55
2026-07-09,2026-08-25,8800.0,CE,0,0,0,246.05
2026-07-09,2026-08-25,8800.0,PE,0,0,0,657.55
2026-07-09,2026-08-25,8900.0,CE,0,0,0,215.6
2026-07-09,2026-08-25,8900.0,PE,0,0,0,725.6
2026-07-09,2026-08-25,9000.0,CE,2125,875,11,245.0
2026-07-09,2026-08-25,9000.0,PE,250,125,2,290.0
2026-07-09,2026-08-25,9100.0,CE,125,0,0,205.0
2026-07-09,2026-08-25,9100.0,PE,0,0,0,871.15
2026-07-09,2026-08-25,9200.0,CE,500,125,2,138.25
2026-07-09,2026-08-25,9200.0,PE,0,0,0,947.6
2026-07-09,2026-08-25,9300.0,CE,0,0,0,122.6
2026-07-09,2026-08-25,9300.0,PE,125,0,0,473.0
2026-07-09,2026-08-25,9400.0,CE,0,0,0,105.5
2026-07-09,2026-08-25,9400.0,PE,0,0,0,1108.15
2026-07-09,2026-08-25,9500.0,CE,2250,1750,20,72.0
2026-07-09,2026-08-25,9500.0,PE,0,0,0,1191.6
2026-07-09,2026-08-25,9600.0,CE,875,0,0,55.0
2026-07-09,2026-08-25,9600.0,PE,0,0,0,1276.95
2026-07-09,2026-08-25,9700.0,CE,1500,0,0,53.25
2026-07-09,2026-08-25,9700.0,PE,0,0,0,1364.0
2026-07-09,2026-08-25,9800.0,CE,1125,0,0,44.0
2026-07-09,2026-08-25,9800.0,PE,0,0,0,1452.55
2026-07-09,2026-08-25,10000.0,CE,1125,125,1,25.0
2026-07-09,2026-08-25,10000.0,PE,0,0,0,1633.55
2026-07-09,2026-09-29,7600.0,CE,0,0,0,1249.6
2026-07-09,2026-09-29,7600.0,PE,0,0,0,51.05
2026-07-09,2026-09-29,7800.0,CE,0,0,0,1081.05
2026-07-09,2026-09-29,7800.0,PE,0,0,0,79.45
2026-07-09,2026-09-29,8000.0,CE,0,0,0,923.05
2026-07-09,2026-09-29,8000.0,PE,0,0,0,118.35
2026-07-09,2026-09-29,8200.0,CE,0,0,0,777.15
2026-07-09,2026-09-29,8200.0,PE,0,0,0,169.35
2026-07-09,2026-09-29,8400.0,CE,0,0,0,645.15
2026-07-09,2026-09-29,8400.0,PE,0,0,0,234.3
2026-07-09,2026-09-29,8600.0,CE,0,0,0,527.7
2026-07-09,2026-09-29,8600.0,PE,0,0,0,313.8
2026-07-09,2026-09-29,8800.0,CE,0,0,0,425.2
2026-07-09,2026-09-29,8800.0,PE,0,0,0,408.2
2026-07-09,2026-09-29,9000.0,CE,0,0,0,337.5
2026-07-09,2026-09-29,9000.0,PE,0,0,0,517.45
2026-07-09,2026-09-29,9200.0,CE,0,0,0,263.85
2026-07-09,2026-09-29,9200.0,PE,0,0,0,640.75
2026-07-09,2026-09-29,9400.0,CE,0,0,0,203.25
2026-07-09,2026-09-29,9400.0,PE,0,0,0,777.05
2026-07-09,2026-09-29,9600.0,CE,0,0,0,154.8
2026-07-09,2026-09-29,9600.0,PE,0,0,0,925.55
2026-07-09,2026-09-29,10000.0,CE,0,0,0,85.3
2026-07-09,2026-09-29,10000.0,PE,0,0,0,1249.95
2026-07-10,2026-07-28,7100.0,PE,1750,0,2,0.95
2026-07-10,2026-07-28,7300.0,PE,500,0,0,2.05
2026-07-10,2026-07-28,7400.0,CE,375,0,0,1337.55
2026-07-10,2026-07-28,7400.0,PE,7875,-5500,57,2.3
2026-07-10,2026-07-28,7500.0,CE,750,0,0,1429.0
2026-07-10,2026-07-28,7500.0,PE,750,0,0,0.75
2026-07-10,2026-07-28,7550.0,PE,1375,0,0,2.55
2026-07-10,2026-07-28,7600.0,CE,250,0,0,990.0
2026-07-10,2026-07-28,7600.0,PE,1750,0,0,1.5
2026-07-10,2026-07-28,7650.0,PE,500,0,0,28.15
2026-07-10,2026-07-28,7700.0,CE,500,0,0,900.0
2026-07-10,2026-07-28,7700.0,PE,1375,250,2,4.0
2026-07-10,2026-07-28,7750.0,PE,1500,0,0,32.0
2026-07-10,2026-07-28,7800.0,CE,1875,0,0,940.0
2026-07-10,2026-07-28,7800.0,PE,6750,-375,5,2.2
2026-07-10,2026-07-28,7850.0,PE,875,0,0,41.7
2026-07-10,2026-07-28,7900.0,CE,250,0,0,720.0
2026-07-10,2026-07-28,7900.0,PE,7625,0,0,5.0
2026-07-10,2026-07-28,7950.0,CE,125,0,0,780.0
2026-07-10,2026-07-28,7950.0,PE,375,0,0,4.5
2026-07-10,2026-07-28,8000.0,CE,10125,0,0,820.0
2026-07-10,2026-07-28,8000.0,PE,110875,-500,159,3.95
2026-07-10,2026-07-28,8050.0,CE,375,0,0,828.25
2026-07-10,2026-07-28,8050.0,PE,6875,-8250,137,3.5
2026-07-10,2026-07-28,8100.0,CE,375,0,0,620.0
2026-07-10,2026-07-28,8100.0,PE,67625,0,17,5.55
2026-07-10,2026-07-28,8150.0,CE,875,0,0,432.05
2026-07-10,2026-07-28,8150.0,PE,1000,0,0,7.0
2026-07-10,2026-07-28,8200.0,CE,375,0,0,683.2
2026-07-10,2026-07-28,8200.0,PE,39500,250,30,8.25
2026-07-10,2026-07-28,8250.0,CE,875,0,0,686.35
2026-07-10,2026-07-28,8250.0,PE,3000,500,7,11.75
2026-07-10,2026-07-28,8300.0,CE,3625,0,0,500.0
2026-07-10,2026-07-28,8300.0,PE,55375,500,94,11.9
2026-07-10,2026-07-28,8350.0,PE,2875,-1000,27,14.85
2026-07-10,2026-07-28,8400.0,CE,2125,0,0,356.95
2026-07-10,2026-07-28,8400.0,PE,58375,375,220,19.55
2026-07-10,2026-07-28,8450.0,CE,875,0,0,413.85
2026-07-10,2026-07-28,8450.0,PE,10875,0,17,29.25
2026-07-10,2026-07-28,8500.0,CE,16625,-125,6,417.0
2026-07-10,2026-07-28,8500.0,PE,45375,-2375,276,31.35
2026-07-10,2026-07-28,8550.0,CE,4875,0,0,298.65
2026-07-10,2026-07-28,8550.0,PE,6625,-1375,65,39.6
2026-07-10,2026-07-28,8600.0,CE,15250,-875,15,325.75
2026-07-10,2026-07-28,8600.0,PE,79000,1875,443,49.85
2026-07-10,2026-07-28,8650.0,CE,10250,0,8,289.0
2026-07-10,2026-07-28,8650.0,PE,29500,-500,68,63.45
2026-07-10,2026-07-28,8700.0,CE,58375,-1125,69,253.1
2026-07-10,2026-07-28,8700.0,PE,85875,-3250,524,75.7
2026-07-10,2026-07-28,8750.0,CE,32750,5375,125,219.35
2026-07-10,2026-07-28,8750.0,PE,33000,-2875,300,93.4
2026-07-10,2026-07-28,8800.0,CE,46250,-750,1021,189.7
2026-07-10,2026-07-28,8800.0,PE,51875,-9625,1451,111.1
2026-07-10,2026-07-28,8850.0,CE,43000,14125,1145,161.0
2026-07-10,2026-07-28,8850.0,PE,31125,6625,1011,132.7
2026-07-10,2026-07-28,8900.0,CE,113250,-1375,1120,135.85
2026-07-10,2026-07-28,8900.0,PE,43375,-14750,1088,157.0
2026-07-10,2026-07-28,9000.0,CE,89125,125,1425,93.8
2026-07-10,2026-07-28,9000.0,PE,16750,625,160,216.15
2026-07-10,2026-07-28,9050.0,CE,7750,875,62,76.25
2026-07-10,2026-07-28,9100.0,CE,44375,250,404,61.1
2026-07-10,2026-07-28,9100.0,PE,2750,0,0,283.0
2026-07-10,2026-07-28,9200.0,CE,62125,5500,463,38.25
2026-07-10,2026-07-28,9200.0,PE,2500,125,4,367.75
2026-07-10,2026-07-28,9300.0,CE,57625,4375,270,23.35
2026-07-10,2026-07-28,9300.0,PE,0,0,0,1457.55
2026-07-10,2026-07-28,9400.0,CE,121625,-625,354,13.3
2026-07-10,2026-07-28,9400.0,PE,250,0,0,541.3
2026-07-10,2026-07-28,9500.0,CE,65750,4250,173,8.9
2026-07-10,2026-07-28,9500.0,PE,0,0,0,1641.15
2026-07-10,2026-07-28,9600.0,CE,15625,-875,40,5.3
2026-07-10,2026-07-28,9600.0,PE,0,0,0,1734.45
2026-07-10,2026-07-28,9700.0,CE,18250,-12750,153,5.1
2026-07-10,2026-07-28,9700.0,PE,250,0,0,975.0
2026-07-10,2026-07-28,9800.0,CE,28250,2625,29,3.7
2026-07-10,2026-07-28,9800.0,PE,375,0,0,883.6
2026-07-10,2026-07-28,10000.0,CE,625,125,1,5.0
2026-07-10,2026-07-28,10000.0,PE,0,0,0,2114.9
2026-07-10,2026-08-25,7400.0,CE,0,0,0,1048.3
2026-07-10,2026-08-25,7400.0,PE,0,0,0,80.5
2026-07-10,2026-08-25,7600.0,CE,0,0,0,891.35
2026-07-10,2026-08-25,7600.0,PE,0,0,0,120.55
2026-07-10,2026-08-25,7700.0,CE,0,0,0,817.8
2026-07-10,2026-08-25,7700.0,PE,0,0,0,145.55
2026-07-10,2026-08-25,7800.0,CE,0,0,0,746.9
2026-07-10,2026-08-25,7800.0,PE,0,0,0,173.2
2026-07-10,2026-08-25,7900.0,CE,0,0,0,680.05
2026-07-10,2026-08-25,7900.0,PE,125,0,0,30.7
2026-07-10,2026-08-25,8000.0,CE,0,0,0,616.8
2026-07-10,2026-08-25,8000.0,PE,125,0,0,32.75
2026-07-10,2026-08-25,8100.0,CE,0,0,0,557.35
2026-07-10,2026-08-25,8100.0,PE,3875,125,1,46.0
2026-07-10,2026-08-25,8200.0,CE,0,0,0,501.7
2026-07-10,2026-08-25,8200.0,PE,375,0,0,51.0
2026-07-10,2026-08-25,8300.0,CE,0,0,0,449.85
2026-07-10,2026-08-25,8300.0,PE,0,0,0,368.75
2026-07-10,2026-08-25,8400.0,CE,0,0,0,401.8
2026-07-10,2026-08-25,8400.0,PE,0,0,0,419.2
2026-07-10,2026-08-25,8500.0,CE,0,0,0,357.5
2026-07-10,2026-08-25,8500.0,PE,6125,0,0,125.0
2026-07-10,2026-08-25,8600.0,CE,0,0,0,316.85
2026-07-10,2026-08-25,8600.0,PE,8000,125,3,138.0
2026-07-10,2026-08-25,8700.0,CE,0,0,0,279.75
2026-07-10,2026-08-25,8700.0,PE,125,0,0,191.55
2026-07-10,2026-08-25,8800.0,CE,0,0,0,246.05
2026-07-10,2026-08-25,8800.0,PE,0,0,0,657.55
2026-07-10,2026-08-25,8900.0,CE,0,0,0,215.6
2026-07-10,2026-08-25,8900.0,PE,0,0,0,725.6
2026-07-10,2026-08-25,9000.0,CE,2375,250,2,205.0
2026-07-10,2026-08-25,9000.0,PE,375,125,1,312.15
2026-07-10,2026-08-25,9100.0,CE,125,0,0,205.0
2026-07-10,2026-08-25,9100.0,PE,0,0,0,871.15
2026-07-10,2026-08-25,9200.0,CE,625,125,1,150.0
2026-07-10,2026-08-25,9200.0,PE,0,0,0,947.6
2026-07-10,2026-08-25,9300.0,CE,0,0,0,122.6
2026-07-10,2026-08-25,9300.0,PE,125,0,0,473.0
2026-07-10,2026-08-25,9400.0,CE,0,0,0,105.5
2026-07-10,2026-08-25,9400.0,PE,0,0,0,1108.15
2026-07-10,2026-08-25,9500.0,CE,2375,125,4,67.3
2026-07-10,2026-08-25,9500.0,PE,0,0,0,1191.6
2026-07-10,2026-08-25,9600.0,CE,1125,250,5,56.0
2026-07-10,2026-08-25,9600.0,PE,0,0,0,1276.95
2026-07-10,2026-08-25,9700.0,CE,1500,0,0,53.25
2026-07-10,2026-08-25,9700.0,PE,0,0,0,1364.0
2026-07-10,2026-08-25,9800.0,CE,1125,0,0,44.0
2026-07-10,2026-08-25,9800.0,PE,0,0,0,1452.55
2026-07-10,2026-08-25,10000.0,CE,4250,3125,28,23.65
2026-07-10,2026-08-25,10000.0,PE,0,0,0,1633.55
2026-07-10,2026-09-29,7600.0,CE,0,0,0,1249.6
2026-07-10,2026-09-29,7600.0,PE,0,0,0,51.05
2026-07-10,2026-09-29,7800.0,CE,0,0,0,1081.05
2026-07-10,2026-09-29,7800.0,PE,0,0,0,79.45
2026-07-10,2026-09-29,8000.0,CE,0,0,0,923.05
2026-07-10,2026-09-29,8000.0,PE,0,0,0,118.35
2026-07-10,2026-09-29,8200.0,CE,0,0,0,777.15
2026-07-10,2026-09-29,8200.0,PE,0,0,0,169.35
2026-07-10,2026-09-29,8400.0,CE,0,0,0,645.15
2026-07-10,2026-09-29,8400.0,PE,0,0,0,234.3
2026-07-10,2026-09-29,8600.0,CE,0,0,0,527.7
2026-07-10,2026-09-29,8600.0,PE,0,0,0,313.8
2026-07-10,2026-09-29,8800.0,CE,0,0,0,425.2
2026-07-10,2026-09-29,8800.0,PE,0,0,0,408.2
2026-07-10,2026-09-29,9000.0,CE,0,0,0,337.5
2026-07-10,2026-09-29,9000.0,PE,0,0,0,517.45
2026-07-10,2026-09-29,9200.0,CE,0,0,0,263.85
2026-07-10,2026-09-29,9200.0,PE,0,0,0,640.75
2026-07-10,2026-09-29,9400.0,CE,0,0,0,203.25
2026-07-10,2026-09-29,9400.0,PE,0,0,0,777.05
2026-07-10,2026-09-29,9600.0,CE,0,0,0,154.8
2026-07-10,2026-09-29,9600.0,PE,0,0,0,925.55
2026-07-10,2026-09-29,10000.0,CE,0,0,0,85.3
2026-07-10,2026-09-29,10000.0,PE,0,0,0,1249.95
