date,expiry,strike,opt_type,oi,chg_oi,volume,close
2026-06-05,2026-06-30,120.0,CE,15000,15000,5,26.15
2026-06-05,2026-06-30,120.0,PE,1210000,45000,75,0.18
2026-06-05,2026-06-30,125.0,CE,685000,-30000,9,21.63
2026-06-05,2026-06-30,125.0,PE,1045000,60000,118,0.35
2026-06-05,2026-06-30,127.5,CE,0,0,0,41.88
2026-06-05,2026-06-30,127.5,PE,10000,10000,3,0.63
2026-06-05,2026-06-30,130.0,CE,325000,10000,10,17.36
2026-06-05,2026-06-30,130.0,PE,4055000,525000,588,0.72
2026-06-05,2026-06-30,132.5,CE,25000,-5000,2,15.56
2026-06-05,2026-06-30,132.5,PE,975000,-10000,222,1.0
2026-06-05,2026-06-30,135.0,CE,500000,70000,32,12.86
2026-06-05,2026-06-30,135.0,PE,3520000,515000,663,1.41
2026-06-05,2026-06-30,137.5,CE,180000,40000,20,10.93
2026-06-05,2026-06-30,137.5,PE,1205000,-10000,317,1.93
2026-06-05,2026-06-30,140.0,CE,1240000,455000,292,9.05
2026-06-05,2026-06-30,140.0,PE,7490000,-140000,892,2.66
2026-06-05,2026-06-30,142.5,CE,1415000,125000,153,7.43
2026-06-05,2026-06-30,142.5,PE,2340000,60000,457,3.55
2026-06-05,2026-06-30,145.0,CE,5640000,1045000,2295,6.07
2026-06-05,2026-06-30,145.0,PE,6355000,295000,1482,4.65
2026-06-05,2026-06-30,147.5,CE,2645000,-70000,1217,4.87
2026-06-05,2026-06-30,147.5,PE,2485000,-355000,307,5.98
2026-06-05,2026-06-30,150.0,CE,9590000,-415000,3332,3.91
2026-06-05,2026-06-30,150.0,PE,9145000,-50000,192,7.46
2026-06-05,2026-06-30,152.5,CE,2300000,205000,515,3.1
2026-06-05,2026-06-30,152.5,PE,1250000,-40000,44,8.89
2026-06-05,2026-06-30,155.0,CE,9860000,365000,1669,2.48
2026-06-05,2026-06-30,155.0,PE,4845000,-30000,25,10.99
2026-06-05,2026-06-30,157.5,CE,3060000,255000,420,1.97
2026-06-05,2026-06-30,157.5,PE,1670000,0,0,12.88
2026-06-05,2026-06-30,160.0,CE,22985000,320000,1772,1.58
2026-06-05,2026-06-30,160.0,PE,10170000,0,17,15.13
2026-06-05,2026-06-30,162.5,CE,6585000,130000,268,1.27
2026-06-05,2026-06-30,162.5,PE,2065000,0,0,17.27
2026-06-05,2026-06-30,165.0,CE,21430000,910000,947,1.04
2026-06-05,2026-06-30,165.0,PE,5980000,240000,83,19.58
2026-06-05,2026-06-30,167.5,CE,2760000,115000,97,0.85
2026-06-05,2026-06-30,167.5,PE,1090000,5000,2,22.2
2026-06-05,2026-06-30,170.0,CE,22580000,495000,1177,0.7
2026-06-05,2026-06-30,170.0,PE,3345000,0,1,25.14
2026-06-05,2026-06-30,172.5,CE,1790000,5000,40,0.58
2026-06-05,2026-06-30,172.5,PE,645000,0,0,27.36
2026-06-05,2026-06-30,175.0,CE,11420000,320000,692,0.5
2026-06-05,2026-06-30,175.0,PE,500000,-25000,5,28.55
2026-06-05,2026-06-30,177.5,CE,650000,0,4,0.41
2026-06-05,2026-06-30,177.5,PE,35000,0,0,18.24
2026-06-05,2026-06-30,180.0,CE,10235000,-180000,494,0.35
2026-06-05,2026-06-30,180.0,PE,2025000,80000,17,33.2
2026-06-05,2026-06-30,182.5,CE,405000,-20000,6,0.26
2026-06-05,2026-06-30,182.5,PE,50000,0,0,34.0
2026-06-05,2026-06-30,185.0,CE,2375000,-65000,114,0.26
2026-06-05,2026-06-30,185.0,PE,245000,0,0,36.8
2026-06-05,2026-06-30,187.5,CE,355000,5000,2,0.22
2026-06-05,2026-06-30,187.5,PE,15000,0,0,28.5
2026-06-05,2026-06-30,190.0,CE,5645000,-85000,356,0.2
2026-06-05,2026-06-30,190.0,PE,725000,0,0,42.28
2026-06-05,2026-06-30,195.0,CE,1965000,55000,46,0.15
2026-06-05,2026-06-30,195.0,PE,1030000,0,0,49.57
2026-06-05,2026-06-30,210.0,CE,3380000,-25000,18,0.09
2026-06-05,2026-06-30,210.0,PE,4320000,0,0,61.93
2026-06-05,2026-07-28,120.0,CE,5000,5000,1,27.5
2026-06-05,2026-07-28,120.0,PE,20000,0,1,0.9
2026-06-05,2026-07-28,125.0,CE,0,0,0,45.31
2026-06-05,2026-07-28,125.0,PE,0,0,0,1.0
2026-06-05,2026-07-28,127.5,CE,0,0,0,35.35
2026-06-05,2026-07-28,127.5,PE,0,0,0,1.0
2026-06-05,2026-07-28,130.0,CE,20000,0,0,18.38
2026-06-05,2026-07-28,130.0,PE,740000,65000,49,1.87
2026-06-05,2026-07-28,132.5,CE,0,0,0,31.0
2026-06-05,2026-07-28,132.5,PE,0,0,0,1.61
2026-06-05,2026-07-28,135.0,CE,0,0,0,13.75
2026-06-05,2026-07-28,135.0,PE,25000,25000,5,3.28
2026-06-05,2026-07-28,137.5,CE,0,0,0,26.9
2026-06-05,2026-07-28,137.5,PE,0,0,0,2.45
2026-06-05,2026-07-28,140.0,CE,15000,0,0,12.08
2026-06-05,2026-07-28,140.0,PE,1740000,-30000,22,4.28
2026-06-05,2026-07-28,142.5,CE,0,0,0,23.09
2026-06-05,2026-07-28,142.5,PE,0,0,0,3.59
2026-06-05,2026-07-28,145.0,CE,65000,10000,5,9.2
2026-06-05,2026-07-28,145.0,PE,220000,-15000,9,6.7
2026-06-05,2026-07-28,147.5,CE,30000,0,0,6.61
2026-06-05,2026-07-28,147.5,PE,5000,0,0,5.02
2026-06-05,2026-07-28,150.0,CE,400000,115000,50,6.7
2026-06-05,2026-07-28,150.0,PE,1865000,5000,1,9.25
2026-06-05,2026-07-28,152.5,CE,0,0,0,16.42
2026-06-05,2026-07-28,152.5,PE,0,0,0,6.81
2026-06-05,2026-07-28,155.0,CE,125000,5000,9,5.01
2026-06-05,2026-07-28,155.0,PE,215000,0,0,12.4
2026-06-05,2026-07-28,157.5,CE,0,0,0,13.61
2026-06-05,2026-07-28,157.5,PE,0,0,0,8.95
2026-06-05,2026-07-28,160.0,CE,625000,15000,38,3.59
2026-06-05,2026-07-28,160.0,PE,130000,0,0,16.06
2026-06-05,2026-07-28,162.5,CE,0,0,0,11.15
2026-06-05,2026-07-28,162.5,PE,0,0,0,11.45
2026-06-05,2026-07-28,165.0,CE,95000,5000,2,3.0
2026-06-05,2026-07-28,165.0,PE,30000,0,0,21.6
2026-06-05,2026-07-28,167.5,CE,0,0,0,9.04
2026-06-05,2026-07-28,167.5,PE,0,0,0,14.29
2026-06-05,2026-07-28,170.0,CE,915000,50000,41,1.96
2026-06-05,2026-07-28,170.0,PE,80000,0,0,24.0
2026-06-05,2026-07-28,172.5,CE,0,0,0,7.25
2026-06-05,2026-07-28,172.5,PE,0,0,0,17.44
2026-06-05,2026-07-28,175.0,CE,25000,0,6,1.55
2026-06-05,2026-07-28,175.0,PE,0,0,0,16.96
2026-06-05,2026-07-28,177.5,CE,5000,0,0,2.47
2026-06-05,2026-07-28,177.5,PE,0,0,0,20.9
2026-06-05,2026-07-28,180.0,CE,640000,10000,16,1.14
2026-06-05,2026-07-28,180.0,PE,25000,0,0,34.97
2026-06-05,2026-07-28,185.0,CE,5000,0,0,1.1
2026-06-05,2026-07-28,185.0,PE,20000,0,0,37.21
2026-06-05,2026-07-28,190.0,CE,800000,15000,12,0.72
2026-06-05,2026-07-28,190.0,PE,15000,0,0,30.0
2026-06-05,2026-07-28,200.0,CE,885000,10000,10,0.45
2026-06-05,2026-07-28,200.0,PE,5000,0,0,34.5
2026-06-05,2026-08-25,110.0,CE,0,0,0,52.52
2026-06-05,2026-08-25,110.0,PE,0,0,0,0.35
2026-06-05,2026-08-25,120.0,CE,0,0,0,43.29
2026-06-05,2026-08-25,120.0,PE,0,0,0,0.98
2026-06-05,2026-08-25,130.0,CE,0,0,0,34.7
2026-06-05,2026-08-25,130.0,PE,5000,5000,1,2.5
2026-06-05,2026-08-25,135.0,CE,0,0,0,30.72
2026-06-05,2026-08-25,135.0,PE,0,0,0,3.18
2026-06-05,2026-08-25,140.0,CE,0,0,0,27.0
2026-06-05,2026-08-25,140.0,PE,0,0,0,4.39
2026-06-05,2026-08-25,145.0,CE,5000,0,0,11.2
2026-06-05,2026-08-25,145.0,PE,0,0,0,5.86
2026-06-05,2026-08-25,150.0,CE,0,0,0,20.38
2026-06-05,2026-08-25,150.0,PE,25000,0,0,12.0
2026-06-05,2026-08-25,155.0,CE,0,0,0,17.51
2026-06-05,2026-08-25,155.0,PE,0,0,0,9.68
2026-06-05,2026-08-25,160.0,CE,0,0,0,14.94
2026-06-05,2026-08-25,160.0,PE,0,0,0,12.04
2026-06-05,2026-08-25,165.0,CE,0,0,0,12.66
2026-06-05,2026-08-25,165.0,PE,0,0,0,14.68
2026-06-05,2026-08-25,170.0,CE,0,0,0,10.66
2026-06-05,2026-08-25,170.0,PE,0,0,0,17.6
2026-06-05,2026-08-25,175.0,CE,0,0,0,8.91
2026-06-05,2026-08-25,175.0,PE,0,0,0,20.79
2026-06-05,2026-08-25,180.0,CE,0,0,0,7.41
2026-06-05,2026-08-25,180.0,PE,0,0,0,24.21
2026-06-05,2026-08-25,190.0,CE,0,0,0,5.04
2026-06-05,2026-08-25,190.0,PE,0,0,0,31.69
2026-06-08,2026-06-30,120.0,CE,30000,15000,8,22.24
2026-06-08,2026-06-30,120.0,PE,1575000,365000,463,0.25
2026-06-08,2026-06-30,125.0,CE,670000,-15000,7,17.7
2026-06-08,2026-06-30,125.0,PE,1290000,245000,255,0.6
2026-06-08,2026-06-30,127.5,CE,0,0,0,41.88
2026-06-08,2026-06-30,127.5,PE,60000,50000,14,0.89
2026-06-08,2026-06-30,130.0,CE,350000,25000,7,12.86
2026-06-08,2026-06-30,130.0,PE,4605000,550000,1248,1.26
2026-06-08,2026-06-30,132.5,CE,25000,0,0,15.56
2026-06-08,2026-06-30,132.5,PE,1050000,75000,143,1.8
2026-06-08,2026-06-30,135.0,CE,910000,410000,297,9.13
2026-06-08,2026-06-30,135.0,PE,3505000,-15000,843,2.42
2026-06-08,2026-06-30,137.5,CE,190000,10000,22,7.46
2026-06-08,2026-06-30,137.5,PE,1180000,-25000,242,3.28
2026-06-08,2026-06-30,140.0,CE,2905000,1665000,1217,6.05
2026-06-08,2026-06-30,140.0,PE,7570000,80000,1500,4.3
2026-06-08,2026-06-30,142.5,CE,2340000,925000,818,4.83
2026-06-08,2026-06-30,142.5,PE,2625000,285000,470,5.56
2026-06-08,2026-06-30,145.0,CE,7475000,1835000,2253,3.82
2026-06-08,2026-06-30,145.0,PE,6285000,-70000,672,7.04
2026-06-08,2026-06-30,147.5,CE,2950000,305000,560,2.97
2026-06-08,2026-06-30,147.5,PE,2345000,-140000,92,8.78
2026-06-08,2026-06-30,150.0,CE,12590000,3000000,2751,2.32
2026-06-08,2026-06-30,150.0,PE,8980000,-165000,191,10.5
2026-06-08,2026-06-30,152.5,CE,2770000,470000,569,1.82
2026-06-08,2026-06-30,152.5,PE,1215000,-35000,17,12.63
2026-06-08,2026-06-30,155.0,CE,12045000,2185000,2010,1.4
2026-06-08,2026-06-30,155.0,PE,4825000,-20000,34,14.64
2026-06-08,2026-06-30,157.5,CE,3770000,710000,632,1.12
2026-06-08,2026-06-30,157.5,PE,1640000,-30000,20,16.37
2026-06-08,2026-06-30,160.0,CE,24870000,1885000,2528,0.91
2026-06-08,2026-06-30,160.0,PE,10190000,20000,61,19.07
2026-06-08,2026-06-30,162.5,CE,6695000,110000,549,0.75
2026-06-08,2026-06-30,162.5,PE,2065000,0,0,17.27
2026-06-08,2026-06-30,165.0,CE,21785000,355000,1463,0.61
2026-06-08,2026-06-30,165.0,PE,6010000,30000,21,23.61
2026-06-08,2026-06-30,167.5,CE,2825000,65000,199,0.5
2026-06-08,2026-06-30,167.5,PE,1090000,0,0,22.2
2026-06-08,2026-06-30,170.0,CE,22915000,335000,1459,0.43
2026-06-08,2026-06-30,170.0,PE,3295000,-50000,15,28.56
2026-06-08,2026-06-30,172.5,CE,1740000,-50000,82,0.36
2026-06-08,2026-06-30,172.5,PE,640000,-5000,3,30.99
2026-06-08,2026-06-30,175.0,CE,11655000,235000,950,0.3
2026-06-08,2026-06-30,175.0,PE,495000,-5000,2,33.48
2026-06-08,2026-06-30,177.5,CE,630000,-20000,25,0.21
2026-06-08,2026-06-30,177.5,PE,35000,0,0,18.24
2026-06-08,2026-06-30,180.0,CE,10535000,300000,1031,0.22
2026-06-08,2026-06-30,180.0,PE,2045000,20000,4,37.2
2026-06-08,2026-06-30,182.5,CE,420000,15000,83,0.16
2026-06-08,2026-06-30,182.5,PE,50000,0,0,34.0
2026-06-08,2026-06-30,185.0,CE,2400000,25000,252,0.17
2026-06-08,2026-06-30,185.0,PE,235000,-10000,2,43.0
2026-06-08,2026-06-30,187.5,CE,355000,0,5,0.16
2026-06-08,2026-06-30,187.5,PE,15000,0,0,28.5
2026-06-08,2026-06-30,190.0,CE,5920000,275000,219,0.14
2026-06-08,2026-06-30,190.0,PE,725000,0,0,42.28
2026-06-08,2026-06-30,195.0,CE,1860000,-105000,69,0.1
2026-06-08,2026-06-30,195.0,PE,1030000,0,0,49.57
2026-06-08,2026-06-30,210.0,CE,3340000,-40000,36,0.07
2026-06-08,2026-06-30,210.0,PE,4320000,0,2,67.1
2026-06-08,2026-07-28,120.0,CE,5000,0,0,27.5
2026-06-08,2026-07-28,120.0,PE,140000,120000,40,1.05
2026-06-08,2026-07-28,125.0,CE,15000,15000,3,20.01
2026-06-08,2026-07-28,125.0,PE,0,0,0,1.0
2026-06-08,2026-07-28,127.5,CE,15000,15000,3,17.99
2026-06-08,2026-07-28,127.5,PE,0,0,0,1.0
2026-06-08,2026-07-28,130.0,CE,35000,15000,3,15.99
2026-06-08,2026-07-28,130.0,PE,815000,75000,56,2.82
2026-06-08,2026-07-28,132.5,CE,0,0,0,31.0
2026-06-08,2026-07-28,132.5,PE,0,0,0,1.61
2026-06-08,2026-07-28,135.0,CE,0,0,0,13.75
2026-06-08,2026-07-28,135.0,PE,40000,15000,7,4.3
2026-06-08,2026-07-28,137.5,CE,0,0,0,26.9
2026-06-08,2026-07-28,137.5,PE,0,0,0,2.45
2026-06-08,2026-07-28,140.0,CE,65000,50000,18,9.33
2026-06-08,2026-07-28,140.0,PE,1750000,10000,36,6.24
2026-06-08,2026-07-28,142.5,CE,0,0,0,23.09
2026-06-08,2026-07-28,142.5,PE,0,0,0,3.59
2026-06-08,2026-07-28,145.0,CE,155000,90000,29,6.9
2026-06-08,2026-07-28,145.0,PE,240000,20000,26,8.51
2026-06-08,2026-07-28,147.5,CE,30000,0,0,6.61
2026-06-08,2026-07-28,147.5,PE,5000,0,0,5.02
2026-06-08,2026-07-28,150.0,CE,435000,35000,56,4.94
2026-06-08,2026-07-28,150.0,PE,1880000,15000,24,12.2
2026-06-08,2026-07-28,152.5,CE,0,0,0,16.42
2026-06-08,2026-07-28,152.5,PE,0,0,0,6.81
2026-06-08,2026-07-28,155.0,CE,135000,10000,15,3.59
2026-06-08,2026-07-28,155.0,PE,215000,0,0,12.4
2026-06-08,2026-07-28,157.5,CE,0,0,0,13.61
2026-06-08,2026-07-28,157.5,PE,0,0,0,8.95
2026-06-08,2026-07-28,160.0,CE,790000,165000,100,2.66
2026-06-08,2026-07-28,160.0,PE,130000,0,0,16.06
2026-06-08,2026-07-28,162.5,CE,0,0,0,11.15
2026-06-08,2026-07-28,162.5,PE,0,0,0,11.45
2026-06-08,2026-07-28,165.0,CE,170000,75000,23,1.97
2026-06-08,2026-07-28,165.0,PE,30000,0,0,21.6
2026-06-08,2026-07-28,167.5,CE,0,0,0,9.04
2026-06-08,2026-07-28,167.5,PE,0,0,0,14.29
2026-06-08,2026-07-28,170.0,CE,1025000,110000,69,1.45
2026-06-08,2026-07-28,170.0,PE,95000,15000,3,26.93
2026-06-08,2026-07-28,172.5,CE,0,0,0,7.25
2026-06-08,2026-07-28,172.5,PE,0,0,0,17.44
2026-06-08,2026-07-28,175.0,CE,25000,0,0,1.55
2026-06-08,2026-07-28,175.0,PE,0,0,0,16.96
2026-06-08,2026-07-28,177.5,CE,5000,0,0,2.47
2026-06-08,2026-07-28,177.5,PE,0,0,0,20.9
2026-06-08,2026-07-28,180.0,CE,875000,235000,98,0.89
2026-06-08,2026-07-28,180.0,PE,25000,0,0,34.97
2026-06-08,2026-07-28,185.0,CE,5000,0,0,1.1
2026-06-08,2026-07-28,185.0,PE,20000,0,0,37.21
2026-06-08,2026-07-28,190.0,CE,800000,0,0,0.72
2026-06-08,2026-07-28,190.0,PE,15000,0,0,30.0
2026-06-08,2026-07-28,200.0,CE,950000,65000,31,0.38
2026-06-08,2026-07-28,200.0,PE,5000,0,0,34.5
2026-06-08,2026-08-25,110.0,CE,0,0,0,52.52
2026-06-08,2026-08-25,110.0,PE,0,0,0,0.35
2026-06-08,2026-08-25,120.0,CE,0,0,0,43.29
2026-06-08,2026-08-25,120.0,PE,0,0,0,0.98
2026-06-08,2026-08-25,130.0,CE,0,0,0,34.7
2026-06-08,2026-08-25,130.0,PE,5000,0,0,2.5
2026-06-08,2026-08-25,135.0,CE,0,0,0,30.72
2026-06-08,2026-08-25,135.0,PE,0,0,0,3.18
2026-06-08,2026-08-25,140.0,CE,0,0,0,27.0
2026-06-08,2026-08-25,140.0,PE,0,0,0,4.39
2026-06-08,2026-08-25,145.0,CE,5000,0,0,11.2
2026-06-08,2026-08-25,145.0,PE,0,0,0,5.86
2026-06-08,2026-08-25,150.0,CE,0,0,0,20.38
2026-06-08,2026-08-25,150.0,PE,25000,0,0,12.0
2026-06-08,2026-08-25,155.0,CE,0,0,0,17.51
2026-06-08,2026-08-25,155.0,PE,0,0,0,9.68
2026-06-08,2026-08-25,160.0,CE,0,0,0,14.94
2026-06-08,2026-08-25,160.0,PE,0,0,0,12.04
2026-06-08,2026-08-25,165.0,CE,0,0,0,12.66
2026-06-08,2026-08-25,165.0,PE,0,0,0,14.68
2026-06-08,2026-08-25,170.0,CE,0,0,0,10.66
2026-06-08,2026-08-25,170.0,PE,0,0,0,17.6
2026-06-08,2026-08-25,175.0,CE,0,0,0,8.91
2026-06-08,2026-08-25,175.0,PE,0,0,0,20.79
2026-06-08,2026-08-25,180.0,CE,0,0,0,7.41
2026-06-08,2026-08-25,180.0,PE,0,0,0,24.21
2026-06-08,2026-08-25,190.0,CE,0,0,0,5.04
2026-06-08,2026-08-25,190.0,PE,0,0,0,31.69
2026-06-09,2026-06-30,115.0,CE,0,0,0,41.82
2026-06-09,2026-06-30,115.0,PE,0,0,0,0.63
2026-06-09,2026-06-30,120.0,CE,40000,10000,8,25.0
2026-06-09,2026-06-30,120.0,PE,1540000,-35000,101,0.14
2026-06-09,2026-06-30,122.5,CE,0,0,0,46.57
2026-06-09,2026-06-30,122.5,PE,0,0,0,0.33
2026-06-09,2026-06-30,125.0,CE,665000,-5000,42,19.93
2026-06-09,2026-06-30,125.0,PE,1650000,360000,274,0.32
2026-06-09,2026-06-30,127.5,CE,0,0,0,41.88
2026-06-09,2026-06-30,127.5,PE,400000,340000,112,0.47
2026-06-09,2026-06-30,130.0,CE,415000,65000,22,15.38
2026-06-09,2026-06-30,130.0,PE,4210000,-395000,677,0.69
2026-06-09,2026-06-30,132.5,CE,25000,0,0,15.56
2026-06-09,2026-06-30,132.5,PE,1045000,-5000,206,1.01
2026-06-09,2026-06-30,135.0,CE,955000,45000,33,11.41
2026-06-09,2026-06-30,135.0,PE,3830000,325000,584,1.42
2026-06-09,2026-06-30,137.5,CE,255000,65000,28,9.45
2026-06-09,2026-06-30,137.5,PE,1635000,455000,377,1.99
2026-06-09,2026-06-30,140.0,CE,2695000,-210000,1132,7.68
2026-06-09,2026-06-30,140.0,PE,7875000,305000,1256,2.74
2026-06-09,2026-06-30,142.5,CE,2095000,-245000,912,6.16
2026-06-09,2026-06-30,142.5,PE,3135000,510000,407,3.74
2026-06-09,2026-06-30,145.0,CE,17140000,9665000,5580,4.92
2026-06-09,2026-06-30,145.0,PE,6780000,495000,1111,4.9
2026-06-09,2026-06-30,147.5,CE,2520000,-430000,825,3.8
2026-06-09,2026-06-30,147.5,PE,2400000,55000,118,6.27
2026-06-09,2026-06-30,150.0,CE,11595000,-995000,3063,2.9
2026-06-09,2026-06-30,150.0,PE,8980000,0,192,7.98
2026-06-09,2026-06-30,152.5,CE,3390000,620000,534,2.21
2026-06-09,2026-06-30,152.5,PE,1200000,-15000,12,9.52
2026-06-09,2026-06-30,155.0,CE,12050000,5000,1733,1.7
2026-06-09,2026-06-30,155.0,PE,4860000,35000,38,11.73
2026-06-09,2026-06-30,157.5,CE,3870000,100000,551,1.31
2026-06-09,2026-06-30,157.5,PE,1640000,0,0,16.37
2026-06-09,2026-06-30,160.0,CE,25325000,455000,2512,1.04
2026-06-09,2026-06-30,160.0,PE,10755000,565000,147,16.17
2026-06-09,2026-06-30,162.5,CE,7920000,1225000,767,0.84
2026-06-09,2026-06-30,162.5,PE,2045000,-20000,12,18.83
2026-06-09,2026-06-30,165.0,CE,22360000,575000,920,0.68
2026-06-09,2026-06-30,165.0,PE,6050000,40000,23,20.49
2026-06-09,2026-06-30,167.5,CE,2850000,25000,79,0.54
2026-06-09,2026-06-30,167.5,PE,1090000,0,0,22.2
2026-06-09,2026-06-30,170.0,CE,22505000,-410000,1193,0.45
2026-06-09,2026-06-30,170.0,PE,3290000,-5000,5,25.56
2026-06-09,2026-06-30,172.5,CE,1755000,15000,67,0.37
2026-06-09,2026-06-30,172.5,PE,640000,0,0,30.99
2026-06-09,2026-06-30,175.0,CE,11240000,-415000,897,0.3
2026-06-09,2026-06-30,175.0,PE,495000,0,0,33.48
2026-06-09,2026-06-30,177.5,CE,620000,-10000,7,0.24
2026-06-09,2026-06-30,177.5,PE,35000,0,0,18.24
2026-06-09,2026-06-30,180.0,CE,10690000,155000,859,0.21
2026-06-09,2026-06-30,180.0,PE,2045000,0,3,35.0
2026-06-09,2026-06-30,182.5,CE,445000,25000,27,0.19
2026-06-09,2026-06-30,182.5,PE,50000,0,0,34.0
2026-06-09,2026-06-30,185.0,CE,2195000,-205000,164,0.16
2026-06-09,2026-06-30,185.0,PE,235000,0,0,43.0
2026-06-09,2026-06-30,187.5,CE,355000,0,0,0.16
2026-06-09,2026-06-30,187.5,PE,15000,0,0,28.5
2026-06-09,2026-06-30,190.0,CE,5860000,-60000,142,0.13
2026-06-09,2026-06-30,190.0,PE,725000,0,0,42.28
2026-06-09,2026-06-30,195.0,CE,1705000,-155000,68,0.11
2026-06-09,2026-06-30,195.0,PE,1030000,0,0,49.57
2026-06-09,2026-06-30,210.0,CE,3270000,-70000,47,0.07
2026-06-09,2026-06-30,210.0,PE,4290000,-30000,8,64.95
2026-06-09,2026-07-28,115.0,CE,0,0,0,49.13
2026-06-09,2026-07-28,115.0,PE,0,0,0,0.47
2026-06-09,2026-07-28,120.0,CE,5000,0,0,27.5
2026-06-09,2026-07-28,120.0,PE,150000,10000,6,0.72
2026-06-09,2026-07-28,122.5,CE,0,0,0,39.88
2026-06-09,2026-07-28,122.5,PE,10000,10000,2,0.98
2026-06-09,2026-07-28,125.0,CE,15000,0,0,20.01
2026-06-09,2026-07-28,125.0,PE,0,0,0,1.0
2026-06-09,2026-07-28,127.5,CE,15000,0,0,17.99
2026-06-09,2026-07-28,127.5,PE,20000,20000,5,1.75
2026-06-09,2026-07-28,130.0,CE,35000,0,0,15.99
2026-06-09,2026-07-28,130.0,PE,890000,75000,53,1.91
2026-06-09,2026-07-28,132.5,CE,5000,5000,1,16.0
2026-06-09,2026-07-28,132.5,PE,0,0,0,1.61
2026-06-09,2026-07-28,135.0,CE,0,0,0,13.75
2026-06-09,2026-07-28,135.0,PE,40000,0,0,4.3
2026-06-09,2026-07-28,137.5,CE,0,0,0,26.9
2026-06-09,2026-07-28,137.5,PE,0,0,0,2.45
2026-06-09,2026-07-28,140.0,CE,90000,25000,12,10.5
2026-06-09,2026-07-28,140.0,PE,1680000,-70000,39,4.73
2026-06-09,2026-07-28,142.5,CE,0,0,0,23.09
2026-06-09,2026-07-28,142.5,PE,0,0,0,3.59
2026-06-09,2026-07-28,145.0,CE,170000,15000,20,7.94
2026-06-09,2026-07-28,145.0,PE,235000,-5000,1,7.0
2026-06-09,2026-07-28,147.5,CE,30000,0,0,6.61
2026-06-09,2026-07-28,147.5,PE,5000,0,0,5.02
2026-06-09,2026-07-28,150.0,CE,540000,105000,78,5.69
2026-06-09,2026-07-28,150.0,PE,1870000,-10000,15,9.94
2026-06-09,2026-07-28,152.5,CE,0,0,0,16.42
2026-06-09,2026-07-28,152.5,PE,0,0,0,6.81
2026-06-09,2026-07-28,155.0,CE,160000,25000,19,4.14
2026-06-09,2026-07-28,155.0,PE,220000,5000,9,13.5
2026-06-09,2026-07-28,157.5,CE,5000,5000,1,4.34
2026-06-09,2026-07-28,157.5,PE,0,0,0,8.95
2026-06-09,2026-07-28,160.0,CE,810000,20000,72,2.95
2026-06-09,2026-07-28,160.0,PE,135000,5000,2,17.08
2026-06-09,2026-07-28,162.5,CE,0,0,0,11.15
2026-06-09,2026-07-28,162.5,PE,0,0,0,11.45
2026-06-09,2026-07-28,165.0,CE,285000,115000,59,2.13
2026-06-09,2026-07-28,165.0,PE,30000,0,0,21.6
2026-06-09,2026-07-28,167.5,CE,0,0,0,9.04
2026-06-09,2026-07-28,167.5,PE,0,0,0,14.29
2026-06-09,2026-07-28,170.0,CE,1025000,0,107,1.59
2026-06-09,2026-07-28,170.0,PE,95000,0,0,26.93
2026-06-09,2026-07-28,172.5,CE,0,0,0,7.25
2026-06-09,2026-07-28,172.5,PE,0,0,0,17.44
2026-06-09,2026-07-28,175.0,CE,35000,10000,2,1.17
2026-06-09,2026-07-28,175.0,PE,0,0,0,16.96
2026-06-09,2026-07-28,177.5,CE,5000,0,0,2.47
2026-06-09,2026-07-28,177.5,PE,0,0,0,20.9
2026-06-09,2026-07-28,180.0,CE,895000,20000,61,0.89
2026-06-09,2026-07-28,180.0,PE,25000,0,0,34.97
2026-06-09,2026-07-28,185.0,CE,5000,0,0,1.1
2026-06-09,2026-07-28,185.0,PE,20000,0,0,37.21
2026-06-09,2026-07-28,190.0,CE,920000,120000,65,0.53
2026-06-09,2026-07-28,190.0,PE,15000,0,0,30.0
2026-06-09,2026-07-28,200.0,CE,950000,0,1,0.4
2026-06-09,2026-07-28,200.0,PE,5000,0,0,34.5
2026-06-09,2026-08-25,110.0,CE,0,0,0,52.52
2026-06-09,2026-08-25,110.0,PE,0,0,0,0.35
2026-06-09,2026-08-25,120.0,CE,0,0,0,43.29
2026-06-09,2026-08-25,120.0,PE,0,0,0,0.98
2026-06-09,2026-08-25,125.0,CE,0,0,0,38.9
2026-06-09,2026-08-25,125.0,PE,0,0,0,1.51
2026-06-09,2026-08-25,130.0,CE,0,0,0,34.7
2026-06-09,2026-08-25,130.0,PE,5000,0,0,2.5
2026-06-09,2026-08-25,135.0,CE,0,0,0,30.72
2026-06-09,2026-08-25,135.0,PE,0,0,0,3.18
2026-06-09,2026-08-25,140.0,CE,0,0,0,27.0
2026-06-09,2026-08-25,140.0,PE,0,0,0,4.39
2026-06-09,2026-08-25,145.0,CE,5000,0,0,11.2
2026-06-09,2026-08-25,145.0,PE,0,0,0,5.86
2026-06-09,2026-08-25,150.0,CE,0,0,0,20.38
2026-06-09,2026-08-25,150.0,PE,25000,0,0,12.0
2026-06-09,2026-08-25,155.0,CE,0,0,0,17.51
2026-06-09,2026-08-25,155.0,PE,0,0,0,9.68
2026-06-09,2026-08-25,160.0,CE,0,0,0,14.94
2026-06-09,2026-08-25,160.0,PE,0,0,0,12.04
2026-06-09,2026-08-25,165.0,CE,0,0,0,12.66
2026-06-09,2026-08-25,165.0,PE,0,0,0,14.68
2026-06-09,2026-08-25,170.0,CE,0,0,0,10.66
2026-06-09,2026-08-25,170.0,PE,0,0,0,17.6
2026-06-09,2026-08-25,175.0,CE,0,0,0,8.91
2026-06-09,2026-08-25,175.0,PE,0,0,0,20.79
2026-06-09,2026-08-25,180.0,CE,0,0,0,7.41
2026-06-09,2026-08-25,180.0,PE,0,0,0,24.21
2026-06-09,2026-08-25,190.0,CE,0,0,0,5.04
2026-06-09,2026-08-25,190.0,PE,0,0,0,31.69
2026-06-10,2026-06-30,115.0,CE,0,0,0,41.82
2026-06-10,2026-06-30,115.0,PE,0,0,0,0.63
2026-06-10,2026-06-30,120.0,CE,40000,0,0,25.0
2026-06-10,2026-06-30,120.0,PE,1575000,35000,64,0.2
2026-06-10,2026-06-30,122.5,CE,0,0,0,46.57
2026-06-10,2026-06-30,122.5,PE,5000,5000,1,0.29
2026-06-10,2026-06-30,125.0,CE,665000,0,0,19.93
2026-06-10,2026-06-30,125.0,PE,1645000,-5000,58,0.46
2026-06-10,2026-06-30,127.5,CE,15000,15000,7,17.17
2026-06-10,2026-06-30,127.5,PE,360000,-40000,255,0.65
2026-06-10,2026-06-30,130.0,CE,365000,-50000,37,12.76
2026-06-10,2026-06-30,130.0,PE,4655000,445000,719,0.94
2026-06-10,2026-06-30,132.5,CE,25000,0,0,15.56
2026-06-10,2026-06-30,132.5,PE,1110000,65000,156,1.4
2026-06-10,2026-06-30,135.0,CE,930000,-25000,140,9.03
2026-06-10,2026-06-30,135.0,PE,3875000,45000,537,1.96
2026-06-10,2026-06-30,137.5,CE,315000,60000,49,7.28
2026-06-10,2026-06-30,137.5,PE,1645000,10000,303,2.71
2026-06-10,2026-06-30,140.0,CE,2855000,160000,585,5.8
2026-06-10,2026-06-30,140.0,PE,8170000,295000,1052,3.69
2026-06-10,2026-06-30,142.5,CE,2820000,725000,792,4.5
2026-06-10,2026-06-30,142.5,PE,3545000,410000,592,4.91
2026-06-10,2026-06-30,145.0,CE,18365000,1225000,2935,3.49
2026-06-10,2026-06-30,145.0,PE,7005000,225000,1398,6.25
2026-06-10,2026-06-30,147.5,CE,3295000,775000,1083,2.6
2026-06-10,2026-06-30,147.5,PE,2470000,70000,168,7.92
2026-06-10,2026-06-30,150.0,CE,12665000,1070000,2842,1.95
2026-06-10,2026-06-30,150.0,PE,8800000,-180000,241,9.9
2026-06-10,2026-06-30,152.5,CE,3750000,360000,545,1.45
2026-06-10,2026-06-30,152.5,PE,1145000,-55000,39,11.53
2026-06-10,2026-06-30,155.0,CE,12805000,755000,1629,1.12
2026-06-10,2026-06-30,155.0,PE,4805000,-55000,90,13.41
2026-06-10,2026-06-30,157.5,CE,3465000,-405000,507,0.86
2026-06-10,2026-06-30,157.5,PE,1585000,-55000,49,14.86
2026-06-10,2026-06-30,160.0,CE,25945000,620000,2244,0.7
2026-06-10,2026-06-30,160.0,PE,10765000,10000,41,18.75
2026-06-10,2026-06-30,162.5,CE,8060000,140000,465,0.55
2026-06-10,2026-06-30,162.5,PE,2045000,0,0,18.83
2026-06-10,2026-06-30,165.0,CE,21820000,-540000,1547,0.45
2026-06-10,2026-06-30,165.0,PE,6050000,0,4,21.19
2026-06-10,2026-06-30,167.5,CE,2895000,45000,82,0.38
2026-06-10,2026-06-30,167.5,PE,1090000,0,0,22.2
2026-06-10,2026-06-30,170.0,CE,21685000,-820000,1549,0.31
2026-06-10,2026-06-30,170.0,PE,3280000,-10000,16,27.85
2026-06-10,2026-06-30,172.5,CE,1810000,55000,70,0.28
2026-06-10,2026-06-30,172.5,PE,640000,0,4,27.51
2026-06-10,2026-06-30,175.0,CE,10720000,-520000,1161,0.22
2026-06-10,2026-06-30,175.0,PE,495000,0,0,33.48
2026-06-10,2026-06-30,177.5,CE,600000,-20000,7,0.18
2026-06-10,2026-06-30,177.5,PE,35000,0,0,18.24
2026-06-10,2026-06-30,180.0,CE,10020000,-670000,1192,0.16
2026-06-10,2026-06-30,180.0,PE,2045000,0,2,34.98
2026-06-10,2026-06-30,182.5,CE,550000,105000,71,0.14
2026-06-10,2026-06-30,182.5,PE,50000,0,0,34.0
2026-06-10,2026-06-30,185.0,CE,2465000,270000,226,0.11
2026-06-10,2026-06-30,185.0,PE,235000,0,0,43.0
2026-06-10,2026-06-30,187.5,CE,310000,-45000,15,0.07
2026-06-10,2026-06-30,187.5,PE,15000,0,0,28.5
2026-06-10,2026-06-30,190.0,CE,5110000,-750000,727,0.08
2026-06-10,2026-06-30,190.0,PE,730000,5000,2,45.5
2026-06-10,2026-06-30,195.0,CE,1635000,-70000,35,0.06
2026-06-10,2026-06-30,195.0,PE,1025000,-5000,1,49.4
2026-06-10,2026-06-30,210.0,CE,3005000,-265000,247,0.04
2026-06-10,2026-06-30,210.0,PE,4280000,-10000,4,63.5
2026-06-10,2026-07-28,115.0,CE,0,0,0,49.13
2026-06-10,2026-07-28,115.0,PE,0,0,0,0.47
2026-06-10,2026-07-28,120.0,CE,5000,0,0,27.5
2026-06-10,2026-07-28,120.0,PE,155000,5000,4,0.84
2026-06-10,2026-07-28,122.5,CE,0,0,0,39.88
2026-06-10,2026-07-28,122.5,PE,55000,45000,9,1.1
2026-06-10,2026-07-28,125.0,CE,15000,0,0,20.01
2026-06-10,2026-07-28,125.0,PE,15000,15000,3,1.49
2026-06-10,2026-07-28,127.5,CE,15000,0,0,17.99
2026-06-10,2026-07-28,127.5,PE,20000,0,0,1.75
2026-06-10,2026-07-28,130.0,CE,35000,0,0,15.99
2026-06-10,2026-07-28,130.0,PE,915000,25000,27,2.31
2026-06-10,2026-07-28,132.5,CE,5000,0,0,16.0
2026-06-10,2026-07-28,132.5,PE,0,0,0,1.61
2026-06-10,2026-07-28,135.0,CE,0,0,0,13.75
2026-06-10,2026-07-28,135.0,PE,35000,-5000,3,3.69
2026-06-10,2026-07-28,137.5,CE,0,0,0,26.9
2026-06-10,2026-07-28,137.5,PE,0,0,0,2.45
2026-06-10,2026-07-28,140.0,CE,125000,35000,11,8.77
2026-06-10,2026-07-28,140.0,PE,1665000,-15000,23,5.71
2026-06-10,2026-07-28,142.5,CE,10000,10000,6,9.0
2026-06-10,2026-07-28,142.5,PE,0,0,0,3.59
2026-06-10,2026-07-28,145.0,CE,190000,20000,24,6.43
2026-06-10,2026-07-28,145.0,PE,235000,0,0,7.0
2026-06-10,2026-07-28,147.5,CE,30000,0,1,6.61
2026-06-10,2026-07-28,147.5,PE,5000,0,0,5.02
2026-06-10,2026-07-28,150.0,CE,765000,225000,94,4.57
2026-06-10,2026-07-28,150.0,PE,1880000,10000,6,10.1
2026-06-10,2026-07-28,152.5,CE,0,0,0,16.42
2026-06-10,2026-07-28,152.5,PE,0,0,0,6.81
2026-06-10,2026-07-28,155.0,CE,175000,15000,13,3.25
2026-06-10,2026-07-28,155.0,PE,220000,0,4,15.0
2026-06-10,2026-07-28,157.5,CE,5000,0,0,4.34
2026-06-10,2026-07-28,157.5,PE,0,0,0,8.95
2026-06-10,2026-07-28,160.0,CE,875000,65000,100,2.31
2026-06-10,2026-07-28,160.0,PE,170000,35000,13,18.65
2026-06-10,2026-07-28,162.5,CE,0,0,0,11.15
2026-06-10,2026-07-28,162.5,PE,0,0,0,11.45
2026-06-10,2026-07-28,165.0,CE,290000,5000,7,1.7
2026-06-10,2026-07-28,165.0,PE,30000,0,0,21.6
2026-06-10,2026-07-28,167.5,CE,0,0,0,9.04
2026-06-10,2026-07-28,167.5,PE,0,0,0,14.29
2026-06-10,2026-07-28,170.0,CE,1065000,40000,48,1.24
2026-06-10,2026-07-28,170.0,PE,95000,0,0,26.93
2026-06-10,2026-07-28,172.5,CE,0,0,0,7.25
2026-06-10,2026-07-28,172.5,PE,0,0,0,17.44
2026-06-10,2026-07-28,175.0,CE,35000,0,0,1.17
2026-06-10,2026-07-28,175.0,PE,0,0,0,16.96
2026-06-10,2026-07-28,177.5,CE,5000,0,0,2.47
2026-06-10,2026-07-28,177.5,PE,0,0,0,20.9
2026-06-10,2026-07-28,180.0,CE,860000,-35000,25,0.71
2026-06-10,2026-07-28,180.0,PE,25000,0,0,34.97
2026-06-10,2026-07-28,185.0,CE,5000,0,0,1.1
2026-06-10,2026-07-28,185.0,PE,20000,0,0,37.21
2026-06-10,2026-07-28,190.0,CE,1095000,175000,43,0.49
2026-06-10,2026-07-28,190.0,PE,15000,0,0,30.0
2026-06-10,2026-07-28,200.0,CE,1015000,65000,24,0.24
2026-06-10,2026-07-28,200.0,PE,5000,0,0,34.5
2026-06-10,2026-08-25,110.0,CE,0,0,0,52.52
2026-06-10,2026-08-25,110.0,PE,0,0,0,0.35
2026-06-10,2026-08-25,120.0,CE,0,0,0,43.29
2026-06-10,2026-08-25,120.0,PE,0,0,0,0.98
2026-06-10,2026-08-25,125.0,CE,0,0,0,38.9
2026-06-10,2026-08-25,125.0,PE,0,0,0,1.51
2026-06-10,2026-08-25,130.0,CE,0,0,0,34.7
2026-06-10,2026-08-25,130.0,PE,5000,0,0,2.5
2026-06-10,2026-08-25,135.0,CE,0,0,0,30.72
2026-06-10,2026-08-25,135.0,PE,0,0,0,3.18
2026-06-10,2026-08-25,140.0,CE,0,0,0,27.0
2026-06-10,2026-08-25,140.0,PE,0,0,0,4.39
2026-06-10,2026-08-25,145.0,CE,5000,0,0,11.2
2026-06-10,2026-08-25,145.0,PE,0,0,0,5.86
2026-06-10,2026-08-25,150.0,CE,0,0,0,20.38
2026-06-10,2026-08-25,150.0,PE,25000,0,0,12.0
2026-06-10,2026-08-25,155.0,CE,0,0,0,17.51
2026-06-10,2026-08-25,155.0,PE,0,0,0,9.68
2026-06-10,2026-08-25,160.0,CE,0,0,0,14.94
2026-06-10,2026-08-25,160.0,PE,0,0,0,12.04
2026-06-10,2026-08-25,165.0,CE,0,0,0,12.66
2026-06-10,2026-08-25,165.0,PE,0,0,0,14.68
2026-06-10,2026-08-25,170.0,CE,0,0,0,10.66
2026-06-10,2026-08-25,170.0,PE,0,0,0,17.6
2026-06-10,2026-08-25,175.0,CE,0,0,0,8.91
2026-06-10,2026-08-25,175.0,PE,0,0,0,20.79
2026-06-10,2026-08-25,180.0,CE,0,0,0,7.41
2026-06-10,2026-08-25,180.0,PE,0,0,0,24.21
2026-06-10,2026-08-25,190.0,CE,0,0,0,5.04
2026-06-10,2026-08-25,190.0,PE,0,0,0,31.69
2026-06-11,2026-06-30,115.0,CE,0,0,0,41.82
2026-06-11,2026-06-30,115.0,PE,0,0,0,0.63
2026-06-11,2026-06-30,120.0,CE,40000,0,0,25.0
2026-06-11,2026-06-30,120.0,PE,1945000,370000,264,0.24
2026-06-11,2026-06-30,122.5,CE,0,0,0,46.57
2026-06-11,2026-06-30,122.5,PE,50000,45000,14,0.38
2026-06-11,2026-06-30,125.0,CE,690000,25000,11,14.89
2026-06-11,2026-06-30,125.0,PE,2295000,650000,402,0.59
2026-06-11,2026-06-30,127.5,CE,25000,10000,2,12.75
2026-06-11,2026-06-30,127.5,PE,330000,-30000,167,0.85
2026-06-11,2026-06-30,130.0,CE,355000,-10000,50,10.76
2026-06-11,2026-06-30,130.0,PE,4690000,35000,724,1.25
2026-06-11,2026-06-30,132.5,CE,25000,0,0,15.56
2026-06-11,2026-06-30,132.5,PE,1325000,215000,289,1.81
2026-06-11,2026-06-30,135.0,CE,1160000,230000,123,6.86
2026-06-11,2026-06-30,135.0,PE,4060000,185000,746,2.59
2026-06-11,2026-06-30,137.5,CE,1015000,700000,413,5.43
2026-06-11,2026-06-30,137.5,PE,2145000,500000,724,3.45
2026-06-11,2026-06-30,140.0,CE,5720000,2865000,3360,4.12
2026-06-11,2026-06-30,140.0,PE,8435000,265000,1725,4.75
2026-06-11,2026-06-30,142.5,CE,3450000,630000,939,3.12
2026-06-11,2026-06-30,142.5,PE,3625000,80000,419,6.24
2026-06-11,2026-06-30,145.0,CE,18605000,240000,2247,2.31
2026-06-11,2026-06-30,145.0,PE,6800000,-205000,221,7.97
2026-06-11,2026-06-30,147.5,CE,3445000,150000,658,1.71
2026-06-11,2026-06-30,147.5,PE,2415000,-55000,35,9.91
2026-06-11,2026-06-30,150.0,CE,20625000,7960000,4291,1.31
2026-06-11,2026-06-30,150.0,PE,8480000,-320000,143,11.98
2026-06-11,2026-06-30,152.5,CE,4145000,395000,668,0.99
2026-06-11,2026-06-30,152.5,PE,1145000,0,12,13.92
2026-06-11,2026-06-30,155.0,CE,12700000,-105000,1933,0.77
2026-06-11,2026-06-30,155.0,PE,4745000,-60000,50,16.39
2026-06-11,2026-06-30,157.5,CE,3430000,-35000,298,0.61
2026-06-11,2026-06-30,157.5,PE,1545000,-40000,15,18.45
2026-06-11,2026-06-30,160.0,CE,25640000,-305000,2463,0.49
2026-06-11,2026-06-30,160.0,PE,10750000,-15000,75,21.1
2026-06-11,2026-06-30,162.5,CE,7355000,-705000,451,0.4
2026-06-11,2026-06-30,162.5,PE,2020000,-25000,5,23.09
2026-06-11,2026-06-30,165.0,CE,20800000,-1020000,1315,0.33
2026-06-11,2026-06-30,165.0,PE,6010000,-40000,20,26.0
2026-06-11,2026-06-30,167.5,CE,2750000,-145000,121,0.27
2026-06-11,2026-06-30,167.5,PE,1090000,0,0,22.2
2026-06-11,2026-06-30,170.0,CE,21245000,-440000,2182,0.23
2026-06-11,2026-06-30,170.0,PE,3285000,5000,5,30.6
2026-06-11,2026-06-30,172.5,CE,1790000,-20000,122,0.2
2026-06-11,2026-06-30,172.5,PE,640000,0,2,32.79
2026-06-11,2026-06-30,175.0,CE,10590000,-130000,1072,0.16
2026-06-11,2026-06-30,175.0,PE,475000,-20000,4,35.52
2026-06-11,2026-06-30,177.5,CE,540000,-60000,19,0.2
2026-06-11,2026-06-30,177.5,PE,35000,0,0,18.24
2026-06-11,2026-06-30,180.0,CE,9575000,-445000,960,0.11
2026-06-11,2026-06-30,180.0,PE,2045000,0,0,34.98
2026-06-11,2026-06-30,182.5,CE,420000,-130000,61,0.11
2026-06-11,2026-06-30,182.5,PE,50000,0,0,34.0
2026-06-11,2026-06-30,185.0,CE,1945000,-520000,241,0.1
2026-06-11,2026-06-30,185.0,PE,235000,0,0,43.0
2026-06-11,2026-06-30,187.5,CE,315000,5000,15,0.09
2026-06-11,2026-06-30,187.5,PE,15000,0,0,28.5
2026-06-11,2026-06-30,190.0,CE,4280000,-830000,277,0.07
2026-06-11,2026-06-30,190.0,PE,730000,0,0,45.5
2026-06-11,2026-06-30,195.0,CE,1475000,-160000,80,0.06
2026-06-11,2026-06-30,195.0,PE,1025000,0,0,49.4
2026-06-11,2026-06-30,210.0,CE,2700000,-305000,107,0.03
2026-06-11,2026-06-30,210.0,PE,4275000,-5000,59,69.12
2026-06-11,2026-07-28,115.0,CE,0,0,0,49.13
2026-06-11,2026-07-28,115.0,PE,5000,5000,2,0.6
2026-06-11,2026-07-28,120.0,CE,5000,0,0,27.5
2026-06-11,2026-07-28,120.0,PE,250000,95000,37,1.06
2026-06-11,2026-07-28,122.5,CE,0,0,0,39.88
2026-06-11,2026-07-28,122.5,PE,105000,50000,23,1.34
2026-06-11,2026-07-28,125.0,CE,0,-15000,3,16.9
2026-06-11,2026-07-28,125.0,PE,10000,-5000,5,1.8
2026-06-11,2026-07-28,127.5,CE,15000,0,0,17.99
2026-06-11,2026-07-28,127.5,PE,20000,0,0,1.75
2026-06-11,2026-07-28,130.0,CE,85000,50000,16,12.7
2026-06-11,2026-07-28,130.0,PE,1020000,105000,97,2.96
2026-06-11,2026-07-28,132.5,CE,5000,0,0,16.0
2026-06-11,2026-07-28,132.5,PE,0,0,0,1.61
2026-06-11,2026-07-28,135.0,CE,0,0,0,13.75
2026-06-11,2026-07-28,135.0,PE,95000,60000,21,4.41
2026-06-11,2026-07-28,137.5,CE,0,0,0,26.9
2026-06-11,2026-07-28,137.5,PE,0,0,0,2.45
2026-06-11,2026-07-28,140.0,CE,260000,135000,50,7.19
2026-06-11,2026-07-28,140.0,PE,1720000,55000,29,6.85
2026-06-11,2026-07-28,142.5,CE,15000,5000,1,6.2
2026-06-11,2026-07-28,142.5,PE,0,0,0,3.59
2026-06-11,2026-07-28,145.0,CE,250000,60000,41,5.13
2026-06-11,2026-07-28,145.0,PE,235000,0,0,7.0
2026-06-11,2026-07-28,147.5,CE,30000,0,0,6.61
2026-06-11,2026-07-28,147.5,PE,5000,0,0,5.02
2026-06-11,2026-07-28,150.0,CE,1145000,380000,182,3.68
2026-06-11,2026-07-28,150.0,PE,1885000,5000,33,13.39
2026-06-11,2026-07-28,152.5,CE,0,0,0,16.42
2026-06-11,2026-07-28,152.5,PE,0,0,0,6.81
2026-06-11,2026-07-28,155.0,CE,210000,35000,31,2.54
2026-06-11,2026-07-28,155.0,PE,220000,0,0,15.0
2026-06-11,2026-07-28,157.5,CE,5000,0,0,4.34
2026-06-11,2026-07-28,157.5,PE,0,0,0,8.95
2026-06-11,2026-07-28,160.0,CE,1170000,295000,168,1.81
2026-06-11,2026-07-28,160.0,PE,170000,0,0,18.65
2026-06-11,2026-07-28,162.5,CE,10000,10000,2,1.65
2026-06-11,2026-07-28,162.5,PE,0,0,0,11.45
2026-06-11,2026-07-28,165.0,CE,360000,70000,65,1.29
2026-06-11,2026-07-28,165.0,PE,30000,0,0,21.6
2026-06-11,2026-07-28,167.5,CE,0,0,0,9.04
2026-06-11,2026-07-28,167.5,PE,0,0,0,14.29
2026-06-11,2026-07-28,170.0,CE,1035000,-30000,85,0.92
2026-06-11,2026-07-28,170.0,PE,95000,0,1,29.28
2026-06-11,2026-07-28,172.5,CE,0,0,0,7.25
2026-06-11,2026-07-28,172.5,PE,0,0,0,17.44
2026-06-11,2026-07-28,175.0,CE,35000,0,0,1.17
2026-06-11,2026-07-28,175.0,PE,0,0,0,16.96
2026-06-11,2026-07-28,177.5,CE,5000,0,0,2.47
2026-06-11,2026-07-28,177.5,PE,0,0,0,20.9
2026-06-11,2026-07-28,180.0,CE,880000,20000,38,0.58
2026-06-11,2026-07-28,180.0,PE,25000,0,0,34.97
2026-06-11,2026-07-28,185.0,CE,5000,0,0,1.1
2026-06-11,2026-07-28,185.0,PE,20000,0,0,37.21
2026-06-11,2026-07-28,190.0,CE,1095000,0,0,0.49
2026-06-11,2026-07-28,190.0,PE,15000,0,0,30.0
2026-06-11,2026-07-28,200.0,CE,1040000,25000,10,0.3
2026-06-11,2026-07-28,200.0,PE,5000,0,0,34.5
2026-06-11,2026-08-25,110.0,CE,0,0,0,52.52
2026-06-11,2026-08-25,110.0,PE,0,0,0,0.35
2026-06-11,2026-08-25,120.0,CE,0,0,0,43.29
2026-06-11,2026-08-25,120.0,PE,0,0,0,0.98
2026-06-11,2026-08-25,125.0,CE,0,0,0,38.9
2026-06-11,2026-08-25,125.0,PE,0,0,0,1.51
2026-06-11,2026-08-25,130.0,CE,0,0,0,34.7
2026-06-11,2026-08-25,130.0,PE,5000,0,0,2.5
2026-06-11,2026-08-25,135.0,CE,0,0,0,30.72
2026-06-11,2026-08-25,135.0,PE,0,0,0,3.18
2026-06-11,2026-08-25,140.0,CE,0,0,0,27.0
2026-06-11,2026-08-25,140.0,PE,0,0,0,4.39
2026-06-11,2026-08-25,145.0,CE,5000,0,0,11.2
2026-06-11,2026-08-25,145.0,PE,0,0,0,5.86
2026-06-11,2026-08-25,150.0,CE,0,0,0,20.38
2026-06-11,2026-08-25,150.0,PE,25000,0,0,12.0
2026-06-11,2026-08-25,155.0,CE,0,0,0,17.51
2026-06-11,2026-08-25,155.0,PE,0,0,0,9.68
2026-06-11,2026-08-25,160.0,CE,0,0,0,14.94
2026-06-11,2026-08-25,160.0,PE,0,0,0,12.04
2026-06-11,2026-08-25,165.0,CE,0,0,0,12.66
2026-06-11,2026-08-25,165.0,PE,0,0,0,14.68
2026-06-11,2026-08-25,170.0,CE,0,0,0,10.66
2026-06-11,2026-08-25,170.0,PE,0,0,0,17.6
2026-06-11,2026-08-25,175.0,CE,0,0,0,8.91
2026-06-11,2026-08-25,175.0,PE,0,0,0,20.79
2026-06-11,2026-08-25,180.0,CE,0,0,0,7.41
2026-06-11,2026-08-25,180.0,PE,0,0,0,24.21
2026-06-11,2026-08-25,190.0,CE,0,0,0,5.04
2026-06-11,2026-08-25,190.0,PE,0,0,0,31.69
2026-06-12,2026-06-30,115.0,CE,0,0,0,41.82
2026-06-12,2026-06-30,115.0,PE,15000,15000,3,0.06
2026-06-12,2026-06-30,120.0,CE,40000,0,0,25.0
2026-06-12,2026-06-30,120.0,PE,1705000,-240000,558,0.08
2026-06-12,2026-06-30,122.5,CE,0,0,0,46.57
2026-06-12,2026-06-30,122.5,PE,45000,-5000,41,0.09
2026-06-12,2026-06-30,125.0,CE,690000,0,0,14.89
2026-06-12,2026-06-30,125.0,PE,1760000,-535000,871,0.11
2026-06-12,2026-06-30,127.5,CE,25000,0,0,12.75
2026-06-12,2026-06-30,127.5,PE,350000,20000,489,0.14
2026-06-12,2026-06-30,130.0,CE,305000,-50000,70,23.35
2026-06-12,2026-06-30,130.0,PE,4900000,210000,3410,0.19
2026-06-12,2026-06-30,132.5,CE,25000,0,0,15.56
2026-06-12,2026-06-30,132.5,PE,1280000,-45000,1559,0.26
2026-06-12,2026-06-30,135.0,CE,1105000,-55000,230,18.22
2026-06-12,2026-06-30,135.0,PE,4450000,390000,3670,0.36
2026-06-12,2026-06-30,137.5,CE,925000,-90000,241,15.96
2026-06-12,2026-06-30,137.5,PE,2775000,630000,2130,0.54
2026-06-12,2026-06-30,140.0,CE,3655000,-2065000,3258,13.73
2026-06-12,2026-06-30,140.0,PE,10915000,2480000,8070,0.77
2026-06-12,2026-06-30,142.5,CE,2800000,-650000,1663,11.6
2026-06-12,2026-06-30,142.5,PE,5180000,1555000,4321,1.1
2026-06-12,2026-06-30,145.0,CE,7720000,-10885000,12104,9.68
2026-06-12,2026-06-30,145.0,PE,10240000,3440000,8162,1.61
2026-06-12,2026-06-30,147.5,CE,4715000,1270000,5063,7.87
2026-06-12,2026-06-30,147.5,PE,3460000,1045000,2281,2.28
2026-06-12,2026-06-30,150.0,CE,10355000,-10270000,18764,6.23
2026-06-12,2026-06-30,150.0,PE,9730000,1250000,5275,3.22
2026-06-12,2026-06-30,152.5,CE,4810000,665000,5115,4.92
2026-06-12,2026-06-30,152.5,PE,3395000,2250000,1643,4.38
2026-06-12,2026-06-30,155.0,CE,9200000,-3500000,11304,3.83
2026-06-12,2026-06-30,155.0,PE,4960000,215000,1162,5.73
2026-06-12,2026-06-30,157.5,CE,3360000,-70000,3334,2.97
2026-06-12,2026-06-30,157.5,PE,1480000,-65000,142,7.4
2026-06-12,2026-06-30,160.0,CE,22455000,-3185000,13643,2.32
2026-06-12,2026-06-30,160.0,PE,10455000,-295000,438,9.3
2026-06-12,2026-06-30,162.5,CE,6905000,-450000,2726,1.8
2026-06-12,2026-06-30,162.5,PE,1895000,-125000,106,10.94
2026-06-12,2026-06-30,165.0,CE,18345000,-2455000,6134,1.41
2026-06-12,2026-06-30,165.0,PE,5865000,-145000,127,13.2
2026-06-12,2026-06-30,167.5,CE,2790000,40000,800,1.1
2026-06-12,2026-06-30,167.5,PE,1065000,-25000,8,15.63
2026-06-12,2026-06-30,170.0,CE,19630000,-1615000,5966,0.89
2026-06-12,2026-06-30,170.0,PE,3405000,120000,105,17.56
2026-06-12,2026-06-30,172.5,CE,1840000,50000,732,0.7
2026-06-12,2026-06-30,172.5,PE,630000,-10000,4,20.34
2026-06-12,2026-06-30,175.0,CE,8945000,-1645000,3651,0.56
2026-06-12,2026-06-30,175.0,PE,460000,-15000,6,22.42
2026-06-12,2026-06-30,177.5,CE,630000,90000,113,0.43
2026-06-12,2026-06-30,177.5,PE,35000,0,0,18.24
2026-06-12,2026-06-30,180.0,CE,10105000,530000,3251,0.36
2026-06-12,2026-06-30,180.0,PE,2015000,-30000,28,27.45
2026-06-12,2026-06-30,182.5,CE,485000,65000,134,0.29
2026-06-12,2026-06-30,182.5,PE,50000,0,0,34.0
2026-06-12,2026-06-30,185.0,CE,2050000,105000,455,0.23
2026-06-12,2026-06-30,185.0,PE,230000,-5000,3,34.84
2026-06-12,2026-06-30,187.5,CE,275000,-40000,24,0.24
2026-06-12,2026-06-30,187.5,PE,15000,0,0,28.5
2026-06-12,2026-06-30,190.0,CE,4140000,-140000,475,0.17
2026-06-12,2026-06-30,190.0,PE,735000,5000,9,36.78
2026-06-12,2026-06-30,195.0,CE,1700000,225000,137,0.12
2026-06-12,2026-06-30,195.0,PE,1020000,-5000,1,45.6
2026-06-12,2026-06-30,210.0,CE,2545000,-155000,109,0.06
2026-06-12,2026-06-30,210.0,PE,4195000,-80000,30,57.39
2026-06-12,2026-07-28,115.0,CE,0,0,0,49.13
2026-06-12,2026-07-28,115.0,PE,5000,0,0,0.6
2026-06-12,2026-07-28,120.0,CE,5000,0,0,27.5
2026-06-12,2026-07-28,120.0,PE,240000,-10000,75,0.33
2026-06-12,2026-07-28,122.5,CE,0,0,0,39.88
2026-06-12,2026-07-28,122.5,PE,70000,-35000,7,0.47
2026-06-12,2026-07-28,125.0,CE,0,0,0,16.9
2026-06-12,2026-07-28,125.0,PE,20000,10000,6,0.69
2026-06-12,2026-07-28,127.5,CE,15000,0,0,17.99
2026-06-12,2026-07-28,127.5,PE,10000,-10000,4,1.5
2026-06-12,2026-07-28,130.0,CE,85000,0,11,18.0
2026-06-12,2026-07-28,130.0,PE,700000,-320000,214,0.95
2026-06-12,2026-07-28,132.5,CE,5000,0,2,22.4
2026-06-12,2026-07-28,132.5,PE,0,0,0,1.61
2026-06-12,2026-07-28,135.0,CE,0,0,0,13.75
2026-06-12,2026-07-28,135.0,PE,240000,145000,72,1.53
2026-06-12,2026-07-28,137.5,CE,0,0,0,26.9
2026-06-12,2026-07-28,137.5,PE,0,0,0,2.45
2026-06-12,2026-07-28,140.0,CE,500000,240000,114,16.13
2026-06-12,2026-07-28,140.0,PE,1775000,55000,412,2.41
2026-06-12,2026-07-28,142.5,CE,15000,0,2,8.24
2026-06-12,2026-07-28,142.5,PE,0,0,0,3.59
2026-06-12,2026-07-28,145.0,CE,185000,-65000,95,12.18
2026-06-12,2026-07-28,145.0,PE,305000,70000,103,3.8
2026-06-12,2026-07-28,147.5,CE,35000,5000,1,6.0
2026-06-12,2026-07-28,147.5,PE,5000,0,0,5.02
2026-06-12,2026-07-28,150.0,CE,780000,-365000,376,9.38
2026-06-12,2026-07-28,150.0,PE,1980000,95000,232,5.63
2026-06-12,2026-07-28,152.5,CE,0,0,0,16.42
2026-06-12,2026-07-28,152.5,PE,0,0,0,6.81
2026-06-12,2026-07-28,155.0,CE,1695000,1485000,404,7.15
2026-06-12,2026-07-28,155.0,PE,335000,115000,50,8.37
2026-06-12,2026-07-28,157.5,CE,5000,0,0,4.34
2026-06-12,2026-07-28,157.5,PE,0,0,0,8.95
2026-06-12,2026-07-28,160.0,CE,1310000,140000,561,5.18
2026-06-12,2026-07-28,160.0,PE,250000,80000,43,11.48
2026-06-12,2026-07-28,162.5,CE,10000,0,3,5.37
2026-06-12,2026-07-28,162.5,PE,0,0,0,11.45
2026-06-12,2026-07-28,165.0,CE,665000,305000,246,3.76
2026-06-12,2026-07-28,165.0,PE,35000,5000,2,15.6
2026-06-12,2026-07-28,167.5,CE,40000,40000,12,3.08
2026-06-12,2026-07-28,167.5,PE,0,0,0,14.29
2026-06-12,2026-07-28,170.0,CE,1915000,880000,417,2.7
2026-06-12,2026-07-28,170.0,PE,95000,0,1,19.0
2026-06-12,2026-07-28,172.5,CE,0,0,0,7.25
2026-06-12,2026-07-28,172.5,PE,0,0,0,17.44
2026-06-12,2026-07-28,175.0,CE,345000,310000,104,1.96
2026-06-12,2026-07-28,175.0,PE,15000,15000,3,22.6
2026-06-12,2026-07-28,177.5,CE,5000,0,0,2.47
2026-06-12,2026-07-28,177.5,PE,0,0,0,20.9
2026-06-12,2026-07-28,180.0,CE,865000,-15000,196,1.46
2026-06-12,2026-07-28,180.0,PE,25000,0,0,34.97
2026-06-12,2026-07-28,185.0,CE,5000,0,0,1.1
2026-06-12,2026-07-28,185.0,PE,20000,0,0,37.21
2026-06-12,2026-07-28,190.0,CE,1005000,-90000,98,0.79
2026-06-12,2026-07-28,190.0,PE,15000,0,0,30.0
2026-06-12,2026-07-28,200.0,CE,1280000,240000,207,0.48
2026-06-12,2026-07-28,200.0,PE,15000,10000,2,45.91
2026-06-12,2026-08-25,110.0,CE,0,0,0,52.52
2026-06-12,2026-08-25,110.0,PE,0,0,0,0.35
2026-06-12,2026-08-25,120.0,CE,0,0,0,43.29
2026-06-12,2026-08-25,120.0,PE,0,0,0,0.98
2026-06-12,2026-08-25,125.0,CE,0,0,0,38.9
2026-06-12,2026-08-25,125.0,PE,0,0,0,1.51
2026-06-12,2026-08-25,130.0,CE,0,0,0,34.7
2026-06-12,2026-08-25,130.0,PE,10000,5000,3,1.7
2026-06-12,2026-08-25,135.0,CE,0,0,0,30.72
2026-06-12,2026-08-25,135.0,PE,0,0,0,3.18
2026-06-12,2026-08-25,140.0,CE,0,0,0,27.0
2026-06-12,2026-08-25,140.0,PE,20000,20000,4,3.69
2026-06-12,2026-08-25,145.0,CE,5000,0,0,11.2
2026-06-12,2026-08-25,145.0,PE,0,0,0,5.86
2026-06-12,2026-08-25,150.0,CE,0,0,0,20.38
2026-06-12,2026-08-25,150.0,PE,25000,0,3,7.0
2026-06-12,2026-08-25,155.0,CE,0,0,0,17.51
2026-06-12,2026-08-25,155.0,PE,0,0,0,9.68
2026-06-12,2026-08-25,160.0,CE,0,0,0,14.94
2026-06-12,2026-08-25,160.0,PE,0,0,0,12.04
2026-06-12,2026-08-25,165.0,CE,0,0,0,12.66
2026-06-12,2026-08-25,165.0,PE,0,0,0,14.68
2026-06-12,2026-08-25,170.0,CE,0,0,0,10.66
2026-06-12,2026-08-25,170.0,PE,0,0,0,17.6
2026-06-12,2026-08-25,175.0,CE,0,0,0,8.91
2026-06-12,2026-08-25,175.0,PE,0,0,0,20.79
2026-06-12,2026-08-25,180.0,CE,0,0,0,7.41
2026-06-12,2026-08-25,180.0,PE,0,0,0,24.21
2026-06-12,2026-08-25,190.0,CE,0,0,0,5.04
2026-06-12,2026-08-25,190.0,PE,0,0,0,31.69
2026-06-15,2026-06-30,115.0,CE,5000,5000,1,43.75
2026-06-15,2026-06-30,115.0,PE,25000,10000,2,0.05
2026-06-15,2026-06-30,120.0,CE,40000,0,0,25.0
2026-06-15,2026-06-30,120.0,PE,1545000,-160000,105,0.04
2026-06-15,2026-06-30,122.5,CE,0,0,0,46.57
2026-06-15,2026-06-30,122.5,PE,40000,-5000,6,0.06
2026-06-15,2026-06-30,125.0,CE,690000,0,0,14.89
2026-06-15,2026-06-30,125.0,PE,1520000,-240000,180,0.06
2026-06-15,2026-06-30,127.5,CE,25000,0,0,12.75
2026-06-15,2026-06-30,127.5,PE,360000,10000,24,0.08
2026-06-15,2026-06-30,130.0,CE,285000,-20000,10,29.9
2026-06-15,2026-06-30,130.0,PE,3680000,-1220000,764,0.1
2026-06-15,2026-06-30,132.5,CE,25000,0,0,15.56
2026-06-15,2026-06-30,132.5,PE,1050000,-230000,108,0.13
2026-06-15,2026-06-30,135.0,CE,1040000,-65000,18,24.22
2026-06-15,2026-06-30,135.0,PE,3185000,-1265000,622,0.17
2026-06-15,2026-06-30,137.5,CE,910000,-15000,8,23.41
2026-06-15,2026-06-30,137.5,PE,2120000,-655000,345,0.22
2026-06-15,2026-06-30,140.0,CE,3300000,-355000,220,18.55
2026-06-15,2026-06-30,140.0,PE,9200000,-1715000,2448,0.31
2026-06-15,2026-06-30,142.5,CE,2665000,-135000,68,16.11
2026-06-15,2026-06-30,142.5,PE,5100000,-80000,1091,0.43
2026-06-15,2026-06-30,145.0,CE,7280000,-440000,801,13.77
2026-06-15,2026-06-30,145.0,PE,12200000,1960000,3485,0.65
2026-06-15,2026-06-30,147.5,CE,3830000,-885000,333,11.56
2026-06-15,2026-06-30,147.5,PE,3885000,425000,1640,0.91
2026-06-15,2026-06-30,150.0,CE,7810000,-2545000,1765,9.42
2026-06-15,2026-06-30,150.0,PE,11825000,2095000,5495,1.32
2026-06-15,2026-06-30,152.5,CE,4315000,-495000,651,7.54
2026-06-15,2026-06-30,152.5,PE,4885000,1490000,1584,1.94
2026-06-15,2026-06-30,155.0,CE,8505000,-695000,2874,6.01
2026-06-15,2026-06-30,155.0,PE,6945000,1985000,3732,2.84
2026-06-15,2026-06-30,157.5,CE,3630000,270000,1915,4.65
2026-06-15,2026-06-30,157.5,PE,3330000,1850000,1970,3.98
2026-06-15,2026-06-30,160.0,CE,20280000,-2175000,12395,3.59
2026-06-15,2026-06-30,160.0,PE,11020000,565000,4723,5.42
2026-06-15,2026-06-30,162.5,CE,6390000,-515000,4272,2.71
2026-06-15,2026-06-30,162.5,PE,2870000,975000,700,7.06
2026-06-15,2026-06-30,165.0,CE,17455000,-890000,6964,2.04
2026-06-15,2026-06-30,165.0,PE,6135000,270000,376,8.83
2026-06-15,2026-06-30,167.5,CE,3165000,375000,1820,1.55
2026-06-15,2026-06-30,167.5,PE,1230000,165000,111,10.73
2026-06-15,2026-06-30,170.0,CE,19870000,240000,7996,1.18
2026-06-15,2026-06-30,170.0,PE,3440000,35000,221,12.95
2026-06-15,2026-06-30,172.5,CE,1695000,-145000,956,0.9
2026-06-15,2026-06-30,172.5,PE,630000,0,0,20.34
2026-06-15,2026-06-30,175.0,CE,8840000,-105000,3296,0.69
2026-06-15,2026-06-30,175.0,PE,450000,-10000,45,17.38
2026-06-15,2026-06-30,177.5,CE,885000,255000,442,0.54
2026-06-15,2026-06-30,177.5,PE,35000,0,0,18.24
2026-06-15,2026-06-30,180.0,CE,9345000,-760000,3546,0.43
2026-06-15,2026-06-30,180.0,PE,1895000,-120000,80,22.02
2026-06-15,2026-06-30,182.5,CE,540000,55000,251,0.34
2026-06-15,2026-06-30,182.5,PE,50000,0,0,34.0
2026-06-15,2026-06-30,185.0,CE,2050000,0,657,0.27
2026-06-15,2026-06-30,185.0,PE,220000,-10000,5,27.0
2026-06-15,2026-06-30,187.5,CE,465000,190000,76,0.24
2026-06-15,2026-06-30,187.5,PE,15000,0,3,28.17
2026-06-15,2026-06-30,190.0,CE,4285000,145000,1116,0.18
2026-06-15,2026-06-30,190.0,PE,720000,-15000,4,29.21
2026-06-15,2026-06-30,195.0,CE,1550000,-150000,273,0.12
2026-06-15,2026-06-30,195.0,PE,1025000,5000,1,34.5
2026-06-15,2026-06-30,210.0,CE,2785000,240000,152,0.05
2026-06-15,2026-06-30,210.0,PE,4150000,-45000,9,49.73
2026-06-15,2026-07-28,115.0,CE,0,0,0,49.13
2026-06-15,2026-07-28,115.0,PE,5000,0,0,0.6
2026-06-15,2026-07-28,120.0,CE,5000,0,0,27.5
2026-06-15,2026-07-28,120.0,PE,205000,-35000,16,0.25
2026-06-15,2026-07-28,122.5,CE,0,0,0,39.88
2026-06-15,2026-07-28,122.5,PE,65000,-5000,1,0.47
2026-06-15,2026-07-28,125.0,CE,0,0,0,16.9
2026-06-15,2026-07-28,125.0,PE,20000,0,1,0.35
2026-06-15,2026-07-28,127.5,CE,15000,0,2,31.63
2026-06-15,2026-07-28,127.5,PE,10000,0,0,1.5
2026-06-15,2026-07-28,130.0,CE,85000,0,0,18.0
2026-06-15,2026-07-28,130.0,PE,425000,-275000,128,0.56
2026-06-15,2026-07-28,132.5,CE,5000,0,0,22.4
2026-06-15,2026-07-28,132.5,PE,0,0,0,1.61
2026-06-15,2026-07-28,135.0,CE,0,0,0,13.75
2026-06-15,2026-07-28,135.0,PE,145000,-95000,87,0.84
2026-06-15,2026-07-28,137.5,CE,0,0,0,26.9
2026-06-15,2026-07-28,137.5,PE,0,0,0,2.45
2026-06-15,2026-07-28,140.0,CE,520000,20000,31,20.7
2026-06-15,2026-07-28,140.0,PE,1865000,90000,241,1.36
2026-06-15,2026-07-28,142.5,CE,15000,0,0,8.24
2026-06-15,2026-07-28,142.5,PE,0,0,0,3.59
2026-06-15,2026-07-28,145.0,CE,180000,-5000,12,16.16
2026-06-15,2026-07-28,145.0,PE,360000,55000,125,2.2
2026-06-15,2026-07-28,147.5,CE,25000,-10000,5,15.98
2026-06-15,2026-07-28,147.5,PE,5000,0,0,5.02
2026-06-15,2026-07-28,150.0,CE,770000,-10000,68,12.45
2026-06-15,2026-07-28,150.0,PE,2285000,305000,324,3.52
2026-06-15,2026-07-28,152.5,CE,0,0,0,16.42
2026-06-15,2026-07-28,152.5,PE,0,0,0,6.81
2026-06-15,2026-07-28,155.0,CE,770000,-925000,427,9.37
2026-06-15,2026-07-28,155.0,PE,450000,115000,71,5.46
2026-06-15,2026-07-28,157.5,CE,5000,0,0,4.34
2026-06-15,2026-07-28,157.5,PE,0,0,0,8.95
2026-06-15,2026-07-28,160.0,CE,1980000,670000,553,7.07
2026-06-15,2026-07-28,160.0,PE,520000,270000,105,8.0
2026-06-15,2026-07-28,162.5,CE,10000,0,1,5.82
2026-06-15,2026-07-28,162.5,PE,0,0,0,11.45
2026-06-15,2026-07-28,165.0,CE,880000,215000,206,5.11
2026-06-15,2026-07-28,165.0,PE,60000,25000,7,11.15
2026-06-15,2026-07-28,167.5,CE,55000,15000,7,4.9
2026-06-15,2026-07-28,167.5,PE,0,0,4,12.7
2026-06-15,2026-07-28,170.0,CE,2155000,240000,542,3.72
2026-06-15,2026-07-28,170.0,PE,155000,60000,20,14.25
2026-06-15,2026-07-28,172.5,CE,15000,15000,4,3.54
2026-06-15,2026-07-28,172.5,PE,5000,5000,1,15.2
2026-06-15,2026-07-28,175.0,CE,530000,185000,156,2.69
2026-06-15,2026-07-28,175.0,PE,50000,35000,7,17.9
2026-06-15,2026-07-28,177.5,CE,5000,0,1,3.0
2026-06-15,2026-07-28,177.5,PE,0,0,0,20.9
2026-06-15,2026-07-28,180.0,CE,1105000,240000,518,1.92
2026-06-15,2026-07-28,180.0,PE,50000,25000,9,22.37
2026-06-15,2026-07-28,182.5,CE,0,0,0,4.53
2026-06-15,2026-07-28,182.5,PE,0,0,0,24.62
2026-06-15,2026-07-28,185.0,CE,295000,290000,128,1.41
2026-06-15,2026-07-28,185.0,PE,20000,0,2,25.0
2026-06-15,2026-07-28,190.0,CE,1040000,35000,116,1.0
2026-06-15,2026-07-28,190.0,PE,15000,0,0,30.0
2026-06-15,2026-07-28,200.0,CE,1465000,185000,242,0.6
2026-06-15,2026-07-28,200.0,PE,145000,130000,26,39.5
2026-06-15,2026-08-25,110.0,CE,0,0,0,52.52
2026-06-15,2026-08-25,110.0,PE,0,0,0,0.35
2026-06-15,2026-08-25,120.0,CE,0,0,0,43.29
2026-06-15,2026-08-25,120.0,PE,0,0,0,0.98
2026-06-15,2026-08-25,125.0,CE,0,0,0,38.9
2026-06-15,2026-08-25,125.0,PE,0,0,0,1.51
2026-06-15,2026-08-25,130.0,CE,0,0,0,34.7
2026-06-15,2026-08-25,130.0,PE,10000,0,0,1.7
2026-06-15,2026-08-25,135.0,CE,0,0,0,30.72
2026-06-15,2026-08-25,135.0,PE,0,0,0,3.18
2026-06-15,2026-08-25,140.0,CE,0,0,0,27.0
2026-06-15,2026-08-25,140.0,PE,40000,20000,5,2.3
2026-06-15,2026-08-25,145.0,CE,5000,0,0,11.2
2026-06-15,2026-08-25,145.0,PE,0,0,0,5.86
2026-06-15,2026-08-25,150.0,CE,0,0,0,20.38
2026-06-15,2026-08-25,150.0,PE,35000,10000,3,5.0
2026-06-15,2026-08-25,155.0,CE,0,0,0,17.51
2026-06-15,2026-08-25,155.0,PE,0,0,0,9.68
2026-06-15,2026-08-25,160.0,CE,0,0,0,14.94
2026-06-15,2026-08-25,160.0,PE,10000,10000,2,7.75
2026-06-15,2026-08-25,165.0,CE,0,0,0,12.66
2026-06-15,2026-08-25,165.0,PE,0,0,0,14.68
2026-06-15,2026-08-25,170.0,CE,0,0,0,10.66
2026-06-15,2026-08-25,170.0,PE,0,0,0,17.6
2026-06-15,2026-08-25,175.0,CE,0,0,0,8.91
2026-06-15,2026-08-25,175.0,PE,0,0,0,20.79
2026-06-15,2026-08-25,180.0,CE,0,0,0,7.41
2026-06-15,2026-08-25,180.0,PE,0,0,0,24.21
2026-06-15,2026-08-25,190.0,CE,0,0,0,5.04
2026-06-15,2026-08-25,190.0,PE,0,0,0,31.69
2026-06-16,2026-06-30,115.0,CE,5000,0,0,43.75
2026-06-16,2026-06-30,115.0,PE,25000,0,0,0.05
2026-06-16,2026-06-30,120.0,CE,40000,0,0,25.0
2026-06-16,2026-06-30,120.0,PE,1315000,-230000,66,0.03
2026-06-16,2026-06-30,122.5,CE,0,0,0,46.57
2026-06-16,2026-06-30,122.5,PE,40000,0,0,0.06
2026-06-16,2026-06-30,125.0,CE,690000,0,0,14.89
2026-06-16,2026-06-30,125.0,PE,1565000,45000,50,0.06
2026-06-16,2026-06-30,127.5,CE,25000,0,0,12.75
2026-06-16,2026-06-30,127.5,PE,350000,-10000,5,0.05
2026-06-16,2026-06-30,130.0,CE,285000,0,1,29.9
2026-06-16,2026-06-30,130.0,PE,3475000,-205000,106,0.09
2026-06-16,2026-06-30,132.5,CE,25000,0,0,15.56
2026-06-16,2026-06-30,132.5,PE,995000,-55000,15,0.11
2026-06-16,2026-06-30,135.0,CE,980000,-60000,28,23.77
2026-06-16,2026-06-30,135.0,PE,2965000,-220000,228,0.13
2026-06-16,2026-06-30,137.5,CE,910000,0,0,23.41
2026-06-16,2026-06-30,137.5,PE,1730000,-390000,197,0.19
2026-06-16,2026-06-30,140.0,CE,3195000,-105000,45,20.0
2026-06-16,2026-06-30,140.0,PE,8880000,-320000,609,0.24
2026-06-16,2026-06-30,142.5,CE,2570000,-95000,40,16.6
2026-06-16,2026-06-30,142.5,PE,4810000,-290000,286,0.32
2026-06-16,2026-06-30,145.0,CE,6920000,-360000,192,14.15
2026-06-16,2026-06-30,145.0,PE,11760000,-440000,1178,0.47
2026-06-16,2026-06-30,147.5,CE,3805000,-25000,61,11.92
2026-06-16,2026-06-30,147.5,PE,4285000,400000,761,0.66
2026-06-16,2026-06-30,150.0,CE,7365000,-445000,419,9.73
2026-06-16,2026-06-30,150.0,PE,11660000,-165000,1915,0.98
2026-06-16,2026-06-30,152.5,CE,4070000,-245000,282,7.81
2026-06-16,2026-06-30,152.5,PE,5010000,125000,740,1.46
2026-06-16,2026-06-30,155.0,CE,8055000,-450000,1125,6.11
2026-06-16,2026-06-30,155.0,PE,8200000,1255000,1743,2.27
2026-06-16,2026-06-30,157.5,CE,4285000,655000,1923,4.7
2026-06-16,2026-06-30,157.5,PE,4655000,1325000,1694,3.36
2026-06-16,2026-06-30,160.0,CE,20870000,590000,7398,3.59
2026-06-16,2026-06-30,160.0,PE,12035000,1015000,2695,4.7
2026-06-16,2026-06-30,162.5,CE,6865000,475000,1855,2.66
2026-06-16,2026-06-30,162.5,PE,3055000,185000,369,6.2
2026-06-16,2026-06-30,165.0,CE,17555000,100000,3128,1.99
2026-06-16,2026-06-30,165.0,PE,6095000,-40000,152,8.17
2026-06-16,2026-06-30,167.5,CE,3285000,120000,827,1.47
2026-06-16,2026-06-30,167.5,PE,1115000,-115000,49,9.59
2026-06-16,2026-06-30,170.0,CE,19870000,0,3717,1.1
2026-06-16,2026-06-30,170.0,PE,3550000,110000,70,12.36
2026-06-16,2026-06-30,172.5,CE,1795000,100000,503,0.83
2026-06-16,2026-06-30,172.5,PE,630000,0,0,20.34
2026-06-16,2026-06-30,175.0,CE,8700000,-140000,1345,0.62
2026-06-16,2026-06-30,175.0,PE,445000,-5000,8,16.4
2026-06-16,2026-06-30,177.5,CE,790000,-95000,213,0.48
2026-06-16,2026-06-30,177.5,PE,65000,30000,6,18.5
2026-06-16,2026-06-30,180.0,CE,9095000,-250000,1146,0.38
2026-06-16,2026-06-30,180.0,PE,1825000,-70000,21,20.55
2026-06-16,2026-06-30,182.5,CE,775000,235000,173,0.29
2026-06-16,2026-06-30,182.5,PE,50000,0,0,34.0
2026-06-16,2026-06-30,185.0,CE,1955000,-95000,361,0.23
2026-06-16,2026-06-30,185.0,PE,220000,0,0,27.0
2026-06-16,2026-06-30,187.5,CE,410000,-55000,46,0.21
2026-06-16,2026-06-30,187.5,PE,15000,0,0,28.17
2026-06-16,2026-06-30,190.0,CE,4195000,-90000,344,0.17
2026-06-16,2026-06-30,190.0,PE,725000,5000,1,31.0
2026-06-16,2026-06-30,195.0,CE,1515000,-35000,67,0.11
2026-06-16,2026-06-30,195.0,PE,1000000,-25000,5,35.9
2026-06-16,2026-06-30,210.0,CE,2580000,-205000,50,0.05
2026-06-16,2026-06-30,210.0,PE,4150000,0,0,49.73
2026-06-16,2026-07-28,115.0,CE,0,0,0,49.13
2026-06-16,2026-07-28,115.0,PE,5000,0,0,0.6
2026-06-16,2026-07-28,120.0,CE,5000,0,0,27.5
2026-06-16,2026-07-28,120.0,PE,190000,-15000,4,0.17
2026-06-16,2026-07-28,122.5,CE,0,0,0,39.88
2026-06-16,2026-07-28,122.5,PE,65000,0,0,0.47
2026-06-16,2026-07-28,125.0,CE,0,0,0,16.9
2026-06-16,2026-07-28,125.0,PE,20000,0,0,0.35
2026-06-16,2026-07-28,127.5,CE,15000,0,0,31.63
2026-06-16,2026-07-28,127.5,PE,10000,0,0,1.5
2026-06-16,2026-07-28,130.0,CE,85000,0,0,18.0
2026-06-16,2026-07-28,130.0,PE,415000,-10000,18,0.43
2026-06-16,2026-07-28,132.5,CE,0,-5000,1,29.0
2026-06-16,2026-07-28,132.5,PE,0,0,0,1.61
2026-06-16,2026-07-28,135.0,CE,0,0,0,13.75
2026-06-16,2026-07-28,135.0,PE,140000,-5000,8,0.67
2026-06-16,2026-07-28,137.5,CE,0,0,0,26.9
2026-06-16,2026-07-28,137.5,PE,0,0,0,2.45
2026-06-16,2026-07-28,140.0,CE,520000,0,1,21.5
2026-06-16,2026-07-28,140.0,PE,2125000,260000,110,1.16
2026-06-16,2026-07-28,142.5,CE,15000,0,0,8.24
2026-06-16,2026-07-28,142.5,PE,0,0,0,3.59
2026-06-16,2026-07-28,145.0,CE,175000,-5000,2,15.49
2026-06-16,2026-07-28,145.0,PE,565000,205000,92,1.93
2026-06-16,2026-07-28,147.5,CE,25000,0,0,15.98
2026-06-16,2026-07-28,147.5,PE,5000,0,0,5.02
2026-06-16,2026-07-28,150.0,CE,795000,25000,22,13.0
2026-06-16,2026-07-28,150.0,PE,2485000,200000,99,3.17
2026-06-16,2026-07-28,152.5,CE,0,0,0,16.42
2026-06-16,2026-07-28,152.5,PE,0,0,0,6.81
2026-06-16,2026-07-28,155.0,CE,790000,20000,25,9.61
2026-06-16,2026-07-28,155.0,PE,540000,90000,57,4.86
2026-06-16,2026-07-28,157.5,CE,0,-5000,1,7.59
2026-06-16,2026-07-28,157.5,PE,5000,5000,1,6.2
2026-06-16,2026-07-28,160.0,CE,2635000,655000,285,7.43
2026-06-16,2026-07-28,160.0,PE,645000,125000,105,7.35
2026-06-16,2026-07-28,162.5,CE,15000,5000,4,6.2
2026-06-16,2026-07-28,162.5,PE,0,0,0,11.45
2026-06-16,2026-07-28,165.0,CE,870000,-10000,149,5.23
2026-06-16,2026-07-28,165.0,PE,105000,45000,17,10.2
2026-06-16,2026-07-28,167.5,CE,70000,15000,12,4.62
2026-06-16,2026-07-28,167.5,PE,30000,30000,6,11.7
2026-06-16,2026-07-28,170.0,CE,2145000,-10000,192,3.69
2026-06-16,2026-07-28,170.0,PE,160000,5000,3,13.6
2026-06-16,2026-07-28,172.5,CE,20000,5000,1,3.54
2026-06-16,2026-07-28,172.5,PE,5000,0,0,15.2
2026-06-16,2026-07-28,175.0,CE,680000,150000,60,2.64
2026-06-16,2026-07-28,175.0,PE,75000,25000,10,17.29
2026-06-16,2026-07-28,177.5,CE,5000,0,0,3.0
2026-06-16,2026-07-28,177.5,PE,0,0,0,20.9
2026-06-16,2026-07-28,180.0,CE,1265000,160000,195,1.9
2026-06-16,2026-07-28,180.0,PE,50000,0,0,22.37
2026-06-16,2026-07-28,182.5,CE,5000,5000,1,2.05
2026-06-16,2026-07-28,182.5,PE,0,0,0,24.62
2026-06-16,2026-07-28,185.0,CE,430000,135000,54,1.34
2026-06-16,2026-07-28,185.0,PE,20000,0,0,25.0
2026-06-16,2026-07-28,190.0,CE,1140000,100000,61,0.96
2026-06-16,2026-07-28,190.0,PE,85000,70000,14,30.62
2026-06-16,2026-07-28,200.0,CE,1435000,-30000,119,0.57
2026-06-16,2026-07-28,200.0,PE,150000,5000,1,39.5
2026-06-16,2026-08-25,110.0,CE,0,0,0,52.52
2026-06-16,2026-08-25,110.0,PE,0,0,0,0.35
2026-06-16,2026-08-25,120.0,CE,0,0,0,43.29
2026-06-16,2026-08-25,120.0,PE,0,0,0,0.98
2026-06-16,2026-08-25,125.0,CE,0,0,0,38.9
2026-06-16,2026-08-25,125.0,PE,0,0,0,1.51
2026-06-16,2026-08-25,130.0,CE,0,0,0,34.7
2026-06-16,2026-08-25,130.0,PE,10000,0,0,1.7
2026-06-16,2026-08-25,135.0,CE,0,0,0,30.72
2026-06-16,2026-08-25,135.0,PE,0,0,0,3.18
2026-06-16,2026-08-25,140.0,CE,0,0,0,27.0
2026-06-16,2026-08-25,140.0,PE,50000,10000,2,1.73
2026-06-16,2026-08-25,145.0,CE,5000,0,0,11.2
2026-06-16,2026-08-25,145.0,PE,0,0,0,5.86
2026-06-16,2026-08-25,150.0,CE,0,0,0,20.38
2026-06-16,2026-08-25,150.0,PE,35000,0,0,5.0
2026-06-16,2026-08-25,155.0,CE,0,0,0,17.51
2026-06-16,2026-08-25,155.0,PE,0,0,0,9.68
2026-06-16,2026-08-25,160.0,CE,0,0,0,14.94
2026-06-16,2026-08-25,160.0,PE,10000,0,0,7.75
2026-06-16,2026-08-25,165.0,CE,0,0,0,12.66
2026-06-16,2026-08-25,165.0,PE,0,0,0,14.68
2026-06-16,2026-08-25,170.0,CE,0,0,0,10.66
2026-06-16,2026-08-25,170.0,PE,0,0,0,17.6
2026-06-16,2026-08-25,175.0,CE,0,0,0,8.91
2026-06-16,2026-08-25,175.0,PE,0,0,0,20.79
2026-06-16,2026-08-25,180.0,CE,0,0,0,7.41
2026-06-16,2026-08-25,180.0,PE,0,0,0,24.21
2026-06-16,2026-08-25,190.0,CE,0,0,0,5.04
2026-06-16,2026-08-25,190.0,PE,0,0,0,31.69
2026-06-17,2026-06-30,115.0,CE,5000,0,0,43.75
2026-06-17,2026-06-30,115.0,PE,25000,0,0,0.05
2026-06-17,2026-06-30,120.0,CE,40000,0,0,25.0
2026-06-17,2026-06-30,120.0,PE,1115000,-200000,54,0.03
2026-06-17,2026-06-30,122.5,CE,0,0,0,46.57
2026-06-17,2026-06-30,122.5,PE,40000,0,0,0.06
2026-06-17,2026-06-30,125.0,CE,690000,0,0,14.89
2026-06-17,2026-06-30,125.0,PE,1540000,-25000,38,0.05
2026-06-17,2026-06-30,127.5,CE,25000,0,0,12.75
2026-06-17,2026-06-30,127.5,PE,350000,0,5,0.05
2026-06-17,2026-06-30,130.0,CE,285000,0,0,29.9
2026-06-17,2026-06-30,130.0,PE,2795000,-680000,297,0.07
2026-06-17,2026-06-30,132.5,CE,25000,0,0,15.56
2026-06-17,2026-06-30,132.5,PE,910000,-85000,43,0.09
2026-06-17,2026-06-30,135.0,CE,980000,0,0,23.77
2026-06-17,2026-06-30,135.0,PE,2555000,-410000,213,0.11
2026-06-17,2026-06-30,137.5,CE,910000,0,0,23.41
2026-06-17,2026-06-30,137.5,PE,1515000,-215000,62,0.16
2026-06-17,2026-06-30,140.0,CE,3125000,-70000,53,19.88
2026-06-17,2026-06-30,140.0,PE,8285000,-595000,519,0.2
2026-06-17,2026-06-30,142.5,CE,2570000,0,1,17.2
2026-06-17,2026-06-30,142.5,PE,4615000,-195000,373,0.26
2026-06-17,2026-06-30,145.0,CE,6850000,-70000,75,15.09
2026-06-17,2026-06-30,145.0,PE,10495000,-1265000,1017,0.35
2026-06-17,2026-06-30,147.5,CE,3765000,-40000,44,12.73
2026-06-17,2026-06-30,147.5,PE,3420000,-865000,1200,0.51
2026-06-17,2026-06-30,150.0,CE,6935000,-430000,315,10.48
2026-06-17,2026-06-30,150.0,PE,11895000,235000,1569,0.76
2026-06-17,2026-06-30,152.5,CE,4000000,-70000,72,8.35
2026-06-17,2026-06-30,152.5,PE,5000000,-10000,381,1.16
2026-06-17,2026-06-30,155.0,CE,7945000,-110000,774,6.53
2026-06-17,2026-06-30,155.0,PE,8170000,-30000,1370,1.82
2026-06-17,2026-06-30,157.5,CE,4140000,-145000,881,4.98
2026-06-17,2026-06-30,157.5,PE,5475000,820000,1087,2.76
2026-06-17,2026-06-30,160.0,CE,19610000,-1260000,4743,3.75
2026-06-17,2026-06-30,160.0,PE,12210000,175000,1694,4.0
2026-06-17,2026-06-30,162.5,CE,6425000,-440000,1160,2.75
2026-06-17,2026-06-30,162.5,PE,3040000,-15000,292,5.47
2026-06-17,2026-06-30,165.0,CE,17755000,200000,2571,2.0
2026-06-17,2026-06-30,165.0,PE,5875000,-220000,165,7.19
2026-06-17,2026-06-30,167.5,CE,3545000,260000,536,1.44
2026-06-17,2026-06-30,167.5,PE,1115000,0,0,9.59
2026-06-17,2026-06-30,170.0,CE,20040000,170000,2170,1.06
2026-06-17,2026-06-30,170.0,PE,3555000,5000,109,11.25
2026-06-17,2026-06-30,172.5,CE,1870000,75000,179,0.77
2026-06-17,2026-06-30,172.5,PE,600000,-30000,10,14.33
2026-06-17,2026-06-30,175.0,CE,9165000,465000,748,0.56
2026-06-17,2026-06-30,175.0,PE,445000,0,0,16.4
2026-06-17,2026-06-30,177.5,CE,790000,0,83,0.42
2026-06-17,2026-06-30,177.5,PE,60000,-5000,14,18.11
2026-06-17,2026-06-30,180.0,CE,8835000,-260000,702,0.33
2026-06-17,2026-06-30,180.0,PE,1710000,-115000,80,20.5
2026-06-17,2026-06-30,182.5,CE,765000,-10000,18,0.25
2026-06-17,2026-06-30,182.5,PE,60000,10000,8,23.2
2026-06-17,2026-06-30,185.0,CE,1880000,-75000,82,0.2
2026-06-17,2026-06-30,185.0,PE,220000,0,0,27.0
2026-06-17,2026-06-30,187.5,CE,410000,0,36,0.17
2026-06-17,2026-06-30,187.5,PE,15000,0,0,28.17
2026-06-17,2026-06-30,190.0,CE,4215000,20000,183,0.13
2026-06-17,2026-06-30,190.0,PE,725000,0,1,30.5
2026-06-17,2026-06-30,195.0,CE,1515000,0,62,0.09
2026-06-17,2026-06-30,195.0,PE,1000000,0,0,35.9
2026-06-17,2026-06-30,210.0,CE,2535000,-45000,51,0.05
2026-06-17,2026-06-30,210.0,PE,4150000,0,0,49.73
2026-06-17,2026-07-28,115.0,CE,0,0,0,49.13
2026-06-17,2026-07-28,115.0,PE,5000,0,0,0.6
2026-06-17,2026-07-28,120.0,CE,5000,0,0,27.5
2026-06-17,2026-07-28,120.0,PE,190000,0,0,0.17
2026-06-17,2026-07-28,122.5,CE,0,0,0,39.88
2026-06-17,2026-07-28,122.5,PE,65000,0,0,0.47
2026-06-17,2026-07-28,125.0,CE,0,0,0,16.9
2026-06-17,2026-07-28,125.0,PE,20000,0,0,0.35
2026-06-17,2026-07-28,127.5,CE,15000,0,0,31.63
2026-06-17,2026-07-28,127.5,PE,10000,0,0,1.5
2026-06-17,2026-07-28,130.0,CE,85000,0,0,18.0
2026-06-17,2026-07-28,130.0,PE,400000,-15000,5,0.38
2026-06-17,2026-07-28,132.5,CE,0,0,0,29.0
2026-06-17,2026-07-28,132.5,PE,0,0,0,1.61
2026-06-17,2026-07-28,135.0,CE,0,0,0,13.75
2026-06-17,2026-07-28,135.0,PE,150000,10000,33,0.6
2026-06-17,2026-07-28,137.5,CE,0,0,0,26.9
2026-06-17,2026-07-28,137.5,PE,0,0,0,2.45
2026-06-17,2026-07-28,140.0,CE,520000,0,0,21.5
2026-06-17,2026-07-28,140.0,PE,2220000,95000,84,1.01
2026-06-17,2026-07-28,142.5,CE,15000,0,0,8.24
2026-06-17,2026-07-28,142.5,PE,0,0,0,3.59
2026-06-17,2026-07-28,145.0,CE,170000,-5000,3,16.7
2026-06-17,2026-07-28,145.0,PE,615000,50000,46,1.7
2026-06-17,2026-07-28,147.5,CE,25000,0,3,15.46
2026-06-17,2026-07-28,147.5,PE,105000,100000,21,2.3
2026-06-17,2026-07-28,150.0,CE,810000,15000,19,12.89
2026-06-17,2026-07-28,150.0,PE,2610000,125000,90,2.81
2026-06-17,2026-07-28,152.5,CE,0,0,0,16.42
2026-06-17,2026-07-28,152.5,PE,60000,60000,12,3.68
2026-06-17,2026-07-28,155.0,CE,870000,80000,56,10.23
2026-06-17,2026-07-28,155.0,PE,710000,170000,79,4.47
2026-06-17,2026-07-28,157.5,CE,0,0,0,7.59
2026-06-17,2026-07-28,157.5,PE,15000,10000,3,5.41
2026-06-17,2026-07-28,160.0,CE,3050000,415000,280,7.53
2026-06-17,2026-07-28,160.0,PE,835000,190000,125,6.73
2026-06-17,2026-07-28,162.5,CE,20000,5000,1,6.34
2026-06-17,2026-07-28,162.5,PE,0,0,0,11.45
2026-06-17,2026-07-28,165.0,CE,915000,45000,66,5.43
2026-06-17,2026-07-28,165.0,PE,130000,25000,10,9.28
2026-06-17,2026-07-28,167.5,CE,75000,5000,1,4.62
2026-06-17,2026-07-28,167.5,PE,30000,0,0,11.7
2026-06-17,2026-07-28,170.0,CE,2200000,55000,167,3.82
2026-06-17,2026-07-28,170.0,PE,190000,30000,17,13.1
2026-06-17,2026-07-28,172.5,CE,90000,70000,18,3.21
2026-06-17,2026-07-28,172.5,PE,5000,0,0,15.2
2026-06-17,2026-07-28,175.0,CE,745000,65000,81,2.7
2026-06-17,2026-07-28,175.0,PE,75000,0,1,16.72
2026-06-17,2026-07-28,177.5,CE,25000,20000,5,2.23
2026-06-17,2026-07-28,177.5,PE,0,0,0,20.9
2026-06-17,2026-07-28,180.0,CE,1440000,175000,132,1.9
2026-06-17,2026-07-28,180.0,PE,355000,305000,61,20.9
2026-06-17,2026-07-28,182.5,CE,5000,0,0,2.05
2026-06-17,2026-07-28,182.5,PE,5000,5000,1,23.2
2026-06-17,2026-07-28,185.0,CE,505000,75000,33,1.3
2026-06-17,2026-07-28,185.0,PE,20000,0,0,25.0
2026-06-17,2026-07-28,190.0,CE,1245000,105000,81,0.96
2026-06-17,2026-07-28,190.0,PE,95000,10000,3,29.35
2026-06-17,2026-07-28,200.0,CE,1720000,285000,175,0.55
2026-06-17,2026-07-28,200.0,PE,155000,5000,1,39.2
2026-06-17,2026-08-25,110.0,CE,0,0,0,52.52
2026-06-17,2026-08-25,110.0,PE,0,0,0,0.35
2026-06-17,2026-08-25,120.0,CE,0,0,0,43.29
2026-06-17,2026-08-25,120.0,PE,0,0,0,0.98
2026-06-17,2026-08-25,125.0,CE,0,0,0,38.9
2026-06-17,2026-08-25,125.0,PE,0,0,0,1.51
2026-06-17,2026-08-25,130.0,CE,0,0,0,34.7
2026-06-17,2026-08-25,130.0,PE,20000,10000,2,1.5
2026-06-17,2026-08-25,135.0,CE,0,0,0,30.72
2026-06-17,2026-08-25,135.0,PE,0,0,0,3.18
2026-06-17,2026-08-25,140.0,CE,0,0,0,27.0
2026-06-17,2026-08-25,140.0,PE,55000,5000,3,2.11
2026-06-17,2026-08-25,145.0,CE,5000,0,0,11.2
2026-06-17,2026-08-25,145.0,PE,0,0,0,5.86
2026-06-17,2026-08-25,150.0,CE,0,0,0,20.38
2026-06-17,2026-08-25,150.0,PE,35000,0,0,5.0
2026-06-17,2026-08-25,155.0,CE,0,0,0,17.51
2026-06-17,2026-08-25,155.0,PE,0,0,0,9.68
2026-06-17,2026-08-25,160.0,CE,0,0,0,14.94
2026-06-17,2026-08-25,160.0,PE,10000,0,0,7.75
2026-06-17,2026-08-25,165.0,CE,0,0,0,12.66
2026-06-17,2026-08-25,165.0,PE,0,0,0,14.68
2026-06-17,2026-08-25,170.0,CE,0,0,0,10.66
2026-06-17,2026-08-25,170.0,PE,0,0,0,17.6
2026-06-17,2026-08-25,175.0,CE,0,0,0,8.91
2026-06-17,2026-08-25,175.0,PE,0,0,0,20.79
2026-06-17,2026-08-25,180.0,CE,0,0,0,7.41
2026-06-17,2026-08-25,180.0,PE,0,0,0,24.21
2026-06-17,2026-08-25,190.0,CE,0,0,0,5.04
2026-06-17,2026-08-25,190.0,PE,0,0,0,31.69
2026-06-18,2026-06-30,115.0,CE,5000,0,0,43.75
2026-06-18,2026-06-30,115.0,PE,25000,0,2,0.01
2026-06-18,2026-06-30,120.0,CE,40000,0,0,25.0
2026-06-18,2026-06-30,120.0,PE,1055000,-60000,12,0.03
2026-06-18,2026-06-30,122.5,CE,15000,15000,3,36.09
2026-06-18,2026-06-30,122.5,PE,40000,0,0,0.06
2026-06-18,2026-06-30,125.0,CE,690000,0,0,14.89
2026-06-18,2026-06-30,125.0,PE,1505000,-35000,35,0.04
2026-06-18,2026-06-30,127.5,CE,25000,0,0,12.75
2026-06-18,2026-06-30,127.5,PE,340000,-10000,4,0.05
2026-06-18,2026-06-30,130.0,CE,285000,0,0,29.9
2026-06-18,2026-06-30,130.0,PE,2705000,-90000,67,0.06
2026-06-18,2026-06-30,132.5,CE,25000,0,0,15.56
2026-06-18,2026-06-30,132.5,PE,900000,-10000,6,0.07
2026-06-18,2026-06-30,135.0,CE,980000,0,0,23.77
2026-06-18,2026-06-30,135.0,PE,2520000,-35000,88,0.09
2026-06-18,2026-06-30,137.5,CE,910000,0,0,23.41
2026-06-18,2026-06-30,137.5,PE,1495000,-20000,34,0.11
2026-06-18,2026-06-30,140.0,CE,3120000,-5000,4,18.5
2026-06-18,2026-06-30,140.0,PE,7720000,-565000,419,0.16
2026-06-18,2026-06-30,142.5,CE,2570000,0,2,15.68
2026-06-18,2026-06-30,142.5,PE,4425000,-190000,161,0.21
2026-06-18,2026-06-30,145.0,CE,6655000,-195000,56,14.12
2026-06-18,2026-06-30,145.0,PE,8505000,-1990000,1192,0.3
2026-06-18,2026-06-30,147.5,CE,3730000,-35000,101,11.8
2026-06-18,2026-06-30,147.5,PE,3140000,-280000,558,0.46
2026-06-18,2026-06-30,150.0,CE,6725000,-210000,188,9.59
2026-06-18,2026-06-30,150.0,PE,11825000,-70000,1375,0.71
2026-06-18,2026-06-30,152.5,CE,3695000,-305000,117,7.55
2026-06-18,2026-06-30,152.5,PE,5095000,95000,501,1.13
2026-06-18,2026-06-30,155.0,CE,7495000,-450000,779,5.71
2026-06-18,2026-06-30,155.0,PE,8325000,155000,1436,1.82
2026-06-18,2026-06-30,157.5,CE,4045000,-95000,963,4.22
2026-06-18,2026-06-30,157.5,PE,5590000,115000,938,2.84
2026-06-18,2026-06-30,160.0,CE,20920000,1310000,3548,3.08
2026-06-18,2026-06-30,160.0,PE,11405000,-805000,1138,4.16
2026-06-18,2026-06-30,162.5,CE,6645000,220000,1067,2.2
2026-06-18,2026-06-30,162.5,PE,2995000,-45000,146,5.79
2026-06-18,2026-06-30,165.0,CE,18160000,405000,1766,1.57
2026-06-18,2026-06-30,165.0,PE,5910000,35000,67,7.64
2026-06-18,2026-06-30,167.5,CE,3695000,150000,465,1.09
2026-06-18,2026-06-30,167.5,PE,1055000,-60000,63,9.69
2026-06-18,2026-06-30,170.0,CE,19700000,-340000,2094,0.79
2026-06-18,2026-06-30,170.0,PE,3555000,0,54,11.83
2026-06-18,2026-06-30,172.5,CE,1915000,45000,357,0.57
2026-06-18,2026-06-30,172.5,PE,545000,-55000,22,14.14
2026-06-18,2026-06-30,175.0,CE,8580000,-585000,861,0.41
2026-06-18,2026-06-30,175.0,PE,445000,0,0,16.4
2026-06-18,2026-06-30,177.5,CE,810000,20000,46,0.31
2026-06-18,2026-06-30,177.5,PE,45000,-15000,3,18.56
2026-06-18,2026-06-30,180.0,CE,8340000,-495000,521,0.24
2026-06-18,2026-06-30,180.0,PE,1685000,-25000,8,21.25
2026-06-18,2026-06-30,182.5,CE,695000,-70000,20,0.2
2026-06-18,2026-06-30,182.5,PE,60000,0,0,23.2
2026-06-18,2026-06-30,185.0,CE,1780000,-100000,96,0.15
2026-06-18,2026-06-30,185.0,PE,215000,-5000,1,27.0
2026-06-18,2026-06-30,187.5,CE,410000,0,0,0.17
2026-06-18,2026-06-30,187.5,PE,15000,0,0,28.17
2026-06-18,2026-06-30,190.0,CE,4100000,-115000,257,0.11
2026-06-18,2026-06-30,190.0,PE,725000,0,0,30.5
2026-06-18,2026-06-30,195.0,CE,1420000,-95000,36,0.07
2026-06-18,2026-06-30,195.0,PE,975000,-25000,5,37.0
2026-06-18,2026-06-30,210.0,CE,2330000,-205000,47,0.05
2026-06-18,2026-06-30,210.0,PE,4140000,-10000,6,50.92
2026-06-18,2026-07-28,115.0,CE,0,0,0,49.13
2026-06-18,2026-07-28,115.0,PE,5000,0,0,0.6
2026-06-18,2026-07-28,120.0,CE,5000,0,0,27.5
2026-06-18,2026-07-28,120.0,PE,190000,0,0,0.17
2026-06-18,2026-07-28,122.5,CE,0,0,0,39.88
2026-06-18,2026-07-28,122.5,PE,65000,0,0,0.47
2026-06-18,2026-07-28,125.0,CE,0,0,0,16.9
2026-06-18,2026-07-28,125.0,PE,20000,0,0,0.35
2026-06-18,2026-07-28,127.5,CE,15000,0,0,31.63
2026-06-18,2026-07-28,127.5,PE,10000,0,0,1.5
2026-06-18,2026-07-28,130.0,CE,85000,0,0,18.0
2026-06-18,2026-07-28,130.0,PE,390000,-10000,6,0.43
2026-06-18,2026-07-28,132.5,CE,0,0,0,29.0
2026-06-18,2026-07-28,132.5,PE,0,0,0,1.61
2026-06-18,2026-07-28,135.0,CE,0,0,0,13.75
2026-06-18,2026-07-28,135.0,PE,150000,0,4,0.65
2026-06-18,2026-07-28,137.5,CE,0,0,0,26.9
2026-06-18,2026-07-28,137.5,PE,0,0,0,2.45
2026-06-18,2026-07-28,140.0,CE,515000,-5000,3,20.3
2026-06-18,2026-07-28,140.0,PE,2320000,100000,62,1.04
2026-06-18,2026-07-28,142.5,CE,15000,0,0,8.24
2026-06-18,2026-07-28,142.5,PE,0,0,0,3.59
2026-06-18,2026-07-28,145.0,CE,165000,-5000,1,15.8
2026-06-18,2026-07-28,145.0,PE,775000,160000,62,1.81
2026-06-18,2026-07-28,147.5,CE,25000,0,0,15.46
2026-06-18,2026-07-28,147.5,PE,125000,20000,12,2.33
2026-06-18,2026-07-28,150.0,CE,815000,5000,13,12.55
2026-06-18,2026-07-28,150.0,PE,2720000,110000,56,2.93
2026-06-18,2026-07-28,152.5,CE,0,0,0,16.42
2026-06-18,2026-07-28,152.5,PE,75000,15000,5,3.64
2026-06-18,2026-07-28,155.0,CE,860000,-10000,16,9.2
2026-06-18,2026-07-28,155.0,PE,760000,50000,33,4.63
2026-06-18,2026-07-28,157.5,CE,10000,10000,2,7.75
2026-06-18,2026-07-28,157.5,PE,15000,0,0,5.41
2026-06-18,2026-07-28,160.0,CE,3545000,495000,229,6.91
2026-06-18,2026-07-28,160.0,PE,1130000,295000,120,6.96
2026-06-18,2026-07-28,162.5,CE,25000,5000,1,5.4
2026-06-18,2026-07-28,162.5,PE,0,0,0,11.45
2026-06-18,2026-07-28,165.0,CE,945000,30000,63,4.85
2026-06-18,2026-07-28,165.0,PE,150000,20000,6,10.49
2026-06-18,2026-07-28,167.5,CE,75000,0,0,4.62
2026-06-18,2026-07-28,167.5,PE,30000,0,0,11.7
2026-06-18,2026-07-28,170.0,CE,2380000,180000,177,3.36
2026-06-18,2026-07-28,170.0,PE,230000,40000,16,13.05
2026-06-18,2026-07-28,172.5,CE,165000,75000,20,2.82
2026-06-18,2026-07-28,172.5,PE,5000,0,0,15.2
2026-06-18,2026-07-28,175.0,CE,765000,20000,38,2.32
2026-06-18,2026-07-28,175.0,PE,75000,0,1,17.55
2026-06-18,2026-07-28,177.5,CE,140000,115000,23,1.83
2026-06-18,2026-07-28,177.5,PE,0,0,0,20.9
2026-06-18,2026-07-28,180.0,CE,1480000,40000,118,1.56
2026-06-18,2026-07-28,180.0,PE,370000,15000,3,21.18
2026-06-18,2026-07-28,182.5,CE,5000,0,0,2.05
2026-06-18,2026-07-28,182.5,PE,5000,0,0,23.2
2026-06-18,2026-07-28,185.0,CE,580000,75000,47,1.08
2026-06-18,2026-07-28,185.0,PE,20000,0,1,26.75
2026-06-18,2026-07-28,190.0,CE,1310000,65000,59,0.76
2026-06-18,2026-07-28,190.0,PE,130000,35000,7,30.9
2026-06-18,2026-07-28,200.0,CE,1910000,190000,118,0.43
2026-06-18,2026-07-28,200.0,PE,185000,30000,6,41.05
2026-06-18,2026-08-25,110.0,CE,0,0,0,52.52
2026-06-18,2026-08-25,110.0,PE,0,0,0,0.35
2026-06-18,2026-08-25,120.0,CE,0,0,0,43.29
2026-06-18,2026-08-25,120.0,PE,0,0,0,0.98
2026-06-18,2026-08-25,125.0,CE,0,0,0,38.9
2026-06-18,2026-08-25,125.0,PE,0,0,0,1.51
2026-06-18,2026-08-25,130.0,CE,0,0,0,34.7
2026-06-18,2026-08-25,130.0,PE,20000,0,0,1.5
2026-06-18,2026-08-25,135.0,CE,0,0,0,30.72
2026-06-18,2026-08-25,135.0,PE,0,0,0,3.18
2026-06-18,2026-08-25,140.0,CE,0,0,0,27.0
2026-06-18,2026-08-25,140.0,PE,55000,0,0,2.11
2026-06-18,2026-08-25,145.0,CE,5000,0,0,11.2
2026-06-18,2026-08-25,145.0,PE,0,0,0,5.86
2026-06-18,2026-08-25,150.0,CE,0,0,0,20.38
2026-06-18,2026-08-25,150.0,PE,35000,0,0,5.0
2026-06-18,2026-08-25,155.0,CE,0,0,0,17.51
2026-06-18,2026-08-25,155.0,PE,0,0,0,9.68
2026-06-18,2026-08-25,160.0,CE,0,0,0,14.94
2026-06-18,2026-08-25,160.0,PE,10000,0,0,7.75
2026-06-18,2026-08-25,165.0,CE,0,0,0,12.66
2026-06-18,2026-08-25,165.0,PE,0,0,0,14.68
2026-06-18,2026-08-25,170.0,CE,0,0,0,10.66
2026-06-18,2026-08-25,170.0,PE,0,0,0,17.6
2026-06-18,2026-08-25,175.0,CE,0,0,0,8.91
2026-06-18,2026-08-25,175.0,PE,0,0,0,20.79
2026-06-18,2026-08-25,180.0,CE,0,0,0,7.41
2026-06-18,2026-08-25,180.0,PE,0,0,0,24.21
2026-06-18,2026-08-25,190.0,CE,0,0,0,5.04
2026-06-18,2026-08-25,190.0,PE,0,0,0,31.69
2026-06-19,2026-06-30,115.0,CE,5000,0,0,43.75
2026-06-19,2026-06-30,115.0,PE,25000,0,0,0.01
2026-06-19,2026-06-30,120.0,CE,40000,0,0,25.0
2026-06-19,2026-06-30,120.0,PE,1030000,-25000,9,0.02
2026-06-19,2026-06-30,122.5,CE,0,-15000,3,34.77
2026-06-19,2026-06-30,122.5,PE,40000,0,0,0.06
2026-06-19,2026-06-30,125.0,CE,690000,0,0,14.89
2026-06-19,2026-06-30,125.0,PE,1460000,-45000,22,0.04
2026-06-19,2026-06-30,127.5,CE,25000,0,0,12.75
2026-06-19,2026-06-30,127.5,PE,340000,0,0,0.05
2026-06-19,2026-06-30,130.0,CE,285000,0,1,27.0
2026-06-19,2026-06-30,130.0,PE,2445000,-260000,105,0.04
2026-06-19,2026-06-30,132.5,CE,25000,0,0,15.56
2026-06-19,2026-06-30,132.5,PE,840000,-60000,21,0.07
2026-06-19,2026-06-30,135.0,CE,980000,0,0,23.77
2026-06-19,2026-06-30,135.0,PE,2350000,-170000,144,0.08
2026-06-19,2026-06-30,137.5,CE,910000,0,0,23.41
2026-06-19,2026-06-30,137.5,PE,1390000,-105000,98,0.12
2026-06-19,2026-06-30,140.0,CE,3050000,-70000,29,16.56
2026-06-19,2026-06-30,140.0,PE,6935000,-785000,701,0.16
2026-06-19,2026-06-30,142.5,CE,2565000,-5000,3,15.0
2026-06-19,2026-06-30,142.5,PE,4085000,-340000,322,0.21
2026-06-19,2026-06-30,145.0,CE,6235000,-420000,116,12.6
2026-06-19,2026-06-30,145.0,PE,6920000,-1585000,1252,0.35
2026-06-19,2026-06-30,147.5,CE,3710000,-20000,43,10.25
2026-06-19,2026-06-30,147.5,PE,3710000,570000,1249,0.53
2026-06-19,2026-06-30,150.0,CE,6465000,-260000,206,8.05
2026-06-19,2026-06-30,150.0,PE,11095000,-730000,2136,0.87
2026-06-19,2026-06-30,152.5,CE,3695000,0,88,5.84
2026-06-19,2026-06-30,152.5,PE,4905000,-190000,776,1.48
2026-06-19,2026-06-30,155.0,CE,7150000,-345000,1158,4.28
2026-06-19,2026-06-30,155.0,PE,9020000,695000,2654,2.3
2026-06-19,2026-06-30,157.5,CE,4215000,170000,1594,3.15
2026-06-19,2026-06-30,157.5,PE,6025000,435000,1209,3.54
2026-06-19,2026-06-30,160.0,CE,21105000,185000,3562,2.22
2026-06-19,2026-06-30,160.0,PE,11185000,-220000,598,4.99
2026-06-19,2026-06-30,162.5,CE,6705000,60000,1069,1.52
2026-06-19,2026-06-30,162.5,PE,2975000,-20000,89,6.85
2026-06-19,2026-06-30,165.0,CE,18195000,35000,2311,1.05
2026-06-19,2026-06-30,165.0,PE,5760000,-150000,101,8.92
2026-06-19,2026-06-30,167.5,CE,3615000,-80000,479,0.74
2026-06-19,2026-06-30,167.5,PE,1055000,0,0,9.69
2026-06-19,2026-06-30,170.0,CE,16945000,-2755000,2464,0.54
2026-06-19,2026-06-30,170.0,PE,3490000,-65000,30,13.12
2026-06-19,2026-06-30,172.5,CE,2145000,230000,370,0.39
2026-06-19,2026-06-30,172.5,PE,530000,-15000,7,15.55
2026-06-19,2026-06-30,175.0,CE,8675000,95000,834,0.32
2026-06-19,2026-06-30,175.0,PE,445000,0,0,16.4
2026-06-19,2026-06-30,177.5,CE,815000,5000,67,0.24
2026-06-19,2026-06-30,177.5,PE,60000,15000,6,20.32
2026-06-19,2026-06-30,180.0,CE,8155000,-185000,502,0.2
2026-06-19,2026-06-30,180.0,PE,1675000,-10000,2,24.0
2026-06-19,2026-06-30,182.5,CE,685000,-10000,13,0.16
2026-06-19,2026-06-30,182.5,PE,60000,0,0,23.2
2026-06-19,2026-06-30,185.0,CE,1615000,-165000,93,0.13
2026-06-19,2026-06-30,185.0,PE,195000,-20000,4,27.5
2026-06-19,2026-06-30,187.5,CE,390000,-20000,11,0.12
2026-06-19,2026-06-30,187.5,PE,15000,0,0,28.17
2026-06-19,2026-06-30,190.0,CE,4000000,-100000,90,0.09
2026-06-19,2026-06-30,190.0,PE,725000,0,0,30.5
2026-06-19,2026-06-30,195.0,CE,1360000,-60000,60,0.05
2026-06-19,2026-06-30,195.0,PE,975000,0,0,37.0
2026-06-19,2026-06-30,210.0,CE,2305000,-25000,5,0.03
2026-06-19,2026-06-30,210.0,PE,4140000,0,0,50.92
2026-06-19,2026-07-28,115.0,CE,0,0,0,49.13
2026-06-19,2026-07-28,115.0,PE,5000,0,0,0.6
2026-06-19,2026-07-28,120.0,CE,5000,0,0,27.5
2026-06-19,2026-07-28,120.0,PE,190000,0,0,0.17
2026-06-19,2026-07-28,122.5,CE,0,0,0,39.88
2026-06-19,2026-07-28,122.5,PE,65000,0,0,0.47
2026-06-19,2026-07-28,125.0,CE,0,0,0,16.9
2026-06-19,2026-07-28,125.0,PE,20000,0,0,0.35
2026-06-19,2026-07-28,127.5,CE,15000,0,0,31.63
2026-06-19,2026-07-28,127.5,PE,10000,0,0,1.5
2026-06-19,2026-07-28,130.0,CE,85000,0,0,18.0
2026-06-19,2026-07-28,130.0,PE,400000,10000,12,0.42
2026-06-19,2026-07-28,132.5,CE,0,0,0,29.0
2026-06-19,2026-07-28,132.5,PE,0,0,0,1.61
2026-06-19,2026-07-28,135.0,CE,0,0,0,13.75
2026-06-19,2026-07-28,135.0,PE,145000,-5000,16,0.79
2026-06-19,2026-07-28,137.5,CE,0,0,0,26.9
2026-06-19,2026-07-28,137.5,PE,85000,85000,17,0.99
2026-06-19,2026-07-28,140.0,CE,455000,-60000,27,19.16
2026-06-19,2026-07-28,140.0,PE,2335000,15000,70,1.34
2026-06-19,2026-07-28,142.5,CE,15000,0,0,8.24
2026-06-19,2026-07-28,142.5,PE,45000,45000,9,1.67
2026-06-19,2026-07-28,145.0,CE,165000,0,4,15.5
2026-06-19,2026-07-28,145.0,PE,905000,130000,84,2.07
2026-06-19,2026-07-28,147.5,CE,25000,0,0,15.46
2026-06-19,2026-07-28,147.5,PE,110000,-15000,8,2.61
2026-06-19,2026-07-28,150.0,CE,825000,10000,17,11.0
2026-06-19,2026-07-28,150.0,PE,2940000,220000,135,3.49
2026-06-19,2026-07-28,152.5,CE,105000,105000,25,10.14
2026-06-19,2026-07-28,152.5,PE,85000,10000,7,4.3
2026-06-19,2026-07-28,155.0,CE,870000,10000,32,8.51
2026-06-19,2026-07-28,155.0,PE,830000,70000,46,5.31
2026-06-19,2026-07-28,157.5,CE,10000,0,0,7.75
2026-06-19,2026-07-28,157.5,PE,45000,30000,9,6.4
2026-06-19,2026-07-28,160.0,CE,4210000,665000,326,6.13
2026-06-19,2026-07-28,160.0,PE,1415000,285000,129,7.86
2026-06-19,2026-07-28,162.5,CE,45000,20000,4,5.26
2026-06-19,2026-07-28,162.5,PE,0,0,0,11.45
2026-06-19,2026-07-28,165.0,CE,930000,-15000,73,4.23
2026-06-19,2026-07-28,165.0,PE,150000,0,0,10.49
2026-06-19,2026-07-28,167.5,CE,120000,45000,33,3.46
2026-06-19,2026-07-28,167.5,PE,30000,0,0,11.7
2026-06-19,2026-07-28,170.0,CE,2545000,165000,148,2.83
2026-06-19,2026-07-28,170.0,PE,240000,10000,4,15.0
2026-06-19,2026-07-28,172.5,CE,225000,60000,21,2.46
2026-06-19,2026-07-28,172.5,PE,5000,0,0,15.2
2026-06-19,2026-07-28,175.0,CE,835000,70000,51,2.05
2026-06-19,2026-07-28,175.0,PE,75000,0,0,17.55
2026-06-19,2026-07-28,177.5,CE,150000,10000,4,1.7
2026-06-19,2026-07-28,177.5,PE,0,0,0,20.9
2026-06-19,2026-07-28,180.0,CE,1550000,70000,89,1.39
2026-06-19,2026-07-28,180.0,PE,375000,5000,1,23.5
2026-06-19,2026-07-28,182.5,CE,5000,0,0,2.05
2026-06-19,2026-07-28,182.5,PE,5000,0,0,23.2
2026-06-19,2026-07-28,185.0,CE,645000,65000,35,1.02
2026-06-19,2026-07-28,185.0,PE,20000,0,1,28.0
2026-06-19,2026-07-28,190.0,CE,1355000,45000,95,0.71
2026-06-19,2026-07-28,190.0,PE,130000,0,0,30.9
2026-06-19,2026-07-28,200.0,CE,2410000,500000,142,0.41
2026-06-19,2026-07-28,200.0,PE,185000,0,0,41.05
2026-06-19,2026-08-25,110.0,CE,0,0,0,52.52
2026-06-19,2026-08-25,110.0,PE,0,0,0,0.35
2026-06-19,2026-08-25,120.0,CE,0,0,0,43.29
2026-06-19,2026-08-25,120.0,PE,0,0,0,0.98
2026-06-19,2026-08-25,125.0,CE,0,0,0,38.9
2026-06-19,2026-08-25,125.0,PE,0,0,0,1.51
2026-06-19,2026-08-25,130.0,CE,0,0,0,34.7
2026-06-19,2026-08-25,130.0,PE,20000,0,0,1.5
2026-06-19,2026-08-25,135.0,CE,0,0,0,30.72
2026-06-19,2026-08-25,135.0,PE,0,0,0,3.18
2026-06-19,2026-08-25,140.0,CE,0,0,0,27.0
2026-06-19,2026-08-25,140.0,PE,70000,15000,7,2.3
2026-06-19,2026-08-25,145.0,CE,5000,0,0,11.2
2026-06-19,2026-08-25,145.0,PE,0,0,0,5.86
2026-06-19,2026-08-25,150.0,CE,0,0,0,20.38
2026-06-19,2026-08-25,150.0,PE,35000,0,0,5.0
2026-06-19,2026-08-25,155.0,CE,0,0,0,17.51
2026-06-19,2026-08-25,155.0,PE,0,0,0,9.68
2026-06-19,2026-08-25,160.0,CE,0,0,0,14.94
2026-06-19,2026-08-25,160.0,PE,10000,0,0,7.75
2026-06-19,2026-08-25,165.0,CE,0,0,0,12.66
2026-06-19,2026-08-25,165.0,PE,0,0,0,14.68
2026-06-19,2026-08-25,170.0,CE,0,0,0,10.66
2026-06-19,2026-08-25,170.0,PE,0,0,0,17.6
2026-06-19,2026-08-25,175.0,CE,0,0,0,8.91
2026-06-19,2026-08-25,175.0,PE,0,0,0,20.79
2026-06-19,2026-08-25,180.0,CE,0,0,0,7.41
2026-06-19,2026-08-25,180.0,PE,0,0,0,24.21
2026-06-19,2026-08-25,190.0,CE,0,0,0,5.04
2026-06-19,2026-08-25,190.0,PE,0,0,0,31.69
2026-06-22,2026-06-30,115.0,CE,5000,0,0,43.75
2026-06-22,2026-06-30,115.0,PE,25000,0,0,0.01
2026-06-22,2026-06-30,120.0,CE,40000,0,0,25.0
2026-06-22,2026-06-30,120.0,PE,1030000,0,4,0.03
2026-06-22,2026-06-30,122.5,CE,0,0,0,34.77
2026-06-22,2026-06-30,122.5,PE,40000,0,0,0.06
2026-06-22,2026-06-30,125.0,CE,690000,0,0,14.89
2026-06-22,2026-06-30,125.0,PE,1480000,20000,19,0.05
2026-06-22,2026-06-30,127.5,CE,25000,0,0,12.75
2026-06-22,2026-06-30,127.5,PE,270000,-70000,42,0.05
2026-06-22,2026-06-30,130.0,CE,285000,0,0,27.0
2026-06-22,2026-06-30,130.0,PE,2130000,-315000,147,0.03
2026-06-22,2026-06-30,132.5,CE,25000,0,0,15.56
2026-06-22,2026-06-30,132.5,PE,755000,-85000,41,0.03
2026-06-22,2026-06-30,135.0,CE,980000,0,0,23.77
2026-06-22,2026-06-30,135.0,PE,2220000,-130000,108,0.05
2026-06-22,2026-06-30,137.5,CE,910000,0,0,23.41
2026-06-22,2026-06-30,137.5,PE,1255000,-135000,88,0.08
2026-06-22,2026-06-30,140.0,CE,3075000,25000,19,17.78
2026-06-22,2026-06-30,140.0,PE,6650000,-285000,391,0.1
2026-06-22,2026-06-30,142.5,CE,2570000,5000,5,15.05
2026-06-22,2026-06-30,142.5,PE,3990000,-95000,52,0.16
2026-06-22,2026-06-30,145.0,CE,5950000,-285000,70,12.17
2026-06-22,2026-06-30,145.0,PE,6515000,-405000,358,0.24
2026-06-22,2026-06-30,147.5,CE,3720000,10000,41,10.44
2026-06-22,2026-06-30,147.5,PE,3555000,-155000,333,0.39
2026-06-22,2026-06-30,150.0,CE,6125000,-340000,209,8.08
2026-06-22,2026-06-30,150.0,PE,10765000,-330000,1336,0.62
2026-06-22,2026-06-30,152.5,CE,3620000,-75000,97,6.01
2026-06-22,2026-06-30,152.5,PE,5180000,275000,524,1.07
2026-06-22,2026-06-30,155.0,CE,6940000,-210000,1060,4.31
2026-06-22,2026-06-30,155.0,PE,8455000,-565000,1728,1.86
2026-06-22,2026-06-30,157.5,CE,4315000,100000,1894,2.94
2026-06-22,2026-06-30,157.5,PE,6525000,500000,918,3.11
2026-06-22,2026-06-30,160.0,CE,20650000,-455000,4143,1.97
2026-06-22,2026-06-30,160.0,PE,10850000,-335000,514,4.54
2026-06-22,2026-06-30,162.5,CE,6720000,15000,1034,1.33
2026-06-22,2026-06-30,162.5,PE,2730000,-245000,90,6.34
2026-06-22,2026-06-30,165.0,CE,16925000,-1270000,2096,0.89
2026-06-22,2026-06-30,165.0,PE,5385000,-375000,102,8.39
2026-06-22,2026-06-30,167.5,CE,4105000,490000,500,0.6
2026-06-22,2026-06-30,167.5,PE,1055000,0,0,9.69
2026-06-22,2026-06-30,170.0,CE,17730000,785000,1879,0.44
2026-06-22,2026-06-30,170.0,PE,3440000,-50000,16,12.86
2026-06-22,2026-06-30,172.5,CE,2295000,150000,197,0.3
2026-06-22,2026-06-30,172.5,PE,530000,0,0,15.55
2026-06-22,2026-06-30,175.0,CE,8760000,85000,585,0.24
2026-06-22,2026-06-30,175.0,PE,445000,0,0,16.4
2026-06-22,2026-06-30,177.5,CE,780000,-35000,49,0.18
2026-06-22,2026-06-30,177.5,PE,60000,0,0,20.32
2026-06-22,2026-06-30,180.0,CE,7530000,-625000,624,0.14
2026-06-22,2026-06-30,180.0,PE,1380000,-295000,119,22.94
2026-06-22,2026-06-30,182.5,CE,645000,-40000,22,0.1
2026-06-22,2026-06-30,182.5,PE,60000,0,0,23.2
2026-06-22,2026-06-30,185.0,CE,1495000,-120000,213,0.1
2026-06-22,2026-06-30,185.0,PE,190000,-5000,1,28.0
2026-06-22,2026-06-30,187.5,CE,385000,-5000,1,0.06
2026-06-22,2026-06-30,187.5,PE,15000,0,0,28.17
2026-06-22,2026-06-30,190.0,CE,3820000,-180000,296,0.07
2026-06-22,2026-06-30,190.0,PE,710000,-15000,3,33.22
2026-06-22,2026-06-30,195.0,CE,1330000,-30000,32,0.04
2026-06-22,2026-06-30,195.0,PE,975000,0,0,37.0
2026-06-22,2026-06-30,210.0,CE,2275000,-30000,10,0.02
2026-06-22,2026-06-30,210.0,PE,4040000,-100000,22,52.54
2026-06-22,2026-07-28,115.0,CE,0,0,0,49.13
2026-06-22,2026-07-28,115.0,PE,5000,0,0,0.6
2026-06-22,2026-07-28,120.0,CE,5000,0,0,27.5
2026-06-22,2026-07-28,120.0,PE,185000,-5000,2,0.19
2026-06-22,2026-07-28,122.5,CE,0,0,0,39.88
2026-06-22,2026-07-28,122.5,PE,65000,0,0,0.47
2026-06-22,2026-07-28,125.0,CE,0,0,0,16.9
2026-06-22,2026-07-28,125.0,PE,20000,0,0,0.35
2026-06-22,2026-07-28,127.5,CE,15000,0,0,31.63
2026-06-22,2026-07-28,127.5,PE,10000,0,0,1.5
2026-06-22,2026-07-28,130.0,CE,85000,0,0,18.0
2026-06-22,2026-07-28,130.0,PE,420000,20000,18,0.41
2026-06-22,2026-07-28,132.5,CE,0,0,0,29.0
2026-06-22,2026-07-28,132.5,PE,0,0,0,1.61
2026-06-22,2026-07-28,135.0,CE,0,0,0,13.75
2026-06-22,2026-07-28,135.0,PE,140000,-5000,19,0.7
2026-06-22,2026-07-28,137.5,CE,0,0,0,26.9
2026-06-22,2026-07-28,137.5,PE,125000,40000,14,0.9
2026-06-22,2026-07-28,140.0,CE,540000,85000,23,19.87
2026-06-22,2026-07-28,140.0,PE,2560000,225000,121,1.16
2026-06-22,2026-07-28,142.5,CE,15000,0,0,8.24
2026-06-22,2026-07-28,142.5,PE,120000,75000,20,1.56
2026-06-22,2026-07-28,145.0,CE,170000,5000,2,15.25
2026-06-22,2026-07-28,145.0,PE,1040000,135000,62,2.0
2026-06-22,2026-07-28,147.5,CE,25000,0,0,15.46
2026-06-22,2026-07-28,147.5,PE,165000,55000,18,2.58
2026-06-22,2026-07-28,150.0,CE,860000,35000,25,11.5
2026-06-22,2026-07-28,150.0,PE,2965000,25000,126,3.29
2026-06-22,2026-07-28,152.5,CE,120000,15000,12,10.0
2026-06-22,2026-07-28,152.5,PE,110000,25000,5,4.24
2026-06-22,2026-07-28,155.0,CE,970000,100000,48,8.57
2026-06-22,2026-07-28,155.0,PE,1120000,290000,101,5.16
2026-06-22,2026-07-28,157.5,CE,135000,125000,31,7.42
2026-06-22,2026-07-28,157.5,PE,50000,5000,6,6.16
2026-06-22,2026-07-28,160.0,CE,4790000,580000,340,6.04
2026-06-22,2026-07-28,160.0,PE,1840000,425000,148,7.72
2026-06-22,2026-07-28,162.5,CE,50000,5000,9,4.92
2026-06-22,2026-07-28,162.5,PE,0,0,0,11.45
2026-06-22,2026-07-28,165.0,CE,1130000,200000,120,4.34
2026-06-22,2026-07-28,165.0,PE,150000,0,0,10.49
2026-06-22,2026-07-28,167.5,CE,125000,5000,2,3.49
2026-06-22,2026-07-28,167.5,PE,35000,5000,1,12.97
2026-06-22,2026-07-28,170.0,CE,2875000,330000,240,2.94
2026-06-22,2026-07-28,170.0,PE,275000,35000,14,14.5
2026-06-22,2026-07-28,172.5,CE,225000,0,0,2.46
2026-06-22,2026-07-28,172.5,PE,5000,0,0,15.2
2026-06-22,2026-07-28,175.0,CE,955000,120000,70,1.97
2026-06-22,2026-07-28,175.0,PE,75000,0,1,18.3
2026-06-22,2026-07-28,177.5,CE,140000,-10000,3,1.64
2026-06-22,2026-07-28,177.5,PE,0,0,0,20.9
2026-06-22,2026-07-28,180.0,CE,1835000,285000,138,1.33
2026-06-22,2026-07-28,180.0,PE,950000,575000,120,22.27
2026-06-22,2026-07-28,182.5,CE,5000,0,0,2.05
2026-06-22,2026-07-28,182.5,PE,5000,0,0,23.2
2026-06-22,2026-07-28,185.0,CE,920000,275000,103,0.92
2026-06-22,2026-07-28,185.0,PE,30000,10000,2,27.2
2026-06-22,2026-07-28,190.0,CE,1460000,105000,73,0.67
2026-06-22,2026-07-28,190.0,PE,130000,0,0,30.9
2026-06-22,2026-07-28,200.0,CE,2410000,0,74,0.38
2026-06-22,2026-07-28,200.0,PE,185000,0,0,41.05
2026-06-22,2026-08-25,110.0,CE,0,0,0,52.52
2026-06-22,2026-08-25,110.0,PE,0,0,0,0.35
2026-06-22,2026-08-25,120.0,CE,0,0,0,43.29
2026-06-22,2026-08-25,120.0,PE,0,0,0,0.98
2026-06-22,2026-08-25,125.0,CE,0,0,0,38.9
2026-06-22,2026-08-25,125.0,PE,0,0,0,1.51
2026-06-22,2026-08-25,130.0,CE,0,0,0,34.7
2026-06-22,2026-08-25,130.0,PE,20000,0,0,1.5
2026-06-22,2026-08-25,135.0,CE,0,0,0,30.72
2026-06-22,2026-08-25,135.0,PE,0,0,0,3.18
2026-06-22,2026-08-25,140.0,CE,0,0,0,27.0
2026-06-22,2026-08-25,140.0,PE,80000,10000,3,2.3
2026-06-22,2026-08-25,145.0,CE,5000,0,0,11.2
2026-06-22,2026-08-25,145.0,PE,0,0,0,5.86
2026-06-22,2026-08-25,150.0,CE,0,0,0,20.38
2026-06-22,2026-08-25,150.0,PE,35000,0,0,5.0
2026-06-22,2026-08-25,155.0,CE,0,0,0,17.51
2026-06-22,2026-08-25,155.0,PE,0,0,0,9.68
2026-06-22,2026-08-25,160.0,CE,0,0,0,14.94
2026-06-22,2026-08-25,160.0,PE,10000,0,0,7.75
2026-06-22,2026-08-25,165.0,CE,0,0,0,12.66
2026-06-22,2026-08-25,165.0,PE,0,0,0,14.68
2026-06-22,2026-08-25,170.0,CE,0,0,0,10.66
2026-06-22,2026-08-25,170.0,PE,0,0,0,17.6
2026-06-22,2026-08-25,175.0,CE,0,0,0,8.91
2026-06-22,2026-08-25,175.0,PE,0,0,0,20.79
2026-06-22,2026-08-25,180.0,CE,0,0,0,7.41
2026-06-22,2026-08-25,180.0,PE,0,0,0,24.21
2026-06-22,2026-08-25,190.0,CE,0,0,0,5.04
2026-06-22,2026-08-25,190.0,PE,0,0,0,31.69
2026-06-23,2026-06-30,115.0,CE,5000,0,0,43.75
2026-06-23,2026-06-30,115.0,PE,25000,0,0,0.01
2026-06-23,2026-06-30,120.0,CE,40000,0,0,25.0
2026-06-23,2026-06-30,120.0,PE,950000,-80000,27,0.02
2026-06-23,2026-06-30,122.5,CE,0,0,0,34.77
2026-06-23,2026-06-30,122.5,PE,40000,0,6,0.03
2026-06-23,2026-06-30,125.0,CE,690000,0,0,14.89
2026-06-23,2026-06-30,125.0,PE,1425000,-55000,29,0.03
2026-06-23,2026-06-30,127.5,CE,25000,0,0,12.75
2026-06-23,2026-06-30,127.5,PE,270000,0,0,0.05
2026-06-23,2026-06-30,130.0,CE,265000,-20000,8,22.8
2026-06-23,2026-06-30,130.0,PE,1950000,-180000,96,0.04
2026-06-23,2026-06-30,132.5,CE,25000,0,0,15.56
2026-06-23,2026-06-30,132.5,PE,725000,-30000,33,0.05
2026-06-23,2026-06-30,135.0,CE,980000,0,0,23.77
2026-06-23,2026-06-30,135.0,PE,1885000,-335000,166,0.08
2026-06-23,2026-06-30,137.5,CE,900000,-10000,28,14.26
2026-06-23,2026-06-30,137.5,PE,1185000,-70000,66,0.13
2026-06-23,2026-06-30,140.0,CE,2900000,-175000,71,11.32
2026-06-23,2026-06-30,140.0,PE,5965000,-685000,1078,0.17
2026-06-23,2026-06-30,142.5,CE,2575000,5000,75,9.28
2026-06-23,2026-06-30,142.5,PE,3530000,-460000,640,0.34
2026-06-23,2026-06-30,145.0,CE,4520000,-1430000,379,6.97
2026-06-23,2026-06-30,145.0,PE,6560000,45000,1592,0.65
2026-06-23,2026-06-30,147.5,CE,3545000,-175000,148,5.08
2026-06-23,2026-06-30,147.5,PE,4720000,1165000,1683,1.2
2026-06-23,2026-06-30,150.0,CE,5625000,-500000,1058,3.32
2026-06-23,2026-06-30,150.0,PE,8270000,-2495000,5557,2.07
2026-06-23,2026-06-30,152.5,CE,3645000,25000,1579,2.24
2026-06-23,2026-06-30,152.5,PE,4220000,-960000,1924,3.4
2026-06-23,2026-06-30,155.0,CE,10245000,3305000,5330,1.5
2026-06-23,2026-06-30,155.0,PE,6720000,-1735000,2366,5.13
2026-06-23,2026-06-30,157.5,CE,4630000,315000,2958,0.99
2026-06-23,2026-06-30,157.5,PE,6195000,-330000,597,7.05
2026-06-23,2026-06-30,160.0,CE,21980000,1330000,6256,0.69
2026-06-23,2026-06-30,160.0,PE,9685000,-1165000,778,9.19
2026-06-23,2026-06-30,162.5,CE,7555000,835000,2481,0.47
2026-06-23,2026-06-30,162.5,PE,2630000,-100000,75,11.48
2026-06-23,2026-06-30,165.0,CE,17110000,185000,3611,0.34
2026-06-23,2026-06-30,165.0,PE,4920000,-465000,168,13.86
2026-06-23,2026-06-30,167.5,CE,4240000,135000,1060,0.25
2026-06-23,2026-06-30,167.5,PE,1005000,-50000,56,16.0
2026-06-23,2026-06-30,170.0,CE,17120000,-610000,2512,0.2
2026-06-23,2026-06-30,170.0,PE,3350000,-90000,38,19.32
2026-06-23,2026-06-30,172.5,CE,2280000,-15000,362,0.16
2026-06-23,2026-06-30,172.5,PE,465000,-65000,22,21.69
2026-06-23,2026-06-30,175.0,CE,8325000,-435000,1135,0.13
2026-06-23,2026-06-30,175.0,PE,415000,-30000,18,22.98
2026-06-23,2026-06-30,177.5,CE,730000,-50000,96,0.1
2026-06-23,2026-06-30,177.5,PE,60000,0,1,25.12
2026-06-23,2026-06-30,180.0,CE,7305000,-225000,729,0.09
2026-06-23,2026-06-30,180.0,PE,1355000,-25000,14,28.74
2026-06-23,2026-06-30,182.5,CE,420000,-225000,75,0.08
2026-06-23,2026-06-30,182.5,PE,60000,0,0,23.2
2026-06-23,2026-06-30,185.0,CE,1335000,-160000,118,0.06
2026-06-23,2026-06-30,185.0,PE,185000,-5000,1,31.7
2026-06-23,2026-06-30,187.5,CE,380000,-5000,22,0.07
2026-06-23,2026-06-30,187.5,PE,15000,0,0,28.17
2026-06-23,2026-06-30,190.0,CE,3460000,-360000,186,0.04
2026-06-23,2026-06-30,190.0,PE,705000,-5000,3,39.17
2026-06-23,2026-06-30,195.0,CE,1155000,-175000,69,0.02
2026-06-23,2026-06-30,195.0,PE,950000,-25000,8,44.02
2026-06-23,2026-06-30,210.0,CE,1785000,-490000,101,0.03
2026-06-23,2026-06-30,210.0,PE,4040000,0,0,52.54
2026-06-23,2026-07-28,115.0,CE,0,0,0,49.13
2026-06-23,2026-07-28,115.0,PE,5000,0,0,0.6
2026-06-23,2026-07-28,120.0,CE,5000,0,0,27.5
2026-06-23,2026-07-28,120.0,PE,185000,0,6,0.24
2026-06-23,2026-07-28,122.5,CE,0,0,0,39.88
2026-06-23,2026-07-28,122.5,PE,65000,0,0,0.47
2026-06-23,2026-07-28,125.0,CE,0,0,0,16.9
2026-06-23,2026-07-28,125.0,PE,15000,-5000,1,0.35
2026-06-23,2026-07-28,127.5,CE,15000,0,0,31.63
2026-06-23,2026-07-28,127.5,PE,10000,0,0,1.5
2026-06-23,2026-07-28,130.0,CE,70000,-15000,7,24.8
2026-06-23,2026-07-28,130.0,PE,605000,185000,100,0.67
2026-06-23,2026-07-28,132.5,CE,0,0,0,29.0
2026-06-23,2026-07-28,132.5,PE,0,0,0,1.61
2026-06-23,2026-07-28,135.0,CE,0,0,0,13.75
2026-06-23,2026-07-28,135.0,PE,530000,390000,159,1.12
2026-06-23,2026-07-28,137.5,CE,0,0,0,26.9
2026-06-23,2026-07-28,137.5,PE,180000,55000,54,1.52
2026-06-23,2026-07-28,140.0,CE,435000,-105000,97,14.12
2026-06-23,2026-07-28,140.0,PE,3295000,735000,394,2.03
2026-06-23,2026-07-28,142.5,CE,15000,0,0,8.24
2026-06-23,2026-07-28,142.5,PE,180000,60000,35,2.61
2026-06-23,2026-07-28,145.0,CE,175000,5000,5,10.85
2026-06-23,2026-07-28,145.0,PE,1170000,130000,223,3.39
2026-06-23,2026-07-28,147.5,CE,25000,0,0,15.46
2026-06-23,2026-07-28,147.5,PE,225000,60000,23,4.49
2026-06-23,2026-07-28,150.0,CE,1310000,450000,171,7.79
2026-06-23,2026-07-28,150.0,PE,3445000,480000,370,5.51
2026-06-23,2026-07-28,152.5,CE,365000,245000,64,6.45
2026-06-23,2026-07-28,152.5,PE,190000,80000,33,6.9
2026-06-23,2026-07-28,155.0,CE,1685000,715000,375,5.53
2026-06-23,2026-07-28,155.0,PE,1205000,85000,250,8.0
2026-06-23,2026-07-28,157.5,CE,270000,135000,59,4.58
2026-06-23,2026-07-28,157.5,PE,50000,0,0,6.16
2026-06-23,2026-07-28,160.0,CE,4865000,75000,1033,3.74
2026-06-23,2026-07-28,160.0,PE,1935000,95000,121,11.27
2026-06-23,2026-07-28,162.5,CE,160000,110000,44,3.1
2026-06-23,2026-07-28,162.5,PE,0,0,0,11.45
2026-06-23,2026-07-28,165.0,CE,1640000,510000,383,2.5
2026-06-23,2026-07-28,165.0,PE,465000,315000,79,15.38
2026-06-23,2026-07-28,167.5,CE,90000,-35000,15,2.06
2026-06-23,2026-07-28,167.5,PE,55000,20000,13,15.9
2026-06-23,2026-07-28,170.0,CE,3475000,600000,792,1.7
2026-06-23,2026-07-28,170.0,PE,300000,25000,14,17.72
2026-06-23,2026-07-28,172.5,CE,225000,0,39,1.42
2026-06-23,2026-07-28,172.5,PE,10000,5000,1,17.0
2026-06-23,2026-07-28,175.0,CE,1105000,150000,251,1.16
2026-06-23,2026-07-28,175.0,PE,85000,10000,2,22.45
2026-06-23,2026-07-28,177.5,CE,140000,0,0,1.64
2026-06-23,2026-07-28,177.5,PE,0,0,0,20.9
2026-06-23,2026-07-28,180.0,CE,2455000,620000,389,0.81
2026-06-23,2026-07-28,180.0,PE,960000,10000,2,27.01
2026-06-23,2026-07-28,182.5,CE,5000,0,0,2.05
2026-06-23,2026-07-28,182.5,PE,5000,0,0,23.2
2026-06-23,2026-07-28,185.0,CE,1075000,155000,143,0.6
2026-06-23,2026-07-28,185.0,PE,35000,5000,1,31.0
2026-06-23,2026-07-28,190.0,CE,1485000,25000,97,0.47
2026-06-23,2026-07-28,190.0,PE,150000,20000,4,35.62
2026-06-23,2026-07-28,200.0,CE,2730000,320000,197,0.28
2026-06-23,2026-07-28,200.0,PE,220000,35000,7,47.35
2026-06-23,2026-08-25,110.0,CE,0,0,0,52.52
2026-06-23,2026-08-25,110.0,PE,0,0,0,0.35
2026-06-23,2026-08-25,120.0,CE,0,0,0,43.29
2026-06-23,2026-08-25,120.0,PE,0,0,0,0.98
2026-06-23,2026-08-25,125.0,CE,0,0,0,38.9
2026-06-23,2026-08-25,125.0,PE,0,0,0,1.51
2026-06-23,2026-08-25,130.0,CE,0,0,0,34.7
2026-06-23,2026-08-25,130.0,PE,20000,0,1,1.3
2026-06-23,2026-08-25,135.0,CE,0,0,0,30.72
2026-06-23,2026-08-25,135.0,PE,0,0,0,3.18
2026-06-23,2026-08-25,140.0,CE,0,0,0,27.0
2026-06-23,2026-08-25,140.0,PE,95000,15000,7,3.25
2026-06-23,2026-08-25,145.0,CE,5000,0,0,11.2
2026-06-23,2026-08-25,145.0,PE,0,0,0,5.86
2026-06-23,2026-08-25,150.0,CE,0,0,0,20.38
2026-06-23,2026-08-25,150.0,PE,35000,0,0,5.0
2026-06-23,2026-08-25,155.0,CE,0,0,0,17.51
2026-06-23,2026-08-25,155.0,PE,0,0,0,9.68
2026-06-23,2026-08-25,160.0,CE,0,0,0,14.94
2026-06-23,2026-08-25,160.0,PE,10000,0,0,7.75
2026-06-23,2026-08-25,165.0,CE,0,0,0,12.66
2026-06-23,2026-08-25,165.0,PE,0,0,0,14.68
2026-06-23,2026-08-25,170.0,CE,0,0,0,10.66
2026-06-23,2026-08-25,170.0,PE,0,0,0,17.6
2026-06-23,2026-08-25,175.0,CE,0,0,0,8.91
2026-06-23,2026-08-25,175.0,PE,0,0,0,20.79
2026-06-23,2026-08-25,180.0,CE,0,0,0,7.41
2026-06-23,2026-08-25,180.0,PE,0,0,0,24.21
2026-06-23,2026-08-25,190.0,CE,0,0,0,5.04
2026-06-23,2026-08-25,190.0,PE,0,0,0,31.69
2026-06-24,2026-06-30,115.0,CE,5000,0,0,43.75
2026-06-24,2026-06-30,115.0,PE,25000,0,0,0.01
2026-06-24,2026-06-30,120.0,CE,40000,0,0,25.0
2026-06-24,2026-06-30,120.0,PE,795000,-155000,37,0.02
2026-06-24,2026-06-30,122.5,CE,0,0,0,34.77
2026-06-24,2026-06-30,122.5,PE,40000,0,0,0.03
2026-06-24,2026-06-30,125.0,CE,690000,0,0,14.89
2026-06-24,2026-06-30,125.0,PE,1325000,-100000,25,0.02
2026-06-24,2026-06-30,127.5,CE,25000,0,0,12.75
2026-06-24,2026-06-30,127.5,PE,270000,0,0,0.05
2026-06-24,2026-06-30,130.0,CE,260000,-5000,1,25.0
2026-06-24,2026-06-30,130.0,PE,1865000,-85000,83,0.03
2026-06-24,2026-06-30,132.5,CE,20000,-5000,1,20.02
2026-06-24,2026-06-30,132.5,PE,725000,0,7,0.05
2026-06-24,2026-06-30,135.0,CE,975000,-5000,10,20.4
2026-06-24,2026-06-30,135.0,PE,1840000,-45000,63,0.03
2026-06-24,2026-06-30,137.5,CE,885000,-15000,6,17.59
2026-06-24,2026-06-30,137.5,PE,1020000,-165000,64,0.05
2026-06-24,2026-06-30,140.0,CE,2675000,-225000,107,15.25
2026-06-24,2026-06-30,140.0,PE,5815000,-150000,614,0.07
2026-06-24,2026-06-30,142.5,CE,2495000,-80000,60,12.8
2026-06-24,2026-06-30,142.5,PE,3380000,-150000,319,0.09
2026-06-24,2026-06-30,145.0,CE,4160000,-360000,218,10.41
2026-06-24,2026-06-30,145.0,PE,6430000,-130000,1610,0.14
2026-06-24,2026-06-30,147.5,CE,3495000,-50000,66,7.75
2026-06-24,2026-06-30,147.5,PE,3835000,-885000,1369,0.24
2026-06-24,2026-06-30,150.0,CE,4600000,-1025000,1174,5.67
2026-06-24,2026-06-30,150.0,PE,8065000,-205000,3965,0.47
2026-06-24,2026-06-30,152.5,CE,3170000,-475000,1687,3.67
2026-06-24,2026-06-30,152.5,PE,3840000,-380000,2104,0.97
2026-06-24,2026-06-30,155.0,CE,8600000,-1645000,5989,2.2
2026-06-24,2026-06-30,155.0,PE,5970000,-750000,1790,1.95
2026-06-24,2026-06-30,157.5,CE,4875000,245000,3035,1.27
2026-06-24,2026-06-30,157.5,PE,3275000,-2920000,1419,3.54
2026-06-24,2026-06-30,160.0,CE,21225000,-755000,5897,0.79
2026-06-24,2026-06-30,160.0,PE,9165000,-520000,440,5.51
2026-06-24,2026-06-30,162.5,CE,6590000,-965000,2101,0.47
2026-06-24,2026-06-30,162.5,PE,2415000,-215000,67,7.56
2026-06-24,2026-06-30,165.0,CE,16155000,-955000,2181,0.3
2026-06-24,2026-06-30,165.0,PE,4805000,-115000,125,9.98
2026-06-24,2026-06-30,167.5,CE,3800000,-440000,765,0.22
2026-06-24,2026-06-30,167.5,PE,1005000,0,0,16.0
2026-06-24,2026-06-30,170.0,CE,12985000,-4135000,2765,0.16
2026-06-24,2026-06-30,170.0,PE,3140000,-210000,72,14.71
2026-06-24,2026-06-30,172.5,CE,2310000,30000,271,0.13
2026-06-24,2026-06-30,172.5,PE,280000,-185000,42,17.0
2026-06-24,2026-06-30,175.0,CE,8610000,285000,1441,0.09
2026-06-24,2026-06-30,175.0,PE,365000,-50000,13,19.79
2026-06-24,2026-06-30,177.5,CE,900000,170000,80,0.07
2026-06-24,2026-06-30,177.5,PE,60000,0,0,25.12
2026-06-24,2026-06-30,180.0,CE,6965000,-340000,728,0.05
2026-06-24,2026-06-30,180.0,PE,1265000,-90000,35,24.55
2026-06-24,2026-06-30,182.5,CE,400000,-20000,31,0.06
2026-06-24,2026-06-30,182.5,PE,60000,0,0,23.2
2026-06-24,2026-06-30,185.0,CE,1245000,-90000,179,0.04
2026-06-24,2026-06-30,185.0,PE,135000,-50000,13,30.06
2026-06-24,2026-06-30,187.5,CE,370000,-10000,2,0.07
2026-06-24,2026-06-30,187.5,PE,15000,0,0,28.17
2026-06-24,2026-06-30,190.0,CE,2980000,-480000,137,0.03
2026-06-24,2026-06-30,190.0,PE,635000,-70000,20,34.73
2026-06-24,2026-06-30,195.0,CE,1065000,-90000,40,0.01
2026-06-24,2026-06-30,195.0,PE,900000,-50000,10,39.8
2026-06-24,2026-06-30,210.0,CE,1775000,-10000,36,0.02
2026-06-24,2026-06-30,210.0,PE,3975000,-65000,17,54.6
2026-06-24,2026-07-28,115.0,CE,0,0,0,49.13
2026-06-24,2026-07-28,115.0,PE,5000,0,0,0.6
2026-06-24,2026-07-28,120.0,CE,5000,0,0,27.5
2026-06-24,2026-07-28,120.0,PE,255000,70000,17,0.18
2026-06-24,2026-07-28,122.5,CE,0,0,0,39.88
2026-06-24,2026-07-28,122.5,PE,65000,0,0,0.47
2026-06-24,2026-07-28,125.0,CE,0,0,0,16.9
2026-06-24,2026-07-28,125.0,PE,15000,0,0,0.35
2026-06-24,2026-07-28,127.5,CE,15000,0,1,27.65
2026-06-24,2026-07-28,127.5,PE,10000,0,0,1.5
2026-06-24,2026-07-28,130.0,CE,70000,0,2,26.0
2026-06-24,2026-07-28,130.0,PE,645000,40000,68,0.41
2026-06-24,2026-07-28,132.5,CE,10000,10000,2,24.0
2026-06-24,2026-07-28,132.5,PE,50000,50000,17,0.61
2026-06-24,2026-07-28,135.0,CE,0,0,0,13.75
2026-06-24,2026-07-28,135.0,PE,490000,-40000,113,0.66
2026-06-24,2026-07-28,137.5,CE,10000,10000,2,18.81
2026-06-24,2026-07-28,137.5,PE,150000,-30000,39,0.88
2026-06-24,2026-07-28,140.0,CE,680000,245000,94,16.98
2026-06-24,2026-07-28,140.0,PE,3630000,335000,271,1.17
2026-06-24,2026-07-28,142.5,CE,10000,-5000,1,12.2
2026-06-24,2026-07-28,142.5,PE,225000,45000,40,1.55
2026-06-24,2026-07-28,145.0,CE,195000,20000,19,13.15
2026-06-24,2026-07-28,145.0,PE,1750000,580000,443,2.08
2026-06-24,2026-07-28,147.5,CE,25000,0,2,11.24
2026-06-24,2026-07-28,147.5,PE,220000,-5000,17,2.72
2026-06-24,2026-07-28,150.0,CE,1715000,405000,296,9.61
2026-06-24,2026-07-28,150.0,PE,3915000,470000,468,3.55
2026-06-24,2026-07-28,152.5,CE,390000,25000,90,8.16
2026-06-24,2026-07-28,152.5,PE,330000,140000,71,4.45
2026-06-24,2026-07-28,155.0,CE,1995000,310000,663,6.83
2026-06-24,2026-07-28,155.0,PE,1630000,425000,283,5.7
2026-06-24,2026-07-28,157.5,CE,500000,230000,129,5.66
2026-06-24,2026-07-28,157.5,PE,295000,245000,54,7.02
2026-06-24,2026-07-28,160.0,CE,5320000,455000,901,4.71
2026-06-24,2026-07-28,160.0,PE,2330000,395000,145,8.45
2026-06-24,2026-07-28,162.5,CE,160000,0,97,3.85
2026-06-24,2026-07-28,162.5,PE,0,0,0,11.45
2026-06-24,2026-07-28,165.0,CE,1905000,265000,330,3.16
2026-06-24,2026-07-28,165.0,PE,500000,35000,18,11.99
2026-06-24,2026-07-28,167.5,CE,770000,680000,216,2.4
2026-06-24,2026-07-28,167.5,PE,55000,0,0,15.9
2026-06-24,2026-07-28,170.0,CE,3650000,175000,561,2.04
2026-06-24,2026-07-28,170.0,PE,510000,210000,58,15.79
2026-06-24,2026-07-28,172.5,CE,250000,25000,38,1.7
2026-06-24,2026-07-28,172.5,PE,15000,5000,1,20.1
2026-06-24,2026-07-28,175.0,CE,1320000,215000,196,1.36
2026-06-24,2026-07-28,175.0,PE,175000,90000,18,20.2
2026-06-24,2026-07-28,177.5,CE,205000,65000,37,1.08
2026-06-24,2026-07-28,177.5,PE,0,0,0,20.9
2026-06-24,2026-07-28,180.0,CE,3665000,1210000,595,0.9
2026-06-24,2026-07-28,180.0,PE,1175000,215000,55,24.52
2026-06-24,2026-07-28,182.5,CE,25000,20000,4,0.76
2026-06-24,2026-07-28,182.5,PE,5000,0,0,23.2
2026-06-24,2026-07-28,185.0,CE,1080000,5000,160,0.63
2026-06-24,2026-07-28,185.0,PE,70000,35000,9,29.2
2026-06-24,2026-07-28,190.0,CE,1200000,-285000,186,0.43
2026-06-24,2026-07-28,190.0,PE,240000,90000,19,34.1
2026-06-24,2026-07-28,200.0,CE,2595000,-135000,144,0.24
2026-06-24,2026-07-28,200.0,PE,245000,25000,6,43.64
2026-06-24,2026-08-25,110.0,CE,0,0,0,52.52
2026-06-24,2026-08-25,110.0,PE,0,0,0,0.35
2026-06-24,2026-08-25,120.0,CE,0,0,0,43.29
2026-06-24,2026-08-25,120.0,PE,0,0,0,0.98
2026-06-24,2026-08-25,125.0,CE,0,0,0,38.9
2026-06-24,2026-08-25,125.0,PE,0,0,0,1.51
2026-06-24,2026-08-25,130.0,CE,0,0,0,34.7
2026-06-24,2026-08-25,130.0,PE,20000,0,0,1.3
2026-06-24,2026-08-25,135.0,CE,0,0,0,30.72
2026-06-24,2026-08-25,135.0,PE,0,0,0,3.18
2026-06-24,2026-08-25,140.0,CE,0,0,0,27.0
2026-06-24,2026-08-25,140.0,PE,90000,-5000,7,2.5
2026-06-24,2026-08-25,145.0,CE,5000,0,0,11.2
2026-06-24,2026-08-25,145.0,PE,0,0,0,5.86
2026-06-24,2026-08-25,150.0,CE,0,0,0,20.38
2026-06-24,2026-08-25,150.0,PE,45000,10000,5,5.6
2026-06-24,2026-08-25,155.0,CE,0,0,0,17.51
2026-06-24,2026-08-25,155.0,PE,0,0,0,9.68
2026-06-24,2026-08-25,160.0,CE,5000,5000,1,7.7
2026-06-24,2026-08-25,160.0,PE,10000,0,0,7.75
2026-06-24,2026-08-25,165.0,CE,0,0,0,12.66
2026-06-24,2026-08-25,165.0,PE,0,0,0,14.68
2026-06-24,2026-08-25,170.0,CE,0,0,0,10.66
2026-06-24,2026-08-25,170.0,PE,0,0,0,17.6
2026-06-24,2026-08-25,175.0,CE,0,0,0,8.91
2026-06-24,2026-08-25,175.0,PE,0,0,0,20.79
2026-06-24,2026-08-25,180.0,CE,0,0,0,7.41
2026-06-24,2026-08-25,180.0,PE,0,0,0,24.21
2026-06-24,2026-08-25,190.0,CE,0,0,0,5.04
2026-06-24,2026-08-25,190.0,PE,0,0,0,31.69
2026-06-25,2026-06-30,115.0,CE,5000,0,0,43.75
2026-06-25,2026-06-30,115.0,PE,10000,-15000,3,0.02
2026-06-25,2026-06-30,120.0,CE,40000,0,0,25.0
2026-06-25,2026-06-30,120.0,PE,815000,20000,41,0.02
2026-06-25,2026-06-30,122.5,CE,0,0,0,34.77
2026-06-25,2026-06-30,122.5,PE,285000,245000,50,0.03
2026-06-25,2026-06-30,125.0,CE,685000,-5000,2,36.8
2026-06-25,2026-06-30,125.0,PE,1195000,-130000,35,0.02
2026-06-25,2026-06-30,127.5,CE,25000,0,0,12.75
2026-06-25,2026-06-30,127.5,PE,270000,0,0,0.05
2026-06-25,2026-06-30,130.0,CE,220000,-40000,17,31.47
2026-06-25,2026-06-30,130.0,PE,1770000,-95000,107,0.01
2026-06-25,2026-06-30,132.5,CE,20000,0,0,20.02
2026-06-25,2026-06-30,132.5,PE,595000,-130000,49,0.02
2026-06-25,2026-06-30,135.0,CE,945000,-30000,7,26.8
2026-06-25,2026-06-30,135.0,PE,1535000,-305000,106,0.02
2026-06-25,2026-06-30,137.5,CE,885000,0,0,17.59
2026-06-25,2026-06-30,137.5,PE,940000,-80000,32,0.02
2026-06-25,2026-06-30,140.0,CE,2600000,-75000,44,20.86
2026-06-25,2026-06-30,140.0,PE,4870000,-945000,566,0.01
2026-06-25,2026-06-30,142.5,CE,2420000,-75000,17,19.0
2026-06-25,2026-06-30,142.5,PE,3085000,-295000,170,0.03
2026-06-25,2026-06-30,145.0,CE,4095000,-65000,50,16.02
2026-06-25,2026-06-30,145.0,PE,5680000,-750000,915,0.05
2026-06-25,2026-06-30,147.5,CE,3440000,-55000,26,13.27
2026-06-25,2026-06-30,147.5,PE,3190000,-645000,505,0.07
2026-06-25,2026-06-30,150.0,CE,3675000,-925000,571,10.96
2026-06-25,2026-06-30,150.0,PE,6290000,-1775000,2689,0.09
2026-06-25,2026-06-30,152.5,CE,2560000,-610000,341,8.41
2026-06-25,2026-06-30,152.5,PE,2300000,-1540000,2103,0.13
2026-06-25,2026-06-30,155.0,CE,6045000,-2555000,2330,6.15
2026-06-25,2026-06-30,155.0,PE,5960000,-10000,5911,0.25
2026-06-25,2026-06-30,157.5,CE,3450000,-1425000,3063,3.94
2026-06-25,2026-06-30,157.5,PE,4815000,1540000,4203,0.57
2026-06-25,2026-06-30,160.0,CE,10220000,-11005000,18068,2.29
2026-06-25,2026-06-30,160.0,PE,9090000,-75000,4750,1.46
2026-06-25,2026-06-30,162.5,CE,5890000,-700000,9292,1.39
2026-06-25,2026-06-30,162.5,PE,1625000,-790000,1061,2.89
2026-06-25,2026-06-30,165.0,CE,12570000,-3585000,13724,0.76
2026-06-25,2026-06-30,165.0,PE,3285000,-1520000,741,4.82
2026-06-25,2026-06-30,167.5,CE,4345000,545000,2924,0.43
2026-06-25,2026-06-30,167.5,PE,695000,-310000,138,7.05
2026-06-25,2026-06-30,170.0,CE,10305000,-2680000,4927,0.29
2026-06-25,2026-06-30,170.0,PE,1740000,-1400000,461,9.35
2026-06-25,2026-06-30,172.5,CE,2395000,85000,840,0.19
2026-06-25,2026-06-30,172.5,PE,155000,-125000,72,11.95
2026-06-25,2026-06-30,175.0,CE,8050000,-560000,2668,0.14
2026-06-25,2026-06-30,175.0,PE,310000,-55000,27,14.07
2026-06-25,2026-06-30,177.5,CE,890000,-10000,323,0.09
2026-06-25,2026-06-30,177.5,PE,60000,0,0,25.12
2026-06-25,2026-06-30,180.0,CE,6860000,-105000,1333,0.05
2026-06-25,2026-06-30,180.0,PE,1085000,-180000,76,18.9
2026-06-25,2026-06-30,182.5,CE,370000,-30000,66,0.05
2026-06-25,2026-06-30,182.5,PE,60000,0,0,23.2
2026-06-25,2026-06-30,185.0,CE,1230000,-15000,278,0.04
2026-06-25,2026-06-30,185.0,PE,85000,-50000,15,23.55
2026-06-25,2026-06-30,187.5,CE,350000,-20000,15,0.05
2026-06-25,2026-06-30,187.5,PE,10000,-5000,3,28.01
2026-06-25,2026-06-30,190.0,CE,3010000,30000,110,0.03
2026-06-25,2026-06-30,190.0,PE,505000,-130000,29,29.0
2026-06-25,2026-06-30,195.0,CE,950000,-115000,69,0.02
2026-06-25,2026-06-30,195.0,PE,835000,-65000,20,33.6
2026-06-25,2026-06-30,210.0,CE,1550000,-225000,54,0.02
2026-06-25,2026-06-30,210.0,PE,3855000,-120000,74,49.31
2026-06-25,2026-07-28,115.0,CE,0,0,0,49.13
2026-06-25,2026-07-28,115.0,PE,5000,0,0,0.6
2026-06-25,2026-07-28,120.0,CE,5000,0,0,27.5
2026-06-25,2026-07-28,120.0,PE,260000,5000,30,0.18
2026-06-25,2026-07-28,122.5,CE,0,0,0,39.88
2026-06-25,2026-07-28,122.5,PE,65000,0,0,0.47
2026-06-25,2026-07-28,125.0,CE,0,0,0,16.9
2026-06-25,2026-07-28,125.0,PE,15000,0,0,0.35
2026-06-25,2026-07-28,127.5,CE,15000,0,0,27.65
2026-06-25,2026-07-28,127.5,PE,10000,0,0,1.5
2026-06-25,2026-07-28,130.0,CE,65000,-5000,1,29.0
2026-06-25,2026-07-28,130.0,PE,620000,-25000,44,0.36
2026-06-25,2026-07-28,132.5,CE,10000,0,0,24.0
2026-06-25,2026-07-28,132.5,PE,50000,0,0,0.61
2026-06-25,2026-07-28,135.0,CE,30000,30000,6,25.3
2026-06-25,2026-07-28,135.0,PE,680000,190000,274,0.52
2026-06-25,2026-07-28,137.5,CE,10000,0,0,18.81
2026-06-25,2026-07-28,137.5,PE,205000,55000,57,0.65
2026-06-25,2026-07-28,140.0,CE,740000,60000,54,22.5
2026-06-25,2026-07-28,140.0,PE,3540000,-90000,514,0.85
2026-06-25,2026-07-28,142.5,CE,10000,0,0,12.2
2026-06-25,2026-07-28,142.5,PE,210000,-15000,61,1.1
2026-06-25,2026-07-28,145.0,CE,190000,-5000,9,18.26
2026-06-25,2026-07-28,145.0,PE,2030000,280000,640,1.4
2026-06-25,2026-07-28,147.5,CE,25000,0,0,11.24
2026-06-25,2026-07-28,147.5,PE,265000,45000,84,1.84
2026-06-25,2026-07-28,150.0,CE,2000000,285000,403,14.04
2026-06-25,2026-07-28,150.0,PE,4530000,615000,973,2.37
2026-06-25,2026-07-28,152.5,CE,340000,-50000,78,12.3
2026-06-25,2026-07-28,152.5,PE,580000,250000,150,2.99
2026-06-25,2026-07-28,155.0,CE,1915000,-80000,691,10.51
2026-06-25,2026-07-28,155.0,PE,2025000,395000,744,3.78
2026-06-25,2026-07-28,157.5,CE,440000,-60000,326,9.08
2026-06-25,2026-07-28,157.5,PE,575000,280000,147,4.76
2026-06-25,2026-07-28,160.0,CE,6445000,1125000,4254,7.73
2026-06-25,2026-07-28,160.0,PE,4140000,1810000,1076,5.87
2026-06-25,2026-07-28,162.5,CE,550000,390000,476,6.54
2026-06-25,2026-07-28,162.5,PE,230000,230000,77,7.02
2026-06-25,2026-07-28,165.0,CE,2630000,725000,1988,5.49
2026-06-25,2026-07-28,165.0,PE,755000,255000,147,8.57
2026-06-25,2026-07-28,167.5,CE,900000,130000,235,4.56
2026-06-25,2026-07-28,167.5,PE,90000,35000,8,10.06
2026-06-25,2026-07-28,170.0,CE,5400000,1750000,3820,3.74
2026-06-25,2026-07-28,170.0,PE,940000,430000,229,11.86
2026-06-25,2026-07-28,172.5,CE,480000,230000,185,3.1
2026-06-25,2026-07-28,172.5,PE,65000,50000,11,13.35
2026-06-25,2026-07-28,175.0,CE,1740000,420000,748,2.54
2026-06-25,2026-07-28,175.0,PE,225000,50000,12,15.55
2026-06-25,2026-07-28,177.5,CE,420000,215000,162,2.06
2026-06-25,2026-07-28,177.5,PE,0,0,0,20.9
2026-06-25,2026-07-28,180.0,CE,4105000,440000,1851,1.73
2026-06-25,2026-07-28,180.0,PE,1345000,170000,200,19.28
2026-06-25,2026-07-28,182.5,CE,270000,245000,79,1.42
2026-06-25,2026-07-28,182.5,PE,5000,0,0,23.2
2026-06-25,2026-07-28,185.0,CE,1910000,830000,453,1.14
2026-06-25,2026-07-28,185.0,PE,140000,70000,19,23.55
2026-06-25,2026-07-28,190.0,CE,1665000,465000,557,0.73
2026-06-25,2026-07-28,190.0,PE,395000,155000,44,28.73
2026-06-25,2026-07-28,200.0,CE,1895000,-700000,598,0.35
2026-06-25,2026-07-28,200.0,PE,350000,105000,30,38.35
2026-06-25,2026-08-25,110.0,CE,0,0,0,52.52
2026-06-25,2026-08-25,110.0,PE,0,0,0,0.35
2026-06-25,2026-08-25,120.0,CE,0,0,0,43.29
2026-06-25,2026-08-25,120.0,PE,5000,5000,2,0.2
2026-06-25,2026-08-25,125.0,CE,0,0,0,38.9
2026-06-25,2026-08-25,125.0,PE,0,0,0,1.51
2026-06-25,2026-08-25,130.0,CE,0,0,0,34.7
2026-06-25,2026-08-25,130.0,PE,20000,0,1,0.9
2026-06-25,2026-08-25,135.0,CE,0,0,0,30.72
2026-06-25,2026-08-25,135.0,PE,0,0,0,3.18
2026-06-25,2026-08-25,140.0,CE,0,0,0,27.0
2026-06-25,2026-08-25,140.0,PE,85000,-5000,10,1.86
2026-06-25,2026-08-25,145.0,CE,5000,0,0,11.2
2026-06-25,2026-08-25,145.0,PE,0,0,0,5.86
2026-06-25,2026-08-25,150.0,CE,5000,5000,1,15.25
2026-06-25,2026-08-25,150.0,PE,85000,40000,12,4.01
2026-06-25,2026-08-25,155.0,CE,0,0,0,17.51
2026-06-25,2026-08-25,155.0,PE,0,0,0,9.68
2026-06-25,2026-08-25,160.0,CE,5000,0,0,7.7
2026-06-25,2026-08-25,160.0,PE,50000,40000,12,7.7
2026-06-25,2026-08-25,165.0,CE,0,0,0,12.66
2026-06-25,2026-08-25,165.0,PE,0,0,0,14.68
2026-06-25,2026-08-25,170.0,CE,0,0,0,10.66
2026-06-25,2026-08-25,170.0,PE,0,0,0,17.6
2026-06-25,2026-08-25,175.0,CE,0,0,0,8.91
2026-06-25,2026-08-25,175.0,PE,0,0,0,20.79
2026-06-25,2026-08-25,180.0,CE,0,0,0,7.41
2026-06-25,2026-08-25,180.0,PE,0,0,0,24.21
2026-06-25,2026-08-25,190.0,CE,0,0,0,5.04
2026-06-25,2026-08-25,190.0,PE,0,0,0,31.69
2026-06-29,2026-06-30,115.0,CE,5000,0,0,43.75
2026-06-29,2026-06-30,115.0,PE,10000,0,0,0.02
2026-06-29,2026-06-30,120.0,CE,35000,-5000,1,37.5
2026-06-29,2026-06-30,120.0,PE,795000,-20000,20,0.01
2026-06-29,2026-06-30,122.5,CE,0,0,0,34.77
2026-06-29,2026-06-30,122.5,PE,155000,-130000,26,0.01
2026-06-29,2026-06-30,125.0,CE,670000,-15000,4,32.72
2026-06-29,2026-06-30,125.0,PE,1110000,-85000,30,0.01
2026-06-29,2026-06-30,127.5,CE,25000,0,0,12.75
2026-06-29,2026-06-30,127.5,PE,275000,5000,1,0.05
2026-06-29,2026-06-30,130.0,CE,220000,0,2,28.06
2026-06-29,2026-06-30,130.0,PE,1450000,-320000,173,0.01
2026-06-29,2026-06-30,132.5,CE,20000,0,0,20.02
2026-06-29,2026-06-30,132.5,PE,710000,115000,54,0.02
2026-06-29,2026-06-30,135.0,CE,925000,-20000,8,22.58
2026-06-29,2026-06-30,135.0,PE,1400000,-135000,41,0.01
2026-06-29,2026-06-30,137.5,CE,880000,-5000,1,19.8
2026-06-29,2026-06-30,137.5,PE,925000,-15000,9,0.01
2026-06-29,2026-06-30,140.0,CE,2460000,-140000,46,18.09
2026-06-29,2026-06-30,140.0,PE,4360000,-510000,188,0.01
2026-06-29,2026-06-30,142.5,CE,2390000,-30000,12,15.25
2026-06-29,2026-06-30,142.5,PE,2895000,-190000,45,0.02
2026-06-29,2026-06-30,145.0,CE,3990000,-105000,52,13.0
2026-06-29,2026-06-30,145.0,PE,5035000,-645000,351,0.02
2026-06-29,2026-06-30,147.5,CE,3420000,-20000,5,10.8
2026-06-29,2026-06-30,147.5,PE,2595000,-595000,383,0.01
2026-06-29,2026-06-30,150.0,CE,3315000,-360000,169,7.83
2026-06-29,2026-06-30,150.0,PE,6400000,110000,1614,0.02
2026-06-29,2026-06-30,152.5,CE,2310000,-250000,139,5.23
2026-06-29,2026-06-30,152.5,PE,2275000,-25000,1021,0.04
2026-06-29,2026-06-30,155.0,CE,4270000,-1775000,1185,2.97
2026-06-29,2026-06-30,155.0,PE,5900000,-60000,4232,0.16
2026-06-29,2026-06-30,157.5,CE,2675000,-775000,1591,1.11
2026-06-29,2026-06-30,157.5,PE,2735000,-2080000,2560,0.82
2026-06-29,2026-06-30,160.0,CE,9240000,-980000,5678,0.32
2026-06-29,2026-06-30,160.0,PE,6640000,-2450000,1925,2.57
2026-06-29,2026-06-30,162.5,CE,5390000,-500000,1764,0.12
2026-06-29,2026-06-30,162.5,PE,1550000,-75000,217,4.98
2026-06-29,2026-06-30,165.0,CE,10905000,-1665000,2321,0.05
2026-06-29,2026-06-30,165.0,PE,2880000,-405000,137,7.39
2026-06-29,2026-06-30,167.5,CE,2985000,-1360000,851,0.04
2026-06-29,2026-06-30,167.5,PE,740000,45000,46,9.96
2026-06-29,2026-06-30,170.0,CE,8945000,-1360000,1822,0.04
2026-06-29,2026-06-30,170.0,PE,1615000,-125000,66,12.47
2026-06-29,2026-06-30,172.5,CE,1865000,-530000,289,0.02
2026-06-29,2026-06-30,172.5,PE,145000,-10000,14,14.95
2026-06-29,2026-06-30,175.0,CE,4915000,-3135000,1330,0.02
2026-06-29,2026-06-30,175.0,PE,325000,15000,29,17.42
2026-06-29,2026-06-30,177.5,CE,580000,-310000,93,0.01
2026-06-29,2026-06-30,177.5,PE,60000,0,0,25.12
2026-06-29,2026-06-30,180.0,CE,5075000,-1785000,821,0.01
2026-06-29,2026-06-30,180.0,PE,900000,-185000,46,22.3
2026-06-29,2026-06-30,182.5,CE,285000,-85000,27,0.02
2026-06-29,2026-06-30,182.5,PE,55000,-5000,1,25.4
2026-06-29,2026-06-30,185.0,CE,1170000,-60000,87,0.02
2026-06-29,2026-06-30,185.0,PE,60000,-25000,9,27.2
2026-06-29,2026-06-30,187.5,CE,195000,-155000,75,0.02
2026-06-29,2026-06-30,187.5,PE,10000,0,0,28.01
2026-06-29,2026-06-30,190.0,CE,2240000,-770000,209,0.02
2026-06-29,2026-06-30,190.0,PE,455000,-50000,17,32.49
2026-06-29,2026-06-30,195.0,CE,835000,-115000,38,0.02
2026-06-29,2026-06-30,195.0,PE,430000,-405000,89,37.25
2026-06-29,2026-06-30,210.0,CE,1440000,-110000,33,0.02
2026-06-29,2026-06-30,210.0,PE,2615000,-1240000,305,52.32
2026-06-29,2026-07-28,115.0,CE,0,0,0,49.13
2026-06-29,2026-07-28,115.0,PE,70000,65000,15,0.33
2026-06-29,2026-07-28,120.0,CE,5000,0,0,27.5
2026-06-29,2026-07-28,120.0,PE,345000,85000,25,0.17
2026-06-29,2026-07-28,122.5,CE,0,0,0,39.88
2026-06-29,2026-07-28,122.5,PE,65000,0,0,0.47
2026-06-29,2026-07-28,125.0,CE,0,0,0,16.9
2026-06-29,2026-07-28,125.0,PE,20000,5000,2,0.35
2026-06-29,2026-07-28,127.5,CE,15000,0,0,27.65
2026-06-29,2026-07-28,127.5,PE,10000,0,0,1.5
2026-06-29,2026-07-28,130.0,CE,80000,15000,7,29.0
2026-06-29,2026-07-28,130.0,PE,675000,55000,18,0.38
2026-06-29,2026-07-28,132.5,CE,10000,0,0,24.0
2026-06-29,2026-07-28,132.5,PE,50000,0,0,0.61
2026-06-29,2026-07-28,135.0,CE,45000,15000,4,23.8
2026-06-29,2026-07-28,135.0,PE,645000,-35000,103,0.53
2026-06-29,2026-07-28,137.5,CE,10000,0,0,18.81
2026-06-29,2026-07-28,137.5,PE,250000,45000,40,0.68
2026-06-29,2026-07-28,140.0,CE,1200000,460000,167,19.4
2026-06-29,2026-07-28,140.0,PE,3675000,135000,311,0.9
2026-06-29,2026-07-28,142.5,CE,25000,15000,4,17.55
2026-06-29,2026-07-28,142.5,PE,425000,215000,92,1.22
2026-06-29,2026-07-28,145.0,CE,235000,45000,22,15.69
2026-06-29,2026-07-28,145.0,PE,2665000,635000,359,1.62
2026-06-29,2026-07-28,147.5,CE,25000,0,0,11.24
2026-06-29,2026-07-28,147.5,PE,285000,20000,64,2.13
2026-06-29,2026-07-28,150.0,CE,2245000,245000,141,11.6
2026-06-29,2026-07-28,150.0,PE,5150000,620000,532,2.78
2026-06-29,2026-07-28,152.5,CE,470000,130000,51,9.88
2026-06-29,2026-07-28,152.5,PE,720000,140000,78,3.64
2026-06-29,2026-07-28,155.0,CE,2485000,570000,232,8.44
2026-06-29,2026-07-28,155.0,PE,2710000,685000,898,4.58
2026-06-29,2026-07-28,157.5,CE,865000,425000,329,7.14
2026-06-29,2026-07-28,157.5,PE,1110000,535000,303,5.77
2026-06-29,2026-07-28,160.0,CE,8245000,1800000,1875,5.97
2026-06-29,2026-07-28,160.0,PE,6625000,2485000,1023,7.08
2026-06-29,2026-07-28,162.5,CE,835000,285000,179,4.9
2026-06-29,2026-07-28,162.5,PE,350000,120000,73,8.71
2026-06-29,2026-07-28,165.0,CE,3500000,870000,585,4.02
2026-06-29,2026-07-28,165.0,PE,1095000,340000,121,10.16
2026-06-29,2026-07-28,167.5,CE,1510000,610000,202,3.32
2026-06-29,2026-07-28,167.5,PE,210000,120000,43,11.94
2026-06-29,2026-07-28,170.0,CE,6445000,1045000,1144,2.71
2026-06-29,2026-07-28,170.0,PE,990000,50000,65,13.75
2026-06-29,2026-07-28,172.5,CE,525000,45000,76,2.25
2026-06-29,2026-07-28,172.5,PE,65000,0,0,13.35
2026-06-29,2026-07-28,175.0,CE,2075000,335000,374,1.79
2026-06-29,2026-07-28,175.0,PE,295000,70000,23,17.64
2026-06-29,2026-07-28,177.5,CE,565000,145000,100,1.43
2026-06-29,2026-07-28,177.5,PE,0,0,0,20.9
2026-06-29,2026-07-28,180.0,CE,4755000,650000,896,1.16
2026-06-29,2026-07-28,180.0,PE,1425000,80000,25,22.0
2026-06-29,2026-07-28,182.5,CE,500000,230000,132,0.95
2026-06-29,2026-07-28,182.5,PE,5000,0,0,23.2
2026-06-29,2026-07-28,185.0,CE,1910000,0,260,0.76
2026-06-29,2026-07-28,185.0,PE,180000,40000,9,27.0
2026-06-29,2026-07-28,190.0,CE,1710000,45000,254,0.52
2026-06-29,2026-07-28,190.0,PE,925000,530000,114,31.0
2026-06-29,2026-07-28,200.0,CE,2730000,835000,302,0.27
2026-06-29,2026-07-28,200.0,PE,1975000,1625000,333,40.9
2026-06-29,2026-08-25,110.0,CE,0,0,0,52.52
2026-06-29,2026-08-25,110.0,PE,0,0,0,0.35
2026-06-29,2026-08-25,120.0,CE,0,0,0,43.29
2026-06-29,2026-08-25,120.0,PE,5000,0,0,0.2
2026-06-29,2026-08-25,125.0,CE,0,0,0,38.9
2026-06-29,2026-08-25,125.0,PE,0,0,0,1.51
2026-06-29,2026-08-25,130.0,CE,0,0,0,34.7
2026-06-29,2026-08-25,130.0,PE,20000,0,0,0.9
2026-06-29,2026-08-25,135.0,CE,0,0,0,30.72
2026-06-29,2026-08-25,135.0,PE,0,0,0,3.18
2026-06-29,2026-08-25,140.0,CE,0,0,0,27.0
2026-06-29,2026-08-25,140.0,PE,90000,5000,3,2.1
2026-06-29,2026-08-25,145.0,CE,5000,0,0,11.2
2026-06-29,2026-08-25,145.0,PE,0,0,0,5.86
2026-06-29,2026-08-25,150.0,CE,5000,0,0,15.25
2026-06-29,2026-08-25,150.0,PE,105000,20000,5,4.4
2026-06-29,2026-08-25,155.0,CE,0,0,0,17.51
2026-06-29,2026-08-25,155.0,PE,5000,5000,1,6.7
2026-06-29,2026-08-25,160.0,CE,5000,0,0,7.7
2026-06-29,2026-08-25,160.0,PE,75000,25000,5,9.0
2026-06-29,2026-08-25,165.0,CE,0,0,0,12.66
2026-06-29,2026-08-25,165.0,PE,0,0,0,14.68
2026-06-29,2026-08-25,170.0,CE,0,0,0,10.66
2026-06-29,2026-08-25,170.0,PE,0,0,0,17.6
2026-06-29,2026-08-25,175.0,CE,0,0,0,8.91
2026-06-29,2026-08-25,175.0,PE,0,0,0,20.79
2026-06-29,2026-08-25,180.0,CE,0,0,0,7.41
2026-06-29,2026-08-25,180.0,PE,0,0,0,24.21
2026-06-29,2026-08-25,190.0,CE,0,0,0,5.04
2026-06-29,2026-08-25,190.0,PE,0,0,0,31.69
2026-06-30,2026-06-30,115.0,CE,5000,0,0,43.75
2026-06-30,2026-06-30,115.0,PE,10000,0,0,0.02
2026-06-30,2026-06-30,120.0,CE,20000,-15000,9,39.0
2026-06-30,2026-06-30,120.0,PE,790000,-5000,2,0.01
2026-06-30,2026-06-30,122.5,CE,0,0,0,34.77
2026-06-30,2026-06-30,122.5,PE,155000,0,0,0.01
2026-06-30,2026-06-30,125.0,CE,520000,-150000,32,32.5
2026-06-30,2026-06-30,125.0,PE,1095000,-15000,13,0.01
2026-06-30,2026-06-30,127.5,CE,25000,0,0,12.75
2026-06-30,2026-06-30,127.5,PE,275000,0,0,0.05
2026-06-30,2026-06-30,130.0,CE,220000,0,2,26.5
2026-06-30,2026-06-30,130.0,PE,1425000,-25000,16,0.01
2026-06-30,2026-06-30,132.5,CE,20000,0,0,20.02
2026-06-30,2026-06-30,132.5,PE,685000,-25000,19,0.02
2026-06-30,2026-06-30,135.0,CE,920000,-5000,3,23.2
2026-06-30,2026-06-30,135.0,PE,1335000,-65000,16,0.01
2026-06-30,2026-06-30,137.5,CE,880000,0,1,19.66
2026-06-30,2026-06-30,137.5,PE,910000,-15000,6,0.01
2026-06-30,2026-06-30,140.0,CE,2140000,-320000,303,18.0
2026-06-30,2026-06-30,140.0,PE,3590000,-770000,371,0.01
2026-06-30,2026-06-30,142.5,CE,2295000,-95000,169,16.0
2026-06-30,2026-06-30,142.5,PE,2560000,-335000,158,0.01
2026-06-30,2026-06-30,145.0,CE,3755000,-235000,177,13.28
2026-06-30,2026-06-30,145.0,PE,4145000,-890000,324,0.01
2026-06-30,2026-06-30,147.5,CE,3375000,-45000,42,10.86
2026-06-30,2026-06-30,147.5,PE,2475000,-120000,59,0.01
2026-06-30,2026-06-30,150.0,CE,3070000,-245000,140,8.17
2026-06-30,2026-06-30,150.0,PE,4840000,-1560000,507,0.01
2026-06-30,2026-06-30,152.5,CE,2095000,-215000,66,5.83
2026-06-30,2026-06-30,152.5,PE,2095000,-180000,304,0.01
2026-06-30,2026-06-30,155.0,CE,2650000,-1620000,735,3.38
2026-06-30,2026-06-30,155.0,PE,3585000,-2315000,1759,0.01
2026-06-30,2026-06-30,157.5,CE,1745000,-930000,877,0.95
2026-06-30,2026-06-30,157.5,PE,1905000,-830000,734,0.42
2026-06-30,2026-06-30,160.0,CE,6625000,-2615000,4427,0.01
2026-06-30,2026-06-30,160.0,PE,4280000,-2360000,1099,2.09
2026-06-30,2026-06-30,162.5,CE,4060000,-1330000,1553,0.01
2026-06-30,2026-06-30,162.5,PE,1525000,-25000,37,4.51
2026-06-30,2026-06-30,165.0,CE,9270000,-1635000,1281,0.01
2026-06-30,2026-06-30,165.0,PE,2790000,-90000,56,6.96
2026-06-30,2026-06-30,167.5,CE,2445000,-540000,244,0.01
2026-06-30,2026-06-30,167.5,PE,745000,5000,9,9.15
2026-06-30,2026-06-30,170.0,CE,6755000,-2190000,792,0.01
2026-06-30,2026-06-30,170.0,PE,1465000,-150000,51,12.16
2026-06-30,2026-06-30,172.5,CE,1350000,-515000,136,0.01
2026-06-30,2026-06-30,172.5,PE,145000,0,0,14.95
2026-06-30,2026-06-30,175.0,CE,3340000,-1575000,371,0.01
2026-06-30,2026-06-30,175.0,PE,295000,-30000,27,17.01
2026-06-30,2026-06-30,177.5,CE,560000,-20000,15,0.01
2026-06-30,2026-06-30,177.5,PE,60000,0,3,20.0
2026-06-30,2026-06-30,180.0,CE,4170000,-905000,251,0.01
2026-06-30,2026-06-30,180.0,PE,780000,-120000,54,22.0
2026-06-30,2026-06-30,182.5,CE,200000,-85000,21,0.01
2026-06-30,2026-06-30,182.5,PE,60000,5000,1,26.19
2026-06-30,2026-06-30,185.0,CE,910000,-260000,58,0.01
2026-06-30,2026-06-30,185.0,PE,55000,-5000,4,26.2
2026-06-30,2026-06-30,187.5,CE,150000,-45000,11,0.01
2026-06-30,2026-06-30,187.5,PE,10000,0,0,28.01
2026-06-30,2026-06-30,190.0,CE,2150000,-90000,59,0.01
2026-06-30,2026-06-30,190.0,PE,335000,-120000,43,32.2
2026-06-30,2026-06-30,195.0,CE,845000,10000,88,0.02
2026-06-30,2026-06-30,195.0,PE,390000,-40000,77,36.42
2026-06-30,2026-06-30,210.0,CE,2630000,1190000,381,0.01
2026-06-30,2026-06-30,210.0,PE,2155000,-460000,503,51.3
2026-06-30,2026-07-28,115.0,CE,25000,25000,6,44.42
2026-06-30,2026-07-28,115.0,PE,105000,35000,24,0.14
2026-06-30,2026-07-28,120.0,CE,5000,0,0,27.5
2026-06-30,2026-07-28,120.0,PE,380000,35000,11,0.14
2026-06-30,2026-07-28,122.5,CE,0,0,0,39.88
2026-06-30,2026-07-28,122.5,PE,65000,0,0,0.47
2026-06-30,2026-07-28,125.0,CE,10000,10000,2,33.07
2026-06-30,2026-07-28,125.0,PE,25000,5000,1,0.29
2026-06-30,2026-07-28,127.5,CE,15000,0,0,27.65
2026-06-30,2026-07-28,127.5,PE,10000,0,0,1.5
2026-06-30,2026-07-28,130.0,CE,80000,0,0,29.0
2026-06-30,2026-07-28,130.0,PE,890000,215000,117,0.33
2026-06-30,2026-07-28,132.5,CE,10000,0,0,24.0
2026-06-30,2026-07-28,132.5,PE,50000,0,0,0.61
2026-06-30,2026-07-28,135.0,CE,45000,0,0,23.8
2026-06-30,2026-07-28,135.0,PE,650000,5000,73,0.55
2026-06-30,2026-07-28,137.5,CE,10000,0,0,18.81
2026-06-30,2026-07-28,137.5,PE,265000,15000,8,0.65
2026-06-30,2026-07-28,140.0,CE,1310000,110000,51,19.92
2026-06-30,2026-07-28,140.0,PE,3450000,-225000,364,0.92
2026-06-30,2026-07-28,142.5,CE,25000,0,0,17.55
2026-06-30,2026-07-28,142.5,PE,370000,-55000,51,1.24
2026-06-30,2026-07-28,145.0,CE,260000,25000,21,16.42
2026-06-30,2026-07-28,145.0,PE,2330000,-335000,413,1.59
2026-06-30,2026-07-28,147.5,CE,85000,60000,21,14.77
2026-06-30,2026-07-28,147.5,PE,300000,15000,74,2.13
2026-06-30,2026-07-28,150.0,CE,2435000,190000,188,11.92
2026-06-30,2026-07-28,150.0,PE,5010000,-140000,646,2.74
2026-06-30,2026-07-28,152.5,CE,580000,110000,62,10.17
2026-06-30,2026-07-28,152.5,PE,1095000,375000,176,3.5
2026-06-30,2026-07-28,155.0,CE,2740000,255000,421,8.61
2026-06-30,2026-07-28,155.0,PE,3150000,440000,730,4.4
2026-06-30,2026-07-28,157.5,CE,1160000,295000,821,7.18
2026-06-30,2026-07-28,157.5,PE,2530000,1420000,629,5.53
2026-06-30,2026-07-28,160.0,CE,12100000,3855000,3514,5.94
2026-06-30,2026-07-28,160.0,PE,9350000,2725000,1458,6.78
2026-06-30,2026-07-28,162.5,CE,1360000,525000,377,4.87
2026-06-30,2026-07-28,162.5,PE,940000,590000,324,8.14
2026-06-30,2026-07-28,165.0,CE,4965000,1465000,1324,3.94
2026-06-30,2026-07-28,165.0,PE,1265000,170000,263,9.8
2026-06-30,2026-07-28,167.5,CE,1485000,-25000,248,3.19
2026-06-30,2026-07-28,167.5,PE,250000,40000,69,11.49
2026-06-30,2026-07-28,170.0,CE,7660000,1215000,1921,2.57
2026-06-30,2026-07-28,170.0,PE,1030000,40000,99,13.33
2026-06-30,2026-07-28,172.5,CE,655000,130000,129,2.08
2026-06-30,2026-07-28,172.5,PE,65000,0,6,15.8
2026-06-30,2026-07-28,175.0,CE,2400000,325000,568,1.66
2026-06-30,2026-07-28,175.0,PE,485000,190000,46,17.3
2026-06-30,2026-07-28,177.5,CE,665000,100000,83,1.34
2026-06-30,2026-07-28,177.5,PE,15000,15000,3,20.05
2026-06-30,2026-07-28,180.0,CE,5410000,655000,743,1.08
2026-06-30,2026-07-28,180.0,PE,1695000,270000,84,21.89
2026-06-30,2026-07-28,182.5,CE,505000,5000,52,0.85
2026-06-30,2026-07-28,182.5,PE,10000,5000,1,23.86
2026-06-30,2026-07-28,185.0,CE,1815000,-95000,149,0.68
2026-06-30,2026-07-28,185.0,PE,195000,15000,7,26.1
2026-06-30,2026-07-28,190.0,CE,1930000,220000,248,0.44
2026-06-30,2026-07-28,190.0,PE,1705000,780000,220,30.92
2026-06-30,2026-07-28,200.0,CE,3100000,370000,307,0.22
2026-06-30,2026-07-28,200.0,PE,2355000,380000,90,40.08
2026-06-30,2026-08-25,110.0,CE,0,0,0,52.52
2026-06-30,2026-08-25,110.0,PE,0,0,0,0.35
2026-06-30,2026-08-25,120.0,CE,0,0,0,43.29
2026-06-30,2026-08-25,120.0,PE,5000,0,0,0.2
2026-06-30,2026-08-25,125.0,CE,0,0,0,38.9
2026-06-30,2026-08-25,125.0,PE,0,0,0,1.51
2026-06-30,2026-08-25,130.0,CE,0,0,0,34.7
2026-06-30,2026-08-25,130.0,PE,20000,0,0,0.9
2026-06-30,2026-08-25,135.0,CE,0,0,0,30.72
2026-06-30,2026-08-25,135.0,PE,0,0,0,3.18
2026-06-30,2026-08-25,140.0,CE,0,0,0,27.0
2026-06-30,2026-08-25,140.0,PE,85000,-5000,3,1.76
2026-06-30,2026-08-25,145.0,CE,5000,0,0,11.2
2026-06-30,2026-08-25,145.0,PE,0,0,0,5.86
2026-06-30,2026-08-25,150.0,CE,5000,0,0,15.25
2026-06-30,2026-08-25,150.0,PE,105000,0,7,3.95
2026-06-30,2026-08-25,155.0,CE,0,0,0,17.51
2026-06-30,2026-08-25,155.0,PE,5000,0,0,6.7
2026-06-30,2026-08-25,160.0,CE,5000,0,0,7.7
2026-06-30,2026-08-25,160.0,PE,80000,5000,2,8.2
2026-06-30,2026-08-25,165.0,CE,0,0,0,12.66
2026-06-30,2026-08-25,165.0,PE,0,0,0,14.68
2026-06-30,2026-08-25,170.0,CE,0,0,0,10.66
2026-06-30,2026-08-25,170.0,PE,0,0,0,17.6
2026-06-30,2026-08-25,175.0,CE,0,0,0,8.91
2026-06-30,2026-08-25,175.0,PE,0,0,0,20.79
2026-06-30,2026-08-25,180.0,CE,0,0,0,7.41
2026-06-30,2026-08-25,180.0,PE,0,0,0,24.21
2026-06-30,2026-08-25,190.0,CE,0,0,0,5.04
2026-06-30,2026-08-25,190.0,PE,0,0,0,31.69
2026-07-01,2026-07-28,115.0,CE,25000,0,0,44.42
2026-07-01,2026-07-28,115.0,PE,210000,105000,112,0.07
2026-07-01,2026-07-28,120.0,CE,5000,0,0,27.5
2026-07-01,2026-07-28,120.0,PE,410000,30000,65,0.1
2026-07-01,2026-07-28,122.5,CE,0,0,0,39.88
2026-07-01,2026-07-28,122.5,PE,65000,0,0,0.47
2026-07-01,2026-07-28,125.0,CE,10000,0,0,33.07
2026-07-01,2026-07-28,125.0,PE,25000,0,0,0.29
2026-07-01,2026-07-28,127.5,CE,15000,0,0,27.65
2026-07-01,2026-07-28,127.5,PE,10000,0,0,1.5
2026-07-01,2026-07-28,130.0,CE,80000,0,0,29.0
2026-07-01,2026-07-28,130.0,PE,950000,60000,163,0.18
2026-07-01,2026-07-28,132.5,CE,10000,0,0,24.0
2026-07-01,2026-07-28,132.5,PE,55000,5000,3,0.22
2026-07-01,2026-07-28,135.0,CE,45000,0,0,23.8
2026-07-01,2026-07-28,135.0,PE,890000,240000,225,0.28
2026-07-01,2026-07-28,137.5,CE,10000,0,0,18.81
2026-07-01,2026-07-28,137.5,PE,255000,-10000,14,0.41
2026-07-01,2026-07-28,140.0,CE,1295000,-15000,31,24.1
2026-07-01,2026-07-28,140.0,PE,4265000,815000,1099,0.48
2026-07-01,2026-07-28,142.5,CE,25000,0,0,17.55
2026-07-01,2026-07-28,142.5,PE,320000,-50000,268,0.63
2026-07-01,2026-07-28,145.0,CE,250000,-10000,31,18.98
2026-07-01,2026-07-28,145.0,PE,2420000,90000,859,0.86
2026-07-01,2026-07-28,147.5,CE,85000,0,0,14.77
2026-07-01,2026-07-28,147.5,PE,635000,335000,250,1.16
2026-07-01,2026-07-28,150.0,CE,2175000,-260000,221,14.77
2026-07-01,2026-07-28,150.0,PE,5325000,315000,1801,1.57
2026-07-01,2026-07-28,152.5,CE,615000,35000,50,12.82
2026-07-01,2026-07-28,152.5,PE,1355000,260000,620,2.09
2026-07-01,2026-07-28,155.0,CE,2765000,25000,608,10.94
2026-07-01,2026-07-28,155.0,PE,3900000,750000,2032,2.76
2026-07-01,2026-07-28,157.5,CE,1125000,-35000,496,9.37
2026-07-01,2026-07-28,157.5,PE,2815000,285000,859,3.57
2026-07-01,2026-07-28,160.0,CE,12200000,100000,7746,7.86
2026-07-01,2026-07-28,160.0,PE,9915000,565000,3708,4.59
2026-07-01,2026-07-28,162.5,CE,2235000,875000,2959,6.55
2026-07-01,2026-07-28,162.5,PE,1515000,575000,1453,5.73
2026-07-01,2026-07-28,165.0,CE,17850000,12885000,12159,5.4
2026-07-01,2026-07-28,165.0,PE,2525000,1260000,1378,7.1
2026-07-01,2026-07-28,167.5,CE,2385000,900000,1417,4.38
2026-07-01,2026-07-28,167.5,PE,890000,640000,306,8.55
2026-07-01,2026-07-28,170.0,CE,11505000,3845000,11210,3.54
2026-07-01,2026-07-28,170.0,PE,1945000,915000,700,10.18
2026-07-01,2026-07-28,172.5,CE,1060000,405000,759,2.82
2026-07-01,2026-07-28,172.5,PE,65000,0,0,15.8
2026-07-01,2026-07-28,175.0,CE,3460000,1060000,2482,2.24
2026-07-01,2026-07-28,175.0,PE,620000,135000,101,13.99
2026-07-01,2026-07-28,177.5,CE,950000,285000,565,1.79
2026-07-01,2026-07-28,177.5,PE,75000,60000,30,15.9
2026-07-01,2026-07-28,180.0,CE,5505000,95000,4174,1.4
2026-07-01,2026-07-28,180.0,PE,1695000,0,81,17.77
2026-07-01,2026-07-28,182.5,CE,920000,415000,396,1.1
2026-07-01,2026-07-28,182.5,PE,95000,85000,26,20.11
2026-07-01,2026-07-28,185.0,CE,2935000,1120000,1783,0.86
2026-07-01,2026-07-28,185.0,PE,240000,45000,50,22.5
2026-07-01,2026-07-28,187.5,CE,0,0,0,3.53
2026-07-01,2026-07-28,187.5,PE,0,0,0,28.56
2026-07-01,2026-07-28,190.0,CE,3290000,1360000,1598,0.53
2026-07-01,2026-07-28,190.0,PE,1925000,220000,132,27.05
2026-07-01,2026-07-28,200.0,CE,4550000,1450000,1618,0.25
2026-07-01,2026-07-28,200.0,PE,2340000,-15000,20,36.55
2026-07-01,2026-08-25,110.0,CE,0,0,0,52.52
2026-07-01,2026-08-25,110.0,PE,0,0,0,0.35
2026-07-01,2026-08-25,120.0,CE,0,0,0,43.29
2026-07-01,2026-08-25,120.0,PE,5000,0,0,0.2
2026-07-01,2026-08-25,125.0,CE,0,0,0,38.9
2026-07-01,2026-08-25,125.0,PE,0,0,0,1.51
2026-07-01,2026-08-25,130.0,CE,0,0,0,34.7
2026-07-01,2026-08-25,130.0,PE,20000,0,0,0.9
2026-07-01,2026-08-25,135.0,CE,0,0,0,30.72
2026-07-01,2026-08-25,135.0,PE,0,0,0,3.18
2026-07-01,2026-08-25,140.0,CE,0,0,0,27.0
2026-07-01,2026-08-25,140.0,PE,100000,15000,10,1.15
2026-07-01,2026-08-25,142.5,CE,0,0,0,20.66
2026-07-01,2026-08-25,142.5,PE,0,0,0,4.11
2026-07-01,2026-08-25,145.0,CE,5000,0,0,11.2
2026-07-01,2026-08-25,145.0,PE,0,0,0,5.86
2026-07-01,2026-08-25,147.5,CE,0,0,0,17.32
2026-07-01,2026-08-25,147.5,PE,0,0,0,5.72
2026-07-01,2026-08-25,150.0,CE,5000,0,1,20.0
2026-07-01,2026-08-25,150.0,PE,135000,30000,32,3.39
2026-07-01,2026-08-25,152.5,CE,0,0,0,14.34
2026-07-01,2026-08-25,152.5,PE,0,0,0,7.7
2026-07-01,2026-08-25,155.0,CE,0,0,0,17.51
2026-07-01,2026-08-25,155.0,PE,10000,5000,1,5.1
2026-07-01,2026-08-25,157.5,CE,0,0,0,11.73
2026-07-01,2026-08-25,157.5,PE,0,0,0,10.04
2026-07-01,2026-08-25,160.0,CE,30000,25000,11,10.8
2026-07-01,2026-08-25,160.0,PE,155000,75000,37,6.77
2026-07-01,2026-08-25,162.5,CE,0,0,0,9.48
2026-07-01,2026-08-25,162.5,PE,0,0,0,12.74
2026-07-01,2026-08-25,165.0,CE,15000,15000,6,9.04
2026-07-01,2026-08-25,165.0,PE,0,0,0,14.68
2026-07-01,2026-08-25,167.5,CE,0,0,0,7.58
2026-07-01,2026-08-25,167.5,PE,0,0,0,15.79
2026-07-01,2026-08-25,170.0,CE,65000,65000,16,6.5
2026-07-01,2026-08-25,170.0,PE,0,0,0,17.6
2026-07-01,2026-08-25,172.5,CE,0,0,0,5.98
2026-07-01,2026-08-25,172.5,PE,0,0,0,19.15
2026-07-01,2026-08-25,175.0,CE,5000,5000,1,6.1
2026-07-01,2026-08-25,175.0,PE,0,0,0,20.79
2026-07-01,2026-08-25,177.5,CE,0,0,0,4.68
2026-07-01,2026-08-25,177.5,PE,0,0,0,22.8
2026-07-01,2026-08-25,180.0,CE,25000,25000,7,3.56
2026-07-01,2026-08-25,180.0,PE,0,0,0,24.21
2026-07-01,2026-08-25,182.5,CE,0,0,0,3.62
2026-07-01,2026-08-25,182.5,PE,0,0,0,26.69
2026-07-01,2026-08-25,185.0,CE,5000,5000,1,3.0
2026-07-01,2026-08-25,185.0,PE,0,0,0,27.86
2026-07-01,2026-08-25,187.5,CE,0,0,0,2.77
2026-07-01,2026-08-25,187.5,PE,5000,5000,1,24.14
2026-07-01,2026-08-25,190.0,CE,10000,10000,2,2.2
2026-07-01,2026-08-25,190.0,PE,0,0,0,31.69
2026-07-01,2026-09-29,140.0,CE,0,0,0,25.29
2026-07-01,2026-09-29,140.0,PE,0,0,0,5.44
2026-07-01,2026-09-29,145.0,CE,0,0,0,22.02
2026-07-01,2026-09-29,145.0,PE,0,0,0,7.1
2026-07-01,2026-09-29,150.0,CE,0,0,0,19.06
2026-07-01,2026-09-29,150.0,PE,0,0,0,9.06
2026-07-01,2026-09-29,155.0,CE,0,0,0,16.38
2026-07-01,2026-09-29,155.0,PE,0,0,0,11.3
2026-07-01,2026-09-29,160.0,CE,0,0,0,13.99
2026-07-01,2026-09-29,160.0,PE,0,0,0,13.83
2026-07-01,2026-09-29,165.0,CE,0,0,0,11.87
2026-07-01,2026-09-29,165.0,PE,0,0,0,16.64
2026-07-01,2026-09-29,170.0,CE,0,0,0,10.01
2026-07-01,2026-09-29,170.0,PE,0,0,0,19.7
2026-07-01,2026-09-29,175.0,CE,0,0,0,8.4
2026-07-01,2026-09-29,175.0,PE,0,0,0,23.01
2026-07-01,2026-09-29,180.0,CE,0,0,0,7.0
2026-07-01,2026-09-29,180.0,PE,0,0,0,26.54
2026-07-01,2026-09-29,185.0,CE,0,0,0,5.82
2026-07-01,2026-09-29,185.0,PE,0,0,0,30.28
2026-07-02,2026-07-28,115.0,CE,25000,0,0,44.42
2026-07-02,2026-07-28,115.0,PE,215000,5000,12,0.06
2026-07-02,2026-07-28,120.0,CE,5000,0,0,27.5
2026-07-02,2026-07-28,120.0,PE,415000,5000,1,0.1
2026-07-02,2026-07-28,122.5,PE,65000,0,0,0.47
2026-07-02,2026-07-28,125.0,CE,10000,0,0,33.07
2026-07-02,2026-07-28,125.0,PE,30000,5000,3,0.1
2026-07-02,2026-07-28,127.5,CE,15000,0,0,27.65
2026-07-02,2026-07-28,127.5,PE,10000,0,0,1.5
2026-07-02,2026-07-28,130.0,CE,80000,0,0,29.0
2026-07-02,2026-07-28,130.0,PE,1025000,75000,52,0.14
2026-07-02,2026-07-28,132.5,CE,35000,25000,14,31.78
2026-07-02,2026-07-28,132.5,PE,55000,0,0,0.22
2026-07-02,2026-07-28,135.0,CE,45000,0,0,23.8
2026-07-02,2026-07-28,135.0,PE,840000,-50000,54,0.18
2026-07-02,2026-07-28,137.5,CE,10000,0,0,18.81
2026-07-02,2026-07-28,137.5,PE,240000,-15000,6,0.23
2026-07-02,2026-07-28,140.0,CE,1285000,-10000,9,25.3
2026-07-02,2026-07-28,140.0,PE,4065000,-200000,349,0.32
2026-07-02,2026-07-28,142.5,CE,25000,0,0,17.55
2026-07-02,2026-07-28,142.5,PE,335000,15000,86,0.42
2026-07-02,2026-07-28,145.0,CE,240000,-10000,26,20.81
2026-07-02,2026-07-28,145.0,PE,2225000,-195000,425,0.56
2026-07-02,2026-07-28,147.5,CE,85000,0,0,14.77
2026-07-02,2026-07-28,147.5,PE,790000,155000,361,0.77
2026-07-02,2026-07-28,150.0,CE,2030000,-145000,132,16.03
2026-07-02,2026-07-28,150.0,PE,5405000,80000,853,1.05
2026-07-02,2026-07-28,152.5,CE,610000,-5000,61,14.15
2026-07-02,2026-07-28,152.5,PE,1425000,70000,328,1.45
2026-07-02,2026-07-28,155.0,CE,2680000,-85000,294,12.04
2026-07-02,2026-07-28,155.0,PE,4165000,265000,950,1.96
2026-07-02,2026-07-28,157.5,CE,1120000,-5000,200,10.21
2026-07-02,2026-07-28,157.5,PE,2795000,-20000,494,2.62
2026-07-02,2026-07-28,160.0,CE,10825000,-1375000,1842,8.64
2026-07-02,2026-07-28,160.0,PE,10425000,510000,1892,3.44
2026-07-02,2026-07-28,162.5,CE,1840000,-395000,1070,7.14
2026-07-02,2026-07-28,162.5,PE,1565000,50000,823,4.43
2026-07-02,2026-07-28,165.0,CE,10925000,-6925000,7038,5.75
2026-07-02,2026-07-28,165.0,PE,2930000,405000,1409,5.59
2026-07-02,2026-07-28,167.5,CE,2200000,-185000,823,4.61
2026-07-02,2026-07-28,167.5,PE,940000,50000,232,6.97
2026-07-02,2026-07-28,170.0,CE,9905000,-1600000,4123,3.68
2026-07-02,2026-07-28,170.0,PE,2075000,130000,278,8.48
2026-07-02,2026-07-28,172.5,CE,1205000,145000,524,2.88
2026-07-02,2026-07-28,172.5,PE,180000,115000,75,10.25
2026-07-02,2026-07-28,175.0,CE,4870000,1410000,1906,2.28
2026-07-02,2026-07-28,175.0,PE,660000,40000,45,11.99
2026-07-02,2026-07-28,177.5,CE,1045000,95000,341,1.76
2026-07-02,2026-07-28,177.5,PE,90000,15000,4,13.99
2026-07-02,2026-07-28,180.0,CE,6615000,1110000,2054,1.35
2026-07-02,2026-07-28,180.0,PE,1705000,10000,43,16.17
2026-07-02,2026-07-28,182.5,CE,790000,-130000,351,1.03
2026-07-02,2026-07-28,182.5,PE,160000,65000,78,17.99
2026-07-02,2026-07-28,185.0,CE,3045000,110000,1006,0.78
2026-07-02,2026-07-28,185.0,PE,275000,35000,79,20.43
2026-07-02,2026-07-28,190.0,CE,3290000,0,891,0.47
2026-07-02,2026-07-28,190.0,PE,2290000,365000,95,25.09
2026-07-02,2026-07-28,200.0,CE,4560000,10000,846,0.2
2026-07-02,2026-07-28,200.0,PE,2325000,-15000,132,35.28
2026-07-02,2026-08-25,120.0,PE,5000,0,0,0.2
2026-07-02,2026-08-25,130.0,PE,20000,0,0,0.9
2026-07-02,2026-08-25,135.0,CE,0,0,0,30.72
2026-07-02,2026-08-25,135.0,PE,0,0,0,3.18
2026-07-02,2026-08-25,140.0,CE,0,0,0,27.0
2026-07-02,2026-08-25,140.0,PE,95000,-5000,4,1.26
2026-07-02,2026-08-25,145.0,CE,5000,0,0,11.2
2026-07-02,2026-08-25,145.0,PE,0,0,0,5.86
2026-07-02,2026-08-25,147.5,CE,0,0,0,17.32
2026-07-02,2026-08-25,147.5,PE,0,0,0,5.72
2026-07-02,2026-08-25,150.0,CE,5000,0,0,20.0
2026-07-02,2026-08-25,150.0,PE,130000,-5000,5,2.61
2026-07-02,2026-08-25,152.5,CE,0,0,0,14.34
2026-07-02,2026-08-25,152.5,PE,0,0,0,7.7
2026-07-02,2026-08-25,155.0,CE,0,0,0,17.51
2026-07-02,2026-08-25,155.0,PE,10000,0,0,5.1
2026-07-02,2026-08-25,157.5,CE,0,0,0,11.73
2026-07-02,2026-08-25,157.5,PE,0,0,0,10.04
2026-07-02,2026-08-25,160.0,CE,35000,5000,2,11.9
2026-07-02,2026-08-25,160.0,PE,170000,15000,34,5.58
2026-07-02,2026-08-25,162.5,CE,0,0,0,9.48
2026-07-02,2026-08-25,162.5,PE,0,0,0,12.74
2026-07-02,2026-08-25,165.0,CE,35000,20000,6,9.0
2026-07-02,2026-08-25,165.0,PE,0,0,0,14.68
2026-07-02,2026-08-25,167.5,CE,0,0,0,7.58
2026-07-02,2026-08-25,167.5,PE,0,0,0,15.79
2026-07-02,2026-08-25,170.0,CE,100000,35000,10,6.8
2026-07-02,2026-08-25,170.0,PE,0,0,0,17.6
2026-07-02,2026-08-25,172.5,CE,0,0,0,5.98
2026-07-02,2026-08-25,172.5,PE,0,0,0,19.15
2026-07-02,2026-08-25,175.0,CE,10000,5000,1,5.0
2026-07-02,2026-08-25,175.0,PE,5000,5000,1,12.8
2026-07-02,2026-08-25,177.5,CE,0,0,0,4.68
2026-07-02,2026-08-25,177.5,PE,0,0,0,22.8
2026-07-02,2026-08-25,180.0,CE,45000,20000,5,3.51
2026-07-02,2026-08-25,180.0,PE,0,0,0,24.21
2026-07-02,2026-08-25,185.0,CE,5000,0,0,3.0
2026-07-02,2026-08-25,185.0,PE,0,0,0,27.86
2026-07-02,2026-08-25,187.5,PE,5000,0,0,24.14
2026-07-02,2026-08-25,190.0,CE,10000,0,0,2.2
2026-07-02,2026-09-29,140.0,CE,0,0,0,25.29
2026-07-02,2026-09-29,140.0,PE,0,0,0,5.44
2026-07-02,2026-09-29,145.0,CE,0,0,0,22.02
2026-07-02,2026-09-29,145.0,PE,0,0,0,7.1
2026-07-02,2026-09-29,150.0,CE,0,0,0,19.06
2026-07-02,2026-09-29,150.0,PE,0,0,0,9.06
2026-07-02,2026-09-29,155.0,CE,0,0,0,16.38
2026-07-02,2026-09-29,155.0,PE,0,0,0,11.3
2026-07-02,2026-09-29,160.0,CE,0,0,0,13.99
2026-07-02,2026-09-29,160.0,PE,5000,5000,1,6.05
2026-07-02,2026-09-29,165.0,CE,0,0,0,11.87
2026-07-02,2026-09-29,165.0,PE,0,0,0,16.64
2026-07-02,2026-09-29,170.0,CE,0,0,0,10.01
2026-07-02,2026-09-29,170.0,PE,0,0,0,19.7
2026-07-02,2026-09-29,175.0,CE,0,0,0,8.4
2026-07-02,2026-09-29,175.0,PE,0,0,0,23.01
2026-07-02,2026-09-29,180.0,CE,0,0,0,7.0
2026-07-02,2026-09-29,180.0,PE,0,0,0,26.54
2026-07-03,2026-07-28,115.0,CE,25000,0,0,44.42
2026-07-03,2026-07-28,115.0,PE,215000,0,0,0.06
2026-07-03,2026-07-28,120.0,CE,20000,15000,4,46.52
2026-07-03,2026-07-28,120.0,PE,415000,0,4,0.09
2026-07-03,2026-07-28,122.5,PE,65000,0,0,0.47
2026-07-03,2026-07-28,125.0,CE,10000,0,1,42.17
2026-07-03,2026-07-28,125.0,PE,30000,0,0,0.1
2026-07-03,2026-07-28,127.5,CE,30000,15000,3,39.68
2026-07-03,2026-07-28,127.5,PE,10000,0,0,1.5
2026-07-03,2026-07-28,130.0,CE,80000,0,0,29.0
2026-07-03,2026-07-28,130.0,PE,1005000,-20000,131,0.1
2026-07-03,2026-07-28,132.5,CE,35000,0,0,31.78
2026-07-03,2026-07-28,132.5,PE,50000,-5000,8,0.06
2026-07-03,2026-07-28,135.0,CE,45000,0,0,23.8
2026-07-03,2026-07-28,135.0,PE,825000,-15000,60,0.16
2026-07-03,2026-07-28,137.5,CE,10000,0,6,29.27
2026-07-03,2026-07-28,137.5,PE,225000,-15000,13,0.2
2026-07-03,2026-07-28,140.0,CE,1295000,10000,3,26.96
2026-07-03,2026-07-28,140.0,PE,3715000,-350000,300,0.28
2026-07-03,2026-07-28,142.5,CE,105000,80000,21,24.43
2026-07-03,2026-07-28,142.5,PE,315000,-20000,15,0.29
2026-07-03,2026-07-28,145.0,CE,240000,0,2,21.12
2026-07-03,2026-07-28,145.0,PE,1850000,-375000,392,0.49
2026-07-03,2026-07-28,147.5,CE,85000,0,0,14.77
2026-07-03,2026-07-28,147.5,PE,1080000,290000,176,0.68
2026-07-03,2026-07-28,150.0,CE,1945000,-85000,263,15.82
2026-07-03,2026-07-28,150.0,PE,5635000,230000,744,0.94
2026-07-03,2026-07-28,152.5,CE,520000,-90000,68,14.31
2026-07-03,2026-07-28,152.5,PE,1220000,-205000,232,1.32
2026-07-03,2026-07-28,155.0,CE,2385000,-295000,195,11.51
2026-07-03,2026-07-28,155.0,PE,4165000,0,774,1.85
2026-07-03,2026-07-28,157.5,CE,1125000,5000,63,9.94
2026-07-03,2026-07-28,157.5,PE,2735000,-60000,368,2.5
2026-07-03,2026-07-28,160.0,CE,9715000,-1110000,1638,8.18
2026-07-03,2026-07-28,160.0,PE,10315000,-110000,1338,3.36
2026-07-03,2026-07-28,162.5,CE,1745000,-95000,508,6.75
2026-07-03,2026-07-28,162.5,PE,1575000,10000,728,4.37
2026-07-03,2026-07-28,165.0,CE,8000000,-2925000,3774,5.51
2026-07-03,2026-07-28,165.0,PE,3610000,680000,1687,5.54
2026-07-03,2026-07-28,167.5,CE,2815000,615000,1770,4.42
2026-07-03,2026-07-28,167.5,PE,1430000,490000,521,6.85
2026-07-03,2026-07-28,170.0,CE,11350000,1445000,6088,3.48
2026-07-03,2026-07-28,170.0,PE,2185000,110000,629,8.46
2026-07-03,2026-07-28,172.5,CE,1160000,-45000,571,2.69
2026-07-03,2026-07-28,172.5,PE,175000,-5000,18,10.27
2026-07-03,2026-07-28,175.0,CE,5390000,520000,2276,2.1
2026-07-03,2026-07-28,175.0,PE,690000,30000,33,12.25
2026-07-03,2026-07-28,177.5,CE,870000,-175000,430,1.58
2026-07-03,2026-07-28,177.5,PE,90000,0,0,13.99
2026-07-03,2026-07-28,180.0,CE,6615000,0,1712,1.21
2026-07-03,2026-07-28,180.0,PE,1695000,-10000,81,16.17
2026-07-03,2026-07-28,182.5,CE,920000,130000,230,0.93
2026-07-03,2026-07-28,182.5,PE,165000,5000,29,16.71
2026-07-03,2026-07-28,185.0,CE,3160000,115000,954,0.69
2026-07-03,2026-07-28,185.0,PE,260000,-15000,21,20.52
2026-07-03,2026-07-28,190.0,CE,3545000,255000,743,0.41
2026-07-03,2026-07-28,190.0,PE,2435000,145000,67,25.09
2026-07-03,2026-07-28,200.0,CE,4455000,-105000,500,0.17
2026-07-03,2026-07-28,200.0,PE,2320000,-5000,1,33.19
2026-07-03,2026-08-25,120.0,PE,5000,0,0,0.2
2026-07-03,2026-08-25,130.0,PE,20000,0,0,0.9
2026-07-03,2026-08-25,135.0,CE,0,0,0,30.72
2026-07-03,2026-08-25,135.0,PE,0,0,0,3.18
2026-07-03,2026-08-25,140.0,CE,0,0,0,27.0
2026-07-03,2026-08-25,140.0,PE,195000,100000,32,0.91
2026-07-03,2026-08-25,145.0,CE,5000,0,0,11.2
2026-07-03,2026-08-25,145.0,PE,0,0,0,5.86
2026-07-03,2026-08-25,147.5,CE,0,0,0,17.32
2026-07-03,2026-08-25,147.5,PE,0,0,0,5.72
2026-07-03,2026-08-25,150.0,CE,5000,0,0,20.0
2026-07-03,2026-08-25,150.0,PE,265000,135000,41,2.37
2026-07-03,2026-08-25,152.5,CE,0,0,0,14.34
2026-07-03,2026-08-25,152.5,PE,0,0,0,7.7
2026-07-03,2026-08-25,155.0,CE,0,0,0,17.51
2026-07-03,2026-08-25,155.0,PE,10000,0,0,5.1
2026-07-03,2026-08-25,157.5,CE,0,0,0,11.73
2026-07-03,2026-08-25,157.5,PE,0,0,0,10.04
2026-07-03,2026-08-25,160.0,CE,40000,5000,3,12.9
2026-07-03,2026-08-25,160.0,PE,210000,40000,33,5.42
2026-07-03,2026-08-25,162.5,CE,0,0,0,9.48
2026-07-03,2026-08-25,162.5,PE,0,0,0,12.74
2026-07-03,2026-08-25,165.0,CE,370000,335000,68,8.86
2026-07-03,2026-08-25,165.0,PE,0,0,0,14.68
2026-07-03,2026-08-25,167.5,CE,0,0,0,7.58
2026-07-03,2026-08-25,167.5,PE,0,0,0,15.79
2026-07-03,2026-08-25,170.0,CE,140000,40000,15,6.48
2026-07-03,2026-08-25,170.0,PE,55000,55000,11,10.49
2026-07-03,2026-08-25,172.5,CE,0,0,0,5.98
2026-07-03,2026-08-25,172.5,PE,0,0,0,19.15
2026-07-03,2026-08-25,175.0,CE,10000,0,0,5.0
2026-07-03,2026-08-25,175.0,PE,5000,0,0,12.8
2026-07-03,2026-08-25,177.5,CE,0,0,0,4.68
2026-07-03,2026-08-25,177.5,PE,0,0,0,22.8
2026-07-03,2026-08-25,180.0,CE,50000,5000,2,3.5
2026-07-03,2026-08-25,180.0,PE,0,0,0,24.21
2026-07-03,2026-08-25,185.0,CE,5000,0,0,3.0
2026-07-03,2026-08-25,185.0,PE,0,0,0,27.86
2026-07-03,2026-08-25,187.5,PE,5000,0,0,24.14
2026-07-03,2026-08-25,190.0,CE,220000,210000,58,1.9
2026-07-03,2026-08-25,190.0,PE,20000,20000,4,23.75
2026-07-03,2026-09-29,140.0,CE,0,0,0,25.29
2026-07-03,2026-09-29,140.0,PE,0,0,0,5.44
2026-07-03,2026-09-29,145.0,CE,0,0,0,22.02
2026-07-03,2026-09-29,145.0,PE,0,0,0,7.1
2026-07-03,2026-09-29,150.0,CE,0,0,0,19.06
2026-07-03,2026-09-29,150.0,PE,0,0,0,9.06
2026-07-03,2026-09-29,155.0,CE,0,0,0,16.38
2026-07-03,2026-09-29,155.0,PE,0,0,0,11.3
2026-07-03,2026-09-29,160.0,CE,0,0,0,13.99
2026-07-03,2026-09-29,160.0,PE,5000,0,0,6.05
2026-07-03,2026-09-29,165.0,CE,0,0,0,11.87
2026-07-03,2026-09-29,165.0,PE,0,0,0,16.64
2026-07-03,2026-09-29,170.0,CE,0,0,0,10.01
2026-07-03,2026-09-29,170.0,PE,0,0,0,19.7
2026-07-03,2026-09-29,175.0,CE,0,0,0,8.4
2026-07-03,2026-09-29,175.0,PE,0,0,0,23.01
2026-07-03,2026-09-29,180.0,CE,0,0,0,7.0
2026-07-03,2026-09-29,180.0,PE,0,0,0,26.54
