date,expiry,strike,opt_type,oi,chg_oi,volume,close
2026-06-11,2026-06-30,2000.0,PE,12750,0,0,0.4
2026-06-11,2026-06-30,2120.0,PE,250,0,0,0.55
2026-06-11,2026-06-30,2160.0,PE,13000,0,0,0.8
2026-06-11,2026-06-30,2200.0,CE,500,0,0,415.0
2026-06-11,2026-06-30,2200.0,PE,79250,15000,535,0.9
2026-06-11,2026-06-30,2220.0,PE,26500,250,1,1.5
2026-06-11,2026-06-30,2240.0,PE,5750,-250,5,1.05
2026-06-11,2026-06-30,2260.0,PE,42000,0,0,0.75
2026-06-11,2026-06-30,2280.0,PE,4250,0,0,0.95
2026-06-11,2026-06-30,2300.0,CE,6500,0,0,337.0
2026-06-11,2026-06-30,2300.0,PE,306500,-11750,404,1.25
2026-06-11,2026-06-30,2320.0,CE,0,0,0,75.65
2026-06-11,2026-06-30,2320.0,PE,12750,-500,2,1.5
2026-06-11,2026-06-30,2340.0,PE,39250,0,1,1.7
2026-06-11,2026-06-30,2360.0,CE,10500,0,0,358.95
2026-06-11,2026-06-30,2360.0,PE,18750,-750,4,1.85
2026-06-11,2026-06-30,2380.0,PE,11000,-1000,12,2.5
2026-06-11,2026-06-30,2400.0,CE,45500,-250,3,278.2
2026-06-11,2026-06-30,2400.0,PE,122750,-6750,95,3.0
2026-06-11,2026-06-30,2420.0,CE,0,0,0,153.15
2026-06-11,2026-06-30,2420.0,PE,21500,0,0,3.55
2026-06-11,2026-06-30,2440.0,CE,0,0,0,43.9
2026-06-11,2026-06-30,2440.0,PE,147750,1000,67,4.25
2026-06-11,2026-06-30,2460.0,CE,1000,0,0,193.95
2026-06-11,2026-06-30,2460.0,PE,51000,-750,40,5.5
2026-06-11,2026-06-30,2480.0,CE,250,0,0,111.35
2026-06-11,2026-06-30,2480.0,PE,50000,-500,7,7.55
2026-06-11,2026-06-30,2500.0,CE,27750,-1250,9,178.95
2026-06-11,2026-06-30,2500.0,PE,236000,-9000,352,8.3
2026-06-11,2026-06-30,2520.0,CE,0,0,0,29.55
2026-06-11,2026-06-30,2520.0,PE,139500,-1000,33,10.5
2026-06-11,2026-06-30,2540.0,CE,6000,3250,31,146.4
2026-06-11,2026-06-30,2540.0,PE,153750,-2000,69,12.9
2026-06-11,2026-06-30,2560.0,CE,31500,0,0,152.0
2026-06-11,2026-06-30,2560.0,PE,73750,-9000,142,15.95
2026-06-11,2026-06-30,2580.0,CE,26750,250,8,111.35
2026-06-11,2026-06-30,2580.0,PE,65250,-5000,130,19.9
2026-06-11,2026-06-30,2600.0,CE,114500,500,33,96.5
2026-06-11,2026-06-30,2600.0,PE,177250,4750,855,24.5
2026-06-11,2026-06-30,2620.0,CE,63250,-2250,37,81.85
2026-06-11,2026-06-30,2620.0,PE,80250,-9250,245,30.85
2026-06-11,2026-06-30,2640.0,CE,126750,-3500,72,70.0
2026-06-11,2026-06-30,2640.0,PE,189250,-750,276,37.85
2026-06-11,2026-06-30,2660.0,CE,119250,500,252,58.95
2026-06-11,2026-06-30,2660.0,PE,209750,-1750,608,45.8
2026-06-11,2026-06-30,2680.0,CE,175000,13750,497,48.65
2026-06-11,2026-06-30,2680.0,PE,188000,-3250,428,54.3
2026-06-11,2026-06-30,2700.0,CE,921250,-33500,2480,39.7
2026-06-11,2026-06-30,2700.0,PE,241250,-21750,1037,66.2
2026-06-11,2026-06-30,2720.0,CE,507250,9250,752,31.2
2026-06-11,2026-06-30,2720.0,PE,67500,-7250,280,78.25
2026-06-11,2026-06-30,2740.0,CE,889250,1250,800,24.65
2026-06-11,2026-06-30,2740.0,PE,129750,-3500,100,93.2
2026-06-11,2026-06-30,2760.0,CE,403000,-4500,447,19.55
2026-06-11,2026-06-30,2760.0,PE,125500,0,0,95.75
2026-06-11,2026-06-30,2780.0,CE,154500,-2000,422,15.6
2026-06-11,2026-06-30,2780.0,PE,15500,0,0,112.15
2026-06-11,2026-06-30,2800.0,CE,840750,1500,1537,12.45
2026-06-11,2026-06-30,2800.0,PE,57250,-2000,24,140.8
2026-06-11,2026-06-30,2820.0,CE,92500,0,77,9.8
2026-06-11,2026-06-30,2820.0,PE,0,0,0,353.7
2026-06-11,2026-06-30,2840.0,CE,85250,3000,172,7.8
2026-06-11,2026-06-30,2840.0,PE,17250,0,0,189.0
2026-06-11,2026-06-30,2860.0,CE,71500,-7000,212,6.4
2026-06-11,2026-06-30,2860.0,PE,750,0,0,151.9
2026-06-11,2026-06-30,2880.0,CE,183000,6250,242,4.9
2026-06-11,2026-06-30,2880.0,PE,250,0,0,181.2
2026-06-11,2026-06-30,2900.0,CE,494250,2500,646,4.3
2026-06-11,2026-06-30,2900.0,PE,0,0,0,424.0
2026-06-11,2026-06-30,2920.0,CE,57250,9000,56,3.75
2026-06-11,2026-06-30,2920.0,PE,250,0,0,230.0
2026-06-11,2026-06-30,2940.0,CE,23250,-1000,26,2.95
2026-06-11,2026-06-30,2940.0,PE,0,0,0,460.35
2026-06-11,2026-06-30,2960.0,CE,25750,-250,1,3.5
2026-06-11,2026-06-30,2960.0,PE,500,0,0,315.85
2026-06-11,2026-06-30,2980.0,CE,25250,-500,4,1.7
2026-06-11,2026-06-30,3000.0,CE,700500,-5000,649,1.7
2026-06-11,2026-06-30,3000.0,PE,29000,0,0,301.15
2026-06-11,2026-06-30,3040.0,CE,750,250,2,1.3
2026-06-11,2026-06-30,3040.0,PE,0,0,0,821.7
2026-06-11,2026-07-28,2320.0,CE,0,0,0,242.65
2026-06-11,2026-07-28,2320.0,PE,9000,-750,4,8.0
2026-06-11,2026-07-28,2360.0,CE,0,0,0,217.1
2026-06-11,2026-07-28,2360.0,PE,250,0,0,14.75
2026-06-11,2026-07-28,2400.0,CE,0,0,0,193.3
2026-06-11,2026-07-28,2400.0,PE,5250,0,0,10.5
2026-06-11,2026-07-28,2420.0,CE,0,0,0,287.25
2026-06-11,2026-07-28,2420.0,PE,750,0,0,16.3
2026-06-11,2026-07-28,2440.0,CE,0,0,0,171.3
2026-06-11,2026-07-28,2440.0,PE,11000,2250,12,18.1
2026-06-11,2026-07-28,2460.0,CE,0,0,0,257.4
2026-06-11,2026-07-28,2460.0,PE,2000,0,0,41.2
2026-06-11,2026-07-28,2480.0,CE,0,0,0,151.0
2026-06-11,2026-07-28,2480.0,PE,750,0,0,35.0
2026-06-11,2026-07-28,2500.0,CE,750,0,0,193.3
2026-06-11,2026-07-28,2500.0,PE,13000,250,18,26.95
2026-06-11,2026-07-28,2520.0,CE,0,0,0,132.5
2026-06-11,2026-07-28,2520.0,PE,1750,0,0,28.2
2026-06-11,2026-07-28,2540.0,CE,0,0,0,202.7
2026-06-11,2026-07-28,2540.0,PE,500,0,0,63.0
2026-06-11,2026-07-28,2560.0,CE,0,0,0,115.7
2026-06-11,2026-07-28,2560.0,PE,750,0,0,55.65
2026-06-11,2026-07-28,2580.0,CE,0,0,0,178.3
2026-06-11,2026-07-28,2580.0,PE,0,0,0,84.85
2026-06-11,2026-07-28,2600.0,CE,2750,0,0,159.0
2026-06-11,2026-07-28,2600.0,PE,9750,1000,20,53.0
2026-06-11,2026-07-28,2620.0,CE,250,0,0,110.0
2026-06-11,2026-07-28,2620.0,PE,0,0,0,101.95
2026-06-11,2026-07-28,2640.0,CE,250,0,0,133.5
2026-06-11,2026-07-28,2640.0,PE,1250,0,0,72.05
2026-06-11,2026-07-28,2660.0,CE,250,0,0,110.0
2026-06-11,2026-07-28,2660.0,PE,500,0,0,96.0
2026-06-11,2026-07-28,2680.0,CE,0,0,0,74.85
2026-06-11,2026-07-28,2680.0,PE,250,250,1,86.0
2026-06-11,2026-07-28,2700.0,CE,13000,0,9,85.35
2026-06-11,2026-07-28,2700.0,PE,17250,250,6,96.1
2026-06-11,2026-07-28,2720.0,CE,750,0,0,65.0
2026-06-11,2026-07-28,2720.0,PE,0,0,0,282.5
2026-06-11,2026-07-28,2740.0,CE,1250,250,1,68.0
2026-06-11,2026-07-28,2740.0,PE,1000,0,0,132.2
2026-06-11,2026-07-28,2760.0,CE,1250,0,0,125.25
2026-06-11,2026-07-28,2760.0,PE,0,0,0,312.65
2026-06-11,2026-07-28,2780.0,CE,3750,0,0,52.7
2026-06-11,2026-07-28,2780.0,PE,0,0,0,189.7
2026-06-11,2026-07-28,2800.0,CE,35250,500,22,43.0
2026-06-11,2026-07-28,2800.0,PE,500,0,0,165.0
2026-06-11,2026-07-28,2820.0,CE,750,0,0,49.0
2026-06-11,2026-07-28,2820.0,PE,0,0,0,216.2
2026-06-11,2026-07-28,2840.0,CE,6500,0,0,50.4
2026-06-11,2026-07-28,2840.0,PE,0,0,0,376.0
2026-06-11,2026-07-28,2860.0,CE,0,0,0,60.65
2026-06-11,2026-07-28,2860.0,PE,0,0,0,244.3
2026-06-11,2026-07-28,2880.0,CE,11750,0,2,26.5
2026-06-11,2026-07-28,2880.0,PE,0,0,0,409.2
2026-06-11,2026-07-28,2900.0,CE,17000,750,15,22.85
2026-06-11,2026-07-28,2900.0,PE,0,0,0,199.0
2026-06-11,2026-07-28,2920.0,CE,0,0,0,27.8
2026-06-11,2026-07-28,2920.0,PE,0,0,0,443.3
2026-06-11,2026-07-28,2940.0,CE,0,0,0,42.15
2026-06-11,2026-07-28,2940.0,PE,0,0,0,305.0
2026-06-11,2026-07-28,2960.0,CE,500,0,0,21.0
2026-06-11,2026-07-28,2960.0,PE,0,0,0,478.15
2026-06-11,2026-07-28,3000.0,CE,34000,5000,85,12.6
2026-06-11,2026-07-28,3000.0,PE,1250,0,0,349.0
2026-06-11,2026-07-28,3040.0,CE,0,0,0,16.0
2026-06-11,2026-07-28,3040.0,PE,0,0,0,549.75
2026-06-11,2026-08-25,2320.0,CE,0,0,0,391.05
2026-06-11,2026-08-25,2320.0,PE,0,0,0,29.75
2026-06-11,2026-08-25,2400.0,CE,0,0,0,328.65
2026-06-11,2026-08-25,2400.0,PE,0,0,0,46.2
2026-06-11,2026-08-25,2440.0,CE,0,0,0,299.55
2026-06-11,2026-08-25,2440.0,PE,0,0,0,33.9
2026-06-11,2026-08-25,2480.0,CE,0,0,0,271.75
2026-06-11,2026-08-25,2480.0,PE,0,0,0,68.1
2026-06-11,2026-08-25,2520.0,CE,0,0,0,245.65
2026-06-11,2026-08-25,2520.0,PE,0,0,0,81.4
2026-06-11,2026-08-25,2560.0,CE,0,0,0,221.1
2026-06-11,2026-08-25,2560.0,PE,0,0,0,96.3
2026-06-11,2026-08-25,2600.0,CE,250,0,0,211.1
2026-06-11,2026-08-25,2600.0,PE,0,0,0,112.8
2026-06-11,2026-08-25,2640.0,CE,0,0,0,177.0
2026-06-11,2026-08-25,2640.0,PE,0,0,0,130.95
2026-06-11,2026-08-25,2680.0,CE,0,0,0,157.35
2026-06-11,2026-08-25,2680.0,PE,0,0,0,150.75
2026-06-11,2026-08-25,2720.0,CE,0,0,0,139.3
2026-06-11,2026-08-25,2720.0,PE,0,0,0,172.1
2026-06-11,2026-08-25,2760.0,CE,0,0,0,122.85
2026-06-11,2026-08-25,2760.0,PE,0,0,0,195.05
2026-06-11,2026-08-25,2800.0,CE,250,0,0,100.0
2026-06-11,2026-08-25,2800.0,PE,0,0,0,219.5
2026-06-11,2026-08-25,2840.0,CE,0,0,0,94.35
2026-06-11,2026-08-25,2840.0,PE,0,0,0,245.4
2026-06-11,2026-08-25,2880.0,CE,0,0,0,82.2
2026-06-11,2026-08-25,2880.0,PE,0,0,0,272.65
2026-06-11,2026-08-25,2920.0,CE,0,0,0,71.35
2026-06-11,2026-08-25,2920.0,PE,0,0,0,301.2
2026-06-11,2026-08-25,2960.0,CE,0,0,0,61.85
2026-06-11,2026-08-25,2960.0,PE,0,0,0,331.1
2026-06-11,2026-08-25,3040.0,CE,0,0,0,45.65
2026-06-11,2026-08-25,3040.0,PE,0,0,0,393.75
2026-06-12,2026-06-30,2000.0,PE,12750,0,0,0.4
2026-06-12,2026-06-30,2120.0,PE,250,0,0,0.55
2026-06-12,2026-06-30,2160.0,PE,13000,0,0,0.8
2026-06-12,2026-06-30,2200.0,CE,500,0,0,415.0
2026-06-12,2026-06-30,2200.0,PE,66000,-13250,157,0.6
2026-06-12,2026-06-30,2220.0,PE,26500,0,0,1.5
2026-06-12,2026-06-30,2240.0,PE,5500,-250,2,1.0
2026-06-12,2026-06-30,2260.0,PE,41250,-750,4,0.95
2026-06-12,2026-06-30,2280.0,PE,4500,250,55,0.8
2026-06-12,2026-06-30,2300.0,CE,6500,0,0,337.0
2026-06-12,2026-06-30,2300.0,PE,291500,-15000,309,1.0
2026-06-12,2026-06-30,2320.0,CE,0,0,0,75.65
2026-06-12,2026-06-30,2320.0,PE,12250,-500,2,0.85
2026-06-12,2026-06-30,2340.0,PE,39250,0,0,1.7
2026-06-12,2026-06-30,2360.0,CE,10500,0,0,358.95
2026-06-12,2026-06-30,2360.0,PE,18750,0,0,1.85
2026-06-12,2026-06-30,2380.0,PE,10750,-250,4,2.0
2026-06-12,2026-06-30,2400.0,CE,45500,0,0,278.2
2026-06-12,2026-06-30,2400.0,PE,122000,-750,199,2.25
2026-06-12,2026-06-30,2420.0,CE,0,0,0,153.15
2026-06-12,2026-06-30,2420.0,PE,17500,-4000,81,2.6
2026-06-12,2026-06-30,2440.0,CE,0,0,0,43.9
2026-06-12,2026-06-30,2440.0,PE,145000,-2750,276,2.9
2026-06-12,2026-06-30,2460.0,CE,1000,0,0,193.95
2026-06-12,2026-06-30,2460.0,PE,42500,-8500,158,3.5
2026-06-12,2026-06-30,2480.0,CE,250,0,0,111.35
2026-06-12,2026-06-30,2480.0,PE,29250,-20750,136,4.05
2026-06-12,2026-06-30,2500.0,CE,27750,0,0,178.95
2026-06-12,2026-06-30,2500.0,PE,244250,8250,618,4.7
2026-06-12,2026-06-30,2520.0,CE,0,0,0,29.55
2026-06-12,2026-06-30,2520.0,PE,140750,1250,169,5.8
2026-06-12,2026-06-30,2540.0,CE,7750,1750,17,196.75
2026-06-12,2026-06-30,2540.0,PE,153500,-250,161,6.75
2026-06-12,2026-06-30,2560.0,CE,31500,0,21,177.1
2026-06-12,2026-06-30,2560.0,PE,77500,3750,284,7.9
2026-06-12,2026-06-30,2580.0,CE,27500,750,16,158.85
2026-06-12,2026-06-30,2580.0,PE,80000,14750,213,9.55
2026-06-12,2026-06-30,2600.0,CE,106750,-7750,153,138.6
2026-06-12,2026-06-30,2600.0,PE,210750,33500,1243,12.1
2026-06-12,2026-06-30,2620.0,CE,57000,-6250,79,124.7
2026-06-12,2026-06-30,2620.0,PE,74000,-6250,350,14.65
2026-06-12,2026-06-30,2640.0,CE,123500,-3250,117,106.9
2026-06-12,2026-06-30,2640.0,PE,187250,-2000,508,18.4
2026-06-12,2026-06-30,2660.0,CE,109250,-10000,324,91.95
2026-06-12,2026-06-30,2660.0,PE,209000,-750,927,22.95
2026-06-12,2026-06-30,2680.0,CE,163750,-11250,570,76.95
2026-06-12,2026-06-30,2680.0,PE,186750,-1250,732,29.05
2026-06-12,2026-06-30,2700.0,CE,858500,-62750,4795,63.55
2026-06-12,2026-06-30,2700.0,PE,292750,51500,2449,35.45
2026-06-12,2026-06-30,2720.0,CE,507250,0,2159,51.65
2026-06-12,2026-06-30,2720.0,PE,118250,50750,1645,44.0
2026-06-12,2026-06-30,2740.0,CE,883500,-5750,5367,42.5
2026-06-12,2026-06-30,2740.0,PE,134500,4750,1406,54.3
2026-06-12,2026-06-30,2760.0,CE,397500,-5500,3008,33.8
2026-06-12,2026-06-30,2760.0,PE,131500,6000,239,65.2
2026-06-12,2026-06-30,2780.0,CE,150750,-3750,1604,26.9
2026-06-12,2026-06-30,2780.0,PE,20000,4500,134,78.4
2026-06-12,2026-06-30,2800.0,CE,913500,72750,4866,21.5
2026-06-12,2026-06-30,2800.0,PE,53250,-4000,221,92.3
2026-06-12,2026-06-30,2820.0,CE,130250,37750,1406,16.85
2026-06-12,2026-06-30,2820.0,PE,250,250,1,116.0
2026-06-12,2026-06-30,2840.0,CE,132750,47500,1010,13.15
2026-06-12,2026-06-30,2840.0,PE,16000,-1250,68,124.85
2026-06-12,2026-06-30,2860.0,CE,95000,23500,496,10.2
2026-06-12,2026-06-30,2860.0,PE,750,0,0,151.9
2026-06-12,2026-06-30,2880.0,CE,211000,28000,526,8.05
2026-06-12,2026-06-30,2880.0,PE,250,0,0,181.2
2026-06-12,2026-06-30,2900.0,CE,508750,14500,1824,6.7
2026-06-12,2026-06-30,2900.0,PE,0,0,0,424.0
2026-06-12,2026-06-30,2920.0,CE,53250,-4000,108,5.35
2026-06-12,2026-06-30,2920.0,PE,250,0,0,230.0
2026-06-12,2026-06-30,2940.0,CE,23000,-250,70,4.25
2026-06-12,2026-06-30,2940.0,PE,0,0,0,460.35
2026-06-12,2026-06-30,2960.0,CE,20000,-5750,99,3.6
2026-06-12,2026-06-30,2960.0,PE,500,0,0,315.85
2026-06-12,2026-06-30,2980.0,CE,25000,-250,28,2.95
2026-06-12,2026-06-30,3000.0,CE,700500,0,1365,2.15
2026-06-12,2026-06-30,3000.0,PE,29000,0,2,295.0
2026-06-12,2026-06-30,3040.0,CE,1500,750,15,1.15
2026-06-12,2026-06-30,3040.0,PE,0,0,0,821.7
2026-06-12,2026-07-28,2320.0,CE,0,0,0,242.65
2026-06-12,2026-07-28,2320.0,PE,9000,0,2,5.6
2026-06-12,2026-07-28,2360.0,CE,0,0,0,217.1
2026-06-12,2026-07-28,2360.0,PE,250,0,0,14.75
2026-06-12,2026-07-28,2400.0,CE,0,0,0,193.3
2026-06-12,2026-07-28,2400.0,PE,6000,750,4,9.1
2026-06-12,2026-07-28,2420.0,CE,0,0,0,287.25
2026-06-12,2026-07-28,2420.0,PE,750,0,0,16.3
2026-06-12,2026-07-28,2440.0,CE,0,0,0,171.3
2026-06-12,2026-07-28,2440.0,PE,11250,250,7,12.6
2026-06-12,2026-07-28,2460.0,CE,0,0,0,257.4
2026-06-12,2026-07-28,2460.0,PE,2000,0,0,41.2
2026-06-12,2026-07-28,2480.0,CE,0,0,0,151.0
2026-06-12,2026-07-28,2480.0,PE,750,0,0,35.0
2026-06-12,2026-07-28,2500.0,CE,750,0,0,193.3
2026-06-12,2026-07-28,2500.0,PE,13750,750,70,17.8
2026-06-12,2026-07-28,2520.0,CE,0,0,0,132.5
2026-06-12,2026-07-28,2520.0,PE,1750,0,0,28.2
2026-06-12,2026-07-28,2540.0,CE,0,0,0,202.7
2026-06-12,2026-07-28,2540.0,PE,500,0,8,23.5
2026-06-12,2026-07-28,2560.0,CE,0,0,0,115.7
2026-06-12,2026-07-28,2560.0,PE,750,0,0,55.65
2026-06-12,2026-07-28,2580.0,CE,0,0,0,178.3
2026-06-12,2026-07-28,2580.0,PE,0,0,0,84.85
2026-06-12,2026-07-28,2600.0,CE,2750,0,0,159.0
2026-06-12,2026-07-28,2600.0,PE,14750,5000,53,35.4
2026-06-12,2026-07-28,2620.0,CE,250,0,0,110.0
2026-06-12,2026-07-28,2620.0,PE,0,0,0,101.95
2026-06-12,2026-07-28,2640.0,CE,250,0,0,133.5
2026-06-12,2026-07-28,2640.0,PE,1250,0,0,72.05
2026-06-12,2026-07-28,2660.0,CE,0,-250,1,135.0
2026-06-12,2026-07-28,2660.0,PE,500,0,0,96.0
2026-06-12,2026-07-28,2680.0,CE,0,0,0,74.85
2026-06-12,2026-07-28,2680.0,PE,750,500,3,60.0
2026-06-12,2026-07-28,2700.0,CE,21250,8250,38,106.0
2026-06-12,2026-07-28,2700.0,PE,17750,500,3,71.65
2026-06-12,2026-07-28,2720.0,CE,750,0,0,65.0
2026-06-12,2026-07-28,2720.0,PE,0,0,0,282.5
2026-06-12,2026-07-28,2740.0,CE,2500,1250,6,92.9
2026-06-12,2026-07-28,2740.0,PE,1000,0,0,132.2
2026-06-12,2026-07-28,2760.0,CE,1750,500,5,79.85
2026-06-12,2026-07-28,2760.0,PE,0,0,0,312.65
2026-06-12,2026-07-28,2780.0,CE,4500,750,3,69.0
2026-06-12,2026-07-28,2780.0,PE,0,0,0,189.7
2026-06-12,2026-07-28,2800.0,CE,40250,5000,70,60.9
2026-06-12,2026-07-28,2800.0,PE,2500,2000,8,116.1
2026-06-12,2026-07-28,2820.0,CE,750,0,0,49.0
2026-06-12,2026-07-28,2820.0,PE,0,0,0,216.2
2026-06-12,2026-07-28,2840.0,CE,6500,0,0,50.4
2026-06-12,2026-07-28,2840.0,PE,0,0,0,376.0
2026-06-12,2026-07-28,2860.0,CE,0,0,0,60.65
2026-06-12,2026-07-28,2860.0,PE,0,0,0,244.3
2026-06-12,2026-07-28,2880.0,CE,12000,250,2,35.65
2026-06-12,2026-07-28,2880.0,PE,0,0,0,409.2
2026-06-12,2026-07-28,2900.0,CE,23750,6750,60,31.55
2026-06-12,2026-07-28,2900.0,PE,0,0,0,199.0
2026-06-12,2026-07-28,2920.0,CE,0,0,0,27.8
2026-06-12,2026-07-28,2920.0,PE,0,0,0,443.3
2026-06-12,2026-07-28,2940.0,CE,0,0,0,42.15
2026-06-12,2026-07-28,2940.0,PE,0,0,0,305.0
2026-06-12,2026-07-28,2960.0,CE,500,0,0,21.0
2026-06-12,2026-07-28,2960.0,PE,0,0,0,478.15
2026-06-12,2026-07-28,3000.0,CE,35000,1000,119,15.1
2026-06-12,2026-07-28,3000.0,PE,1250,0,0,349.0
2026-06-12,2026-07-28,3040.0,CE,2250,2250,9,12.1
2026-06-12,2026-07-28,3040.0,PE,0,0,0,549.75
2026-06-12,2026-08-25,2320.0,CE,0,0,0,391.05
2026-06-12,2026-08-25,2320.0,PE,0,0,0,29.75
2026-06-12,2026-08-25,2400.0,CE,0,0,0,328.65
2026-06-12,2026-08-25,2400.0,PE,0,0,0,46.2
2026-06-12,2026-08-25,2440.0,CE,0,0,0,299.55
2026-06-12,2026-08-25,2440.0,PE,0,0,0,33.9
2026-06-12,2026-08-25,2480.0,CE,0,0,0,271.75
2026-06-12,2026-08-25,2480.0,PE,0,0,0,68.1
2026-06-12,2026-08-25,2520.0,CE,0,0,0,245.65
2026-06-12,2026-08-25,2520.0,PE,0,0,0,81.4
2026-06-12,2026-08-25,2560.0,CE,0,0,0,221.1
2026-06-12,2026-08-25,2560.0,PE,0,0,0,96.3
2026-06-12,2026-08-25,2600.0,CE,250,0,0,211.1
2026-06-12,2026-08-25,2600.0,PE,0,0,0,112.8
2026-06-12,2026-08-25,2640.0,CE,0,0,0,177.0
2026-06-12,2026-08-25,2640.0,PE,0,0,0,130.95
2026-06-12,2026-08-25,2680.0,CE,0,0,0,157.35
2026-06-12,2026-08-25,2680.0,PE,0,0,0,150.75
2026-06-12,2026-08-25,2720.0,CE,0,0,0,139.3
2026-06-12,2026-08-25,2720.0,PE,0,0,0,172.1
2026-06-12,2026-08-25,2760.0,CE,0,0,0,122.85
2026-06-12,2026-08-25,2760.0,PE,0,0,0,195.05
2026-06-12,2026-08-25,2800.0,CE,250,0,0,100.0
2026-06-12,2026-08-25,2800.0,PE,0,0,0,219.5
2026-06-12,2026-08-25,2840.0,CE,0,0,0,94.35
2026-06-12,2026-08-25,2840.0,PE,0,0,0,245.4
2026-06-12,2026-08-25,2880.0,CE,0,0,0,82.2
2026-06-12,2026-08-25,2880.0,PE,0,0,0,272.65
2026-06-12,2026-08-25,2920.0,CE,0,0,0,71.35
2026-06-12,2026-08-25,2920.0,PE,0,0,0,301.2
2026-06-12,2026-08-25,2960.0,CE,0,0,0,61.85
2026-06-12,2026-08-25,2960.0,PE,0,0,0,331.1
2026-06-12,2026-08-25,3040.0,CE,0,0,0,45.65
2026-06-12,2026-08-25,3040.0,PE,0,0,0,393.75
2026-06-15,2026-06-30,2000.0,PE,12750,0,0,0.4
2026-06-15,2026-06-30,2120.0,PE,250,0,0,0.55
2026-06-15,2026-06-30,2160.0,PE,13000,0,0,0.8
2026-06-15,2026-06-30,2200.0,CE,500,0,0,415.0
2026-06-15,2026-06-30,2200.0,PE,64500,-1500,37,0.4
2026-06-15,2026-06-30,2220.0,PE,26500,0,1,0.5
2026-06-15,2026-06-30,2240.0,PE,5500,0,0,1.0
2026-06-15,2026-06-30,2260.0,PE,40500,-750,3,0.5
2026-06-15,2026-06-30,2280.0,PE,3750,-750,8,0.5
2026-06-15,2026-06-30,2300.0,CE,6500,0,0,337.0
2026-06-15,2026-06-30,2300.0,PE,281500,-10000,595,0.4
2026-06-15,2026-06-30,2320.0,CE,0,0,0,75.65
2026-06-15,2026-06-30,2320.0,PE,9250,-3000,50,0.75
2026-06-15,2026-06-30,2340.0,PE,42000,2750,195,0.95
2026-06-15,2026-06-30,2360.0,CE,10500,0,0,358.95
2026-06-15,2026-06-30,2360.0,PE,18250,-500,98,0.75
2026-06-15,2026-06-30,2380.0,PE,9500,-1250,12,1.6
2026-06-15,2026-06-30,2400.0,CE,45250,-250,1,360.0
2026-06-15,2026-06-30,2400.0,PE,117000,-5000,239,1.55
2026-06-15,2026-06-30,2420.0,CE,0,0,0,153.15
2026-06-15,2026-06-30,2420.0,PE,15750,-1750,40,2.05
2026-06-15,2026-06-30,2440.0,CE,0,0,0,43.9
2026-06-15,2026-06-30,2440.0,PE,144250,-750,213,2.0
2026-06-15,2026-06-30,2460.0,CE,500,-500,2,269.95
2026-06-15,2026-06-30,2460.0,PE,31000,-11500,154,2.55
2026-06-15,2026-06-30,2480.0,CE,250,0,0,111.35
2026-06-15,2026-06-30,2480.0,PE,27250,-2000,63,2.95
2026-06-15,2026-06-30,2500.0,CE,27750,0,0,178.95
2026-06-15,2026-06-30,2500.0,PE,190000,-54250,1110,3.65
2026-06-15,2026-06-30,2520.0,CE,0,0,0,29.55
2026-06-15,2026-06-30,2520.0,PE,139750,-1000,163,4.45
2026-06-15,2026-06-30,2540.0,CE,7750,0,0,196.75
2026-06-15,2026-06-30,2540.0,PE,151000,-2500,268,5.35
2026-06-15,2026-06-30,2560.0,CE,31250,-250,7,167.9
2026-06-15,2026-06-30,2560.0,PE,65750,-11750,355,6.7
2026-06-15,2026-06-30,2580.0,CE,27250,-250,2,151.35
2026-06-15,2026-06-30,2580.0,PE,64000,-16000,346,8.4
2026-06-15,2026-06-30,2600.0,CE,97750,-9000,190,132.05
2026-06-15,2026-06-30,2600.0,PE,196750,-14000,1984,10.65
2026-06-15,2026-06-30,2620.0,CE,55250,-1750,26,113.95
2026-06-15,2026-06-30,2620.0,PE,95000,21000,949,13.4
2026-06-15,2026-06-30,2640.0,CE,118500,-5000,143,99.25
2026-06-15,2026-06-30,2640.0,PE,184500,-2750,1151,17.3
2026-06-15,2026-06-30,2660.0,CE,99750,-9500,305,85.3
2026-06-15,2026-06-30,2660.0,PE,152500,-56500,1563,22.5
2026-06-15,2026-06-30,2680.0,CE,171250,7500,378,69.8
2026-06-15,2026-06-30,2680.0,PE,173750,-13000,1506,28.95
2026-06-15,2026-06-30,2700.0,CE,845500,-13000,3503,57.55
2026-06-15,2026-06-30,2700.0,PE,226500,-66250,4924,36.1
2026-06-15,2026-06-30,2720.0,CE,498750,-8500,1400,47.1
2026-06-15,2026-06-30,2720.0,PE,79000,-39250,2059,46.0
2026-06-15,2026-06-30,2740.0,CE,929250,45750,6360,39.05
2026-06-15,2026-06-30,2740.0,PE,170250,35750,4971,56.55
2026-06-15,2026-06-30,2760.0,CE,495750,98250,6185,31.7
2026-06-15,2026-06-30,2760.0,PE,160500,29000,1853,69.9
2026-06-15,2026-06-30,2780.0,CE,402250,251500,5808,26.35
2026-06-15,2026-06-30,2780.0,PE,75750,55750,2494,83.65
2026-06-15,2026-06-30,2800.0,CE,1312250,398750,16172,21.7
2026-06-15,2026-06-30,2800.0,PE,124000,70750,3702,99.2
2026-06-15,2026-06-30,2820.0,CE,304750,174500,5878,17.55
2026-06-15,2026-06-30,2820.0,PE,21500,21250,484,114.95
2026-06-15,2026-06-30,2840.0,CE,393000,260250,5757,14.55
2026-06-15,2026-06-30,2840.0,PE,25750,9750,496,132.75
2026-06-15,2026-06-30,2860.0,CE,265500,170500,3234,11.95
2026-06-15,2026-06-30,2860.0,PE,750,0,0,151.9
2026-06-15,2026-06-30,2880.0,CE,286250,75250,2714,9.95
2026-06-15,2026-06-30,2880.0,PE,750,500,3,169.3
2026-06-15,2026-06-30,2900.0,CE,960750,452000,9028,8.35
2026-06-15,2026-06-30,2900.0,PE,3750,3750,94,174.15
2026-06-15,2026-06-30,2920.0,CE,87250,34000,658,6.9
2026-06-15,2026-06-30,2920.0,PE,250,0,0,230.0
2026-06-15,2026-06-30,2940.0,CE,45750,22750,387,5.65
2026-06-15,2026-06-30,2940.0,PE,0,0,0,460.35
2026-06-15,2026-06-30,2960.0,CE,42750,22750,514,4.85
2026-06-15,2026-06-30,2960.0,PE,500,0,0,315.85
2026-06-15,2026-06-30,2980.0,CE,72750,47750,728,4.2
2026-06-15,2026-06-30,3000.0,CE,777750,77250,4421,3.6
2026-06-15,2026-06-30,3000.0,PE,29000,0,4,240.05
2026-06-15,2026-06-30,3040.0,CE,63500,62000,643,2.75
2026-06-15,2026-06-30,3040.0,PE,0,0,0,821.7
2026-06-15,2026-06-30,3080.0,CE,0,0,0,4.45
2026-06-15,2026-06-30,3080.0,PE,0,0,0,682.25
2026-06-15,2026-07-28,2320.0,CE,0,0,0,242.65
2026-06-15,2026-07-28,2320.0,PE,10000,1000,12,5.0
2026-06-15,2026-07-28,2360.0,CE,0,0,0,217.1
2026-06-15,2026-07-28,2360.0,PE,250,0,0,14.75
2026-06-15,2026-07-28,2400.0,CE,0,0,0,193.3
2026-06-15,2026-07-28,2400.0,PE,5750,-250,16,7.95
2026-06-15,2026-07-28,2420.0,CE,0,0,0,287.25
2026-06-15,2026-07-28,2420.0,PE,750,0,0,16.3
2026-06-15,2026-07-28,2440.0,CE,0,0,0,171.3
2026-06-15,2026-07-28,2440.0,PE,11000,-250,12,12.8
2026-06-15,2026-07-28,2460.0,CE,0,0,0,257.4
2026-06-15,2026-07-28,2460.0,PE,2000,0,0,41.2
2026-06-15,2026-07-28,2480.0,CE,0,0,0,151.0
2026-06-15,2026-07-28,2480.0,PE,750,0,0,35.0
2026-06-15,2026-07-28,2500.0,CE,750,0,0,193.3
2026-06-15,2026-07-28,2500.0,PE,25750,12000,165,16.5
2026-06-15,2026-07-28,2520.0,CE,0,0,0,132.5
2026-06-15,2026-07-28,2520.0,PE,3250,1500,19,19.0
2026-06-15,2026-07-28,2540.0,CE,0,0,0,202.7
2026-06-15,2026-07-28,2540.0,PE,500,0,0,23.5
2026-06-15,2026-07-28,2560.0,CE,0,0,0,115.7
2026-06-15,2026-07-28,2560.0,PE,750,0,0,55.65
2026-06-15,2026-07-28,2580.0,CE,0,0,0,178.3
2026-06-15,2026-07-28,2580.0,PE,500,500,2,30.0
2026-06-15,2026-07-28,2600.0,CE,2750,0,1,200.0
2026-06-15,2026-07-28,2600.0,PE,15250,500,144,35.1
2026-06-15,2026-07-28,2620.0,CE,250,0,0,110.0
2026-06-15,2026-07-28,2620.0,PE,0,0,0,101.95
2026-06-15,2026-07-28,2640.0,CE,250,0,1,152.0
2026-06-15,2026-07-28,2640.0,PE,1250,0,0,72.05
2026-06-15,2026-07-28,2660.0,CE,0,0,0,135.0
2026-06-15,2026-07-28,2660.0,PE,500,0,0,96.0
2026-06-15,2026-07-28,2680.0,CE,250,250,1,115.0
2026-06-15,2026-07-28,2680.0,PE,750,0,0,60.0
2026-06-15,2026-07-28,2700.0,CE,24500,3250,59,106.5
2026-06-15,2026-07-28,2700.0,PE,15250,-2500,163,67.95
2026-06-15,2026-07-28,2720.0,CE,750,0,0,65.0
2026-06-15,2026-07-28,2720.0,PE,0,0,0,282.5
2026-06-15,2026-07-28,2740.0,CE,5500,3000,24,88.15
2026-06-15,2026-07-28,2740.0,PE,1250,250,1,87.0
2026-06-15,2026-07-28,2760.0,CE,2500,750,13,77.0
2026-06-15,2026-07-28,2760.0,PE,250,250,1,87.0
2026-06-15,2026-07-28,2780.0,CE,4500,0,5,69.0
2026-06-15,2026-07-28,2780.0,PE,0,0,0,189.7
2026-06-15,2026-07-28,2800.0,CE,58500,18250,289,60.75
2026-06-15,2026-07-28,2800.0,PE,13000,10500,94,120.6
2026-06-15,2026-07-28,2820.0,CE,1000,250,1,75.0
2026-06-15,2026-07-28,2820.0,PE,0,0,0,216.2
2026-06-15,2026-07-28,2840.0,CE,6500,0,0,50.4
2026-06-15,2026-07-28,2840.0,PE,0,0,0,376.0
2026-06-15,2026-07-28,2860.0,CE,2250,2250,9,44.0
2026-06-15,2026-07-28,2860.0,PE,0,0,0,244.3
2026-06-15,2026-07-28,2880.0,CE,12000,0,0,35.65
2026-06-15,2026-07-28,2880.0,PE,0,0,0,409.2
2026-06-15,2026-07-28,2900.0,CE,37000,13250,192,31.35
2026-06-15,2026-07-28,2900.0,PE,4000,4000,16,177.5
2026-06-15,2026-07-28,2920.0,CE,0,0,0,27.8
2026-06-15,2026-07-28,2920.0,PE,0,0,0,443.3
2026-06-15,2026-07-28,2940.0,CE,0,0,0,42.15
2026-06-15,2026-07-28,2940.0,PE,0,0,0,305.0
2026-06-15,2026-07-28,2960.0,CE,500,0,0,21.0
2026-06-15,2026-07-28,2960.0,PE,0,0,0,478.15
2026-06-15,2026-07-28,3000.0,CE,41750,6750,205,17.25
2026-06-15,2026-07-28,3000.0,PE,1500,250,1,278.0
2026-06-15,2026-07-28,3040.0,CE,5500,3250,35,14.75
2026-06-15,2026-07-28,3040.0,PE,0,0,0,549.75
2026-06-15,2026-07-28,3080.0,CE,5750,5750,43,10.6
2026-06-15,2026-07-28,3080.0,PE,0,0,0,586.4
2026-06-15,2026-08-25,2320.0,CE,0,0,0,391.05
2026-06-15,2026-08-25,2320.0,PE,0,0,0,29.75
2026-06-15,2026-08-25,2400.0,CE,0,0,0,328.65
2026-06-15,2026-08-25,2400.0,PE,0,0,0,46.2
2026-06-15,2026-08-25,2440.0,CE,0,0,0,299.55
2026-06-15,2026-08-25,2440.0,PE,0,0,0,33.9
2026-06-15,2026-08-25,2480.0,CE,0,0,0,271.75
2026-06-15,2026-08-25,2480.0,PE,0,0,0,68.1
2026-06-15,2026-08-25,2520.0,CE,0,0,0,245.65
2026-06-15,2026-08-25,2520.0,PE,0,0,0,81.4
2026-06-15,2026-08-25,2560.0,CE,0,0,0,221.1
2026-06-15,2026-08-25,2560.0,PE,0,0,0,96.3
2026-06-15,2026-08-25,2600.0,CE,250,0,0,211.1
2026-06-15,2026-08-25,2600.0,PE,0,0,0,112.8
2026-06-15,2026-08-25,2640.0,CE,0,0,0,177.0
2026-06-15,2026-08-25,2640.0,PE,0,0,0,130.95
2026-06-15,2026-08-25,2680.0,CE,0,0,0,157.35
2026-06-15,2026-08-25,2680.0,PE,0,0,0,150.75
2026-06-15,2026-08-25,2720.0,CE,0,0,0,139.3
2026-06-15,2026-08-25,2720.0,PE,0,0,0,172.1
2026-06-15,2026-08-25,2760.0,CE,1250,1250,5,110.0
2026-06-15,2026-08-25,2760.0,PE,0,0,0,195.05
2026-06-15,2026-08-25,2800.0,CE,750,500,2,110.0
2026-06-15,2026-08-25,2800.0,PE,0,0,0,219.5
2026-06-15,2026-08-25,2840.0,CE,0,0,0,94.35
2026-06-15,2026-08-25,2840.0,PE,0,0,0,245.4
2026-06-15,2026-08-25,2880.0,CE,0,0,0,82.2
2026-06-15,2026-08-25,2880.0,PE,0,0,0,272.65
2026-06-15,2026-08-25,2920.0,CE,0,0,0,71.35
2026-06-15,2026-08-25,2920.0,PE,0,0,0,301.2
2026-06-15,2026-08-25,2960.0,CE,0,0,0,61.85
2026-06-15,2026-08-25,2960.0,PE,0,0,0,331.1
2026-06-15,2026-08-25,3000.0,CE,0,0,0,53.2
2026-06-15,2026-08-25,3000.0,PE,0,0,0,361.85
2026-06-15,2026-08-25,3040.0,CE,0,0,0,45.65
2026-06-15,2026-08-25,3040.0,PE,0,0,0,393.75
2026-06-16,2026-06-30,2000.0,PE,12750,0,0,0.4
2026-06-16,2026-06-30,2120.0,PE,250,0,0,0.55
2026-06-16,2026-06-30,2160.0,PE,13000,0,0,0.8
2026-06-16,2026-06-30,2200.0,CE,500,0,0,415.0
2026-06-16,2026-06-30,2200.0,PE,62250,-2250,13,0.35
2026-06-16,2026-06-30,2220.0,PE,26500,0,1,0.45
2026-06-16,2026-06-30,2240.0,PE,5500,0,0,1.0
2026-06-16,2026-06-30,2260.0,PE,40250,-250,1,0.3
2026-06-16,2026-06-30,2280.0,PE,3750,0,5,0.3
2026-06-16,2026-06-30,2300.0,CE,6500,0,0,337.0
2026-06-16,2026-06-30,2300.0,PE,280750,-750,114,0.35
2026-06-16,2026-06-30,2320.0,CE,0,0,0,75.65
2026-06-16,2026-06-30,2320.0,PE,8750,-500,5,0.5
2026-06-16,2026-06-30,2340.0,PE,35000,-7000,50,0.6
2026-06-16,2026-06-30,2360.0,CE,10500,0,0,358.95
2026-06-16,2026-06-30,2360.0,PE,15750,-2500,14,0.8
2026-06-16,2026-06-30,2380.0,PE,7000,-2500,11,1.0
2026-06-16,2026-06-30,2400.0,CE,45000,-250,3,332.8
2026-06-16,2026-06-30,2400.0,PE,108750,-8250,88,1.3
2026-06-16,2026-06-30,2420.0,CE,0,0,0,153.15
2026-06-16,2026-06-30,2420.0,PE,15750,0,0,2.05
2026-06-16,2026-06-30,2440.0,CE,0,0,0,43.9
2026-06-16,2026-06-30,2440.0,PE,143500,-750,16,1.55
2026-06-16,2026-06-30,2460.0,CE,500,0,0,269.95
2026-06-16,2026-06-30,2460.0,PE,30750,-250,10,2.1
2026-06-16,2026-06-30,2480.0,CE,250,0,0,111.35
2026-06-16,2026-06-30,2480.0,PE,28250,1000,59,2.7
2026-06-16,2026-06-30,2500.0,CE,27750,0,0,178.95
2026-06-16,2026-06-30,2500.0,PE,175250,-14750,225,2.8
2026-06-16,2026-06-30,2520.0,CE,0,0,0,29.55
2026-06-16,2026-06-30,2520.0,PE,138500,-1250,8,3.0
2026-06-16,2026-06-30,2540.0,CE,7750,0,0,196.75
2026-06-16,2026-06-30,2540.0,PE,154250,3250,51,4.2
2026-06-16,2026-06-30,2560.0,CE,30500,-750,5,168.4
2026-06-16,2026-06-30,2560.0,PE,67750,2000,188,4.75
2026-06-16,2026-06-30,2580.0,CE,27250,0,0,151.35
2026-06-16,2026-06-30,2580.0,PE,67750,3750,339,6.2
2026-06-16,2026-06-30,2600.0,CE,99000,1250,40,134.15
2026-06-16,2026-06-30,2600.0,PE,204250,7500,735,7.85
2026-06-16,2026-06-30,2620.0,CE,55250,0,0,113.95
2026-06-16,2026-06-30,2620.0,PE,93750,-1250,414,10.2
2026-06-16,2026-06-30,2640.0,CE,118250,-250,66,102.05
2026-06-16,2026-06-30,2640.0,PE,181500,-3000,427,13.4
2026-06-16,2026-06-30,2660.0,CE,97750,-2000,94,85.5
2026-06-16,2026-06-30,2660.0,PE,160250,7750,436,17.35
2026-06-16,2026-06-30,2680.0,CE,177000,5750,243,70.1
2026-06-16,2026-06-30,2680.0,PE,175000,1250,662,22.6
2026-06-16,2026-06-30,2700.0,CE,842500,-3000,1762,56.9
2026-06-16,2026-06-30,2700.0,PE,218750,-7750,1400,29.6
2026-06-16,2026-06-30,2720.0,CE,498000,-750,579,45.75
2026-06-16,2026-06-30,2720.0,PE,94250,15250,794,38.15
2026-06-16,2026-06-30,2740.0,CE,930000,750,3669,36.6
2026-06-16,2026-06-30,2740.0,PE,152000,-18250,1301,48.85
2026-06-16,2026-06-30,2760.0,CE,468750,-27000,4169,29.25
2026-06-16,2026-06-30,2760.0,PE,152500,-8000,877,61.3
2026-06-16,2026-06-30,2780.0,CE,399750,-2500,1857,23.6
2026-06-16,2026-06-30,2780.0,PE,74000,-1750,339,75.05
2026-06-16,2026-06-30,2800.0,CE,1257500,-54750,4162,19.0
2026-06-16,2026-06-30,2800.0,PE,118000,-6000,488,90.7
2026-06-16,2026-06-30,2820.0,CE,267750,-37000,1166,15.1
2026-06-16,2026-06-30,2820.0,PE,19250,-2250,73,107.85
2026-06-16,2026-06-30,2840.0,CE,420750,27750,1208,12.6
2026-06-16,2026-06-30,2840.0,PE,27750,2000,17,125.95
2026-06-16,2026-06-30,2860.0,CE,272750,7250,468,10.05
2026-06-16,2026-06-30,2860.0,PE,750,0,0,151.9
2026-06-16,2026-06-30,2880.0,CE,305750,19500,677,8.45
2026-06-16,2026-06-30,2880.0,PE,750,0,0,169.3
2026-06-16,2026-06-30,2900.0,CE,1055500,94750,2395,7.2
2026-06-16,2026-06-30,2900.0,PE,3750,0,0,174.15
2026-06-16,2026-06-30,2920.0,CE,96750,9500,447,5.95
2026-06-16,2026-06-30,2920.0,PE,250,0,0,230.0
2026-06-16,2026-06-30,2940.0,CE,50000,4250,200,5.05
2026-06-16,2026-06-30,2940.0,PE,0,0,0,460.35
2026-06-16,2026-06-30,2960.0,CE,45250,2500,105,4.35
2026-06-16,2026-06-30,2960.0,PE,500,0,0,315.85
2026-06-16,2026-06-30,2980.0,CE,63500,-9250,74,3.65
2026-06-16,2026-06-30,3000.0,CE,794500,16750,871,3.1
2026-06-16,2026-06-30,3000.0,PE,29000,0,0,240.05
2026-06-16,2026-06-30,3040.0,CE,62250,-1250,35,2.6
2026-06-16,2026-06-30,3040.0,PE,0,0,0,821.7
2026-06-16,2026-06-30,3080.0,CE,0,0,0,4.45
2026-06-16,2026-06-30,3080.0,PE,0,0,0,682.25
2026-06-16,2026-07-28,2320.0,CE,0,0,0,242.65
2026-06-16,2026-07-28,2320.0,PE,10000,0,1,4.5
2026-06-16,2026-07-28,2360.0,CE,0,0,0,217.1
2026-06-16,2026-07-28,2360.0,PE,250,0,0,14.75
2026-06-16,2026-07-28,2400.0,CE,0,0,0,193.3
2026-06-16,2026-07-28,2400.0,PE,6000,250,40,6.4
2026-06-16,2026-07-28,2420.0,CE,0,0,0,287.25
2026-06-16,2026-07-28,2420.0,PE,750,0,0,16.3
2026-06-16,2026-07-28,2440.0,CE,0,0,0,171.3
2026-06-16,2026-07-28,2440.0,PE,10750,-250,6,9.15
2026-06-16,2026-07-28,2460.0,CE,0,0,0,257.4
2026-06-16,2026-07-28,2460.0,PE,2000,0,0,41.2
2026-06-16,2026-07-28,2480.0,CE,0,0,0,151.0
2026-06-16,2026-07-28,2480.0,PE,750,0,0,35.0
2026-06-16,2026-07-28,2500.0,CE,750,0,4,256.5
2026-06-16,2026-07-28,2500.0,PE,30250,4500,37,14.15
2026-06-16,2026-07-28,2520.0,CE,0,0,0,132.5
2026-06-16,2026-07-28,2520.0,PE,3250,0,0,19.0
2026-06-16,2026-07-28,2540.0,CE,0,0,0,202.7
2026-06-16,2026-07-28,2540.0,PE,500,0,0,23.5
2026-06-16,2026-07-28,2560.0,CE,0,0,0,115.7
2026-06-16,2026-07-28,2560.0,PE,750,0,0,55.65
2026-06-16,2026-07-28,2580.0,CE,0,0,0,178.3
2026-06-16,2026-07-28,2580.0,PE,500,0,0,30.0
2026-06-16,2026-07-28,2600.0,CE,2750,0,0,200.0
2026-06-16,2026-07-28,2600.0,PE,22000,6750,65,30.8
2026-06-16,2026-07-28,2620.0,CE,250,0,0,110.0
2026-06-16,2026-07-28,2620.0,PE,250,250,1,35.0
2026-06-16,2026-07-28,2640.0,CE,250,0,0,152.0
2026-06-16,2026-07-28,2640.0,PE,1250,0,0,72.05
2026-06-16,2026-07-28,2660.0,CE,0,0,0,135.0
2026-06-16,2026-07-28,2660.0,PE,500,0,0,96.0
2026-06-16,2026-07-28,2680.0,CE,250,0,0,115.0
2026-06-16,2026-07-28,2680.0,PE,750,0,0,60.0
2026-06-16,2026-07-28,2700.0,CE,25750,1250,32,106.25
2026-06-16,2026-07-28,2700.0,PE,17500,2250,33,63.0
2026-06-16,2026-07-28,2720.0,CE,750,0,0,65.0
2026-06-16,2026-07-28,2720.0,PE,0,0,0,282.5
2026-06-16,2026-07-28,2740.0,CE,7750,2250,16,85.65
2026-06-16,2026-07-28,2740.0,PE,1250,0,1,69.85
2026-06-16,2026-07-28,2760.0,CE,3750,1250,13,76.1
2026-06-16,2026-07-28,2760.0,PE,250,0,1,87.0
2026-06-16,2026-07-28,2780.0,CE,4500,0,0,69.0
2026-06-16,2026-07-28,2780.0,PE,0,0,0,189.7
2026-06-16,2026-07-28,2800.0,CE,66000,7500,79,59.4
2026-06-16,2026-07-28,2800.0,PE,13000,0,1,105.0
2026-06-16,2026-07-28,2820.0,CE,1000,0,0,75.0
2026-06-16,2026-07-28,2820.0,PE,0,0,0,216.2
2026-06-16,2026-07-28,2840.0,CE,6750,250,3,49.85
2026-06-16,2026-07-28,2840.0,PE,0,0,0,376.0
2026-06-16,2026-07-28,2860.0,CE,3250,1000,11,46.4
2026-06-16,2026-07-28,2860.0,PE,0,0,0,244.3
2026-06-16,2026-07-28,2880.0,CE,12000,0,0,35.65
2026-06-16,2026-07-28,2880.0,PE,0,0,0,409.2
2026-06-16,2026-07-28,2900.0,CE,39500,2500,62,30.7
2026-06-16,2026-07-28,2900.0,PE,4000,0,0,177.5
2026-06-16,2026-07-28,2920.0,CE,0,0,0,27.8
2026-06-16,2026-07-28,2920.0,PE,0,0,0,443.3
2026-06-16,2026-07-28,2940.0,CE,0,0,0,42.15
2026-06-16,2026-07-28,2940.0,PE,0,0,0,305.0
2026-06-16,2026-07-28,2960.0,CE,500,0,0,21.0
2026-06-16,2026-07-28,2960.0,PE,0,0,0,478.15
2026-06-16,2026-07-28,3000.0,CE,50250,8500,75,16.05
2026-06-16,2026-07-28,3000.0,PE,1500,0,0,278.0
2026-06-16,2026-07-28,3040.0,CE,5500,0,19,12.6
2026-06-16,2026-07-28,3040.0,PE,0,0,0,549.75
2026-06-16,2026-07-28,3080.0,CE,6500,750,8,9.95
2026-06-16,2026-07-28,3080.0,PE,0,0,0,586.4
2026-06-16,2026-08-25,2320.0,CE,0,0,0,391.05
2026-06-16,2026-08-25,2320.0,PE,0,0,0,29.75
2026-06-16,2026-08-25,2400.0,CE,0,0,0,328.65
2026-06-16,2026-08-25,2400.0,PE,0,0,0,46.2
2026-06-16,2026-08-25,2440.0,CE,0,0,0,299.55
2026-06-16,2026-08-25,2440.0,PE,0,0,0,33.9
2026-06-16,2026-08-25,2480.0,CE,0,0,0,271.75
2026-06-16,2026-08-25,2480.0,PE,0,0,0,68.1
2026-06-16,2026-08-25,2520.0,CE,0,0,0,245.65
2026-06-16,2026-08-25,2520.0,PE,0,0,0,81.4
2026-06-16,2026-08-25,2560.0,CE,0,0,0,221.1
2026-06-16,2026-08-25,2560.0,PE,0,0,0,96.3
2026-06-16,2026-08-25,2600.0,CE,250,0,0,211.1
2026-06-16,2026-08-25,2600.0,PE,0,0,0,112.8
2026-06-16,2026-08-25,2640.0,CE,0,0,0,177.0
2026-06-16,2026-08-25,2640.0,PE,0,0,0,130.95
2026-06-16,2026-08-25,2680.0,CE,0,0,0,157.35
2026-06-16,2026-08-25,2680.0,PE,0,0,0,150.75
2026-06-16,2026-08-25,2720.0,CE,0,0,0,139.3
2026-06-16,2026-08-25,2720.0,PE,0,0,0,172.1
2026-06-16,2026-08-25,2760.0,CE,1250,0,0,110.0
2026-06-16,2026-08-25,2760.0,PE,0,0,0,195.05
2026-06-16,2026-08-25,2800.0,CE,750,0,0,110.0
2026-06-16,2026-08-25,2800.0,PE,0,0,0,219.5
2026-06-16,2026-08-25,2840.0,CE,0,0,0,94.35
2026-06-16,2026-08-25,2840.0,PE,0,0,0,245.4
2026-06-16,2026-08-25,2880.0,CE,0,0,0,82.2
2026-06-16,2026-08-25,2880.0,PE,0,0,0,272.65
2026-06-16,2026-08-25,2920.0,CE,0,0,0,71.35
2026-06-16,2026-08-25,2920.0,PE,0,0,0,301.2
2026-06-16,2026-08-25,2960.0,CE,0,0,0,61.85
2026-06-16,2026-08-25,2960.0,PE,0,0,0,331.1
2026-06-16,2026-08-25,3000.0,CE,0,0,0,53.2
2026-06-16,2026-08-25,3000.0,PE,0,0,0,361.85
2026-06-16,2026-08-25,3040.0,CE,0,0,0,45.65
2026-06-16,2026-08-25,3040.0,PE,0,0,0,393.75
2026-06-17,2026-06-30,2000.0,PE,12750,0,0,0.4
2026-06-17,2026-06-30,2120.0,PE,250,0,0,0.55
2026-06-17,2026-06-30,2160.0,PE,13000,0,0,0.8
2026-06-17,2026-06-30,2200.0,CE,500,0,0,415.0
2026-06-17,2026-06-30,2200.0,PE,61500,-750,4,0.3
2026-06-17,2026-06-30,2220.0,PE,27500,1000,20,0.65
2026-06-17,2026-06-30,2240.0,PE,5500,0,0,1.0
2026-06-17,2026-06-30,2260.0,PE,13500,-26750,180,0.45
2026-06-17,2026-06-30,2280.0,PE,3750,0,0,0.3
2026-06-17,2026-06-30,2300.0,CE,6500,0,0,337.0
2026-06-17,2026-06-30,2300.0,PE,274750,-6000,92,0.35
2026-06-17,2026-06-30,2320.0,CE,0,0,0,75.65
2026-06-17,2026-06-30,2320.0,PE,8000,-750,9,0.6
2026-06-17,2026-06-30,2340.0,PE,34500,-500,8,0.45
2026-06-17,2026-06-30,2360.0,CE,10500,0,0,358.95
2026-06-17,2026-06-30,2360.0,PE,9500,-6250,33,0.85
2026-06-17,2026-06-30,2380.0,PE,7000,0,4,0.8
2026-06-17,2026-06-30,2400.0,CE,44750,-250,3,317.5
2026-06-17,2026-06-30,2400.0,PE,104500,-4250,532,1.2
2026-06-17,2026-06-30,2420.0,CE,0,0,0,153.15
2026-06-17,2026-06-30,2420.0,PE,15750,0,0,2.05
2026-06-17,2026-06-30,2440.0,CE,0,0,0,43.9
2026-06-17,2026-06-30,2440.0,PE,143500,0,3,1.5
2026-06-17,2026-06-30,2460.0,CE,500,0,0,269.95
2026-06-17,2026-06-30,2460.0,PE,32250,1500,38,1.75
2026-06-17,2026-06-30,2480.0,CE,250,0,0,111.35
2026-06-17,2026-06-30,2480.0,PE,28000,-250,5,2.15
2026-06-17,2026-06-30,2500.0,CE,27250,-500,2,222.5
2026-06-17,2026-06-30,2500.0,PE,200750,25500,623,2.4
2026-06-17,2026-06-30,2520.0,CE,0,0,0,29.55
2026-06-17,2026-06-30,2520.0,PE,138250,-250,30,3.2
2026-06-17,2026-06-30,2540.0,CE,7750,0,0,196.75
2026-06-17,2026-06-30,2540.0,PE,154750,500,37,3.6
2026-06-17,2026-06-30,2560.0,CE,30500,0,0,168.4
2026-06-17,2026-06-30,2560.0,PE,60750,-7000,49,4.15
2026-06-17,2026-06-30,2580.0,CE,27250,0,0,151.35
2026-06-17,2026-06-30,2580.0,PE,64750,-3000,156,5.6
2026-06-17,2026-06-30,2600.0,CE,96750,-2250,55,131.5
2026-06-17,2026-06-30,2600.0,PE,193250,-11000,609,7.2
2026-06-17,2026-06-30,2620.0,CE,55250,0,0,113.95
2026-06-17,2026-06-30,2620.0,PE,84250,-9500,343,9.4
2026-06-17,2026-06-30,2640.0,CE,121000,2750,53,97.95
2026-06-17,2026-06-30,2640.0,PE,198500,17000,427,12.65
2026-06-17,2026-06-30,2660.0,CE,94500,-3250,97,81.3
2026-06-17,2026-06-30,2660.0,PE,154250,-6000,423,16.85
2026-06-17,2026-06-30,2680.0,CE,177500,500,187,67.25
2026-06-17,2026-06-30,2680.0,PE,156750,-18250,498,22.65
2026-06-17,2026-06-30,2700.0,CE,843000,500,1100,53.7
2026-06-17,2026-06-30,2700.0,PE,233250,14500,1518,29.5
2026-06-17,2026-06-30,2720.0,CE,503750,5750,878,43.65
2026-06-17,2026-06-30,2720.0,PE,106500,12250,672,38.35
2026-06-17,2026-06-30,2740.0,CE,936500,6500,3025,34.25
2026-06-17,2026-06-30,2740.0,PE,161000,9000,1012,49.5
2026-06-17,2026-06-30,2760.0,CE,520500,51750,3017,27.15
2026-06-17,2026-06-30,2760.0,PE,157250,4750,636,61.2
2026-06-17,2026-06-30,2780.0,CE,432000,32250,1590,21.85
2026-06-17,2026-06-30,2780.0,PE,77250,3250,203,75.85
2026-06-17,2026-06-30,2800.0,CE,1299000,41500,3155,17.5
2026-06-17,2026-06-30,2800.0,PE,110250,-7750,443,91.45
2026-06-17,2026-06-30,2820.0,CE,259250,-8500,1247,14.05
2026-06-17,2026-06-30,2820.0,PE,19000,-250,9,110.15
2026-06-17,2026-06-30,2840.0,CE,424750,4000,1131,11.2
2026-06-17,2026-06-30,2840.0,PE,27750,0,0,125.95
2026-06-17,2026-06-30,2860.0,CE,253250,-19500,492,9.0
2026-06-17,2026-06-30,2860.0,PE,750,0,0,151.9
2026-06-17,2026-06-30,2880.0,CE,268250,-37500,579,7.45
2026-06-17,2026-06-30,2880.0,PE,750,0,0,169.3
2026-06-17,2026-06-30,2900.0,CE,1043000,-12500,1802,6.3
2026-06-17,2026-06-30,2900.0,PE,4000,250,36,186.1
2026-06-17,2026-06-30,2920.0,CE,86250,-10500,201,5.0
2026-06-17,2026-06-30,2920.0,PE,250,0,0,230.0
2026-06-17,2026-06-30,2940.0,CE,57500,7500,85,4.2
2026-06-17,2026-06-30,2940.0,PE,0,0,0,460.35
2026-06-17,2026-06-30,2960.0,CE,46500,1250,73,3.65
2026-06-17,2026-06-30,2960.0,PE,250,-250,1,233.75
2026-06-17,2026-06-30,2980.0,CE,59000,-4500,107,3.05
2026-06-17,2026-06-30,3000.0,CE,916750,122250,1580,2.6
2026-06-17,2026-06-30,3000.0,PE,29000,0,0,240.05
2026-06-17,2026-06-30,3040.0,CE,59000,-3250,120,2.25
2026-06-17,2026-06-30,3040.0,PE,0,0,0,821.7
2026-06-17,2026-06-30,3080.0,CE,0,0,0,4.45
2026-06-17,2026-06-30,3080.0,PE,0,0,0,682.25
2026-06-17,2026-07-28,2320.0,CE,0,0,0,242.65
2026-06-17,2026-07-28,2320.0,PE,10000,0,2,3.95
2026-06-17,2026-07-28,2360.0,CE,0,0,0,217.1
2026-06-17,2026-07-28,2360.0,PE,250,0,0,14.75
2026-06-17,2026-07-28,2400.0,CE,0,0,0,193.3
2026-06-17,2026-07-28,2400.0,PE,6750,750,20,6.4
2026-06-17,2026-07-28,2420.0,CE,0,0,0,287.25
2026-06-17,2026-07-28,2420.0,PE,750,0,0,16.3
2026-06-17,2026-07-28,2440.0,CE,0,0,0,171.3
2026-06-17,2026-07-28,2440.0,PE,10750,0,0,9.15
2026-06-17,2026-07-28,2460.0,CE,0,0,0,257.4
2026-06-17,2026-07-28,2460.0,PE,2000,0,0,41.2
2026-06-17,2026-07-28,2480.0,CE,0,0,0,151.0
2026-06-17,2026-07-28,2480.0,PE,750,0,0,35.0
2026-06-17,2026-07-28,2500.0,CE,1750,1000,4,247.75
2026-06-17,2026-07-28,2500.0,PE,30000,-250,61,14.2
2026-06-17,2026-07-28,2520.0,CE,0,0,0,132.5
2026-06-17,2026-07-28,2520.0,PE,3250,0,0,19.0
2026-06-17,2026-07-28,2540.0,CE,0,0,0,202.7
2026-06-17,2026-07-28,2540.0,PE,500,0,0,23.5
2026-06-17,2026-07-28,2560.0,CE,0,0,0,115.7
2026-06-17,2026-07-28,2560.0,PE,750,0,0,55.65
2026-06-17,2026-07-28,2580.0,CE,0,0,0,178.3
2026-06-17,2026-07-28,2580.0,PE,500,0,0,30.0
2026-06-17,2026-07-28,2600.0,CE,2750,0,0,200.0
2026-06-17,2026-07-28,2600.0,PE,23500,1500,48,30.25
2026-06-17,2026-07-28,2620.0,CE,250,0,0,110.0
2026-06-17,2026-07-28,2620.0,PE,250,0,0,35.0
2026-06-17,2026-07-28,2640.0,CE,250,0,0,152.0
2026-06-17,2026-07-28,2640.0,PE,1250,0,0,72.05
2026-06-17,2026-07-28,2660.0,CE,0,0,0,135.0
2026-06-17,2026-07-28,2660.0,PE,500,0,0,96.0
2026-06-17,2026-07-28,2680.0,CE,250,0,0,115.0
2026-06-17,2026-07-28,2680.0,PE,1000,250,1,57.0
2026-06-17,2026-07-28,2700.0,CE,26750,1000,103,102.2
2026-06-17,2026-07-28,2700.0,PE,23500,6000,43,62.75
2026-06-17,2026-07-28,2720.0,CE,750,0,0,65.0
2026-06-17,2026-07-28,2720.0,PE,0,0,0,282.5
2026-06-17,2026-07-28,2740.0,CE,10500,2750,13,82.1
2026-06-17,2026-07-28,2740.0,PE,1250,0,1,72.9
2026-06-17,2026-07-28,2760.0,CE,4750,1000,4,74.25
2026-06-17,2026-07-28,2760.0,PE,250,0,3,95.0
2026-06-17,2026-07-28,2780.0,CE,4500,0,0,69.0
2026-06-17,2026-07-28,2780.0,PE,0,0,0,189.7
2026-06-17,2026-07-28,2800.0,CE,75250,9250,91,57.0
2026-06-17,2026-07-28,2800.0,PE,13000,0,0,105.0
2026-06-17,2026-07-28,2820.0,CE,1000,0,0,75.0
2026-06-17,2026-07-28,2820.0,PE,0,0,0,216.2
2026-06-17,2026-07-28,2840.0,CE,7000,250,4,46.5
2026-06-17,2026-07-28,2840.0,PE,0,0,0,376.0
2026-06-17,2026-07-28,2860.0,CE,3250,0,0,46.4
2026-06-17,2026-07-28,2860.0,PE,0,0,0,244.3
2026-06-17,2026-07-28,2880.0,CE,12000,0,0,35.65
2026-06-17,2026-07-28,2880.0,PE,0,0,0,409.2
2026-06-17,2026-07-28,2900.0,CE,38250,-1250,74,29.0
2026-06-17,2026-07-28,2900.0,PE,4000,0,0,177.5
2026-06-17,2026-07-28,2920.0,CE,0,0,0,27.8
2026-06-17,2026-07-28,2920.0,PE,0,0,0,443.3
2026-06-17,2026-07-28,2940.0,CE,0,0,0,42.15
2026-06-17,2026-07-28,2940.0,PE,0,0,0,305.0
2026-06-17,2026-07-28,2960.0,CE,750,250,2,22.65
2026-06-17,2026-07-28,2960.0,PE,0,0,0,478.15
2026-06-17,2026-07-28,3000.0,CE,58750,8500,78,15.0
2026-06-17,2026-07-28,3000.0,PE,1500,0,0,278.0
2026-06-17,2026-07-28,3040.0,CE,5750,250,25,11.65
2026-06-17,2026-07-28,3040.0,PE,0,0,0,549.75
2026-06-17,2026-07-28,3080.0,CE,6500,0,0,9.95
2026-06-17,2026-07-28,3080.0,PE,0,0,0,586.4
2026-06-17,2026-08-25,2320.0,CE,0,0,0,391.05
2026-06-17,2026-08-25,2320.0,PE,0,0,0,29.75
2026-06-17,2026-08-25,2400.0,CE,0,0,0,328.65
2026-06-17,2026-08-25,2400.0,PE,0,0,0,46.2
2026-06-17,2026-08-25,2440.0,CE,0,0,0,299.55
2026-06-17,2026-08-25,2440.0,PE,0,0,0,33.9
2026-06-17,2026-08-25,2480.0,CE,0,0,0,271.75
2026-06-17,2026-08-25,2480.0,PE,0,0,0,68.1
2026-06-17,2026-08-25,2520.0,CE,0,0,0,245.65
2026-06-17,2026-08-25,2520.0,PE,0,0,0,81.4
2026-06-17,2026-08-25,2560.0,CE,0,0,0,221.1
2026-06-17,2026-08-25,2560.0,PE,0,0,0,96.3
2026-06-17,2026-08-25,2600.0,CE,250,0,0,211.1
2026-06-17,2026-08-25,2600.0,PE,0,0,0,112.8
2026-06-17,2026-08-25,2640.0,CE,0,0,0,177.0
2026-06-17,2026-08-25,2640.0,PE,0,0,0,130.95
2026-06-17,2026-08-25,2680.0,CE,0,0,0,157.35
2026-06-17,2026-08-25,2680.0,PE,0,0,0,150.75
2026-06-17,2026-08-25,2720.0,CE,0,0,0,139.3
2026-06-17,2026-08-25,2720.0,PE,0,0,0,172.1
2026-06-17,2026-08-25,2760.0,CE,1250,0,0,110.0
2026-06-17,2026-08-25,2760.0,PE,0,0,0,195.05
2026-06-17,2026-08-25,2800.0,CE,750,0,0,110.0
2026-06-17,2026-08-25,2800.0,PE,0,0,0,219.5
2026-06-17,2026-08-25,2840.0,CE,0,0,0,94.35
2026-06-17,2026-08-25,2840.0,PE,0,0,0,245.4
2026-06-17,2026-08-25,2880.0,CE,0,0,0,82.2
2026-06-17,2026-08-25,2880.0,PE,0,0,0,272.65
2026-06-17,2026-08-25,2920.0,CE,0,0,0,71.35
2026-06-17,2026-08-25,2920.0,PE,0,0,0,301.2
2026-06-17,2026-08-25,2960.0,CE,0,0,0,61.85
2026-06-17,2026-08-25,2960.0,PE,0,0,0,331.1
2026-06-17,2026-08-25,3000.0,CE,0,0,0,53.2
2026-06-17,2026-08-25,3000.0,PE,0,0,0,361.85
2026-06-17,2026-08-25,3040.0,CE,0,0,0,45.65
2026-06-17,2026-08-25,3040.0,PE,0,0,0,393.75
2026-06-18,2026-06-30,2000.0,PE,12750,0,10,0.35
2026-06-18,2026-06-30,2120.0,PE,750,500,4,0.5
2026-06-18,2026-06-30,2160.0,PE,21000,8000,452,0.45
2026-06-18,2026-06-30,2200.0,CE,500,0,0,415.0
2026-06-18,2026-06-30,2200.0,PE,59250,-2250,54,0.3
2026-06-18,2026-06-30,2220.0,PE,16250,-11250,197,0.45
2026-06-18,2026-06-30,2240.0,PE,18750,13250,75,0.4
2026-06-18,2026-06-30,2260.0,PE,40000,26500,297,0.5
2026-06-18,2026-06-30,2280.0,PE,3750,0,0,0.3
2026-06-18,2026-06-30,2300.0,CE,6500,0,0,337.0
2026-06-18,2026-06-30,2300.0,PE,273500,-1250,400,0.35
2026-06-18,2026-06-30,2320.0,CE,0,0,0,75.65
2026-06-18,2026-06-30,2320.0,PE,10750,2750,59,0.65
2026-06-18,2026-06-30,2340.0,PE,13250,-21250,146,0.7
2026-06-18,2026-06-30,2360.0,CE,10500,0,0,358.95
2026-06-18,2026-06-30,2360.0,PE,9250,-250,2,1.0
2026-06-18,2026-06-30,2380.0,PE,5750,-1250,5,1.0
2026-06-18,2026-06-30,2400.0,CE,44750,0,0,317.5
2026-06-18,2026-06-30,2400.0,PE,103750,-750,33,1.15
2026-06-18,2026-06-30,2420.0,CE,0,0,0,153.15
2026-06-18,2026-06-30,2420.0,PE,15750,0,0,2.05
2026-06-18,2026-06-30,2440.0,CE,0,0,0,43.9
2026-06-18,2026-06-30,2440.0,PE,143500,0,6,1.1
2026-06-18,2026-06-30,2460.0,CE,500,0,0,269.95
2026-06-18,2026-06-30,2460.0,PE,32250,0,1,1.3
2026-06-18,2026-06-30,2480.0,CE,250,0,1,270.8
2026-06-18,2026-06-30,2480.0,PE,28000,0,1,1.85
2026-06-18,2026-06-30,2500.0,CE,27250,0,16,234.75
2026-06-18,2026-06-30,2500.0,PE,220000,19250,290,2.0
2026-06-18,2026-06-30,2520.0,CE,0,0,0,29.55
2026-06-18,2026-06-30,2520.0,PE,138250,0,4,3.0
2026-06-18,2026-06-30,2540.0,CE,7750,0,0,196.75
2026-06-18,2026-06-30,2540.0,PE,154750,0,106,2.95
2026-06-18,2026-06-30,2560.0,CE,30500,0,1,175.0
2026-06-18,2026-06-30,2560.0,PE,60500,-250,13,3.3
2026-06-18,2026-06-30,2580.0,CE,27250,0,0,151.35
2026-06-18,2026-06-30,2580.0,PE,66750,2000,22,4.3
2026-06-18,2026-06-30,2600.0,CE,91500,-5250,88,138.2
2026-06-18,2026-06-30,2600.0,PE,199250,6000,532,5.65
2026-06-18,2026-06-30,2620.0,CE,54000,-1250,40,120.55
2026-06-18,2026-06-30,2620.0,PE,80250,-4000,245,7.3
2026-06-18,2026-06-30,2640.0,CE,120750,-250,12,102.45
2026-06-18,2026-06-30,2640.0,PE,204500,6000,454,10.0
2026-06-18,2026-06-30,2660.0,CE,95750,1250,50,87.1
2026-06-18,2026-06-30,2660.0,PE,156250,2000,472,12.95
2026-06-18,2026-06-30,2680.0,CE,182000,4500,182,71.3
2026-06-18,2026-06-30,2680.0,PE,150500,-6250,382,17.7
2026-06-18,2026-06-30,2700.0,CE,845000,2000,1048,57.3
2026-06-18,2026-06-30,2700.0,PE,240000,6750,1716,23.5
2026-06-18,2026-06-30,2720.0,CE,505000,1250,992,45.95
2026-06-18,2026-06-30,2720.0,PE,104500,-2000,646,31.05
2026-06-18,2026-06-30,2740.0,CE,944000,7500,3442,35.15
2026-06-18,2026-06-30,2740.0,PE,176500,15500,1230,41.5
2026-06-18,2026-06-30,2760.0,CE,556750,36250,2798,27.5
2026-06-18,2026-06-30,2760.0,PE,162500,5250,514,54.1
2026-06-18,2026-06-30,2780.0,CE,442750,10750,1437,21.7
2026-06-18,2026-06-30,2780.0,PE,79250,2000,66,68.75
2026-06-18,2026-06-30,2800.0,CE,1250500,-48500,2646,17.0
2026-06-18,2026-06-30,2800.0,PE,115500,5250,342,81.85
2026-06-18,2026-06-30,2820.0,CE,219500,-39750,746,13.1
2026-06-18,2026-06-30,2820.0,PE,19000,0,0,110.15
2026-06-18,2026-06-30,2840.0,CE,373500,-51250,1238,10.5
2026-06-18,2026-06-30,2840.0,PE,27750,0,4,118.0
2026-06-18,2026-06-30,2860.0,CE,245250,-8000,278,8.3
2026-06-18,2026-06-30,2860.0,PE,750,0,0,151.9
2026-06-18,2026-06-30,2880.0,CE,246000,-22250,852,6.75
2026-06-18,2026-06-30,2880.0,PE,750,0,0,169.3
2026-06-18,2026-06-30,2900.0,CE,1114750,71750,1638,5.75
2026-06-18,2026-06-30,2900.0,PE,4000,0,0,186.1
2026-06-18,2026-06-30,2920.0,CE,76000,-10250,133,4.45
2026-06-18,2026-06-30,2920.0,PE,250,0,0,230.0
2026-06-18,2026-06-30,2940.0,CE,52500,-5000,45,3.85
2026-06-18,2026-06-30,2940.0,PE,0,0,0,460.35
2026-06-18,2026-06-30,2960.0,CE,41750,-4750,58,3.2
2026-06-18,2026-06-30,2960.0,PE,250,0,0,233.75
2026-06-18,2026-06-30,2980.0,CE,56250,-2750,96,2.45
2026-06-18,2026-06-30,3000.0,CE,905750,-11000,722,2.0
2026-06-18,2026-06-30,3000.0,PE,29000,0,0,240.05
2026-06-18,2026-06-30,3040.0,CE,62500,3500,116,1.6
2026-06-18,2026-06-30,3040.0,PE,0,0,0,821.7
2026-06-18,2026-06-30,3080.0,CE,0,0,0,4.45
2026-06-18,2026-06-30,3080.0,PE,0,0,0,682.25
2026-06-18,2026-07-28,2320.0,CE,0,0,0,242.65
2026-06-18,2026-07-28,2320.0,PE,12000,2000,9,4.0
2026-06-18,2026-07-28,2360.0,CE,0,0,0,217.1
2026-06-18,2026-07-28,2360.0,PE,250,0,0,14.75
2026-06-18,2026-07-28,2400.0,CE,0,0,0,193.3
2026-06-18,2026-07-28,2400.0,PE,6750,0,9,5.75
2026-06-18,2026-07-28,2420.0,CE,0,0,0,287.25
2026-06-18,2026-07-28,2420.0,PE,750,0,0,16.3
2026-06-18,2026-07-28,2440.0,CE,0,0,0,171.3
2026-06-18,2026-07-28,2440.0,PE,10750,0,0,9.15
2026-06-18,2026-07-28,2460.0,CE,0,0,0,257.4
2026-06-18,2026-07-28,2460.0,PE,2000,0,0,41.2
2026-06-18,2026-07-28,2480.0,CE,0,0,0,151.0
2026-06-18,2026-07-28,2480.0,PE,750,0,0,35.0
2026-06-18,2026-07-28,2500.0,CE,1750,0,0,247.75
2026-06-18,2026-07-28,2500.0,PE,31000,1000,74,12.45
2026-06-18,2026-07-28,2520.0,CE,0,0,0,132.5
2026-06-18,2026-07-28,2520.0,PE,3250,0,0,19.0
2026-06-18,2026-07-28,2540.0,CE,0,0,0,202.7
2026-06-18,2026-07-28,2540.0,PE,500,0,0,23.5
2026-06-18,2026-07-28,2560.0,CE,0,0,0,115.7
2026-06-18,2026-07-28,2560.0,PE,750,0,0,55.65
2026-06-18,2026-07-28,2580.0,CE,0,0,0,178.3
2026-06-18,2026-07-28,2580.0,PE,500,0,0,30.0
2026-06-18,2026-07-28,2600.0,CE,2750,0,0,200.0
2026-06-18,2026-07-28,2600.0,PE,23250,-250,28,29.5
2026-06-18,2026-07-28,2620.0,CE,250,0,0,110.0
2026-06-18,2026-07-28,2620.0,PE,250,0,0,35.0
2026-06-18,2026-07-28,2640.0,CE,250,0,0,152.0
2026-06-18,2026-07-28,2640.0,PE,1250,0,0,72.05
2026-06-18,2026-07-28,2660.0,CE,0,0,0,135.0
2026-06-18,2026-07-28,2660.0,PE,500,0,0,96.0
2026-06-18,2026-07-28,2680.0,CE,250,0,0,115.0
2026-06-18,2026-07-28,2680.0,PE,1000,0,0,57.0
2026-06-18,2026-07-28,2700.0,CE,27750,1000,29,107.55
2026-06-18,2026-07-28,2700.0,PE,24500,1000,28,57.0
2026-06-18,2026-07-28,2720.0,CE,750,0,0,65.0
2026-06-18,2026-07-28,2720.0,PE,0,0,0,282.5
2026-06-18,2026-07-28,2740.0,CE,10750,250,17,84.7
2026-06-18,2026-07-28,2740.0,PE,1250,0,1,82.2
2026-06-18,2026-07-28,2760.0,CE,3750,-1000,14,75.0
2026-06-18,2026-07-28,2760.0,PE,250,0,0,95.0
2026-06-18,2026-07-28,2780.0,CE,4500,0,1,69.0
2026-06-18,2026-07-28,2780.0,PE,0,0,0,189.7
2026-06-18,2026-07-28,2800.0,CE,75750,500,44,58.7
2026-06-18,2026-07-28,2800.0,PE,13250,250,1,105.0
2026-06-18,2026-07-28,2820.0,CE,1000,0,0,75.0
2026-06-18,2026-07-28,2820.0,PE,0,0,0,216.2
2026-06-18,2026-07-28,2840.0,CE,6750,-250,2,42.0
2026-06-18,2026-07-28,2840.0,PE,0,0,0,376.0
2026-06-18,2026-07-28,2860.0,CE,3250,0,0,46.4
2026-06-18,2026-07-28,2860.0,PE,0,0,0,244.3
2026-06-18,2026-07-28,2880.0,CE,12250,250,1,35.0
2026-06-18,2026-07-28,2880.0,PE,0,0,0,409.2
2026-06-18,2026-07-28,2900.0,CE,40750,2500,26,28.7
2026-06-18,2026-07-28,2900.0,PE,4000,0,0,177.5
2026-06-18,2026-07-28,2920.0,CE,0,0,0,27.8
2026-06-18,2026-07-28,2920.0,PE,0,0,0,443.3
2026-06-18,2026-07-28,2940.0,CE,0,0,0,42.15
2026-06-18,2026-07-28,2940.0,PE,0,0,0,305.0
2026-06-18,2026-07-28,2960.0,CE,750,0,0,22.65
2026-06-18,2026-07-28,2960.0,PE,0,0,0,478.15
2026-06-18,2026-07-28,3000.0,CE,65000,6250,94,14.65
2026-06-18,2026-07-28,3000.0,PE,1500,0,2,274.4
2026-06-18,2026-07-28,3040.0,CE,8000,2250,37,10.1
2026-06-18,2026-07-28,3040.0,PE,0,0,0,549.75
2026-06-18,2026-07-28,3080.0,CE,6500,0,2,8.0
2026-06-18,2026-07-28,3080.0,PE,250,250,1,339.0
2026-06-18,2026-08-25,2320.0,CE,0,0,0,391.05
2026-06-18,2026-08-25,2320.0,PE,0,0,0,29.75
2026-06-18,2026-08-25,2400.0,CE,0,0,0,328.65
2026-06-18,2026-08-25,2400.0,PE,0,0,0,46.2
2026-06-18,2026-08-25,2440.0,CE,0,0,0,299.55
2026-06-18,2026-08-25,2440.0,PE,0,0,0,33.9
2026-06-18,2026-08-25,2480.0,CE,0,0,0,271.75
2026-06-18,2026-08-25,2480.0,PE,0,0,0,68.1
2026-06-18,2026-08-25,2520.0,CE,0,0,0,245.65
2026-06-18,2026-08-25,2520.0,PE,0,0,0,81.4
2026-06-18,2026-08-25,2560.0,CE,0,0,0,221.1
2026-06-18,2026-08-25,2560.0,PE,0,0,0,96.3
2026-06-18,2026-08-25,2600.0,CE,250,0,0,211.1
2026-06-18,2026-08-25,2600.0,PE,0,0,0,112.8
2026-06-18,2026-08-25,2640.0,CE,0,0,0,177.0
2026-06-18,2026-08-25,2640.0,PE,0,0,0,130.95
2026-06-18,2026-08-25,2680.0,CE,0,0,0,157.35
2026-06-18,2026-08-25,2680.0,PE,0,0,0,150.75
2026-06-18,2026-08-25,2720.0,CE,0,0,0,139.3
2026-06-18,2026-08-25,2720.0,PE,0,0,0,172.1
2026-06-18,2026-08-25,2760.0,CE,1250,0,0,110.0
2026-06-18,2026-08-25,2760.0,PE,0,0,0,195.05
2026-06-18,2026-08-25,2800.0,CE,750,0,0,110.0
2026-06-18,2026-08-25,2800.0,PE,0,0,0,219.5
2026-06-18,2026-08-25,2840.0,CE,0,0,0,94.35
2026-06-18,2026-08-25,2840.0,PE,0,0,0,245.4
2026-06-18,2026-08-25,2880.0,CE,0,0,0,82.2
2026-06-18,2026-08-25,2880.0,PE,0,0,0,272.65
2026-06-18,2026-08-25,2920.0,CE,0,0,0,71.35
2026-06-18,2026-08-25,2920.0,PE,0,0,0,301.2
2026-06-18,2026-08-25,2960.0,CE,0,0,0,61.85
2026-06-18,2026-08-25,2960.0,PE,0,0,0,331.1
2026-06-18,2026-08-25,3000.0,CE,0,0,0,53.2
2026-06-18,2026-08-25,3000.0,PE,0,0,0,361.85
2026-06-18,2026-08-25,3040.0,CE,0,0,0,45.65
2026-06-18,2026-08-25,3040.0,PE,0,0,0,393.75
2026-06-19,2026-06-30,2000.0,PE,12000,-750,5,0.2
2026-06-19,2026-06-30,2120.0,PE,750,0,0,0.5
2026-06-19,2026-06-30,2160.0,PE,21000,0,0,0.45
2026-06-19,2026-06-30,2200.0,CE,500,0,0,415.0
2026-06-19,2026-06-30,2200.0,PE,58500,-750,7,0.3
2026-06-19,2026-06-30,2220.0,PE,17000,750,11,0.3
2026-06-19,2026-06-30,2240.0,PE,18750,0,0,0.4
2026-06-19,2026-06-30,2260.0,PE,40000,0,8,0.45
2026-06-19,2026-06-30,2280.0,PE,3750,0,0,0.3
2026-06-19,2026-06-30,2300.0,CE,6000,-500,2,415.0
2026-06-19,2026-06-30,2300.0,PE,270750,-2750,506,0.2
2026-06-19,2026-06-30,2320.0,CE,0,0,0,75.65
2026-06-19,2026-06-30,2320.0,PE,10250,-500,5,0.55
2026-06-19,2026-06-30,2340.0,PE,13250,0,10,0.5
2026-06-19,2026-06-30,2360.0,CE,10500,0,0,358.95
2026-06-19,2026-06-30,2360.0,PE,9250,0,0,1.0
2026-06-19,2026-06-30,2380.0,PE,5750,0,0,1.0
2026-06-19,2026-06-30,2400.0,CE,42250,-2500,19,320.1
2026-06-19,2026-06-30,2400.0,PE,95500,-8250,60,0.9
2026-06-19,2026-06-30,2420.0,CE,0,0,0,153.15
2026-06-19,2026-06-30,2420.0,PE,15500,-250,3,1.2
2026-06-19,2026-06-30,2440.0,CE,0,0,0,43.9
2026-06-19,2026-06-30,2440.0,PE,143250,-250,4,0.85
2026-06-19,2026-06-30,2460.0,CE,500,0,0,269.95
2026-06-19,2026-06-30,2460.0,PE,32250,0,0,1.3
2026-06-19,2026-06-30,2480.0,CE,250,0,0,270.8
2026-06-19,2026-06-30,2480.0,PE,27750,-250,2,1.45
2026-06-19,2026-06-30,2500.0,CE,27250,0,0,234.75
2026-06-19,2026-06-30,2500.0,PE,215000,-5000,274,1.75
2026-06-19,2026-06-30,2520.0,CE,0,0,0,29.55
2026-06-19,2026-06-30,2520.0,PE,138000,-250,1,1.8
2026-06-19,2026-06-30,2540.0,CE,8750,1000,8,182.7
2026-06-19,2026-06-30,2540.0,PE,155250,500,21,2.4
2026-06-19,2026-06-30,2560.0,CE,30500,0,0,175.0
2026-06-19,2026-06-30,2560.0,PE,57250,-3250,32,3.15
2026-06-19,2026-06-30,2580.0,CE,27250,0,0,151.35
2026-06-19,2026-06-30,2580.0,PE,63500,-3250,50,4.3
2026-06-19,2026-06-30,2600.0,CE,85750,-5750,71,124.1
2026-06-19,2026-06-30,2600.0,PE,191500,-7750,615,5.75
2026-06-19,2026-06-30,2620.0,CE,52250,-1750,80,106.65
2026-06-19,2026-06-30,2620.0,PE,86750,6500,288,7.7
2026-06-19,2026-06-30,2640.0,CE,117500,-3250,40,90.9
2026-06-19,2026-06-30,2640.0,PE,190750,-13750,331,10.7
2026-06-19,2026-06-30,2660.0,CE,93250,-2500,239,73.45
2026-06-19,2026-06-30,2660.0,PE,160750,4500,441,14.25
2026-06-19,2026-06-30,2680.0,CE,184500,2500,339,58.35
2026-06-19,2026-06-30,2680.0,PE,156250,5750,941,20.1
2026-06-19,2026-06-30,2700.0,CE,840500,-4500,1052,46.1
2026-06-19,2026-06-30,2700.0,PE,232250,-7750,1080,26.95
2026-06-19,2026-06-30,2720.0,CE,498250,-6750,1768,34.6
2026-06-19,2026-06-30,2720.0,PE,146250,41750,1005,36.4
2026-06-19,2026-06-30,2740.0,CE,919750,-24250,3735,26.35
2026-06-19,2026-06-30,2740.0,PE,161250,-15250,793,46.65
2026-06-19,2026-06-30,2760.0,CE,538250,-18500,2082,20.25
2026-06-19,2026-06-30,2760.0,PE,160250,-2250,268,61.75
2026-06-19,2026-06-30,2780.0,CE,428000,-14750,1433,15.7
2026-06-19,2026-06-30,2780.0,PE,76000,-3250,128,72.35
2026-06-19,2026-06-30,2800.0,CE,1228750,-21750,3950,11.8
2026-06-19,2026-06-30,2800.0,PE,106000,-9500,312,90.7
2026-06-19,2026-06-30,2820.0,CE,211750,-7750,967,9.1
2026-06-19,2026-06-30,2820.0,PE,19000,0,0,110.15
2026-06-19,2026-06-30,2840.0,CE,363250,-10250,823,7.05
2026-06-19,2026-06-30,2840.0,PE,27750,0,0,118.0
2026-06-19,2026-06-30,2860.0,CE,214500,-30750,519,5.55
2026-06-19,2026-06-30,2860.0,PE,750,0,0,151.9
2026-06-19,2026-06-30,2880.0,CE,214500,-31500,1173,4.7
2026-06-19,2026-06-30,2880.0,PE,750,0,0,169.3
2026-06-19,2026-06-30,2900.0,CE,1076500,-38250,1142,4.15
2026-06-19,2026-06-30,2900.0,PE,4000,0,0,186.1
2026-06-19,2026-06-30,2920.0,CE,72000,-4000,217,3.4
2026-06-19,2026-06-30,2920.0,PE,250,0,0,230.0
2026-06-19,2026-06-30,2940.0,CE,48500,-4000,57,2.7
2026-06-19,2026-06-30,2940.0,PE,0,0,0,460.35
2026-06-19,2026-06-30,2960.0,CE,95750,54000,555,2.2
2026-06-19,2026-06-30,2960.0,PE,250,0,0,233.75
2026-06-19,2026-06-30,2980.0,CE,52500,-3750,62,1.8
2026-06-19,2026-06-30,2980.0,PE,0,0,0,497.3
2026-06-19,2026-06-30,3000.0,CE,895250,-10500,707,1.7
2026-06-19,2026-06-30,3000.0,PE,29000,0,2,292.0
2026-06-19,2026-06-30,3040.0,CE,60500,-2000,47,1.3
2026-06-19,2026-06-30,3040.0,PE,0,0,0,821.7
2026-06-19,2026-06-30,3080.0,CE,0,0,0,4.45
2026-06-19,2026-06-30,3080.0,PE,0,0,0,682.25
2026-06-19,2026-07-28,2320.0,CE,0,0,0,242.65
2026-06-19,2026-07-28,2320.0,PE,12000,0,0,4.0
2026-06-19,2026-07-28,2360.0,CE,0,0,0,217.1
2026-06-19,2026-07-28,2360.0,PE,250,0,1,3.0
2026-06-19,2026-07-28,2400.0,CE,0,0,0,193.3
2026-06-19,2026-07-28,2400.0,PE,6750,0,0,5.75
2026-06-19,2026-07-28,2420.0,CE,0,0,0,287.25
2026-06-19,2026-07-28,2420.0,PE,750,0,0,16.3
2026-06-19,2026-07-28,2440.0,CE,0,0,0,171.3
2026-06-19,2026-07-28,2440.0,PE,12250,1500,26,8.95
2026-06-19,2026-07-28,2460.0,CE,0,0,0,257.4
2026-06-19,2026-07-28,2460.0,PE,2000,0,0,41.2
2026-06-19,2026-07-28,2480.0,CE,0,0,0,151.0
2026-06-19,2026-07-28,2480.0,PE,750,0,0,35.0
2026-06-19,2026-07-28,2500.0,CE,1750,0,0,247.75
2026-06-19,2026-07-28,2500.0,PE,32750,1750,28,13.8
2026-06-19,2026-07-28,2520.0,CE,0,0,0,132.5
2026-06-19,2026-07-28,2520.0,PE,3250,0,0,19.0
2026-06-19,2026-07-28,2540.0,CE,0,0,0,202.7
2026-06-19,2026-07-28,2540.0,PE,500,0,0,23.5
2026-06-19,2026-07-28,2560.0,CE,0,0,0,115.7
2026-06-19,2026-07-28,2560.0,PE,750,0,0,55.65
2026-06-19,2026-07-28,2580.0,CE,0,0,0,178.3
2026-06-19,2026-07-28,2580.0,PE,500,0,0,30.0
2026-06-19,2026-07-28,2600.0,CE,2500,-250,1,170.0
2026-06-19,2026-07-28,2600.0,PE,23500,250,12,29.4
2026-06-19,2026-07-28,2620.0,CE,250,0,0,110.0
2026-06-19,2026-07-28,2620.0,PE,250,0,0,35.0
2026-06-19,2026-07-28,2640.0,CE,250,0,0,152.0
2026-06-19,2026-07-28,2640.0,PE,1250,0,0,72.05
2026-06-19,2026-07-28,2660.0,CE,0,0,0,135.0
2026-06-19,2026-07-28,2660.0,PE,500,0,0,96.0
2026-06-19,2026-07-28,2680.0,CE,250,0,0,115.0
2026-06-19,2026-07-28,2680.0,PE,1000,0,1,52.35
2026-06-19,2026-07-28,2700.0,CE,30750,3000,25,96.5
2026-06-19,2026-07-28,2700.0,PE,23750,-750,39,60.4
2026-06-19,2026-07-28,2720.0,CE,750,0,0,65.0
2026-06-19,2026-07-28,2720.0,PE,0,0,0,282.5
2026-06-19,2026-07-28,2740.0,CE,11000,250,8,73.95
2026-06-19,2026-07-28,2740.0,PE,1750,500,2,84.0
2026-06-19,2026-07-28,2760.0,CE,4000,250,1,70.15
2026-06-19,2026-07-28,2760.0,PE,1500,1250,5,97.0
2026-06-19,2026-07-28,2780.0,CE,4500,0,1,55.6
2026-06-19,2026-07-28,2780.0,PE,0,0,0,189.7
2026-06-19,2026-07-28,2800.0,CE,86250,10500,115,51.4
2026-06-19,2026-07-28,2800.0,PE,13750,500,9,108.0
2026-06-19,2026-07-28,2820.0,CE,1000,0,0,75.0
2026-06-19,2026-07-28,2820.0,PE,0,0,0,216.2
2026-06-19,2026-07-28,2840.0,CE,7000,250,3,40.2
2026-06-19,2026-07-28,2840.0,PE,0,0,0,376.0
2026-06-19,2026-07-28,2860.0,CE,3250,0,0,46.4
2026-06-19,2026-07-28,2860.0,PE,0,0,0,244.3
2026-06-19,2026-07-28,2880.0,CE,12250,0,0,35.0
2026-06-19,2026-07-28,2880.0,PE,0,0,0,409.2
2026-06-19,2026-07-28,2900.0,CE,39750,-1000,55,25.7
2026-06-19,2026-07-28,2900.0,PE,4000,0,0,177.5
2026-06-19,2026-07-28,2920.0,CE,0,0,0,27.8
2026-06-19,2026-07-28,2920.0,PE,0,0,0,443.3
2026-06-19,2026-07-28,2940.0,CE,0,0,0,42.15
2026-06-19,2026-07-28,2940.0,PE,0,0,0,305.0
2026-06-19,2026-07-28,2960.0,CE,750,0,0,22.65
2026-06-19,2026-07-28,2960.0,PE,0,0,0,478.15
2026-06-19,2026-07-28,2980.0,CE,0,0,0,34.8
2026-06-19,2026-07-28,2980.0,PE,0,0,0,337.25
2026-06-19,2026-07-28,3000.0,CE,62500,-2500,79,13.0
2026-06-19,2026-07-28,3000.0,PE,1500,0,0,274.4
2026-06-19,2026-07-28,3040.0,CE,9500,1500,23,9.75
2026-06-19,2026-07-28,3040.0,PE,0,0,0,549.75
2026-06-19,2026-07-28,3080.0,CE,7500,1000,6,7.8
2026-06-19,2026-07-28,3080.0,PE,250,0,0,339.0
2026-06-19,2026-08-25,2320.0,CE,0,0,0,391.05
2026-06-19,2026-08-25,2320.0,PE,0,0,0,29.75
2026-06-19,2026-08-25,2400.0,CE,0,0,0,328.65
2026-06-19,2026-08-25,2400.0,PE,0,0,0,46.2
2026-06-19,2026-08-25,2440.0,CE,0,0,0,299.55
2026-06-19,2026-08-25,2440.0,PE,0,0,0,33.9
2026-06-19,2026-08-25,2480.0,CE,0,0,0,271.75
2026-06-19,2026-08-25,2480.0,PE,0,0,0,68.1
2026-06-19,2026-08-25,2520.0,CE,0,0,0,245.65
2026-06-19,2026-08-25,2520.0,PE,0,0,0,81.4
2026-06-19,2026-08-25,2560.0,CE,0,0,0,221.1
2026-06-19,2026-08-25,2560.0,PE,0,0,0,96.3
2026-06-19,2026-08-25,2600.0,CE,250,0,0,211.1
2026-06-19,2026-08-25,2600.0,PE,0,0,0,112.8
2026-06-19,2026-08-25,2640.0,CE,0,0,0,177.0
2026-06-19,2026-08-25,2640.0,PE,0,0,0,130.95
2026-06-19,2026-08-25,2680.0,CE,0,0,0,157.35
2026-06-19,2026-08-25,2680.0,PE,0,0,0,150.75
2026-06-19,2026-08-25,2720.0,CE,0,0,0,139.3
2026-06-19,2026-08-25,2720.0,PE,0,0,0,172.1
2026-06-19,2026-08-25,2760.0,CE,1250,0,0,110.0
2026-06-19,2026-08-25,2760.0,PE,0,0,0,195.05
2026-06-19,2026-08-25,2800.0,CE,750,0,0,110.0
2026-06-19,2026-08-25,2800.0,PE,0,0,0,219.5
2026-06-19,2026-08-25,2840.0,CE,0,0,0,94.35
2026-06-19,2026-08-25,2840.0,PE,0,0,0,245.4
2026-06-19,2026-08-25,2880.0,CE,0,0,0,82.2
2026-06-19,2026-08-25,2880.0,PE,0,0,0,272.65
2026-06-19,2026-08-25,2920.0,CE,0,0,0,71.35
2026-06-19,2026-08-25,2920.0,PE,0,0,0,301.2
2026-06-19,2026-08-25,2960.0,CE,0,0,0,61.85
2026-06-19,2026-08-25,2960.0,PE,0,0,0,331.1
2026-06-19,2026-08-25,3000.0,CE,0,0,0,53.2
2026-06-19,2026-08-25,3000.0,PE,0,0,0,361.85
2026-06-19,2026-08-25,3040.0,CE,0,0,0,45.65
2026-06-19,2026-08-25,3040.0,PE,0,0,0,393.75
2026-06-22,2026-06-30,2000.0,PE,15250,3250,39,0.2
2026-06-22,2026-06-30,2120.0,PE,1000,250,1,0.55
2026-06-22,2026-06-30,2160.0,PE,21000,0,0,0.45
2026-06-22,2026-06-30,2200.0,CE,500,0,0,415.0
2026-06-22,2026-06-30,2200.0,PE,58000,-500,5,0.25
2026-06-22,2026-06-30,2220.0,PE,17000,0,0,0.3
2026-06-22,2026-06-30,2240.0,PE,22750,4000,22,0.25
2026-06-22,2026-06-30,2260.0,PE,38000,-2000,8,0.45
2026-06-22,2026-06-30,2280.0,PE,25500,21750,89,0.35
2026-06-22,2026-06-30,2300.0,CE,5250,-750,3,370.0
2026-06-22,2026-06-30,2300.0,PE,270750,0,267,0.25
2026-06-22,2026-06-30,2320.0,CE,0,0,0,75.65
2026-06-22,2026-06-30,2320.0,PE,10000,-250,16,0.6
2026-06-22,2026-06-30,2340.0,PE,9750,-3500,23,0.7
2026-06-22,2026-06-30,2360.0,CE,10500,0,0,358.95
2026-06-22,2026-06-30,2360.0,PE,19750,10500,66,1.1
2026-06-22,2026-06-30,2380.0,PE,4750,-1000,4,1.0
2026-06-22,2026-06-30,2400.0,CE,35750,-6500,27,255.5
2026-06-22,2026-06-30,2400.0,PE,101000,5500,204,1.15
2026-06-22,2026-06-30,2420.0,CE,0,0,0,153.15
2026-06-22,2026-06-30,2420.0,PE,14500,-1000,38,1.25
2026-06-22,2026-06-30,2440.0,CE,0,0,0,43.9
2026-06-22,2026-06-30,2440.0,PE,143500,250,134,1.35
2026-06-22,2026-06-30,2460.0,CE,500,0,0,269.95
2026-06-22,2026-06-30,2460.0,PE,31250,-1000,109,2.0
2026-06-22,2026-06-30,2480.0,CE,250,0,0,270.8
2026-06-22,2026-06-30,2480.0,PE,28250,500,3,1.35
2026-06-22,2026-06-30,2500.0,CE,25500,-1750,20,160.5
2026-06-22,2026-06-30,2500.0,PE,199000,-16000,657,3.05
2026-06-22,2026-06-30,2520.0,CE,0,0,0,29.55
2026-06-22,2026-06-30,2520.0,PE,141750,3750,52,4.0
2026-06-22,2026-06-30,2540.0,CE,6500,-2250,25,122.9
2026-06-22,2026-06-30,2540.0,PE,158000,2750,380,5.25
2026-06-22,2026-06-30,2560.0,CE,30500,0,0,175.0
2026-06-22,2026-06-30,2560.0,PE,69250,12000,445,7.0
2026-06-22,2026-06-30,2580.0,CE,22250,-5000,40,86.95
2026-06-22,2026-06-30,2580.0,PE,53500,-10000,534,9.7
2026-06-22,2026-06-30,2600.0,CE,93750,8000,216,70.75
2026-06-22,2026-06-30,2600.0,PE,193000,1500,1762,13.7
2026-06-22,2026-06-30,2620.0,CE,58000,5750,172,56.7
2026-06-22,2026-06-30,2620.0,PE,81750,-5000,641,19.25
2026-06-22,2026-06-30,2640.0,CE,117500,0,377,43.75
2026-06-22,2026-06-30,2640.0,PE,210250,19500,972,26.9
2026-06-22,2026-06-30,2660.0,CE,208750,115500,1936,33.1
2026-06-22,2026-06-30,2660.0,PE,162250,1500,1474,36.1
2026-06-22,2026-06-30,2680.0,CE,235000,50500,2865,24.8
2026-06-22,2026-06-30,2680.0,PE,128250,-28000,1850,47.75
2026-06-22,2026-06-30,2700.0,CE,1019500,179000,8483,18.1
2026-06-22,2026-06-30,2700.0,PE,252250,20000,2945,61.2
2026-06-22,2026-06-30,2720.0,CE,532250,34000,3876,13.45
2026-06-22,2026-06-30,2720.0,PE,141000,-5250,1027,75.7
2026-06-22,2026-06-30,2740.0,CE,929250,9500,5495,9.95
2026-06-22,2026-06-30,2740.0,PE,156750,-4500,483,92.35
2026-06-22,2026-06-30,2760.0,CE,520250,-18000,3628,7.85
2026-06-22,2026-06-30,2760.0,PE,160000,-250,211,110.1
2026-06-22,2026-06-30,2780.0,CE,461250,33250,2916,6.25
2026-06-22,2026-06-30,2780.0,PE,72250,-3750,43,128.55
2026-06-22,2026-06-30,2800.0,CE,1156750,-72000,6732,4.95
2026-06-22,2026-06-30,2800.0,PE,102000,-4000,134,147.0
2026-06-22,2026-06-30,2820.0,CE,214250,2500,1583,3.95
2026-06-22,2026-06-30,2820.0,PE,18750,-250,7,165.25
2026-06-22,2026-06-30,2840.0,CE,381000,17750,1989,3.2
2026-06-22,2026-06-30,2840.0,PE,27750,0,0,118.0
2026-06-22,2026-06-30,2860.0,CE,177250,-37250,594,2.65
2026-06-22,2026-06-30,2860.0,PE,750,0,0,151.9
2026-06-22,2026-06-30,2880.0,CE,256000,41500,1138,2.25
2026-06-22,2026-06-30,2880.0,PE,750,0,0,169.3
2026-06-22,2026-06-30,2900.0,CE,1077750,1250,4218,1.95
2026-06-22,2026-06-30,2900.0,PE,4000,0,0,186.1
2026-06-22,2026-06-30,2920.0,CE,70000,-2000,473,1.7
2026-06-22,2026-06-30,2920.0,PE,250,0,0,230.0
2026-06-22,2026-06-30,2940.0,CE,46750,-1750,343,1.45
2026-06-22,2026-06-30,2940.0,PE,0,0,0,460.35
2026-06-22,2026-06-30,2960.0,CE,97750,2000,119,1.2
2026-06-22,2026-06-30,2960.0,PE,250,0,0,233.75
2026-06-22,2026-06-30,2980.0,CE,106500,54000,654,1.2
2026-06-22,2026-06-30,2980.0,PE,0,0,0,497.3
2026-06-22,2026-06-30,3000.0,CE,810500,-84750,1478,1.0
2026-06-22,2026-06-30,3000.0,PE,29000,0,0,292.0
2026-06-22,2026-06-30,3040.0,CE,49250,-11250,138,0.7
2026-06-22,2026-06-30,3040.0,PE,0,0,0,821.7
2026-06-22,2026-06-30,3080.0,CE,0,0,0,4.45
2026-06-22,2026-06-30,3080.0,PE,0,0,0,682.25
2026-06-22,2026-07-28,2320.0,CE,250,250,1,380.0
2026-06-22,2026-07-28,2320.0,PE,11250,-750,21,5.0
2026-06-22,2026-07-28,2360.0,CE,0,0,0,217.1
2026-06-22,2026-07-28,2360.0,PE,250,0,0,3.0
2026-06-22,2026-07-28,2400.0,CE,750,750,3,288.0
2026-06-22,2026-07-28,2400.0,PE,14250,7500,55,9.3
2026-06-22,2026-07-28,2420.0,CE,0,0,0,287.25
2026-06-22,2026-07-28,2420.0,PE,500,-250,1,9.65
2026-06-22,2026-07-28,2440.0,CE,0,0,0,171.3
2026-06-22,2026-07-28,2440.0,PE,15500,3250,69,13.0
2026-06-22,2026-07-28,2460.0,CE,0,0,0,257.4
2026-06-22,2026-07-28,2460.0,PE,2500,500,2,16.4
2026-06-22,2026-07-28,2480.0,CE,0,0,0,151.0
2026-06-22,2026-07-28,2480.0,PE,750,0,0,35.0
2026-06-22,2026-07-28,2500.0,CE,3500,1750,10,198.35
2026-06-22,2026-07-28,2500.0,PE,58500,25750,346,21.55
2026-06-22,2026-07-28,2520.0,CE,0,0,0,132.5
2026-06-22,2026-07-28,2520.0,PE,3750,500,4,20.0
2026-06-22,2026-07-28,2540.0,CE,0,0,0,202.7
2026-06-22,2026-07-28,2540.0,PE,1000,500,3,28.35
2026-06-22,2026-07-28,2560.0,CE,0,0,0,115.7
2026-06-22,2026-07-28,2560.0,PE,750,0,0,55.65
2026-06-22,2026-07-28,2580.0,CE,0,0,0,178.3
2026-06-22,2026-07-28,2580.0,PE,500,0,1,30.0
2026-06-22,2026-07-28,2600.0,CE,7500,5000,28,120.9
2026-06-22,2026-07-28,2600.0,PE,42250,18750,137,46.2
2026-06-22,2026-07-28,2620.0,CE,250,0,0,110.0
2026-06-22,2026-07-28,2620.0,PE,250,0,0,35.0
2026-06-22,2026-07-28,2640.0,CE,250,0,0,152.0
2026-06-22,2026-07-28,2640.0,PE,1500,250,1,50.0
2026-06-22,2026-07-28,2660.0,CE,0,0,0,135.0
2026-06-22,2026-07-28,2660.0,PE,500,0,0,96.0
2026-06-22,2026-07-28,2680.0,CE,7750,7500,40,76.25
2026-06-22,2026-07-28,2680.0,PE,1000,0,3,68.85
2026-06-22,2026-07-28,2700.0,CE,58500,27750,288,67.4
2026-06-22,2026-07-28,2700.0,PE,32750,9000,110,92.3
2026-06-22,2026-07-28,2720.0,CE,5250,4500,20,64.0
2026-06-22,2026-07-28,2720.0,PE,0,0,0,282.5
2026-06-22,2026-07-28,2740.0,CE,21750,10750,76,52.1
2026-06-22,2026-07-28,2740.0,PE,1750,0,3,93.0
2026-06-22,2026-07-28,2760.0,CE,4000,0,12,44.9
2026-06-22,2026-07-28,2760.0,PE,1500,0,0,97.0
2026-06-22,2026-07-28,2780.0,CE,4750,250,2,48.0
2026-06-22,2026-07-28,2780.0,PE,0,0,0,189.7
2026-06-22,2026-07-28,2800.0,CE,119250,33000,410,34.0
2026-06-22,2026-07-28,2800.0,PE,17500,3750,26,158.0
2026-06-22,2026-07-28,2820.0,CE,1000,0,0,75.0
2026-06-22,2026-07-28,2820.0,PE,0,0,0,216.2
2026-06-22,2026-07-28,2840.0,CE,7500,500,5,32.9
2026-06-22,2026-07-28,2840.0,PE,0,0,0,376.0
2026-06-22,2026-07-28,2860.0,CE,3250,0,0,46.4
2026-06-22,2026-07-28,2860.0,PE,0,0,0,244.3
2026-06-22,2026-07-28,2880.0,CE,8500,-3750,33,19.05
2026-06-22,2026-07-28,2880.0,PE,0,0,0,409.2
2026-06-22,2026-07-28,2900.0,CE,48250,8500,145,16.65
2026-06-22,2026-07-28,2900.0,PE,4000,0,0,177.5
2026-06-22,2026-07-28,2920.0,CE,1250,1250,5,13.25
2026-06-22,2026-07-28,2920.0,PE,0,0,0,443.3
2026-06-22,2026-07-28,2940.0,CE,5500,5500,47,12.9
2026-06-22,2026-07-28,2940.0,PE,0,0,0,305.0
2026-06-22,2026-07-28,2960.0,CE,1750,1000,15,11.95
2026-06-22,2026-07-28,2960.0,PE,0,0,0,478.15
2026-06-22,2026-07-28,2980.0,CE,0,0,0,34.8
2026-06-22,2026-07-28,2980.0,PE,0,0,0,337.25
2026-06-22,2026-07-28,3000.0,CE,87000,24500,337,9.2
2026-06-22,2026-07-28,3000.0,PE,1500,0,1,312.0
2026-06-22,2026-07-28,3040.0,CE,18000,8500,89,7.85
2026-06-22,2026-07-28,3040.0,PE,0,0,0,549.75
2026-06-22,2026-07-28,3080.0,CE,39000,31500,185,6.7
2026-06-22,2026-07-28,3080.0,PE,250,0,0,339.0
2026-06-22,2026-08-25,2320.0,CE,0,0,0,391.05
2026-06-22,2026-08-25,2320.0,PE,0,0,0,29.75
2026-06-22,2026-08-25,2400.0,CE,0,0,0,328.65
2026-06-22,2026-08-25,2400.0,PE,0,0,0,46.2
2026-06-22,2026-08-25,2440.0,CE,0,0,0,299.55
2026-06-22,2026-08-25,2440.0,PE,0,0,0,33.9
2026-06-22,2026-08-25,2480.0,CE,0,0,0,271.75
2026-06-22,2026-08-25,2480.0,PE,0,0,0,68.1
2026-06-22,2026-08-25,2520.0,CE,0,0,0,245.65
2026-06-22,2026-08-25,2520.0,PE,0,0,0,81.4
2026-06-22,2026-08-25,2560.0,CE,0,0,0,221.1
2026-06-22,2026-08-25,2560.0,PE,0,0,0,96.3
2026-06-22,2026-08-25,2600.0,CE,250,0,0,211.1
2026-06-22,2026-08-25,2600.0,PE,0,0,0,112.8
2026-06-22,2026-08-25,2640.0,CE,0,0,0,177.0
2026-06-22,2026-08-25,2640.0,PE,0,0,0,130.95
2026-06-22,2026-08-25,2680.0,CE,0,0,0,157.35
2026-06-22,2026-08-25,2680.0,PE,0,0,0,150.75
2026-06-22,2026-08-25,2720.0,CE,0,0,0,139.3
2026-06-22,2026-08-25,2720.0,PE,0,0,0,172.1
2026-06-22,2026-08-25,2760.0,CE,1250,0,0,110.0
2026-06-22,2026-08-25,2760.0,PE,0,0,0,195.05
2026-06-22,2026-08-25,2800.0,CE,750,0,0,110.0
2026-06-22,2026-08-25,2800.0,PE,0,0,0,219.5
2026-06-22,2026-08-25,2840.0,CE,0,0,0,94.35
2026-06-22,2026-08-25,2840.0,PE,0,0,0,245.4
2026-06-22,2026-08-25,2880.0,CE,0,0,0,82.2
2026-06-22,2026-08-25,2880.0,PE,0,0,0,272.65
2026-06-22,2026-08-25,2920.0,CE,0,0,0,71.35
2026-06-22,2026-08-25,2920.0,PE,0,0,0,301.2
2026-06-22,2026-08-25,2960.0,CE,0,0,0,61.85
2026-06-22,2026-08-25,2960.0,PE,0,0,0,331.1
2026-06-22,2026-08-25,3000.0,CE,0,0,0,53.2
2026-06-22,2026-08-25,3000.0,PE,0,0,0,361.85
2026-06-22,2026-08-25,3040.0,CE,0,0,0,45.65
2026-06-22,2026-08-25,3040.0,PE,0,0,0,393.75
2026-06-23,2026-06-30,2000.0,PE,10750,-4500,19,0.1
2026-06-23,2026-06-30,2120.0,PE,1000,0,0,0.55
2026-06-23,2026-06-30,2160.0,PE,21000,0,0,0.45
2026-06-23,2026-06-30,2200.0,CE,500,0,0,415.0
2026-06-23,2026-06-30,2200.0,PE,57000,-1000,7,0.25
2026-06-23,2026-06-30,2220.0,PE,17000,0,0,0.3
2026-06-23,2026-06-30,2240.0,PE,22750,0,0,0.25
2026-06-23,2026-06-30,2260.0,PE,38000,0,0,0.45
2026-06-23,2026-06-30,2280.0,PE,25500,0,1,0.35
2026-06-23,2026-06-30,2300.0,CE,4500,-750,3,362.0
2026-06-23,2026-06-30,2300.0,PE,270250,-500,77,0.15
2026-06-23,2026-06-30,2320.0,CE,0,0,0,75.65
2026-06-23,2026-06-30,2320.0,PE,10000,0,0,0.6
2026-06-23,2026-06-30,2340.0,PE,9750,0,0,0.7
2026-06-23,2026-06-30,2360.0,CE,10500,0,0,358.95
2026-06-23,2026-06-30,2360.0,PE,19750,0,16,0.7
2026-06-23,2026-06-30,2380.0,PE,4750,0,0,1.0
2026-06-23,2026-06-30,2400.0,CE,32000,-3750,24,258.0
2026-06-23,2026-06-30,2400.0,PE,98750,-2250,64,0.75
2026-06-23,2026-06-30,2420.0,CE,0,0,0,153.15
2026-06-23,2026-06-30,2420.0,PE,15750,1250,23,0.75
2026-06-23,2026-06-30,2440.0,CE,0,0,0,43.9
2026-06-23,2026-06-30,2440.0,PE,142750,-750,301,0.85
2026-06-23,2026-06-30,2460.0,CE,500,0,0,269.95
2026-06-23,2026-06-30,2460.0,PE,30500,-750,26,1.0
2026-06-23,2026-06-30,2480.0,CE,250,0,0,270.8
2026-06-23,2026-06-30,2480.0,PE,32000,3750,24,1.45
2026-06-23,2026-06-30,2500.0,CE,22250,-3250,30,160.35
2026-06-23,2026-06-30,2500.0,PE,180000,-19000,507,2.2
2026-06-23,2026-06-30,2520.0,CE,0,0,0,29.55
2026-06-23,2026-06-30,2520.0,PE,137500,-4250,31,3.15
2026-06-23,2026-06-30,2540.0,CE,6500,0,2,130.0
2026-06-23,2026-06-30,2540.0,PE,155000,-3000,349,3.75
2026-06-23,2026-06-30,2560.0,CE,30500,0,0,175.0
2026-06-23,2026-06-30,2560.0,PE,86000,16750,446,4.85
2026-06-23,2026-06-30,2580.0,CE,18750,-3500,56,85.9
2026-06-23,2026-06-30,2580.0,PE,58000,4500,504,6.8
2026-06-23,2026-06-30,2600.0,CE,87750,-6000,300,69.4
2026-06-23,2026-06-30,2600.0,PE,184250,-8750,1660,9.95
2026-06-23,2026-06-30,2620.0,CE,53750,-4250,269,54.55
2026-06-23,2026-06-30,2620.0,PE,68500,-13250,1311,14.45
2026-06-23,2026-06-30,2640.0,CE,117750,250,719,40.4
2026-06-23,2026-06-30,2640.0,PE,210500,250,1675,21.0
2026-06-23,2026-06-30,2660.0,CE,160500,-48250,3368,29.2
2026-06-23,2026-06-30,2660.0,PE,161750,-500,2545,29.4
2026-06-23,2026-06-30,2680.0,CE,271250,36250,6511,20.05
2026-06-23,2026-06-30,2680.0,PE,111500,-16750,2190,40.55
2026-06-23,2026-06-30,2700.0,CE,1020250,750,8490,14.05
2026-06-23,2026-06-30,2700.0,PE,211750,-40500,1423,53.75
2026-06-23,2026-06-30,2720.0,CE,518000,-14250,3231,9.35
2026-06-23,2026-06-30,2720.0,PE,141000,0,335,70.15
2026-06-23,2026-06-30,2740.0,CE,930000,750,3545,6.55
2026-06-23,2026-06-30,2740.0,PE,146000,-10750,348,86.55
2026-06-23,2026-06-30,2760.0,CE,441500,-78750,3349,4.95
2026-06-23,2026-06-30,2760.0,PE,157250,-2750,110,103.0
2026-06-23,2026-06-30,2780.0,CE,381000,-80250,1877,4.05
2026-06-23,2026-06-30,2780.0,PE,65750,-6500,66,116.8
2026-06-23,2026-06-30,2800.0,CE,1057750,-99000,5077,3.3
2026-06-23,2026-06-30,2800.0,PE,98000,-4000,93,143.0
2026-06-23,2026-06-30,2820.0,CE,183750,-30500,1209,2.6
2026-06-23,2026-06-30,2820.0,PE,18500,-250,1,165.25
2026-06-23,2026-06-30,2840.0,CE,330500,-50500,1150,2.15
2026-06-23,2026-06-30,2840.0,PE,27250,-500,6,183.2
2026-06-23,2026-06-30,2860.0,CE,162750,-14500,530,1.85
2026-06-23,2026-06-30,2860.0,PE,750,0,0,151.9
2026-06-23,2026-06-30,2880.0,CE,240000,-16000,750,1.6
2026-06-23,2026-06-30,2880.0,PE,750,0,0,169.3
2026-06-23,2026-06-30,2900.0,CE,1014250,-63500,2857,1.4
2026-06-23,2026-06-30,2900.0,PE,4000,0,0,186.1
2026-06-23,2026-06-30,2920.0,CE,67750,-2250,240,1.2
2026-06-23,2026-06-30,2920.0,PE,250,0,0,230.0
2026-06-23,2026-06-30,2940.0,CE,36500,-10250,127,1.15
2026-06-23,2026-06-30,2940.0,PE,0,0,0,460.35
2026-06-23,2026-06-30,2960.0,CE,50750,-47000,371,0.95
2026-06-23,2026-06-30,2960.0,PE,250,0,0,233.75
2026-06-23,2026-06-30,2980.0,CE,106250,-250,114,1.0
2026-06-23,2026-06-30,2980.0,PE,0,0,0,497.3
2026-06-23,2026-06-30,3000.0,CE,730750,-79750,830,0.8
2026-06-23,2026-06-30,3000.0,PE,29000,0,10,339.75
2026-06-23,2026-06-30,3040.0,CE,50750,1500,61,0.5
2026-06-23,2026-06-30,3040.0,PE,0,0,0,821.7
2026-06-23,2026-06-30,3080.0,CE,0,0,0,4.45
2026-06-23,2026-06-30,3080.0,PE,0,0,0,682.25
2026-06-23,2026-07-28,2320.0,CE,250,0,1,360.0
2026-06-23,2026-07-28,2320.0,PE,10750,-500,11,3.6
2026-06-23,2026-07-28,2360.0,CE,0,0,0,217.1
2026-06-23,2026-07-28,2360.0,PE,250,0,0,3.0
2026-06-23,2026-07-28,2400.0,CE,2750,2000,8,280.0
2026-06-23,2026-07-28,2400.0,PE,20500,6250,69,6.8
2026-06-23,2026-07-28,2420.0,CE,0,0,0,287.25
2026-06-23,2026-07-28,2420.0,PE,500,0,0,9.65
2026-06-23,2026-07-28,2440.0,CE,0,0,0,171.3
2026-06-23,2026-07-28,2440.0,PE,13250,-2250,89,10.95
2026-06-23,2026-07-28,2460.0,CE,0,0,0,257.4
2026-06-23,2026-07-28,2460.0,PE,2500,0,0,16.4
2026-06-23,2026-07-28,2480.0,CE,0,0,0,151.0
2026-06-23,2026-07-28,2480.0,PE,750,0,0,35.0
2026-06-23,2026-07-28,2500.0,CE,5750,2250,12,192.0
2026-06-23,2026-07-28,2500.0,PE,46000,-12500,224,19.25
2026-06-23,2026-07-28,2520.0,CE,0,0,0,132.5
2026-06-23,2026-07-28,2520.0,PE,3750,0,0,20.0
2026-06-23,2026-07-28,2540.0,CE,0,0,0,202.7
2026-06-23,2026-07-28,2540.0,PE,1000,0,0,28.35
2026-06-23,2026-07-28,2560.0,CE,0,0,0,115.7
2026-06-23,2026-07-28,2560.0,PE,750,0,0,55.65
2026-06-23,2026-07-28,2580.0,CE,0,0,0,178.3
2026-06-23,2026-07-28,2580.0,PE,500,0,0,30.0
2026-06-23,2026-07-28,2600.0,CE,11500,4000,60,123.9
2026-06-23,2026-07-28,2600.0,PE,52250,10000,217,42.8
2026-06-23,2026-07-28,2620.0,CE,250,0,0,110.0
2026-06-23,2026-07-28,2620.0,PE,250,0,0,35.0
2026-06-23,2026-07-28,2640.0,CE,250,0,0,152.0
2026-06-23,2026-07-28,2640.0,PE,2000,500,2,49.65
2026-06-23,2026-07-28,2660.0,CE,2000,2000,9,88.0
2026-06-23,2026-07-28,2660.0,PE,500,0,1,68.65
2026-06-23,2026-07-28,2680.0,CE,21000,13250,138,77.25
2026-06-23,2026-07-28,2680.0,PE,3000,2000,17,77.3
2026-06-23,2026-07-28,2700.0,CE,97500,39000,779,67.2
2026-06-23,2026-07-28,2700.0,PE,40750,8000,125,88.2
2026-06-23,2026-07-28,2720.0,CE,5250,0,0,64.0
2026-06-23,2026-07-28,2720.0,PE,1500,1500,6,89.05
2026-06-23,2026-07-28,2740.0,CE,20250,-1500,33,51.5
2026-06-23,2026-07-28,2740.0,PE,1750,0,0,93.0
2026-06-23,2026-07-28,2760.0,CE,4500,500,5,45.0
2026-06-23,2026-07-28,2760.0,PE,1500,0,0,97.0
2026-06-23,2026-07-28,2780.0,CE,4750,0,2,37.5
2026-06-23,2026-07-28,2780.0,PE,0,0,0,189.7
2026-06-23,2026-07-28,2800.0,CE,118000,-1250,446,33.5
2026-06-23,2026-07-28,2800.0,PE,19500,2000,22,149.3
2026-06-23,2026-07-28,2820.0,CE,1000,0,0,75.0
2026-06-23,2026-07-28,2820.0,PE,0,0,0,216.2
2026-06-23,2026-07-28,2840.0,CE,7750,250,39,24.95
2026-06-23,2026-07-28,2840.0,PE,250,250,1,172.0
2026-06-23,2026-07-28,2860.0,CE,3250,0,0,46.4
2026-06-23,2026-07-28,2860.0,PE,0,0,0,244.3
2026-06-23,2026-07-28,2880.0,CE,12000,3500,121,17.75
2026-06-23,2026-07-28,2880.0,PE,0,0,0,409.2
2026-06-23,2026-07-28,2900.0,CE,53750,5500,188,15.45
2026-06-23,2026-07-28,2900.0,PE,4500,500,3,228.25
2026-06-23,2026-07-28,2920.0,CE,6500,5250,75,13.15
2026-06-23,2026-07-28,2920.0,PE,0,0,0,443.3
2026-06-23,2026-07-28,2940.0,CE,9500,4000,91,11.75
2026-06-23,2026-07-28,2940.0,PE,0,0,0,305.0
2026-06-23,2026-07-28,2960.0,CE,8500,6750,61,10.2
2026-06-23,2026-07-28,2960.0,PE,0,0,0,478.15
2026-06-23,2026-07-28,2980.0,CE,1000,1000,8,8.85
2026-06-23,2026-07-28,2980.0,PE,0,0,0,337.25
2026-06-23,2026-07-28,3000.0,CE,96750,9750,399,7.8
2026-06-23,2026-07-28,3000.0,PE,1500,0,0,312.0
2026-06-23,2026-07-28,3040.0,CE,13750,-4250,82,6.25
2026-06-23,2026-07-28,3040.0,PE,0,0,0,549.75
2026-06-23,2026-07-28,3080.0,CE,77250,38250,945,5.2
2026-06-23,2026-07-28,3080.0,PE,250,0,0,339.0
2026-06-23,2026-08-25,2320.0,CE,0,0,0,391.05
2026-06-23,2026-08-25,2320.0,PE,0,0,0,29.75
2026-06-23,2026-08-25,2400.0,CE,0,0,0,328.65
2026-06-23,2026-08-25,2400.0,PE,0,0,0,46.2
2026-06-23,2026-08-25,2440.0,CE,0,0,0,299.55
2026-06-23,2026-08-25,2440.0,PE,0,0,0,33.9
2026-06-23,2026-08-25,2480.0,CE,0,0,0,271.75
2026-06-23,2026-08-25,2480.0,PE,0,0,0,68.1
2026-06-23,2026-08-25,2520.0,CE,0,0,0,245.65
2026-06-23,2026-08-25,2520.0,PE,0,0,0,81.4
2026-06-23,2026-08-25,2560.0,CE,0,0,0,221.1
2026-06-23,2026-08-25,2560.0,PE,0,0,0,96.3
2026-06-23,2026-08-25,2600.0,CE,250,0,0,211.1
2026-06-23,2026-08-25,2600.0,PE,0,0,0,112.8
2026-06-23,2026-08-25,2640.0,CE,0,0,0,177.0
2026-06-23,2026-08-25,2640.0,PE,0,0,0,130.95
2026-06-23,2026-08-25,2680.0,CE,0,0,0,157.35
2026-06-23,2026-08-25,2680.0,PE,0,0,0,150.75
2026-06-23,2026-08-25,2720.0,CE,0,0,0,139.3
2026-06-23,2026-08-25,2720.0,PE,0,0,0,172.1
2026-06-23,2026-08-25,2760.0,CE,1250,0,0,110.0
2026-06-23,2026-08-25,2760.0,PE,0,0,0,195.05
2026-06-23,2026-08-25,2800.0,CE,750,0,0,110.0
2026-06-23,2026-08-25,2800.0,PE,0,0,0,219.5
2026-06-23,2026-08-25,2840.0,CE,0,0,0,94.35
2026-06-23,2026-08-25,2840.0,PE,0,0,0,245.4
2026-06-23,2026-08-25,2880.0,CE,0,0,0,82.2
2026-06-23,2026-08-25,2880.0,PE,0,0,0,272.65
2026-06-23,2026-08-25,2920.0,CE,0,0,0,71.35
2026-06-23,2026-08-25,2920.0,PE,0,0,0,301.2
2026-06-23,2026-08-25,2960.0,CE,0,0,0,61.85
2026-06-23,2026-08-25,2960.0,PE,0,0,0,331.1
2026-06-23,2026-08-25,3000.0,CE,0,0,0,53.2
2026-06-23,2026-08-25,3000.0,PE,0,0,0,361.85
2026-06-23,2026-08-25,3040.0,CE,0,0,0,45.65
2026-06-23,2026-08-25,3040.0,PE,0,0,0,393.75
2026-06-24,2026-06-30,2000.0,PE,10750,0,0,0.1
2026-06-24,2026-06-30,2120.0,PE,1000,0,0,0.55
2026-06-24,2026-06-30,2160.0,PE,21000,0,7,0.1
2026-06-24,2026-06-30,2200.0,CE,500,0,0,415.0
2026-06-24,2026-06-30,2200.0,PE,52000,-5000,34,0.1
2026-06-24,2026-06-30,2220.0,PE,17000,0,0,0.3
2026-06-24,2026-06-30,2240.0,PE,22750,0,0,0.25
2026-06-24,2026-06-30,2260.0,PE,38250,250,1,0.4
2026-06-24,2026-06-30,2280.0,PE,24750,-750,4,0.1
2026-06-24,2026-06-30,2300.0,CE,4500,0,0,362.0
2026-06-24,2026-06-30,2300.0,PE,270250,0,39,0.15
2026-06-24,2026-06-30,2320.0,CE,0,0,0,75.65
2026-06-24,2026-06-30,2320.0,PE,9750,-250,9,0.25
2026-06-24,2026-06-30,2340.0,PE,9750,0,11,0.55
2026-06-24,2026-06-30,2360.0,CE,10500,0,0,358.95
2026-06-24,2026-06-30,2360.0,PE,19250,-500,6,0.45
2026-06-24,2026-06-30,2380.0,PE,4500,-250,2,0.7
2026-06-24,2026-06-30,2400.0,CE,29500,-2500,12,260.0
2026-06-24,2026-06-30,2400.0,PE,107250,8500,87,0.95
2026-06-24,2026-06-30,2420.0,CE,0,0,0,153.15
2026-06-24,2026-06-30,2420.0,PE,13250,-2500,11,0.9
2026-06-24,2026-06-30,2440.0,CE,0,0,0,43.9
2026-06-24,2026-06-30,2440.0,PE,142250,-500,156,0.7
2026-06-24,2026-06-30,2460.0,CE,500,0,0,269.95
2026-06-24,2026-06-30,2460.0,PE,30750,250,26,1.35
2026-06-24,2026-06-30,2480.0,CE,250,0,0,270.8
2026-06-24,2026-06-30,2480.0,PE,31000,-1000,27,1.95
2026-06-24,2026-06-30,2500.0,CE,21500,-750,19,157.35
2026-06-24,2026-06-30,2500.0,PE,180500,500,471,1.55
2026-06-24,2026-06-30,2520.0,CE,0,0,0,29.55
2026-06-24,2026-06-30,2520.0,PE,137750,250,45,2.05
2026-06-24,2026-06-30,2540.0,CE,5750,-750,3,126.0
2026-06-24,2026-06-30,2540.0,PE,155250,250,72,2.45
2026-06-24,2026-06-30,2560.0,CE,30500,0,0,175.0
2026-06-24,2026-06-30,2560.0,PE,70750,-15250,431,2.85
2026-06-24,2026-06-30,2580.0,CE,18500,-250,2,91.15
2026-06-24,2026-06-30,2580.0,PE,63250,5250,475,3.8
2026-06-24,2026-06-30,2600.0,CE,86500,-1250,215,71.1
2026-06-24,2026-06-30,2600.0,PE,188000,3750,1188,5.55
2026-06-24,2026-06-30,2620.0,CE,43250,-10500,192,53.65
2026-06-24,2026-06-30,2620.0,PE,63250,-5250,1108,8.7
2026-06-24,2026-06-30,2640.0,CE,120000,2250,694,39.05
2026-06-24,2026-06-30,2640.0,PE,124250,-86250,2068,13.7
2026-06-24,2026-06-30,2660.0,CE,136000,-24500,2944,26.9
2026-06-24,2026-06-30,2660.0,PE,162500,750,2377,21.55
2026-06-24,2026-06-30,2680.0,CE,279750,8500,7166,17.35
2026-06-24,2026-06-30,2680.0,PE,136500,25000,1052,32.3
2026-06-24,2026-06-30,2700.0,CE,957000,-63250,7345,10.8
2026-06-24,2026-06-30,2700.0,PE,185500,-26250,679,45.2
2026-06-24,2026-06-30,2720.0,CE,515500,-2500,2953,6.65
2026-06-24,2026-06-30,2720.0,PE,140000,-1000,175,61.75
2026-06-24,2026-06-30,2740.0,CE,918500,-11500,2317,4.1
2026-06-24,2026-06-30,2740.0,PE,141250,-4750,44,77.75
2026-06-24,2026-06-30,2760.0,CE,480500,39000,1357,3.05
2026-06-24,2026-06-30,2760.0,PE,149500,-7750,52,95.95
2026-06-24,2026-06-30,2780.0,CE,378500,-2500,1155,2.3
2026-06-24,2026-06-30,2780.0,PE,65500,-250,1,118.0
2026-06-24,2026-06-30,2800.0,CE,1020250,-37500,4043,1.95
2026-06-24,2026-06-30,2800.0,PE,94000,-4000,30,137.4
2026-06-24,2026-06-30,2820.0,CE,182500,-1250,801,1.5
2026-06-24,2026-06-30,2820.0,PE,18250,-250,1,160.0
2026-06-24,2026-06-30,2840.0,CE,308750,-21750,995,1.2
2026-06-24,2026-06-30,2840.0,PE,26250,-1000,4,180.0
2026-06-24,2026-06-30,2860.0,CE,136750,-26000,693,1.1
2026-06-24,2026-06-30,2860.0,PE,750,0,0,151.9
2026-06-24,2026-06-30,2880.0,CE,218750,-21250,708,0.95
2026-06-24,2026-06-30,2880.0,PE,750,0,0,169.3
2026-06-24,2026-06-30,2900.0,CE,880000,-134250,2096,0.85
2026-06-24,2026-06-30,2900.0,PE,4250,250,1,216.75
2026-06-24,2026-06-30,2920.0,CE,49000,-18750,507,0.75
2026-06-24,2026-06-30,2920.0,PE,250,0,0,230.0
2026-06-24,2026-06-30,2940.0,CE,31000,-5500,51,0.85
2026-06-24,2026-06-30,2940.0,PE,0,0,0,460.35
2026-06-24,2026-06-30,2960.0,CE,49500,-1250,269,0.55
2026-06-24,2026-06-30,2960.0,PE,250,0,0,233.75
2026-06-24,2026-06-30,2980.0,CE,106250,0,46,0.7
2026-06-24,2026-06-30,2980.0,PE,0,0,0,497.3
2026-06-24,2026-06-30,3000.0,CE,682750,-48000,753,0.45
2026-06-24,2026-06-30,3000.0,PE,28750,-250,7,330.0
2026-06-24,2026-06-30,3040.0,CE,51250,500,381,0.35
2026-06-24,2026-06-30,3040.0,PE,0,0,0,821.7
2026-06-24,2026-06-30,3080.0,CE,0,0,0,4.45
2026-06-24,2026-06-30,3080.0,PE,0,0,0,682.25
2026-06-24,2026-07-28,2320.0,CE,250,0,0,360.0
2026-06-24,2026-07-28,2320.0,PE,10750,0,0,3.6
2026-06-24,2026-07-28,2360.0,CE,0,0,0,217.1
2026-06-24,2026-07-28,2360.0,PE,250,0,0,3.0
2026-06-24,2026-07-28,2400.0,CE,2750,0,0,280.0
2026-06-24,2026-07-28,2400.0,PE,31250,10750,111,7.15
2026-06-24,2026-07-28,2420.0,CE,1000,1000,4,260.0
2026-06-24,2026-07-28,2420.0,PE,1000,500,10,8.2
2026-06-24,2026-07-28,2440.0,CE,0,0,0,171.3
2026-06-24,2026-07-28,2440.0,PE,20000,6750,142,9.8
2026-06-24,2026-07-28,2460.0,CE,0,0,0,257.4
2026-06-24,2026-07-28,2460.0,PE,2250,-250,66,11.95
2026-06-24,2026-07-28,2480.0,CE,0,0,0,151.0
2026-06-24,2026-07-28,2480.0,PE,6250,5500,54,14.35
2026-06-24,2026-07-28,2500.0,CE,12250,6500,53,195.0
2026-06-24,2026-07-28,2500.0,PE,50250,4250,283,17.25
2026-06-24,2026-07-28,2520.0,CE,0,0,0,132.5
2026-06-24,2026-07-28,2520.0,PE,18500,14750,103,20.75
2026-06-24,2026-07-28,2540.0,CE,0,0,0,202.7
2026-06-24,2026-07-28,2540.0,PE,3000,2000,16,22.9
2026-06-24,2026-07-28,2560.0,CE,0,0,0,115.7
2026-06-24,2026-07-28,2560.0,PE,4750,4000,56,30.3
2026-06-24,2026-07-28,2580.0,CE,0,0,0,178.3
2026-06-24,2026-07-28,2580.0,PE,6750,6250,41,34.5
2026-06-24,2026-07-28,2600.0,CE,16000,4500,32,122.15
2026-06-24,2026-07-28,2600.0,PE,73500,21250,178,41.1
2026-06-24,2026-07-28,2620.0,CE,250,0,0,110.0
2026-06-24,2026-07-28,2620.0,PE,500,250,3,47.9
2026-06-24,2026-07-28,2640.0,CE,500,250,2,98.5
2026-06-24,2026-07-28,2640.0,PE,2750,750,9,55.6
2026-06-24,2026-07-28,2660.0,CE,24250,22250,264,84.2
2026-06-24,2026-07-28,2660.0,PE,9250,8750,40,64.5
2026-06-24,2026-07-28,2680.0,CE,25750,4750,202,74.95
2026-06-24,2026-07-28,2680.0,PE,14250,11250,92,73.6
2026-06-24,2026-07-28,2700.0,CE,121000,23500,960,65.55
2026-06-24,2026-07-28,2700.0,PE,69750,29000,174,85.35
2026-06-24,2026-07-28,2720.0,CE,8500,3250,18,55.15
2026-06-24,2026-07-28,2720.0,PE,6000,4500,42,96.0
2026-06-24,2026-07-28,2740.0,CE,29500,9250,84,49.85
2026-06-24,2026-07-28,2740.0,PE,2250,500,7,110.35
2026-06-24,2026-07-28,2760.0,CE,9500,5000,39,42.85
2026-06-24,2026-07-28,2760.0,PE,1750,250,2,124.0
2026-06-24,2026-07-28,2780.0,CE,7750,3000,31,36.2
2026-06-24,2026-07-28,2780.0,PE,0,0,0,189.7
2026-06-24,2026-07-28,2800.0,CE,141750,23750,358,32.05
2026-06-24,2026-07-28,2800.0,PE,31000,11500,65,153.0
2026-06-24,2026-07-28,2820.0,CE,5750,4750,73,27.85
2026-06-24,2026-07-28,2820.0,PE,0,0,0,216.2
2026-06-24,2026-07-28,2840.0,CE,14250,6500,56,23.85
2026-06-24,2026-07-28,2840.0,PE,250,0,0,172.0
2026-06-24,2026-07-28,2860.0,CE,7500,4250,43,20.15
2026-06-24,2026-07-28,2860.0,PE,0,0,0,244.3
2026-06-24,2026-07-28,2880.0,CE,14750,2750,73,17.25
2026-06-24,2026-07-28,2880.0,PE,0,0,0,409.2
2026-06-24,2026-07-28,2900.0,CE,56750,3000,156,15.0
2026-06-24,2026-07-28,2900.0,PE,4500,0,0,228.25
2026-06-24,2026-07-28,2920.0,CE,7250,750,16,13.8
2026-06-24,2026-07-28,2920.0,PE,0,0,0,443.3
2026-06-24,2026-07-28,2940.0,CE,10500,1000,22,11.2
2026-06-24,2026-07-28,2940.0,PE,0,0,0,305.0
2026-06-24,2026-07-28,2960.0,CE,9000,500,47,9.5
2026-06-24,2026-07-28,2960.0,PE,0,0,0,478.15
2026-06-24,2026-07-28,2980.0,CE,1000,0,0,8.85
2026-06-24,2026-07-28,2980.0,PE,0,0,0,337.25
2026-06-24,2026-07-28,3000.0,CE,117500,20750,616,7.45
2026-06-24,2026-07-28,3000.0,PE,2250,750,3,330.0
2026-06-24,2026-07-28,3040.0,CE,16000,2250,33,5.95
2026-06-24,2026-07-28,3040.0,PE,0,0,0,549.75
2026-06-24,2026-07-28,3080.0,CE,80000,2750,131,4.8
2026-06-24,2026-07-28,3080.0,PE,250,0,0,339.0
2026-06-24,2026-08-25,2320.0,CE,0,0,0,391.05
2026-06-24,2026-08-25,2320.0,PE,0,0,0,29.75
2026-06-24,2026-08-25,2400.0,CE,0,0,0,328.65
2026-06-24,2026-08-25,2400.0,PE,0,0,0,46.2
2026-06-24,2026-08-25,2440.0,CE,0,0,0,299.55
2026-06-24,2026-08-25,2440.0,PE,0,0,0,33.9
2026-06-24,2026-08-25,2480.0,CE,0,0,0,271.75
2026-06-24,2026-08-25,2480.0,PE,0,0,0,68.1
2026-06-24,2026-08-25,2520.0,CE,0,0,0,245.65
2026-06-24,2026-08-25,2520.0,PE,0,0,0,81.4
2026-06-24,2026-08-25,2560.0,CE,0,0,0,221.1
2026-06-24,2026-08-25,2560.0,PE,0,0,0,96.3
2026-06-24,2026-08-25,2600.0,CE,250,0,0,211.1
2026-06-24,2026-08-25,2600.0,PE,0,0,0,112.8
2026-06-24,2026-08-25,2640.0,CE,0,0,0,177.0
2026-06-24,2026-08-25,2640.0,PE,0,0,0,130.95
2026-06-24,2026-08-25,2680.0,CE,0,0,0,157.35
2026-06-24,2026-08-25,2680.0,PE,0,0,0,150.75
2026-06-24,2026-08-25,2720.0,CE,0,0,0,139.3
2026-06-24,2026-08-25,2720.0,PE,0,0,0,172.1
2026-06-24,2026-08-25,2760.0,CE,1250,0,0,110.0
2026-06-24,2026-08-25,2760.0,PE,0,0,0,195.05
2026-06-24,2026-08-25,2800.0,CE,750,0,0,110.0
2026-06-24,2026-08-25,2800.0,PE,0,0,0,219.5
2026-06-24,2026-08-25,2840.0,CE,0,0,0,94.35
2026-06-24,2026-08-25,2840.0,PE,0,0,0,245.4
2026-06-24,2026-08-25,2880.0,CE,0,0,0,82.2
2026-06-24,2026-08-25,2880.0,PE,0,0,0,272.65
2026-06-24,2026-08-25,2920.0,CE,0,0,0,71.35
2026-06-24,2026-08-25,2920.0,PE,0,0,0,301.2
2026-06-24,2026-08-25,2960.0,CE,0,0,0,61.85
2026-06-24,2026-08-25,2960.0,PE,0,0,0,331.1
2026-06-24,2026-08-25,3000.0,CE,0,0,0,53.2
2026-06-24,2026-08-25,3000.0,PE,0,0,0,361.85
2026-06-24,2026-08-25,3040.0,CE,0,0,0,45.65
2026-06-24,2026-08-25,3040.0,PE,0,0,0,393.75
2026-06-25,2026-06-30,2000.0,PE,10750,0,0,0.1
2026-06-25,2026-06-30,2120.0,PE,1000,0,0,0.55
2026-06-25,2026-06-30,2160.0,PE,18500,-2500,10,0.1
2026-06-25,2026-06-30,2200.0,CE,500,0,0,415.0
2026-06-25,2026-06-30,2200.0,PE,48250,-3750,17,0.1
2026-06-25,2026-06-30,2220.0,PE,17000,0,0,0.3
2026-06-25,2026-06-30,2240.0,PE,22750,0,0,0.25
2026-06-25,2026-06-30,2260.0,PE,38250,0,0,0.4
2026-06-25,2026-06-30,2280.0,PE,24750,0,2,0.05
2026-06-25,2026-06-30,2300.0,CE,4500,0,5,358.6
2026-06-25,2026-06-30,2300.0,PE,268250,-2000,58,0.05
2026-06-25,2026-06-30,2320.0,CE,0,0,0,75.65
2026-06-25,2026-06-30,2320.0,PE,9750,0,0,0.25
2026-06-25,2026-06-30,2340.0,PE,9750,0,0,0.55
2026-06-25,2026-06-30,2360.0,CE,10500,0,0,358.95
2026-06-25,2026-06-30,2360.0,PE,19750,500,8,0.6
2026-06-25,2026-06-30,2380.0,PE,4500,0,0,0.7
2026-06-25,2026-06-30,2400.0,CE,25000,-4500,30,255.0
2026-06-25,2026-06-30,2400.0,PE,96500,-10750,88,0.65
2026-06-25,2026-06-30,2420.0,CE,0,0,0,153.15
2026-06-25,2026-06-30,2420.0,PE,11750,-1500,20,0.4
2026-06-25,2026-06-30,2440.0,CE,0,0,0,43.9
2026-06-25,2026-06-30,2440.0,PE,139750,-2500,35,0.55
2026-06-25,2026-06-30,2460.0,CE,500,0,0,269.95
2026-06-25,2026-06-30,2460.0,PE,30750,0,0,1.35
2026-06-25,2026-06-30,2480.0,CE,250,0,0,270.8
2026-06-25,2026-06-30,2480.0,PE,19000,-12000,67,1.05
2026-06-25,2026-06-30,2500.0,CE,21500,0,17,152.0
2026-06-25,2026-06-30,2500.0,PE,158250,-22250,389,1.5
2026-06-25,2026-06-30,2520.0,CE,0,0,0,29.55
2026-06-25,2026-06-30,2520.0,PE,140250,2500,133,2.1
2026-06-25,2026-06-30,2540.0,CE,5750,0,0,126.0
2026-06-25,2026-06-30,2540.0,PE,145750,-9500,227,2.35
2026-06-25,2026-06-30,2560.0,CE,30500,0,0,175.0
2026-06-25,2026-06-30,2560.0,PE,62250,-8500,197,2.7
2026-06-25,2026-06-30,2580.0,CE,18250,-250,4,69.0
2026-06-25,2026-06-30,2580.0,PE,55500,-7750,505,3.75
2026-06-25,2026-06-30,2600.0,CE,75500,-11000,361,54.85
2026-06-25,2026-06-30,2600.0,PE,152750,-35250,1198,5.65
2026-06-25,2026-06-30,2620.0,CE,38750,-4500,617,37.85
2026-06-25,2026-06-30,2620.0,PE,87000,23750,1096,9.3
2026-06-25,2026-06-30,2640.0,CE,113750,-6250,1442,24.0
2026-06-25,2026-06-30,2640.0,PE,116500,-7750,1980,15.3
2026-06-25,2026-06-30,2660.0,CE,167750,31750,4750,13.7
2026-06-25,2026-06-30,2660.0,PE,166250,3750,2586,25.0
2026-06-25,2026-06-30,2680.0,CE,392000,112250,7938,7.15
2026-06-25,2026-06-30,2680.0,PE,149250,12750,1508,38.6
2026-06-25,2026-06-30,2700.0,CE,947500,-9500,15718,3.8
2026-06-25,2026-06-30,2700.0,PE,147250,-38250,1259,54.85
2026-06-25,2026-06-30,2720.0,CE,532250,16750,3766,2.2
2026-06-25,2026-06-30,2720.0,PE,121250,-18750,255,72.85
2026-06-25,2026-06-30,2740.0,CE,921750,3250,2915,1.3
2026-06-25,2026-06-30,2740.0,PE,139750,-1500,59,91.7
2026-06-25,2026-06-30,2760.0,CE,492000,11500,2910,1.3
2026-06-25,2026-06-30,2760.0,PE,147750,-1750,27,100.5
2026-06-25,2026-06-30,2780.0,CE,371500,-7000,1425,1.2
2026-06-25,2026-06-30,2780.0,PE,62000,-3500,19,133.95
2026-06-25,2026-06-30,2800.0,CE,880500,-139750,4808,0.95
2026-06-25,2026-06-30,2800.0,PE,88250,-5750,41,151.65
2026-06-25,2026-06-30,2820.0,CE,111250,-71250,899,0.7
2026-06-25,2026-06-30,2820.0,PE,18250,0,1,157.0
2026-06-25,2026-06-30,2840.0,CE,262750,-46000,678,0.4
2026-06-25,2026-06-30,2840.0,PE,26250,0,0,180.0
2026-06-25,2026-06-30,2860.0,CE,112500,-24250,436,0.4
2026-06-25,2026-06-30,2860.0,PE,750,0,0,151.9
2026-06-25,2026-06-30,2880.0,CE,232500,13750,482,0.5
2026-06-25,2026-06-30,2880.0,PE,750,0,0,169.3
2026-06-25,2026-06-30,2900.0,CE,425000,-455000,3040,0.45
2026-06-25,2026-06-30,2900.0,PE,4250,0,0,216.75
2026-06-25,2026-06-30,2920.0,CE,35000,-14000,171,0.4
2026-06-25,2026-06-30,2920.0,PE,250,0,0,230.0
2026-06-25,2026-06-30,2940.0,CE,27250,-3750,41,0.4
2026-06-25,2026-06-30,2940.0,PE,0,0,0,460.35
2026-06-25,2026-06-30,2960.0,CE,25500,-24000,166,0.3
2026-06-25,2026-06-30,2960.0,PE,250,0,0,233.75
2026-06-25,2026-06-30,2980.0,CE,106250,0,100,0.4
2026-06-25,2026-06-30,2980.0,PE,0,0,0,497.3
2026-06-25,2026-06-30,3000.0,CE,638500,-44250,2006,0.1
2026-06-25,2026-06-30,3000.0,PE,28250,-500,16,340.0
2026-06-25,2026-06-30,3040.0,CE,49500,-1750,11,0.2
2026-06-25,2026-06-30,3040.0,PE,0,0,0,821.7
2026-06-25,2026-06-30,3080.0,CE,0,0,0,4.45
2026-06-25,2026-06-30,3080.0,PE,0,0,0,682.25
2026-06-25,2026-07-28,2320.0,CE,250,0,0,360.0
2026-06-25,2026-07-28,2320.0,PE,10750,0,5,3.85
2026-06-25,2026-07-28,2360.0,CE,0,0,0,217.1
2026-06-25,2026-07-28,2360.0,PE,250,0,0,3.0
2026-06-25,2026-07-28,2400.0,CE,18250,15500,75,267.0
2026-06-25,2026-07-28,2400.0,PE,38250,7000,95,8.25
2026-06-25,2026-07-28,2420.0,CE,1000,0,0,260.0
2026-06-25,2026-07-28,2420.0,PE,26500,25500,105,9.9
2026-06-25,2026-07-28,2440.0,CE,250,250,1,236.7
2026-06-25,2026-07-28,2440.0,PE,14000,-6000,112,11.85
2026-06-25,2026-07-28,2460.0,CE,0,0,0,257.4
2026-06-25,2026-07-28,2460.0,PE,6500,4250,40,14.25
2026-06-25,2026-07-28,2480.0,CE,0,0,0,151.0
2026-06-25,2026-07-28,2480.0,PE,7000,750,31,16.25
2026-06-25,2026-07-28,2500.0,CE,13750,1500,9,179.6
2026-06-25,2026-07-28,2500.0,PE,49500,-750,200,20.5
2026-06-25,2026-07-28,2520.0,CE,0,0,0,132.5
2026-06-25,2026-07-28,2520.0,PE,19750,1250,8,18.05
2026-06-25,2026-07-28,2540.0,CE,0,0,0,202.7
2026-06-25,2026-07-28,2540.0,PE,4500,1500,28,29.05
2026-06-25,2026-07-28,2560.0,CE,0,0,0,115.7
2026-06-25,2026-07-28,2560.0,PE,9500,4750,58,33.45
2026-06-25,2026-07-28,2580.0,CE,0,0,0,178.3
2026-06-25,2026-07-28,2580.0,PE,7250,500,19,40.3
2026-06-25,2026-07-28,2600.0,CE,56750,40750,328,108.1
2026-06-25,2026-07-28,2600.0,PE,77750,4250,396,47.0
2026-06-25,2026-07-28,2620.0,CE,1250,1000,4,107.1
2026-06-25,2026-07-28,2620.0,PE,2250,1750,8,57.25
2026-06-25,2026-07-28,2640.0,CE,14500,14000,102,84.9
2026-06-25,2026-07-28,2640.0,PE,12250,9500,72,63.9
2026-06-25,2026-07-28,2660.0,CE,50000,25750,722,74.45
2026-06-25,2026-07-28,2660.0,PE,48250,39000,338,72.95
2026-06-25,2026-07-28,2680.0,CE,88250,62500,634,65.4
2026-06-25,2026-07-28,2680.0,PE,21000,6750,184,84.45
2026-06-25,2026-07-28,2700.0,CE,208500,87500,2123,56.75
2026-06-25,2026-07-28,2700.0,PE,131500,61750,800,95.25
2026-06-25,2026-07-28,2720.0,CE,12750,4250,80,49.55
2026-06-25,2026-07-28,2720.0,PE,12250,6250,32,106.1
2026-06-25,2026-07-28,2740.0,CE,39750,10250,206,42.45
2026-06-25,2026-07-28,2740.0,PE,22750,20500,87,101.3
2026-06-25,2026-07-28,2760.0,CE,21000,11500,145,36.55
2026-06-25,2026-07-28,2760.0,PE,1750,0,0,124.0
2026-06-25,2026-07-28,2780.0,CE,12750,5000,99,31.35
2026-06-25,2026-07-28,2780.0,PE,0,0,0,189.7
2026-06-25,2026-07-28,2800.0,CE,165500,23750,722,26.7
2026-06-25,2026-07-28,2800.0,PE,33750,2750,27,163.35
2026-06-25,2026-07-28,2820.0,CE,11500,5750,57,22.6
2026-06-25,2026-07-28,2820.0,PE,500,500,2,172.0
2026-06-25,2026-07-28,2840.0,CE,14500,250,32,19.35
2026-06-25,2026-07-28,2840.0,PE,250,0,1,185.0
2026-06-25,2026-07-28,2860.0,CE,10000,2500,20,16.25
2026-06-25,2026-07-28,2860.0,PE,0,0,0,244.3
2026-06-25,2026-07-28,2880.0,CE,13750,-1000,82,14.1
2026-06-25,2026-07-28,2880.0,PE,0,0,0,409.2
2026-06-25,2026-07-28,2900.0,CE,64000,7250,181,12.05
2026-06-25,2026-07-28,2900.0,PE,5000,500,2,215.0
2026-06-25,2026-07-28,2920.0,CE,6500,-750,14,10.1
2026-06-25,2026-07-28,2920.0,PE,0,0,0,443.3
2026-06-25,2026-07-28,2940.0,CE,11000,500,28,9.0
2026-06-25,2026-07-28,2940.0,PE,0,0,0,305.0
2026-06-25,2026-07-28,2960.0,CE,7750,-1250,36,7.4
2026-06-25,2026-07-28,2960.0,PE,0,0,0,478.15
2026-06-25,2026-07-28,2980.0,CE,3000,2000,9,6.55
2026-06-25,2026-07-28,2980.0,PE,0,0,0,337.25
2026-06-25,2026-07-28,3000.0,CE,96500,-21000,645,5.8
2026-06-25,2026-07-28,3000.0,PE,5250,3000,12,340.5
2026-06-25,2026-07-28,3040.0,CE,12750,-3250,49,4.95
2026-06-25,2026-07-28,3040.0,PE,500,500,2,360.0
2026-06-25,2026-07-28,3080.0,CE,50000,-30000,188,3.35
2026-06-25,2026-07-28,3080.0,PE,500,250,1,393.0
2026-06-25,2026-08-25,2320.0,CE,0,0,0,391.05
2026-06-25,2026-08-25,2320.0,PE,0,0,0,29.75
2026-06-25,2026-08-25,2400.0,CE,0,0,0,328.65
2026-06-25,2026-08-25,2400.0,PE,0,0,0,46.2
2026-06-25,2026-08-25,2440.0,CE,0,0,0,299.55
2026-06-25,2026-08-25,2440.0,PE,0,0,0,33.9
2026-06-25,2026-08-25,2480.0,CE,0,0,0,271.75
2026-06-25,2026-08-25,2480.0,PE,0,0,0,68.1
2026-06-25,2026-08-25,2520.0,CE,0,0,0,245.65
2026-06-25,2026-08-25,2520.0,PE,0,0,0,81.4
2026-06-25,2026-08-25,2560.0,CE,0,0,0,221.1
2026-06-25,2026-08-25,2560.0,PE,0,0,0,96.3
2026-06-25,2026-08-25,2600.0,CE,250,0,0,211.1
2026-06-25,2026-08-25,2600.0,PE,0,0,0,112.8
2026-06-25,2026-08-25,2640.0,CE,0,0,0,177.0
2026-06-25,2026-08-25,2640.0,PE,0,0,0,130.95
2026-06-25,2026-08-25,2680.0,CE,0,0,0,157.35
2026-06-25,2026-08-25,2680.0,PE,0,0,0,150.75
2026-06-25,2026-08-25,2720.0,CE,0,0,0,139.3
2026-06-25,2026-08-25,2720.0,PE,0,0,0,172.1
2026-06-25,2026-08-25,2760.0,CE,1250,0,0,110.0
2026-06-25,2026-08-25,2760.0,PE,0,0,0,195.05
2026-06-25,2026-08-25,2800.0,CE,750,0,0,110.0
2026-06-25,2026-08-25,2800.0,PE,0,0,0,219.5
2026-06-25,2026-08-25,2840.0,CE,0,0,0,94.35
2026-06-25,2026-08-25,2840.0,PE,0,0,0,245.4
2026-06-25,2026-08-25,2880.0,CE,0,0,0,82.2
2026-06-25,2026-08-25,2880.0,PE,0,0,0,272.65
2026-06-25,2026-08-25,2920.0,CE,0,0,0,71.35
2026-06-25,2026-08-25,2920.0,PE,0,0,0,301.2
2026-06-25,2026-08-25,2960.0,CE,0,0,0,61.85
2026-06-25,2026-08-25,2960.0,PE,0,0,0,331.1
2026-06-25,2026-08-25,3000.0,CE,0,0,0,53.2
2026-06-25,2026-08-25,3000.0,PE,0,0,0,361.85
2026-06-25,2026-08-25,3040.0,CE,0,0,0,45.65
2026-06-25,2026-08-25,3040.0,PE,0,0,0,393.75
2026-06-29,2026-06-30,2000.0,PE,13750,3000,20,0.5
2026-06-29,2026-06-30,2120.0,PE,1000,0,0,0.55
2026-06-29,2026-06-30,2160.0,PE,18500,0,0,0.1
2026-06-29,2026-06-30,2200.0,CE,500,0,2,450.0
2026-06-29,2026-06-30,2200.0,PE,42750,-5500,37,0.05
2026-06-29,2026-06-30,2220.0,PE,17000,0,0,0.3
2026-06-29,2026-06-30,2240.0,PE,21250,-1500,6,0.05
2026-06-29,2026-06-30,2260.0,PE,39000,750,5,0.3
2026-06-29,2026-06-30,2280.0,PE,21500,-3250,15,0.05
2026-06-29,2026-06-30,2300.0,CE,4500,0,0,358.6
2026-06-29,2026-06-30,2300.0,PE,268250,0,57,0.05
2026-06-29,2026-06-30,2320.0,CE,0,0,0,75.65
2026-06-29,2026-06-30,2320.0,PE,9750,0,0,0.25
2026-06-29,2026-06-30,2340.0,PE,8500,-1250,6,0.2
2026-06-29,2026-06-30,2360.0,CE,10500,0,0,358.95
2026-06-29,2026-06-30,2360.0,PE,19750,0,0,0.6
2026-06-29,2026-06-30,2380.0,PE,4250,-250,6,0.25
2026-06-29,2026-06-30,2400.0,CE,22250,-2750,12,257.5
2026-06-29,2026-06-30,2400.0,PE,84250,-12250,71,0.2
2026-06-29,2026-06-30,2420.0,CE,0,0,0,153.15
2026-06-29,2026-06-30,2420.0,PE,11750,0,0,0.4
2026-06-29,2026-06-30,2440.0,CE,0,0,0,43.9
2026-06-29,2026-06-30,2440.0,PE,129250,-10500,55,0.15
2026-06-29,2026-06-30,2460.0,CE,500,0,0,269.95
2026-06-29,2026-06-30,2460.0,PE,30000,-750,4,0.3
2026-06-29,2026-06-30,2480.0,CE,250,0,0,270.8
2026-06-29,2026-06-30,2480.0,PE,18250,-750,31,0.4
2026-06-29,2026-06-30,2500.0,CE,21000,-500,18,169.0
2026-06-29,2026-06-30,2500.0,PE,122750,-35500,633,0.7
2026-06-29,2026-06-30,2520.0,CE,0,0,0,29.55
2026-06-29,2026-06-30,2520.0,PE,135500,-4750,375,0.9
2026-06-29,2026-06-30,2540.0,CE,5750,0,4,130.8
2026-06-29,2026-06-30,2540.0,PE,143000,-2750,932,1.05
2026-06-29,2026-06-30,2560.0,CE,23750,-6750,39,108.65
2026-06-29,2026-06-30,2560.0,PE,57000,-5250,163,1.1
2026-06-29,2026-06-30,2580.0,CE,18000,-250,8,85.6
2026-06-29,2026-06-30,2580.0,PE,58000,2500,479,1.4
2026-06-29,2026-06-30,2600.0,CE,63000,-12500,536,65.0
2026-06-29,2026-06-30,2600.0,PE,150000,-2750,2310,2.25
2026-06-29,2026-06-30,2620.0,CE,36000,-2750,553,48.35
2026-06-29,2026-06-30,2620.0,PE,96000,9000,1889,3.2
2026-06-29,2026-06-30,2640.0,CE,54750,-59000,1881,29.95
2026-06-29,2026-06-30,2640.0,PE,98750,-17750,2849,4.75
2026-06-29,2026-06-30,2660.0,CE,263250,95500,4476,14.0
2026-06-29,2026-06-30,2660.0,PE,121250,-45000,2402,9.3
2026-06-29,2026-06-30,2680.0,CE,208750,-183250,6270,5.25
2026-06-29,2026-06-30,2680.0,PE,127750,-21500,2002,19.9
2026-06-29,2026-06-30,2700.0,CE,961750,14250,10635,0.9
2026-06-29,2026-06-30,2700.0,PE,93000,-54250,1019,36.1
2026-06-29,2026-06-30,2720.0,CE,496250,-36000,5887,0.25
2026-06-29,2026-06-30,2720.0,PE,111000,-10250,100,56.1
2026-06-29,2026-06-30,2740.0,CE,811000,-110750,5176,0.1
2026-06-29,2026-06-30,2740.0,PE,130250,-9500,69,75.9
2026-06-29,2026-06-30,2760.0,CE,390000,-102000,2515,0.15
2026-06-29,2026-06-30,2760.0,PE,143250,-4500,65,92.9
2026-06-29,2026-06-30,2780.0,CE,351750,-19750,2859,0.3
2026-06-29,2026-06-30,2780.0,PE,61000,-1000,15,115.0
2026-06-29,2026-06-30,2800.0,CE,753500,-127000,2517,0.25
2026-06-29,2026-06-30,2800.0,PE,74750,-13500,61,132.6
2026-06-29,2026-06-30,2820.0,CE,84000,-27250,217,0.15
2026-06-29,2026-06-30,2820.0,PE,18250,0,0,157.0
2026-06-29,2026-06-30,2840.0,CE,202250,-60500,499,0.1
2026-06-29,2026-06-30,2840.0,PE,25250,-1000,31,175.7
2026-06-29,2026-06-30,2860.0,CE,83500,-29000,163,0.15
2026-06-29,2026-06-30,2860.0,PE,750,0,0,151.9
2026-06-29,2026-06-30,2880.0,CE,212000,-20500,247,0.15
2026-06-29,2026-06-30,2880.0,PE,750,0,0,169.3
2026-06-29,2026-06-30,2900.0,CE,245250,-179750,1087,0.1
2026-06-29,2026-06-30,2900.0,PE,4250,0,0,216.75
2026-06-29,2026-06-30,2920.0,CE,28500,-6500,93,0.2
2026-06-29,2026-06-30,2920.0,PE,250,0,0,230.0
2026-06-29,2026-06-30,2940.0,CE,24000,-3250,17,0.05
2026-06-29,2026-06-30,2940.0,PE,0,0,0,460.35
2026-06-29,2026-06-30,2960.0,CE,23500,-2000,11,0.15
2026-06-29,2026-06-30,2960.0,PE,250,0,0,233.75
2026-06-29,2026-06-30,2980.0,CE,87000,-19250,129,0.2
2026-06-29,2026-06-30,2980.0,PE,0,0,0,497.3
2026-06-29,2026-06-30,3000.0,CE,621750,-16750,165,0.05
2026-06-29,2026-06-30,3000.0,PE,26750,-1500,10,347.55
2026-06-29,2026-06-30,3040.0,CE,36000,-13500,57,0.1
2026-06-29,2026-06-30,3040.0,PE,0,0,0,821.7
2026-06-29,2026-06-30,3080.0,CE,0,0,0,4.45
2026-06-29,2026-06-30,3080.0,PE,0,0,0,682.25
2026-06-29,2026-07-28,2320.0,CE,500,250,1,360.0
2026-06-29,2026-07-28,2320.0,PE,16000,5250,64,3.65
2026-06-29,2026-07-28,2360.0,CE,0,0,0,217.1
2026-06-29,2026-07-28,2360.0,PE,5000,4750,23,4.85
2026-06-29,2026-07-28,2400.0,CE,20750,2500,10,276.0
2026-06-29,2026-07-28,2400.0,PE,41500,3250,139,6.75
2026-06-29,2026-07-28,2420.0,CE,1250,250,1,259.2
2026-06-29,2026-07-28,2420.0,PE,26500,0,15,9.3
2026-06-29,2026-07-28,2440.0,CE,250,0,0,236.7
2026-06-29,2026-07-28,2440.0,PE,14250,250,47,9.8
2026-06-29,2026-07-28,2460.0,CE,0,0,0,257.4
2026-06-29,2026-07-28,2460.0,PE,13500,7000,105,11.55
2026-06-29,2026-07-28,2480.0,CE,250,250,1,205.65
2026-06-29,2026-07-28,2480.0,PE,12000,5000,57,14.15
2026-06-29,2026-07-28,2500.0,CE,16250,2500,21,190.0
2026-06-29,2026-07-28,2500.0,PE,53250,3750,202,16.95
2026-06-29,2026-07-28,2520.0,CE,250,250,1,171.4
2026-06-29,2026-07-28,2520.0,PE,20750,1000,16,20.7
2026-06-29,2026-07-28,2540.0,CE,0,0,0,202.7
2026-06-29,2026-07-28,2540.0,PE,6000,1500,20,24.75
2026-06-29,2026-07-28,2560.0,CE,500,500,3,137.7
2026-06-29,2026-07-28,2560.0,PE,8750,-750,56,32.2
2026-06-29,2026-07-28,2580.0,CE,0,0,0,178.3
2026-06-29,2026-07-28,2580.0,PE,11500,4250,77,34.75
2026-06-29,2026-07-28,2600.0,CE,59250,2500,194,119.65
2026-06-29,2026-07-28,2600.0,PE,74000,-3750,621,40.75
2026-06-29,2026-07-28,2620.0,CE,2250,1000,36,106.95
2026-06-29,2026-07-28,2620.0,PE,30250,28000,290,47.5
2026-06-29,2026-07-28,2640.0,CE,17250,2750,202,95.4
2026-06-29,2026-07-28,2640.0,PE,19500,7250,171,55.05
2026-06-29,2026-07-28,2660.0,CE,54750,4750,758,82.9
2026-06-29,2026-07-28,2660.0,PE,62250,14000,507,64.3
2026-06-29,2026-07-28,2680.0,CE,84500,-3750,670,72.9
2026-06-29,2026-07-28,2680.0,PE,45250,24250,687,74.55
2026-06-29,2026-07-28,2700.0,CE,184250,-24250,1685,63.55
2026-06-29,2026-07-28,2700.0,PE,111250,-20250,722,84.95
2026-06-29,2026-07-28,2720.0,CE,31250,18500,368,55.35
2026-06-29,2026-07-28,2720.0,PE,16750,4500,246,95.45
2026-06-29,2026-07-28,2740.0,CE,43500,3750,216,47.55
2026-06-29,2026-07-28,2740.0,PE,22750,0,4,109.55
2026-06-29,2026-07-28,2760.0,CE,29000,8000,135,41.1
2026-06-29,2026-07-28,2760.0,PE,22750,21000,315,122.15
2026-06-29,2026-07-28,2780.0,CE,18000,5250,81,34.7
2026-06-29,2026-07-28,2780.0,PE,0,0,0,189.7
2026-06-29,2026-07-28,2800.0,CE,166750,1250,1176,30.6
2026-06-29,2026-07-28,2800.0,PE,58250,24500,166,150.5
2026-06-29,2026-07-28,2820.0,CE,13750,2250,76,25.7
2026-06-29,2026-07-28,2820.0,PE,1250,750,5,178.55
2026-06-29,2026-07-28,2840.0,CE,21250,6750,101,22.15
2026-06-29,2026-07-28,2840.0,PE,250,0,0,185.0
2026-06-29,2026-07-28,2860.0,CE,18000,8000,90,18.75
2026-06-29,2026-07-28,2860.0,PE,500,500,2,209.05
2026-06-29,2026-07-28,2880.0,CE,14500,750,52,16.0
2026-06-29,2026-07-28,2880.0,PE,250,250,1,222.0
2026-06-29,2026-07-28,2900.0,CE,68250,4250,277,13.75
2026-06-29,2026-07-28,2900.0,PE,6000,1000,7,239.2
2026-06-29,2026-07-28,2920.0,CE,6500,0,49,11.6
2026-06-29,2026-07-28,2920.0,PE,500,500,2,261.65
2026-06-29,2026-07-28,2940.0,CE,17750,6750,96,9.6
2026-06-29,2026-07-28,2940.0,PE,0,0,0,305.0
2026-06-29,2026-07-28,2960.0,CE,9250,1500,41,8.45
2026-06-29,2026-07-28,2960.0,PE,0,0,0,478.15
2026-06-29,2026-07-28,2980.0,CE,17250,14250,86,7.15
2026-06-29,2026-07-28,2980.0,PE,0,0,0,337.25
2026-06-29,2026-07-28,3000.0,CE,110500,14000,391,6.3
2026-06-29,2026-07-28,3000.0,PE,6750,1500,9,323.0
2026-06-29,2026-07-28,3040.0,CE,14750,2000,67,4.65
2026-06-29,2026-07-28,3040.0,PE,500,0,0,360.0
2026-06-29,2026-07-28,3080.0,CE,39500,-10500,106,3.7
2026-06-29,2026-07-28,3080.0,PE,500,0,0,393.0
2026-06-29,2026-08-25,2320.0,CE,0,0,0,391.05
2026-06-29,2026-08-25,2320.0,PE,0,0,0,29.75
2026-06-29,2026-08-25,2400.0,CE,0,0,0,328.65
2026-06-29,2026-08-25,2400.0,PE,0,0,0,46.2
2026-06-29,2026-08-25,2440.0,CE,0,0,0,299.55
2026-06-29,2026-08-25,2440.0,PE,0,0,0,33.9
2026-06-29,2026-08-25,2480.0,CE,0,0,0,271.75
2026-06-29,2026-08-25,2480.0,PE,0,0,0,68.1
2026-06-29,2026-08-25,2520.0,CE,0,0,0,245.65
2026-06-29,2026-08-25,2520.0,PE,0,0,0,81.4
2026-06-29,2026-08-25,2560.0,CE,0,0,0,221.1
2026-06-29,2026-08-25,2560.0,PE,0,0,0,96.3
2026-06-29,2026-08-25,2600.0,CE,250,0,0,211.1
2026-06-29,2026-08-25,2600.0,PE,0,0,0,112.8
2026-06-29,2026-08-25,2640.0,CE,0,0,0,177.0
2026-06-29,2026-08-25,2640.0,PE,0,0,0,130.95
2026-06-29,2026-08-25,2680.0,CE,0,0,0,157.35
2026-06-29,2026-08-25,2680.0,PE,0,0,0,150.75
2026-06-29,2026-08-25,2720.0,CE,0,0,0,139.3
2026-06-29,2026-08-25,2720.0,PE,0,0,0,172.1
2026-06-29,2026-08-25,2760.0,CE,1250,0,0,110.0
2026-06-29,2026-08-25,2760.0,PE,0,0,0,195.05
2026-06-29,2026-08-25,2800.0,CE,750,0,2,57.5
2026-06-29,2026-08-25,2800.0,PE,0,0,0,219.5
2026-06-29,2026-08-25,2840.0,CE,0,0,0,94.35
2026-06-29,2026-08-25,2840.0,PE,0,0,0,245.4
2026-06-29,2026-08-25,2880.0,CE,0,0,0,82.2
2026-06-29,2026-08-25,2880.0,PE,0,0,0,272.65
2026-06-29,2026-08-25,2920.0,CE,0,0,0,71.35
2026-06-29,2026-08-25,2920.0,PE,0,0,0,301.2
2026-06-29,2026-08-25,2960.0,CE,0,0,0,61.85
2026-06-29,2026-08-25,2960.0,PE,0,0,0,331.1
2026-06-29,2026-08-25,3000.0,CE,0,0,0,53.2
2026-06-29,2026-08-25,3000.0,PE,0,0,0,361.85
2026-06-29,2026-08-25,3040.0,CE,0,0,0,45.65
2026-06-29,2026-08-25,3040.0,PE,0,0,0,393.75
2026-06-30,2026-06-30,2000.0,PE,10250,-3500,17,0.1
2026-06-30,2026-06-30,2120.0,PE,1000,0,0,0.55
2026-06-30,2026-06-30,2160.0,PE,18500,0,0,0.1
2026-06-30,2026-06-30,2200.0,CE,500,0,0,450.0
2026-06-30,2026-06-30,2200.0,PE,42500,-250,1,0.05
2026-06-30,2026-06-30,2220.0,PE,17000,0,0,0.3
2026-06-30,2026-06-30,2240.0,PE,21250,0,0,0.05
2026-06-30,2026-06-30,2260.0,PE,37250,-1750,11,0.05
2026-06-30,2026-06-30,2280.0,PE,21500,0,0,0.05
2026-06-30,2026-06-30,2300.0,CE,1750,-2750,13,343.3
2026-06-30,2026-06-30,2300.0,PE,268250,0,0,0.05
2026-06-30,2026-06-30,2320.0,CE,0,0,0,75.65
2026-06-30,2026-06-30,2320.0,PE,9750,0,0,0.25
2026-06-30,2026-06-30,2340.0,PE,8000,-500,7,0.05
2026-06-30,2026-06-30,2360.0,CE,10500,0,0,358.95
2026-06-30,2026-06-30,2360.0,PE,17000,-2750,16,0.1
2026-06-30,2026-06-30,2380.0,PE,4000,-250,6,0.05
2026-06-30,2026-06-30,2400.0,CE,19250,-3000,19,234.0
2026-06-30,2026-06-30,2400.0,PE,74250,-10000,75,0.1
2026-06-30,2026-06-30,2420.0,CE,0,0,0,153.15
2026-06-30,2026-06-30,2420.0,PE,11750,0,2,0.05
2026-06-30,2026-06-30,2440.0,CE,0,0,0,43.9
2026-06-30,2026-06-30,2440.0,PE,126750,-2500,18,0.05
2026-06-30,2026-06-30,2460.0,CE,500,0,0,269.95
2026-06-30,2026-06-30,2460.0,PE,27250,-2750,34,0.1
2026-06-30,2026-06-30,2480.0,CE,250,0,0,270.8
2026-06-30,2026-06-30,2480.0,PE,17250,-1000,24,0.1
2026-06-30,2026-06-30,2500.0,CE,21000,0,25,156.9
2026-06-30,2026-06-30,2500.0,PE,73250,-49500,445,0.15
2026-06-30,2026-06-30,2520.0,CE,0,0,0,29.55
2026-06-30,2026-06-30,2520.0,PE,134750,-750,552,0.15
2026-06-30,2026-06-30,2540.0,CE,5750,0,0,130.8
2026-06-30,2026-06-30,2540.0,PE,135750,-7250,327,0.1
2026-06-30,2026-06-30,2560.0,CE,23750,0,0,108.65
2026-06-30,2026-06-30,2560.0,PE,50000,-7000,146,0.4
2026-06-30,2026-06-30,2580.0,CE,17500,-500,27,58.2
2026-06-30,2026-06-30,2580.0,PE,42750,-15250,413,0.15
2026-06-30,2026-06-30,2600.0,CE,57750,-5250,83,39.3
2026-06-30,2026-06-30,2600.0,PE,88750,-61250,1128,0.35
2026-06-30,2026-06-30,2620.0,CE,36750,750,39,20.85
2026-06-30,2026-06-30,2620.0,PE,52250,-43750,596,1.3
2026-06-30,2026-06-30,2640.0,CE,52000,-2750,259,5.25
2026-06-30,2026-06-30,2640.0,PE,60250,-38500,912,10.7
2026-06-30,2026-06-30,2660.0,CE,232500,-30750,1131,0.05
2026-06-30,2026-06-30,2660.0,PE,98750,-22500,828,21.75
2026-06-30,2026-06-30,2680.0,CE,171500,-37250,1522,0.05
2026-06-30,2026-06-30,2680.0,PE,125000,-2750,202,28.0
2026-06-30,2026-06-30,2700.0,CE,846750,-115000,3013,0.05
2026-06-30,2026-06-30,2700.0,PE,81500,-11500,195,62.25
2026-06-30,2026-06-30,2720.0,CE,357250,-139000,798,0.05
2026-06-30,2026-06-30,2720.0,PE,107000,-4000,45,78.0
2026-06-30,2026-06-30,2740.0,CE,753000,-58000,304,0.05
2026-06-30,2026-06-30,2740.0,PE,120750,-9500,74,102.5
2026-06-30,2026-06-30,2760.0,CE,282750,-107250,507,0.05
2026-06-30,2026-06-30,2760.0,PE,141500,-1750,21,123.75
2026-06-30,2026-06-30,2780.0,CE,222750,-129000,792,0.05
2026-06-30,2026-06-30,2780.0,PE,61000,0,0,115.0
2026-06-30,2026-06-30,2800.0,CE,540500,-213000,1156,0.05
2026-06-30,2026-06-30,2800.0,PE,69750,-5000,35,162.5
2026-06-30,2026-06-30,2820.0,CE,47250,-36750,158,0.05
2026-06-30,2026-06-30,2820.0,PE,18000,-250,1,174.0
2026-06-30,2026-06-30,2840.0,CE,180250,-22000,128,0.05
2026-06-30,2026-06-30,2840.0,PE,21500,-3750,15,188.0
2026-06-30,2026-06-30,2860.0,CE,61500,-22000,194,0.05
2026-06-30,2026-06-30,2860.0,PE,750,0,0,151.9
2026-06-30,2026-06-30,2880.0,CE,176250,-35750,186,0.05
2026-06-30,2026-06-30,2880.0,PE,750,0,0,169.3
2026-06-30,2026-06-30,2900.0,CE,204250,-41000,338,0.05
2026-06-30,2026-06-30,2900.0,PE,4250,0,0,216.75
2026-06-30,2026-06-30,2920.0,CE,17750,-10750,79,0.1
2026-06-30,2026-06-30,2920.0,PE,250,0,0,230.0
2026-06-30,2026-06-30,2940.0,CE,21500,-2500,21,0.05
2026-06-30,2026-06-30,2940.0,PE,0,0,0,460.35
2026-06-30,2026-06-30,2960.0,CE,21500,-2000,8,0.1
2026-06-30,2026-06-30,2960.0,PE,250,0,0,233.75
2026-06-30,2026-06-30,2980.0,CE,77750,-9250,131,0.05
2026-06-30,2026-06-30,2980.0,PE,0,0,0,497.3
2026-06-30,2026-06-30,3000.0,CE,610250,-11500,99,0.05
2026-06-30,2026-06-30,3000.0,PE,22750,-4000,19,350.0
2026-06-30,2026-06-30,3040.0,CE,36000,0,0,0.1
2026-06-30,2026-06-30,3040.0,PE,0,0,0,821.7
2026-06-30,2026-06-30,3080.0,CE,0,0,0,4.45
2026-06-30,2026-06-30,3080.0,PE,0,0,0,682.25
2026-06-30,2026-07-28,2320.0,CE,3750,3250,24,347.05
2026-06-30,2026-07-28,2320.0,PE,20250,4250,50,5.25
2026-06-30,2026-07-28,2360.0,CE,0,0,0,217.1
2026-06-30,2026-07-28,2360.0,PE,11250,6250,62,6.25
2026-06-30,2026-07-28,2400.0,CE,23750,3000,34,255.0
2026-06-30,2026-07-28,2400.0,PE,53500,12000,137,9.9
2026-06-30,2026-07-28,2420.0,CE,1250,0,0,259.2
2026-06-30,2026-07-28,2420.0,PE,27500,1000,39,12.15
2026-06-30,2026-07-28,2440.0,CE,500,250,1,227.25
2026-06-30,2026-07-28,2440.0,PE,20500,6250,52,14.45
2026-06-30,2026-07-28,2460.0,CE,250,250,1,225.9
2026-06-30,2026-07-28,2460.0,PE,13750,250,87,16.1
2026-06-30,2026-07-28,2480.0,CE,250,0,0,205.65
2026-06-30,2026-07-28,2480.0,PE,11250,-750,76,19.45
2026-06-30,2026-07-28,2500.0,CE,22000,5750,36,175.65
2026-06-30,2026-07-28,2500.0,PE,83750,30500,350,22.85
2026-06-30,2026-07-28,2520.0,CE,1500,1250,7,171.6
2026-06-30,2026-07-28,2520.0,PE,61750,41000,321,27.8
2026-06-30,2026-07-28,2540.0,CE,0,0,0,202.7
2026-06-30,2026-07-28,2540.0,PE,134750,128750,883,31.85
2026-06-30,2026-07-28,2560.0,CE,2250,1750,14,138.95
2026-06-30,2026-07-28,2560.0,PE,97500,88750,742,36.25
2026-06-30,2026-07-28,2580.0,CE,4250,4250,34,124.35
2026-06-30,2026-07-28,2580.0,PE,17750,6250,148,42.55
2026-06-30,2026-07-28,2600.0,CE,60500,1250,123,103.8
2026-06-30,2026-07-28,2600.0,PE,79500,5500,508,49.9
2026-06-30,2026-07-28,2620.0,CE,12250,10000,91,91.15
2026-06-30,2026-07-28,2620.0,PE,30750,500,142,57.85
2026-06-30,2026-07-28,2640.0,CE,27750,10500,236,79.05
2026-06-30,2026-07-28,2640.0,PE,44000,24500,488,66.3
2026-06-30,2026-07-28,2660.0,CE,90000,35250,1184,68.7
2026-06-30,2026-07-28,2660.0,PE,60000,-2250,425,74.5
2026-06-30,2026-07-28,2680.0,CE,106250,21750,578,59.55
2026-06-30,2026-07-28,2680.0,PE,42250,-3000,300,86.0
2026-06-30,2026-07-28,2700.0,CE,252250,68000,1588,51.1
2026-06-30,2026-07-28,2700.0,PE,91000,-20250,420,97.75
2026-06-30,2026-07-28,2720.0,CE,41500,10250,230,43.6
2026-06-30,2026-07-28,2720.0,PE,15000,-1750,169,104.65
2026-06-30,2026-07-28,2740.0,CE,185000,141500,1071,36.3
2026-06-30,2026-07-28,2740.0,PE,26000,3250,77,119.35
2026-06-30,2026-07-28,2760.0,CE,148750,119750,1108,30.65
2026-06-30,2026-07-28,2760.0,PE,25500,2750,21,124.95
2026-06-30,2026-07-28,2780.0,CE,14250,-3750,171,26.0
2026-06-30,2026-07-28,2780.0,PE,4000,4000,23,139.9
2026-06-30,2026-07-28,2800.0,CE,260500,93750,1086,21.7
2026-06-30,2026-07-28,2800.0,PE,61750,3500,39,170.0
2026-06-30,2026-07-28,2820.0,CE,9500,-4250,61,18.2
2026-06-30,2026-07-28,2820.0,PE,1250,0,0,178.55
2026-06-30,2026-07-28,2840.0,CE,25000,3750,146,15.1
2026-06-30,2026-07-28,2840.0,PE,250,0,0,185.0
2026-06-30,2026-07-28,2860.0,CE,27250,9250,243,12.45
2026-06-30,2026-07-28,2860.0,PE,500,0,0,209.05
2026-06-30,2026-07-28,2880.0,CE,20000,5500,99,10.95
2026-06-30,2026-07-28,2880.0,PE,250,0,0,222.0
2026-06-30,2026-07-28,2900.0,CE,69750,1500,282,9.2
2026-06-30,2026-07-28,2900.0,PE,7000,1000,4,240.0
2026-06-30,2026-07-28,2920.0,CE,7000,500,60,7.9
2026-06-30,2026-07-28,2920.0,PE,500,0,0,261.65
2026-06-30,2026-07-28,2940.0,CE,22000,4250,92,6.35
2026-06-30,2026-07-28,2940.0,PE,0,0,0,305.0
2026-06-30,2026-07-28,2960.0,CE,11250,2000,44,6.05
2026-06-30,2026-07-28,2960.0,PE,0,0,0,478.15
2026-06-30,2026-07-28,2980.0,CE,14250,-3000,16,5.15
2026-06-30,2026-07-28,2980.0,PE,0,0,0,337.25
2026-06-30,2026-07-28,3000.0,CE,117250,6750,359,4.75
2026-06-30,2026-07-28,3000.0,PE,9000,2250,18,335.55
2026-06-30,2026-07-28,3040.0,CE,13500,-1250,49,3.0
2026-06-30,2026-07-28,3040.0,PE,500,0,0,360.0
2026-06-30,2026-07-28,3080.0,CE,42750,3250,90,3.05
2026-06-30,2026-07-28,3080.0,PE,500,0,0,393.0
2026-06-30,2026-08-25,2320.0,CE,0,0,0,391.05
2026-06-30,2026-08-25,2320.0,PE,0,0,0,29.75
2026-06-30,2026-08-25,2400.0,CE,0,0,0,328.65
2026-06-30,2026-08-25,2400.0,PE,0,0,0,46.2
2026-06-30,2026-08-25,2440.0,CE,0,0,0,299.55
2026-06-30,2026-08-25,2440.0,PE,0,0,0,33.9
2026-06-30,2026-08-25,2480.0,CE,0,0,0,271.75
2026-06-30,2026-08-25,2480.0,PE,0,0,0,68.1
2026-06-30,2026-08-25,2520.0,CE,0,0,0,245.65
2026-06-30,2026-08-25,2520.0,PE,0,0,0,81.4
2026-06-30,2026-08-25,2560.0,CE,0,0,0,221.1
2026-06-30,2026-08-25,2560.0,PE,0,0,0,96.3
2026-06-30,2026-08-25,2600.0,CE,250,0,0,211.1
2026-06-30,2026-08-25,2600.0,PE,0,0,0,112.8
2026-06-30,2026-08-25,2640.0,CE,0,0,0,177.0
2026-06-30,2026-08-25,2640.0,PE,0,0,0,130.95
2026-06-30,2026-08-25,2680.0,CE,0,0,0,157.35
2026-06-30,2026-08-25,2680.0,PE,0,0,0,150.75
2026-06-30,2026-08-25,2720.0,CE,0,0,0,139.3
2026-06-30,2026-08-25,2720.0,PE,0,0,0,172.1
2026-06-30,2026-08-25,2760.0,CE,1250,0,0,110.0
2026-06-30,2026-08-25,2760.0,PE,0,0,0,195.05
2026-06-30,2026-08-25,2800.0,CE,750,0,0,57.5
2026-06-30,2026-08-25,2800.0,PE,0,0,0,219.5
2026-06-30,2026-08-25,2840.0,CE,0,0,0,94.35
2026-06-30,2026-08-25,2840.0,PE,0,0,0,245.4
2026-06-30,2026-08-25,2880.0,CE,0,0,0,82.2
2026-06-30,2026-08-25,2880.0,PE,0,0,0,272.65
2026-06-30,2026-08-25,2920.0,CE,0,0,0,71.35
2026-06-30,2026-08-25,2920.0,PE,0,0,0,301.2
2026-06-30,2026-08-25,2960.0,CE,0,0,0,61.85
2026-06-30,2026-08-25,2960.0,PE,0,0,0,331.1
2026-06-30,2026-08-25,3000.0,CE,0,0,0,53.2
2026-06-30,2026-08-25,3000.0,PE,0,0,0,361.85
2026-06-30,2026-08-25,3040.0,CE,0,0,0,45.65
2026-06-30,2026-08-25,3040.0,PE,0,0,0,393.75
2026-07-01,2026-07-28,2240.0,CE,0,0,0,298.8
2026-07-01,2026-07-28,2240.0,PE,0,0,0,44.05
2026-07-01,2026-07-28,2280.0,CE,0,0,0,270.0
2026-07-01,2026-07-28,2280.0,PE,0,0,0,54.65
2026-07-01,2026-07-28,2320.0,CE,3750,0,0,347.05
2026-07-01,2026-07-28,2320.0,PE,38000,17750,149,2.2
2026-07-01,2026-07-28,2360.0,CE,0,0,0,217.1
2026-07-01,2026-07-28,2360.0,PE,27750,16500,209,2.55
2026-07-01,2026-07-28,2400.0,CE,24000,250,3,316.55
2026-07-01,2026-07-28,2400.0,PE,313250,259750,1736,3.95
2026-07-01,2026-07-28,2420.0,CE,1250,0,0,259.2
2026-07-01,2026-07-28,2420.0,PE,30000,2500,69,4.95
2026-07-01,2026-07-28,2440.0,CE,250,-250,2,278.75
2026-07-01,2026-07-28,2440.0,PE,23750,3250,92,6.05
2026-07-01,2026-07-28,2460.0,CE,250,0,0,225.9
2026-07-01,2026-07-28,2460.0,PE,18750,5000,158,7.45
2026-07-01,2026-07-28,2480.0,CE,250,0,0,205.65
2026-07-01,2026-07-28,2480.0,PE,22250,11000,162,9.05
2026-07-01,2026-07-28,2500.0,CE,22000,0,5,235.0
2026-07-01,2026-07-28,2500.0,PE,102500,18750,998,11.0
2026-07-01,2026-07-28,2520.0,CE,1500,0,0,171.6
2026-07-01,2026-07-28,2520.0,PE,64500,2750,252,13.45
2026-07-01,2026-07-28,2540.0,CE,0,0,0,202.7
2026-07-01,2026-07-28,2540.0,PE,143250,8500,392,15.95
2026-07-01,2026-07-28,2560.0,CE,2250,0,0,138.95
2026-07-01,2026-07-28,2560.0,PE,100500,3000,242,19.2
2026-07-01,2026-07-28,2580.0,CE,4250,0,0,124.35
2026-07-01,2026-07-28,2580.0,PE,35500,17750,290,22.15
2026-07-01,2026-07-28,2600.0,CE,72750,12250,372,150.7
2026-07-01,2026-07-28,2600.0,PE,129000,49500,1408,26.45
2026-07-01,2026-07-28,2620.0,CE,17750,5500,238,135.7
2026-07-01,2026-07-28,2620.0,PE,57500,26750,577,31.05
2026-07-01,2026-07-28,2640.0,CE,40500,12750,603,120.5
2026-07-01,2026-07-28,2640.0,PE,61000,17000,892,36.6
2026-07-01,2026-07-28,2660.0,CE,65750,-24250,1459,106.9
2026-07-01,2026-07-28,2660.0,PE,86000,26000,1284,42.7
2026-07-01,2026-07-28,2680.0,CE,83500,-22750,1831,94.1
2026-07-01,2026-07-28,2680.0,PE,63750,21500,921,50.05
2026-07-01,2026-07-28,2700.0,CE,243250,-9000,5653,82.2
2026-07-01,2026-07-28,2700.0,PE,152000,61000,1766,57.4
2026-07-01,2026-07-28,2720.0,CE,120250,78750,1974,71.1
2026-07-01,2026-07-28,2720.0,PE,29750,14750,697,67.0
2026-07-01,2026-07-28,2740.0,CE,196500,11500,2142,61.15
2026-07-01,2026-07-28,2740.0,PE,36500,10500,218,75.95
2026-07-01,2026-07-28,2760.0,CE,239250,90500,1484,52.0
2026-07-01,2026-07-28,2760.0,PE,27250,1750,251,86.05
2026-07-01,2026-07-28,2780.0,CE,21500,7250,465,43.9
2026-07-01,2026-07-28,2780.0,PE,4000,0,0,139.9
2026-07-01,2026-07-28,2800.0,CE,263250,2750,4041,36.75
2026-07-01,2026-07-28,2800.0,PE,66250,4500,76,111.1
2026-07-01,2026-07-28,2820.0,CE,18750,9250,334,30.65
2026-07-01,2026-07-28,2820.0,PE,1250,0,0,178.55
2026-07-01,2026-07-28,2840.0,CE,40500,15500,646,25.35
2026-07-01,2026-07-28,2840.0,PE,250,0,0,185.0
2026-07-01,2026-07-28,2860.0,CE,50750,23500,442,20.85
2026-07-01,2026-07-28,2860.0,PE,500,0,0,209.05
2026-07-01,2026-07-28,2880.0,CE,56750,36750,423,17.15
2026-07-01,2026-07-28,2880.0,PE,250,0,0,222.0
2026-07-01,2026-07-28,2900.0,CE,167000,97250,1548,13.95
2026-07-01,2026-07-28,2900.0,PE,7000,0,5,184.0
2026-07-01,2026-07-28,2920.0,CE,33500,26500,248,11.4
2026-07-01,2026-07-28,2920.0,PE,500,0,0,261.65
2026-07-01,2026-07-28,2940.0,CE,18750,-3250,260,9.3
2026-07-01,2026-07-28,2940.0,PE,0,0,0,305.0
2026-07-01,2026-07-28,2960.0,CE,22250,11000,384,7.4
2026-07-01,2026-07-28,2960.0,PE,0,0,0,478.15
2026-07-01,2026-07-28,2980.0,CE,21500,7250,170,6.1
2026-07-01,2026-07-28,2980.0,PE,0,0,0,337.25
2026-07-01,2026-07-28,3000.0,CE,336000,218750,3328,5.0
2026-07-01,2026-07-28,3000.0,PE,14000,5000,48,278.0
2026-07-01,2026-07-28,3040.0,CE,19250,5750,66,3.35
2026-07-01,2026-07-28,3040.0,PE,500,0,0,360.0
2026-07-01,2026-07-28,3080.0,CE,35000,-7750,223,2.65
2026-07-01,2026-07-28,3080.0,PE,500,0,0,393.0
2026-07-01,2026-08-25,2240.0,CE,0,0,0,458.25
2026-07-01,2026-08-25,2240.0,PE,0,0,0,18.15
2026-07-01,2026-08-25,2280.0,CE,0,0,0,424.1
2026-07-01,2026-08-25,2280.0,PE,0,0,0,23.4
2026-07-01,2026-08-25,2320.0,CE,0,0,0,391.05
2026-07-01,2026-08-25,2320.0,PE,0,0,0,29.75
2026-07-01,2026-08-25,2360.0,CE,0,0,0,359.2
2026-07-01,2026-08-25,2360.0,PE,0,0,0,37.3
2026-07-01,2026-08-25,2400.0,CE,0,0,0,328.65
2026-07-01,2026-08-25,2400.0,PE,250,250,1,7.1
2026-07-01,2026-08-25,2420.0,CE,0,0,0,268.85
2026-07-01,2026-08-25,2420.0,PE,0,0,0,30.25
2026-07-01,2026-08-25,2440.0,CE,0,0,0,299.55
2026-07-01,2026-08-25,2440.0,PE,0,0,0,33.9
2026-07-01,2026-08-25,2460.0,CE,0,0,0,238.6
2026-07-01,2026-08-25,2460.0,PE,0,0,0,39.6
2026-07-01,2026-08-25,2480.0,CE,0,0,0,271.75
2026-07-01,2026-08-25,2480.0,PE,0,0,0,68.1
2026-07-01,2026-08-25,2500.0,CE,250,250,1,216.0
2026-07-01,2026-08-25,2500.0,PE,0,0,0,50.6
2026-07-01,2026-08-25,2520.0,CE,0,0,0,245.65
2026-07-01,2026-08-25,2520.0,PE,0,0,0,81.4
2026-07-01,2026-08-25,2540.0,CE,0,0,0,183.45
2026-07-01,2026-08-25,2540.0,PE,0,0,0,63.7
2026-07-01,2026-08-25,2560.0,CE,0,0,0,221.1
2026-07-01,2026-08-25,2560.0,PE,0,0,0,96.3
2026-07-01,2026-08-25,2580.0,CE,0,0,0,159.1
2026-07-01,2026-08-25,2580.0,PE,0,0,0,78.95
2026-07-01,2026-08-25,2600.0,CE,750,500,2,189.0
2026-07-01,2026-08-25,2600.0,PE,0,0,0,112.8
2026-07-01,2026-08-25,2620.0,CE,0,0,0,136.85
2026-07-01,2026-08-25,2620.0,PE,0,0,0,96.35
2026-07-01,2026-08-25,2640.0,CE,0,0,0,177.0
2026-07-01,2026-08-25,2640.0,PE,0,0,0,130.95
2026-07-01,2026-08-25,2660.0,CE,0,0,0,116.75
2026-07-01,2026-08-25,2660.0,PE,0,0,0,115.9
2026-07-01,2026-08-25,2680.0,CE,0,0,0,157.35
2026-07-01,2026-08-25,2680.0,PE,0,0,0,150.75
2026-07-01,2026-08-25,2700.0,CE,0,0,0,98.85
2026-07-01,2026-08-25,2700.0,PE,0,0,0,137.6
2026-07-01,2026-08-25,2720.0,CE,0,0,0,139.3
2026-07-01,2026-08-25,2720.0,PE,0,0,0,172.1
2026-07-01,2026-08-25,2740.0,CE,0,0,0,83.0
2026-07-01,2026-08-25,2740.0,PE,0,0,0,161.35
2026-07-01,2026-08-25,2760.0,CE,1250,0,0,110.0
2026-07-01,2026-08-25,2760.0,PE,0,0,0,195.05
2026-07-01,2026-08-25,2780.0,CE,0,0,0,69.15
2026-07-01,2026-08-25,2780.0,PE,0,0,0,187.1
2026-07-01,2026-08-25,2800.0,CE,8250,7500,41,71.6
2026-07-01,2026-08-25,2800.0,PE,0,0,0,219.5
2026-07-01,2026-08-25,2820.0,CE,0,0,0,57.15
2026-07-01,2026-08-25,2820.0,PE,0,0,0,214.75
2026-07-01,2026-08-25,2840.0,CE,0,0,0,94.35
2026-07-01,2026-08-25,2840.0,PE,0,0,0,245.4
2026-07-01,2026-08-25,2860.0,CE,0,0,0,46.95
2026-07-01,2026-08-25,2860.0,PE,0,0,0,244.2
2026-07-01,2026-08-25,2880.0,CE,0,0,0,82.2
2026-07-01,2026-08-25,2880.0,PE,0,0,0,272.65
2026-07-01,2026-08-25,2920.0,CE,2500,2500,10,35.0
2026-07-01,2026-08-25,2920.0,PE,250,250,1,226.1
2026-07-01,2026-08-25,2960.0,CE,0,0,0,61.85
2026-07-01,2026-08-25,2960.0,PE,0,0,0,331.1
2026-07-01,2026-08-25,3000.0,CE,1000,1000,4,21.5
2026-07-01,2026-08-25,3000.0,PE,0,0,0,361.85
2026-07-01,2026-08-25,3040.0,CE,0,0,0,45.65
2026-07-01,2026-08-25,3040.0,PE,0,0,0,393.75
2026-07-01,2026-09-29,2240.0,CE,0,0,0,446.9
2026-07-01,2026-09-29,2240.0,PE,0,0,0,16.8
2026-07-01,2026-09-29,2320.0,CE,0,0,0,379.45
2026-07-01,2026-09-29,2320.0,PE,0,0,0,28.15
2026-07-01,2026-09-29,2400.0,CE,0,0,0,316.9
2026-07-01,2026-09-29,2400.0,PE,0,0,0,44.4
2026-07-01,2026-09-29,2440.0,CE,0,0,0,287.8
2026-07-01,2026-09-29,2440.0,PE,0,0,0,54.7
2026-07-01,2026-09-29,2480.0,CE,0,0,0,260.05
2026-07-01,2026-09-29,2480.0,PE,0,0,0,66.3
2026-07-01,2026-09-29,2520.0,CE,0,0,0,234.05
2026-07-01,2026-09-29,2520.0,PE,0,0,0,79.7
2026-07-01,2026-09-29,2560.0,CE,0,0,0,209.7
2026-07-01,2026-09-29,2560.0,PE,0,0,0,94.75
2026-07-01,2026-09-29,2600.0,CE,0,0,0,187.05
2026-07-01,2026-09-29,2600.0,PE,0,0,0,111.45
2026-07-01,2026-09-29,2640.0,CE,0,0,0,166.05
2026-07-01,2026-09-29,2640.0,PE,0,0,0,129.85
2026-07-01,2026-09-29,2680.0,CE,0,0,0,146.75
2026-07-01,2026-09-29,2680.0,PE,0,0,0,149.95
2026-07-01,2026-09-29,2720.0,CE,0,0,0,129.15
2026-07-01,2026-09-29,2720.0,PE,0,0,0,171.7
2026-07-01,2026-09-29,2760.0,CE,0,0,0,113.1
2026-07-01,2026-09-29,2760.0,PE,0,0,0,195.1
2026-07-01,2026-09-29,2800.0,CE,0,0,0,98.65
2026-07-01,2026-09-29,2800.0,PE,0,0,0,220.0
2026-07-01,2026-09-29,2840.0,CE,0,0,0,85.65
2026-07-01,2026-09-29,2840.0,PE,0,0,0,246.4
2026-07-01,2026-09-29,2880.0,CE,0,0,0,74.05
2026-07-01,2026-09-29,2880.0,PE,0,0,0,274.15
2026-07-01,2026-09-29,2960.0,CE,0,0,0,54.8
2026-07-01,2026-09-29,2960.0,PE,0,0,0,333.7
2026-07-01,2026-09-29,3040.0,CE,0,0,0,39.7
2026-07-01,2026-09-29,3040.0,PE,0,0,0,397.4
2026-07-02,2026-07-28,2320.0,CE,3750,0,0,347.05
2026-07-02,2026-07-28,2320.0,PE,30000,-8000,144,1.15
2026-07-02,2026-07-28,2360.0,CE,0,0,0,217.1
2026-07-02,2026-07-28,2360.0,PE,27750,0,10,1.65
2026-07-02,2026-07-28,2400.0,CE,24000,0,1,340.0
2026-07-02,2026-07-28,2400.0,PE,304750,-8500,260,2.45
2026-07-02,2026-07-28,2420.0,CE,1250,0,0,259.2
2026-07-02,2026-07-28,2420.0,PE,28500,-1500,18,3.0
2026-07-02,2026-07-28,2440.0,CE,250,0,0,278.75
2026-07-02,2026-07-28,2440.0,PE,157500,133750,841,3.95
2026-07-02,2026-07-28,2460.0,CE,250,0,0,225.9
2026-07-02,2026-07-28,2460.0,PE,24750,6000,126,4.8
2026-07-02,2026-07-28,2480.0,CE,250,0,0,205.65
2026-07-02,2026-07-28,2480.0,PE,64500,42250,336,6.05
2026-07-02,2026-07-28,2500.0,CE,22000,0,2,252.2
2026-07-02,2026-07-28,2500.0,PE,111500,9000,464,7.6
2026-07-02,2026-07-28,2520.0,CE,1500,0,0,171.6
2026-07-02,2026-07-28,2520.0,PE,64000,-500,131,9.2
2026-07-02,2026-07-28,2540.0,CE,0,0,0,202.7
2026-07-02,2026-07-28,2540.0,PE,143250,0,124,11.6
2026-07-02,2026-07-28,2560.0,CE,2250,0,0,138.95
2026-07-02,2026-07-28,2560.0,PE,112000,11500,222,14.3
2026-07-02,2026-07-28,2580.0,CE,4250,0,0,124.35
2026-07-02,2026-07-28,2580.0,PE,38000,2500,95,17.0
2026-07-02,2026-07-28,2600.0,CE,73500,750,48,166.45
2026-07-02,2026-07-28,2600.0,PE,151250,22250,617,20.05
2026-07-02,2026-07-28,2620.0,CE,17750,0,0,135.7
2026-07-02,2026-07-28,2620.0,PE,63500,6000,193,23.8
2026-07-02,2026-07-28,2640.0,CE,44000,3500,61,133.95
2026-07-02,2026-07-28,2640.0,PE,75250,14250,348,28.15
2026-07-02,2026-07-28,2660.0,CE,56750,-9000,121,119.25
2026-07-02,2026-07-28,2660.0,PE,88750,2750,638,33.5
2026-07-02,2026-07-28,2680.0,CE,71500,-12000,157,106.6
2026-07-02,2026-07-28,2680.0,PE,55750,-8000,498,39.35
2026-07-02,2026-07-28,2700.0,CE,229250,-14000,1721,94.25
2026-07-02,2026-07-28,2700.0,PE,182500,30500,1852,45.8
2026-07-02,2026-07-28,2720.0,CE,122000,1750,1449,81.0
2026-07-02,2026-07-28,2720.0,PE,40250,10500,664,54.0
2026-07-02,2026-07-28,2740.0,CE,191500,-5000,1504,70.2
2026-07-02,2026-07-28,2740.0,PE,46250,9750,717,62.65
2026-07-02,2026-07-28,2760.0,CE,248250,9000,1723,59.95
2026-07-02,2026-07-28,2760.0,PE,33250,6000,458,72.6
2026-07-02,2026-07-28,2780.0,CE,30000,8500,513,50.85
2026-07-02,2026-07-28,2780.0,PE,4000,0,0,139.9
2026-07-02,2026-07-28,2800.0,CE,273750,10500,2115,42.7
2026-07-02,2026-07-28,2800.0,PE,74000,7750,253,93.8
2026-07-02,2026-07-28,2820.0,CE,20500,1750,335,35.35
2026-07-02,2026-07-28,2820.0,PE,8500,7250,74,109.6
2026-07-02,2026-07-28,2840.0,CE,37000,-3500,567,29.15
2026-07-02,2026-07-28,2840.0,PE,2250,2000,19,122.15
2026-07-02,2026-07-28,2860.0,CE,51000,250,267,23.9
2026-07-02,2026-07-28,2860.0,PE,500,0,0,209.05
2026-07-02,2026-07-28,2880.0,CE,63500,6750,180,19.5
2026-07-02,2026-07-28,2880.0,PE,250,0,0,222.0
2026-07-02,2026-07-28,2900.0,CE,207500,40500,1111,15.6
2026-07-02,2026-07-28,2900.0,PE,9500,2500,31,168.8
2026-07-02,2026-07-28,2920.0,CE,44750,11250,127,12.45
2026-07-02,2026-07-28,2920.0,PE,500,0,0,261.65
2026-07-02,2026-07-28,2940.0,CE,32250,13500,231,9.8
2026-07-02,2026-07-28,2940.0,PE,0,0,0,305.0
2026-07-02,2026-07-28,2960.0,CE,45250,23000,245,7.6
2026-07-02,2026-07-28,2960.0,PE,0,0,0,478.15
2026-07-02,2026-07-28,2980.0,CE,21000,-500,88,6.05
2026-07-02,2026-07-28,3000.0,CE,458000,122000,2128,4.75
2026-07-02,2026-07-28,3000.0,PE,15250,1250,12,257.05
2026-07-02,2026-07-28,3040.0,CE,30250,11000,147,3.4
2026-07-02,2026-07-28,3040.0,PE,500,0,0,360.0
2026-07-02,2026-07-28,3080.0,CE,36750,1750,175,1.95
2026-07-02,2026-07-28,3080.0,PE,500,0,0,393.0
2026-07-02,2026-07-28,3120.0,CE,750,750,4,3.0
2026-07-02,2026-07-28,3120.0,PE,0,0,0,623.5
2026-07-02,2026-08-25,2320.0,CE,0,0,0,391.05
2026-07-02,2026-08-25,2320.0,PE,0,0,0,29.75
2026-07-02,2026-08-25,2360.0,CE,0,0,0,359.2
2026-07-02,2026-08-25,2360.0,PE,0,0,0,37.3
2026-07-02,2026-08-25,2400.0,CE,0,0,0,328.65
2026-07-02,2026-08-25,2400.0,PE,750,500,3,10.0
2026-07-02,2026-08-25,2440.0,CE,0,0,0,299.55
2026-07-02,2026-08-25,2440.0,PE,0,0,0,33.9
2026-07-02,2026-08-25,2480.0,CE,0,0,0,271.75
2026-07-02,2026-08-25,2480.0,PE,0,0,0,68.1
2026-07-02,2026-08-25,2500.0,CE,250,0,0,216.0
2026-07-02,2026-08-25,2500.0,PE,0,0,0,50.6
2026-07-02,2026-08-25,2520.0,CE,0,0,0,245.65
2026-07-02,2026-08-25,2520.0,PE,0,0,0,81.4
2026-07-02,2026-08-25,2540.0,CE,0,0,0,183.45
2026-07-02,2026-08-25,2540.0,PE,0,0,0,63.7
2026-07-02,2026-08-25,2560.0,CE,0,0,0,221.1
2026-07-02,2026-08-25,2560.0,PE,0,0,0,96.3
2026-07-02,2026-08-25,2580.0,CE,0,0,0,159.1
2026-07-02,2026-08-25,2580.0,PE,0,0,0,78.95
2026-07-02,2026-08-25,2600.0,CE,750,0,0,189.0
2026-07-02,2026-08-25,2600.0,PE,0,0,0,112.8
2026-07-02,2026-08-25,2620.0,CE,0,0,0,136.85
2026-07-02,2026-08-25,2620.0,PE,0,0,0,96.35
2026-07-02,2026-08-25,2640.0,CE,0,0,0,177.0
2026-07-02,2026-08-25,2640.0,PE,0,0,0,130.95
2026-07-02,2026-08-25,2660.0,CE,0,0,0,116.75
2026-07-02,2026-08-25,2660.0,PE,0,0,0,115.9
2026-07-02,2026-08-25,2680.0,CE,0,0,0,157.35
2026-07-02,2026-08-25,2680.0,PE,0,0,0,150.75
2026-07-02,2026-08-25,2700.0,CE,0,0,0,98.85
2026-07-02,2026-08-25,2700.0,PE,0,0,0,137.6
2026-07-02,2026-08-25,2720.0,CE,0,0,0,139.3
2026-07-02,2026-08-25,2720.0,PE,0,0,0,172.1
2026-07-02,2026-08-25,2740.0,CE,0,0,0,83.0
2026-07-02,2026-08-25,2740.0,PE,0,0,0,161.35
2026-07-02,2026-08-25,2760.0,CE,1500,250,1,102.4
2026-07-02,2026-08-25,2760.0,PE,0,0,0,195.05
2026-07-02,2026-08-25,2780.0,CE,0,0,0,69.15
2026-07-02,2026-08-25,2780.0,PE,0,0,0,187.1
2026-07-02,2026-08-25,2800.0,CE,13500,5250,26,80.45
2026-07-02,2026-08-25,2800.0,PE,0,0,0,219.5
2026-07-02,2026-08-25,2820.0,CE,0,0,0,57.15
2026-07-02,2026-08-25,2820.0,PE,0,0,0,214.75
2026-07-02,2026-08-25,2840.0,CE,0,0,0,94.35
2026-07-02,2026-08-25,2840.0,PE,0,0,0,245.4
2026-07-02,2026-08-25,2860.0,CE,0,0,0,46.95
2026-07-02,2026-08-25,2860.0,PE,0,0,0,244.2
2026-07-02,2026-08-25,2880.0,CE,0,0,0,82.2
2026-07-02,2026-08-25,2880.0,PE,0,0,0,272.65
2026-07-02,2026-08-25,2900.0,CE,0,0,0,38.15
2026-07-02,2026-08-25,2900.0,PE,0,0,0,275.0
2026-07-02,2026-08-25,2920.0,CE,9500,7000,28,39.2
2026-07-02,2026-08-25,2920.0,PE,1250,1000,5,193.6
2026-07-02,2026-08-25,2940.0,CE,0,0,0,30.8
2026-07-02,2026-08-25,2940.0,PE,0,0,0,307.25
2026-07-02,2026-08-25,2960.0,CE,0,0,0,61.85
2026-07-02,2026-08-25,2960.0,PE,0,0,0,331.1
2026-07-02,2026-08-25,3000.0,CE,5250,4250,17,24.0
2026-07-02,2026-08-25,3000.0,PE,0,0,0,361.85
2026-07-02,2026-08-25,3040.0,CE,0,0,0,45.65
2026-07-02,2026-08-25,3040.0,PE,0,0,0,393.75
2026-07-02,2026-08-25,3080.0,CE,0,0,0,39.05
2026-07-02,2026-08-25,3080.0,PE,0,0,0,426.55
2026-07-02,2026-08-25,3120.0,CE,0,0,0,33.3
2026-07-02,2026-08-25,3120.0,PE,0,0,0,460.2
2026-07-02,2026-09-29,2320.0,CE,0,0,0,379.45
2026-07-02,2026-09-29,2320.0,PE,0,0,0,28.15
2026-07-02,2026-09-29,2400.0,CE,0,0,0,316.9
2026-07-02,2026-09-29,2400.0,PE,0,0,0,44.4
2026-07-02,2026-09-29,2480.0,CE,0,0,0,260.05
2026-07-02,2026-09-29,2480.0,PE,0,0,0,66.3
2026-07-02,2026-09-29,2520.0,CE,0,0,0,234.05
2026-07-02,2026-09-29,2520.0,PE,0,0,0,79.7
2026-07-02,2026-09-29,2560.0,CE,0,0,0,209.7
2026-07-02,2026-09-29,2560.0,PE,0,0,0,94.75
2026-07-02,2026-09-29,2600.0,CE,0,0,0,187.05
2026-07-02,2026-09-29,2600.0,PE,0,0,0,111.45
2026-07-02,2026-09-29,2640.0,CE,0,0,0,166.05
2026-07-02,2026-09-29,2640.0,PE,0,0,0,129.85
2026-07-02,2026-09-29,2680.0,CE,0,0,0,146.75
2026-07-02,2026-09-29,2680.0,PE,0,0,0,149.95
2026-07-02,2026-09-29,2720.0,CE,0,0,0,129.15
2026-07-02,2026-09-29,2720.0,PE,0,0,0,171.7
2026-07-02,2026-09-29,2760.0,CE,0,0,0,113.1
2026-07-02,2026-09-29,2760.0,PE,0,0,0,195.1
2026-07-02,2026-09-29,2800.0,CE,0,0,0,98.65
2026-07-02,2026-09-29,2800.0,PE,0,0,0,220.0
2026-07-02,2026-09-29,2840.0,CE,0,0,0,85.65
2026-07-02,2026-09-29,2840.0,PE,0,0,0,246.4
2026-07-02,2026-09-29,2880.0,CE,0,0,0,74.05
2026-07-02,2026-09-29,2880.0,PE,0,0,0,274.15
2026-07-02,2026-09-29,2920.0,CE,0,0,0,63.85
2026-07-02,2026-09-29,2920.0,PE,0,0,0,303.35
2026-07-02,2026-09-29,2960.0,CE,0,0,0,54.8
2026-07-02,2026-09-29,2960.0,PE,0,0,0,333.7
2026-07-02,2026-09-29,3040.0,CE,0,0,0,39.7
2026-07-02,2026-09-29,3040.0,PE,0,0,0,397.4
2026-07-02,2026-09-29,3120.0,CE,0,0,0,28.4
2026-07-02,2026-09-29,3120.0,PE,0,0,0,464.85
2026-07-03,2026-07-28,2320.0,CE,6750,3000,12,438.15
2026-07-03,2026-07-28,2320.0,PE,29750,-250,110,1.5
2026-07-03,2026-07-28,2360.0,CE,0,0,0,217.1
2026-07-03,2026-07-28,2360.0,PE,23500,-4250,114,1.35
2026-07-03,2026-07-28,2400.0,CE,24250,250,1,340.0
2026-07-03,2026-07-28,2400.0,PE,298000,-6750,103,2.15
2026-07-03,2026-07-28,2420.0,CE,1250,0,0,259.2
2026-07-03,2026-07-28,2420.0,PE,28500,0,2,1.8
2026-07-03,2026-07-28,2440.0,CE,250,0,0,278.75
2026-07-03,2026-07-28,2440.0,PE,157500,0,8,3.3
2026-07-03,2026-07-28,2460.0,CE,250,0,0,225.9
2026-07-03,2026-07-28,2460.0,PE,26750,2000,13,4.4
2026-07-03,2026-07-28,2480.0,CE,250,0,0,205.65
2026-07-03,2026-07-28,2480.0,PE,185250,120750,941,5.4
2026-07-03,2026-07-28,2500.0,CE,22000,0,7,248.75
2026-07-03,2026-07-28,2500.0,PE,108500,-3000,214,6.95
2026-07-03,2026-07-28,2520.0,CE,1500,0,0,171.6
2026-07-03,2026-07-28,2520.0,PE,64000,0,81,8.5
2026-07-03,2026-07-28,2540.0,CE,0,0,0,202.7
2026-07-03,2026-07-28,2540.0,PE,167750,24500,260,10.85
2026-07-03,2026-07-28,2560.0,CE,2250,0,0,138.95
2026-07-03,2026-07-28,2560.0,PE,114000,2000,56,13.1
2026-07-03,2026-07-28,2580.0,CE,4250,0,0,124.35
2026-07-03,2026-07-28,2580.0,PE,40750,2750,82,15.8
2026-07-03,2026-07-28,2600.0,CE,73500,0,6,160.4
2026-07-03,2026-07-28,2600.0,PE,160250,9000,480,19.1
2026-07-03,2026-07-28,2620.0,CE,17750,0,0,135.7
2026-07-03,2026-07-28,2620.0,PE,71000,7500,115,22.85
2026-07-03,2026-07-28,2640.0,CE,43250,-750,6,127.75
2026-07-03,2026-07-28,2640.0,PE,78250,3000,225,27.45
2026-07-03,2026-07-28,2660.0,CE,57250,500,26,112.85
2026-07-03,2026-07-28,2660.0,PE,93750,5000,292,32.45
2026-07-03,2026-07-28,2680.0,CE,74000,2500,75,100.9
2026-07-03,2026-07-28,2680.0,PE,61500,5750,212,38.7
2026-07-03,2026-07-28,2700.0,CE,246250,17000,456,88.55
2026-07-03,2026-07-28,2700.0,PE,201250,18750,857,45.65
2026-07-03,2026-07-28,2720.0,CE,128750,6750,265,76.3
2026-07-03,2026-07-28,2720.0,PE,48000,7750,300,53.05
2026-07-03,2026-07-28,2740.0,CE,314250,122750,1721,65.1
2026-07-03,2026-07-28,2740.0,PE,74750,28500,732,61.75
2026-07-03,2026-07-28,2760.0,CE,248750,500,1366,54.9
2026-07-03,2026-07-28,2760.0,PE,63000,29750,707,71.75
2026-07-03,2026-07-28,2780.0,CE,179250,149250,1092,45.65
2026-07-03,2026-07-28,2780.0,PE,10000,6000,105,82.85
2026-07-03,2026-07-28,2800.0,CE,261750,-12000,1096,37.95
2026-07-03,2026-07-28,2800.0,PE,81000,7000,185,95.3
2026-07-03,2026-07-28,2820.0,CE,23000,2500,293,31.6
2026-07-03,2026-07-28,2820.0,PE,8750,250,15,110.05
2026-07-03,2026-07-28,2840.0,CE,45500,8500,302,25.65
2026-07-03,2026-07-28,2840.0,PE,2000,-250,16,120.95
2026-07-03,2026-07-28,2860.0,CE,59750,8750,275,20.75
2026-07-03,2026-07-28,2860.0,PE,500,0,0,209.05
2026-07-03,2026-07-28,2880.0,CE,64750,1250,111,16.55
2026-07-03,2026-07-28,2880.0,PE,250,0,0,222.0
2026-07-03,2026-07-28,2900.0,CE,215750,8250,831,13.25
2026-07-03,2026-07-28,2900.0,PE,9500,0,0,168.8
2026-07-03,2026-07-28,2920.0,CE,53250,8500,169,10.4
2026-07-03,2026-07-28,2920.0,PE,500,0,0,261.65
2026-07-03,2026-07-28,2940.0,CE,48000,15750,402,8.3
2026-07-03,2026-07-28,2940.0,PE,250,250,1,197.0
2026-07-03,2026-07-28,2960.0,CE,43500,-1750,158,6.5
2026-07-03,2026-07-28,2960.0,PE,0,0,0,478.15
2026-07-03,2026-07-28,2980.0,CE,16000,-5000,80,5.05
2026-07-03,2026-07-28,2980.0,PE,0,0,0,337.25
2026-07-03,2026-07-28,3000.0,CE,593500,135500,1641,3.8
2026-07-03,2026-07-28,3000.0,PE,16250,1000,9,260.0
2026-07-03,2026-07-28,3040.0,CE,31000,750,19,2.45
2026-07-03,2026-07-28,3040.0,PE,500,0,0,360.0
2026-07-03,2026-07-28,3080.0,CE,37250,500,20,1.95
2026-07-03,2026-07-28,3080.0,PE,500,0,0,393.0
2026-07-03,2026-07-28,3120.0,CE,1000,250,2,2.0
2026-07-03,2026-07-28,3120.0,PE,0,0,0,623.5
2026-07-03,2026-07-28,3160.0,CE,0,0,0,8.9
2026-07-03,2026-07-28,3160.0,PE,0,0,0,660.95
2026-07-03,2026-08-25,2320.0,CE,0,0,0,391.05
2026-07-03,2026-08-25,2320.0,PE,0,0,0,29.75
2026-07-03,2026-08-25,2360.0,CE,0,0,0,359.2
2026-07-03,2026-08-25,2360.0,PE,0,0,0,37.3
2026-07-03,2026-08-25,2400.0,CE,0,0,0,328.65
2026-07-03,2026-08-25,2400.0,PE,1000,250,1,12.0
2026-07-03,2026-08-25,2440.0,CE,0,0,0,299.55
2026-07-03,2026-08-25,2440.0,PE,0,0,0,33.9
2026-07-03,2026-08-25,2480.0,CE,0,0,0,271.75
2026-07-03,2026-08-25,2480.0,PE,0,0,0,68.1
2026-07-03,2026-08-25,2500.0,CE,250,0,0,216.0
2026-07-03,2026-08-25,2500.0,PE,0,0,0,50.6
2026-07-03,2026-08-25,2520.0,CE,0,0,0,245.65
2026-07-03,2026-08-25,2520.0,PE,7500,7500,31,24.35
2026-07-03,2026-08-25,2540.0,CE,0,0,0,183.45
2026-07-03,2026-08-25,2540.0,PE,0,0,0,63.7
2026-07-03,2026-08-25,2560.0,CE,0,0,0,221.1
2026-07-03,2026-08-25,2560.0,PE,0,0,0,96.3
2026-07-03,2026-08-25,2580.0,CE,0,0,0,159.1
2026-07-03,2026-08-25,2580.0,PE,0,0,0,78.95
2026-07-03,2026-08-25,2600.0,CE,750,0,0,189.0
2026-07-03,2026-08-25,2600.0,PE,0,0,0,112.8
2026-07-03,2026-08-25,2620.0,CE,0,0,0,136.85
2026-07-03,2026-08-25,2620.0,PE,0,0,0,96.35
2026-07-03,2026-08-25,2640.0,CE,0,0,0,177.0
2026-07-03,2026-08-25,2640.0,PE,0,0,0,130.95
2026-07-03,2026-08-25,2660.0,CE,0,0,0,116.75
2026-07-03,2026-08-25,2660.0,PE,0,0,0,115.9
2026-07-03,2026-08-25,2680.0,CE,0,0,0,157.35
2026-07-03,2026-08-25,2680.0,PE,0,0,0,150.75
2026-07-03,2026-08-25,2700.0,CE,0,0,0,98.85
2026-07-03,2026-08-25,2700.0,PE,0,0,0,137.6
2026-07-03,2026-08-25,2720.0,CE,0,0,0,139.3
2026-07-03,2026-08-25,2720.0,PE,0,0,0,172.1
2026-07-03,2026-08-25,2740.0,CE,0,0,0,83.0
2026-07-03,2026-08-25,2740.0,PE,0,0,0,161.35
2026-07-03,2026-08-25,2760.0,CE,1750,250,2,90.6
2026-07-03,2026-08-25,2760.0,PE,0,0,0,195.05
2026-07-03,2026-08-25,2780.0,CE,0,0,0,69.15
2026-07-03,2026-08-25,2780.0,PE,0,0,0,187.1
2026-07-03,2026-08-25,2800.0,CE,19500,6000,34,75.7
2026-07-03,2026-08-25,2800.0,PE,0,0,0,219.5
2026-07-03,2026-08-25,2820.0,CE,0,0,0,57.15
2026-07-03,2026-08-25,2820.0,PE,0,0,0,214.75
2026-07-03,2026-08-25,2840.0,CE,0,0,0,94.35
2026-07-03,2026-08-25,2840.0,PE,0,0,0,245.4
2026-07-03,2026-08-25,2860.0,CE,0,0,0,46.95
2026-07-03,2026-08-25,2860.0,PE,0,0,0,244.2
2026-07-03,2026-08-25,2880.0,CE,0,0,0,82.2
2026-07-03,2026-08-25,2880.0,PE,0,0,0,272.65
2026-07-03,2026-08-25,2900.0,CE,0,0,0,38.15
2026-07-03,2026-08-25,2900.0,PE,0,0,0,275.0
2026-07-03,2026-08-25,2920.0,CE,9500,0,1,36.2
2026-07-03,2026-08-25,2920.0,PE,1250,0,0,193.6
2026-07-03,2026-08-25,2940.0,CE,0,0,0,30.8
2026-07-03,2026-08-25,2940.0,PE,0,0,0,307.25
2026-07-03,2026-08-25,2960.0,CE,0,0,0,61.85
2026-07-03,2026-08-25,2960.0,PE,0,0,0,331.1
2026-07-03,2026-08-25,2980.0,CE,0,0,0,24.65
2026-07-03,2026-08-25,2980.0,PE,0,0,0,340.75
2026-07-03,2026-08-25,3000.0,CE,13750,8500,44,21.3
2026-07-03,2026-08-25,3000.0,PE,0,0,0,361.85
2026-07-03,2026-08-25,3040.0,CE,6000,6000,24,16.6
2026-07-03,2026-08-25,3040.0,PE,0,0,0,393.75
2026-07-03,2026-08-25,3080.0,CE,0,0,0,39.05
2026-07-03,2026-08-25,3080.0,PE,0,0,0,426.55
2026-07-03,2026-08-25,3120.0,CE,0,0,0,33.3
2026-07-03,2026-08-25,3120.0,PE,0,0,0,460.2
2026-07-03,2026-08-25,3160.0,CE,0,0,0,28.25
2026-07-03,2026-08-25,3160.0,PE,0,0,0,494.55
2026-07-03,2026-09-29,2320.0,CE,0,0,0,379.45
2026-07-03,2026-09-29,2320.0,PE,0,0,0,28.15
2026-07-03,2026-09-29,2400.0,CE,0,0,0,316.9
2026-07-03,2026-09-29,2400.0,PE,0,0,0,44.4
2026-07-03,2026-09-29,2480.0,CE,0,0,0,260.05
2026-07-03,2026-09-29,2480.0,PE,0,0,0,66.3
2026-07-03,2026-09-29,2520.0,CE,0,0,0,234.05
2026-07-03,2026-09-29,2520.0,PE,0,0,0,79.7
2026-07-03,2026-09-29,2560.0,CE,0,0,0,209.7
2026-07-03,2026-09-29,2560.0,PE,0,0,0,94.75
2026-07-03,2026-09-29,2600.0,CE,0,0,0,187.05
2026-07-03,2026-09-29,2600.0,PE,0,0,0,111.45
2026-07-03,2026-09-29,2640.0,CE,0,0,0,166.05
2026-07-03,2026-09-29,2640.0,PE,0,0,0,129.85
2026-07-03,2026-09-29,2680.0,CE,0,0,0,146.75
2026-07-03,2026-09-29,2680.0,PE,0,0,0,149.95
2026-07-03,2026-09-29,2720.0,CE,0,0,0,129.15
2026-07-03,2026-09-29,2720.0,PE,0,0,0,171.7
2026-07-03,2026-09-29,2760.0,CE,0,0,0,113.1
2026-07-03,2026-09-29,2760.0,PE,0,0,0,195.1
2026-07-03,2026-09-29,2800.0,CE,0,0,0,98.65
2026-07-03,2026-09-29,2800.0,PE,0,0,0,220.0
2026-07-03,2026-09-29,2840.0,CE,0,0,0,85.65
2026-07-03,2026-09-29,2840.0,PE,0,0,0,246.4
2026-07-03,2026-09-29,2880.0,CE,0,0,0,74.05
2026-07-03,2026-09-29,2880.0,PE,0,0,0,274.15
2026-07-03,2026-09-29,2920.0,CE,0,0,0,63.85
2026-07-03,2026-09-29,2920.0,PE,0,0,0,303.35
2026-07-03,2026-09-29,2960.0,CE,0,0,0,54.8
2026-07-03,2026-09-29,2960.0,PE,0,0,0,333.7
2026-07-03,2026-09-29,3000.0,CE,0,0,0,46.7
2026-07-03,2026-09-29,3000.0,PE,0,0,0,365.0
2026-07-03,2026-09-29,3040.0,CE,0,0,0,39.7
2026-07-03,2026-09-29,3040.0,PE,0,0,0,397.4
2026-07-03,2026-09-29,3120.0,CE,0,0,0,28.4
2026-07-03,2026-09-29,3120.0,PE,0,0,0,464.85
2026-07-07,2026-07-28,2320.0,CE,6750,0,6,422.45
2026-07-07,2026-07-28,2320.0,PE,28000,-1500,43,0.9
2026-07-07,2026-07-28,2360.0,CE,0,0,0,217.1
2026-07-07,2026-07-28,2360.0,PE,17250,-4750,144,1.05
2026-07-07,2026-07-28,2400.0,CE,24250,0,0,340.0
2026-07-07,2026-07-28,2400.0,PE,279250,250,129,1.4
2026-07-07,2026-07-28,2420.0,CE,1250,0,0,259.2
2026-07-07,2026-07-28,2420.0,PE,27500,-500,6,1.7
2026-07-07,2026-07-28,2440.0,CE,250,0,0,278.75
2026-07-07,2026-07-28,2440.0,PE,153500,250,14,1.6
2026-07-07,2026-07-28,2460.0,CE,250,0,0,225.9
2026-07-07,2026-07-28,2460.0,PE,24250,1750,11,2.75
2026-07-07,2026-07-28,2480.0,CE,250,0,0,205.65
2026-07-07,2026-07-28,2480.0,PE,209250,-1000,24,3.4
2026-07-07,2026-07-28,2500.0,CE,22000,0,0,248.75
2026-07-07,2026-07-28,2500.0,PE,113250,-5000,143,4.1
2026-07-07,2026-07-28,2520.0,CE,1500,0,0,171.6
2026-07-07,2026-07-28,2520.0,PE,63250,-2000,51,5.1
2026-07-07,2026-07-28,2540.0,CE,0,0,0,202.7
2026-07-07,2026-07-28,2540.0,PE,168000,500,195,6.4
2026-07-07,2026-07-28,2560.0,CE,2250,0,0,138.95
2026-07-07,2026-07-28,2560.0,PE,110750,-500,76,7.9
2026-07-07,2026-07-28,2580.0,CE,3750,-500,10,167.7
2026-07-07,2026-07-28,2580.0,PE,45750,-750,32,9.7
2026-07-07,2026-07-28,2600.0,CE,74000,0,0,170.5
2026-07-07,2026-07-28,2600.0,PE,136250,-7000,187,12.25
2026-07-07,2026-07-28,2620.0,CE,17500,0,1,142.0
2026-07-07,2026-07-28,2620.0,PE,85750,750,72,15.25
2026-07-07,2026-07-28,2640.0,CE,43250,0,0,127.75
2026-07-07,2026-07-28,2640.0,PE,71000,4500,222,19.0
2026-07-07,2026-07-28,2660.0,CE,57500,250,28,112.0
2026-07-07,2026-07-28,2660.0,PE,99500,7250,344,23.5
2026-07-07,2026-07-28,2680.0,CE,74000,-250,36,89.75
2026-07-07,2026-07-28,2680.0,PE,52750,-11000,236,28.95
2026-07-07,2026-07-28,2700.0,CE,252500,250,445,76.5
2026-07-07,2026-07-28,2700.0,PE,212250,-3000,685,35.25
2026-07-07,2026-07-28,2720.0,CE,124500,-8000,320,62.95
2026-07-07,2026-07-28,2720.0,PE,72500,9750,676,42.9
2026-07-07,2026-07-28,2740.0,CE,333000,13500,811,52.65
2026-07-07,2026-07-28,2740.0,PE,134250,1750,793,52.25
2026-07-07,2026-07-28,2760.0,CE,308000,1250,1025,43.4
2026-07-07,2026-07-28,2760.0,PE,140500,-2500,470,61.8
2026-07-07,2026-07-28,2780.0,CE,187500,-6250,361,35.35
2026-07-07,2026-07-28,2780.0,PE,23500,0,20,72.0
2026-07-07,2026-07-28,2800.0,CE,244500,-19000,1133,27.55
2026-07-07,2026-07-28,2800.0,PE,86750,4250,284,85.35
2026-07-07,2026-07-28,2820.0,CE,39750,3000,227,21.8
2026-07-07,2026-07-28,2820.0,PE,8750,0,0,110.05
2026-07-07,2026-07-28,2840.0,CE,64250,5000,290,17.2
2026-07-07,2026-07-28,2840.0,PE,2750,0,0,106.5
2026-07-07,2026-07-28,2860.0,CE,82500,8250,204,13.45
2026-07-07,2026-07-28,2860.0,PE,500,0,0,209.05
2026-07-07,2026-07-28,2880.0,CE,63750,-2750,83,10.4
2026-07-07,2026-07-28,2880.0,PE,250,0,0,222.0
2026-07-07,2026-07-28,2900.0,CE,239000,-2250,791,8.0
2026-07-07,2026-07-28,2900.0,PE,9750,0,0,158.2
2026-07-07,2026-07-28,2920.0,CE,37500,-16000,238,6.2
2026-07-07,2026-07-28,2920.0,PE,500,0,8,184.25
2026-07-07,2026-07-28,2940.0,CE,43750,-500,34,4.8
2026-07-07,2026-07-28,2940.0,PE,250,0,0,197.0
2026-07-07,2026-07-28,2960.0,CE,47750,8750,107,3.7
2026-07-07,2026-07-28,2960.0,PE,0,0,0,478.15
2026-07-07,2026-07-28,2980.0,CE,13250,-2250,38,2.95
2026-07-07,2026-07-28,2980.0,PE,0,0,0,337.25
2026-07-07,2026-07-28,3000.0,CE,591250,5250,1323,2.25
2026-07-07,2026-07-28,3000.0,PE,15500,0,0,245.0
2026-07-07,2026-07-28,3040.0,CE,31500,250,1,2.45
2026-07-07,2026-07-28,3040.0,PE,500,0,0,360.0
2026-07-07,2026-07-28,3080.0,CE,41000,3000,52,1.4
2026-07-07,2026-07-28,3080.0,PE,500,0,0,393.0
2026-07-07,2026-07-28,3120.0,CE,1000,0,0,2.0
2026-07-07,2026-07-28,3120.0,PE,0,0,0,623.5
2026-07-07,2026-07-28,3160.0,CE,0,0,0,8.9
2026-07-07,2026-07-28,3160.0,PE,250,250,1,406.0
2026-07-07,2026-08-25,2320.0,CE,0,0,0,391.05
2026-07-07,2026-08-25,2320.0,PE,0,0,0,29.75
2026-07-07,2026-08-25,2360.0,CE,0,0,0,359.2
2026-07-07,2026-08-25,2360.0,PE,0,0,0,37.3
2026-07-07,2026-08-25,2400.0,CE,0,0,0,328.65
2026-07-07,2026-08-25,2400.0,PE,5500,0,0,11.5
2026-07-07,2026-08-25,2440.0,CE,0,0,0,299.55
2026-07-07,2026-08-25,2440.0,PE,0,0,0,33.9
2026-07-07,2026-08-25,2480.0,CE,0,0,0,271.75
2026-07-07,2026-08-25,2480.0,PE,0,0,0,68.1
2026-07-07,2026-08-25,2500.0,CE,250,0,0,216.0
2026-07-07,2026-08-25,2500.0,PE,0,0,0,50.6
2026-07-07,2026-08-25,2520.0,CE,0,0,0,245.65
2026-07-07,2026-08-25,2520.0,PE,16000,4500,20,20.2
2026-07-07,2026-08-25,2540.0,CE,0,0,0,183.45
2026-07-07,2026-08-25,2540.0,PE,0,0,0,63.7
2026-07-07,2026-08-25,2560.0,CE,0,0,0,221.1
2026-07-07,2026-08-25,2560.0,PE,0,0,0,96.3
2026-07-07,2026-08-25,2580.0,CE,0,0,0,159.1
2026-07-07,2026-08-25,2580.0,PE,500,500,2,30.25
2026-07-07,2026-08-25,2600.0,CE,750,0,0,189.0
2026-07-07,2026-08-25,2600.0,PE,0,0,0,112.8
2026-07-07,2026-08-25,2620.0,CE,0,0,0,136.85
2026-07-07,2026-08-25,2620.0,PE,0,0,0,96.35
2026-07-07,2026-08-25,2640.0,CE,0,0,0,177.0
2026-07-07,2026-08-25,2640.0,PE,0,0,0,130.95
2026-07-07,2026-08-25,2660.0,CE,0,0,0,116.75
2026-07-07,2026-08-25,2660.0,PE,0,0,0,115.9
2026-07-07,2026-08-25,2680.0,CE,0,0,0,157.35
2026-07-07,2026-08-25,2680.0,PE,0,0,0,150.75
2026-07-07,2026-08-25,2700.0,CE,2250,0,0,132.1
2026-07-07,2026-08-25,2700.0,PE,6250,250,3,62.0
2026-07-07,2026-08-25,2720.0,CE,0,0,0,139.3
2026-07-07,2026-08-25,2720.0,PE,0,0,0,172.1
2026-07-07,2026-08-25,2740.0,CE,0,0,0,83.0
2026-07-07,2026-08-25,2740.0,PE,0,0,0,161.35
2026-07-07,2026-08-25,2760.0,CE,2000,250,1,92.5
2026-07-07,2026-08-25,2760.0,PE,250,250,1,95.0
2026-07-07,2026-08-25,2780.0,CE,0,0,0,69.15
2026-07-07,2026-08-25,2780.0,PE,0,0,0,187.1
2026-07-07,2026-08-25,2800.0,CE,32500,7250,53,70.85
2026-07-07,2026-08-25,2800.0,PE,1000,1000,6,109.0
2026-07-07,2026-08-25,2820.0,CE,0,0,0,57.15
2026-07-07,2026-08-25,2820.0,PE,0,0,0,214.75
2026-07-07,2026-08-25,2840.0,CE,0,0,0,94.35
2026-07-07,2026-08-25,2840.0,PE,0,0,0,245.4
2026-07-07,2026-08-25,2860.0,CE,0,0,0,46.95
2026-07-07,2026-08-25,2860.0,PE,0,0,0,244.2
2026-07-07,2026-08-25,2880.0,CE,3000,3000,12,43.3
2026-07-07,2026-08-25,2880.0,PE,0,0,0,272.65
2026-07-07,2026-08-25,2900.0,CE,10750,3750,29,36.55
2026-07-07,2026-08-25,2900.0,PE,0,0,0,275.0
2026-07-07,2026-08-25,2920.0,CE,9500,0,0,36.2
2026-07-07,2026-08-25,2920.0,PE,1250,0,0,193.6
2026-07-07,2026-08-25,2940.0,CE,750,250,1,30.6
2026-07-07,2026-08-25,2940.0,PE,0,0,0,307.25
2026-07-07,2026-08-25,2960.0,CE,750,0,0,29.85
2026-07-07,2026-08-25,2960.0,PE,0,0,0,331.1
2026-07-07,2026-08-25,2980.0,CE,1500,1500,6,24.0
2026-07-07,2026-08-25,2980.0,PE,0,0,0,340.75
2026-07-07,2026-08-25,3000.0,CE,19000,3000,24,18.45
2026-07-07,2026-08-25,3000.0,PE,0,0,0,361.85
2026-07-07,2026-08-25,3040.0,CE,6750,750,3,16.05
2026-07-07,2026-08-25,3040.0,PE,0,0,0,393.75
2026-07-07,2026-08-25,3080.0,CE,2000,250,1,12.5
2026-07-07,2026-08-25,3080.0,PE,0,0,0,426.55
2026-07-07,2026-08-25,3120.0,CE,0,0,0,33.3
2026-07-07,2026-08-25,3120.0,PE,0,0,0,460.2
2026-07-07,2026-08-25,3160.0,CE,0,0,0,28.25
2026-07-07,2026-08-25,3160.0,PE,0,0,0,494.55
2026-07-07,2026-09-29,2320.0,CE,0,0,0,379.45
2026-07-07,2026-09-29,2320.0,PE,0,0,0,28.15
2026-07-07,2026-09-29,2400.0,CE,0,0,0,316.9
2026-07-07,2026-09-29,2400.0,PE,0,0,0,44.4
2026-07-07,2026-09-29,2480.0,CE,0,0,0,260.05
2026-07-07,2026-09-29,2480.0,PE,0,0,0,66.3
2026-07-07,2026-09-29,2520.0,CE,0,0,0,234.05
2026-07-07,2026-09-29,2520.0,PE,0,0,0,79.7
2026-07-07,2026-09-29,2560.0,CE,0,0,0,209.7
2026-07-07,2026-09-29,2560.0,PE,0,0,0,94.75
2026-07-07,2026-09-29,2600.0,CE,0,0,0,187.05
2026-07-07,2026-09-29,2600.0,PE,0,0,0,111.45
2026-07-07,2026-09-29,2640.0,CE,0,0,0,166.05
2026-07-07,2026-09-29,2640.0,PE,0,0,0,129.85
2026-07-07,2026-09-29,2680.0,CE,0,0,0,146.75
2026-07-07,2026-09-29,2680.0,PE,0,0,0,149.95
2026-07-07,2026-09-29,2720.0,CE,0,0,0,129.15
2026-07-07,2026-09-29,2720.0,PE,0,0,0,171.7
2026-07-07,2026-09-29,2760.0,CE,0,0,0,113.1
2026-07-07,2026-09-29,2760.0,PE,0,0,0,195.1
2026-07-07,2026-09-29,2800.0,CE,250,0,0,100.0
2026-07-07,2026-09-29,2800.0,PE,0,0,0,220.0
2026-07-07,2026-09-29,2840.0,CE,0,0,0,85.65
2026-07-07,2026-09-29,2840.0,PE,0,0,0,246.4
2026-07-07,2026-09-29,2880.0,CE,0,0,0,74.05
2026-07-07,2026-09-29,2880.0,PE,0,0,0,274.15
2026-07-07,2026-09-29,2920.0,CE,0,0,0,63.85
2026-07-07,2026-09-29,2920.0,PE,0,0,0,303.35
2026-07-07,2026-09-29,2960.0,CE,0,0,0,54.8
2026-07-07,2026-09-29,2960.0,PE,0,0,0,333.7
2026-07-07,2026-09-29,3000.0,CE,0,0,0,46.7
2026-07-07,2026-09-29,3000.0,PE,0,0,0,365.0
2026-07-07,2026-09-29,3040.0,CE,0,0,0,39.7
2026-07-07,2026-09-29,3040.0,PE,0,0,0,397.4
2026-07-07,2026-09-29,3120.0,CE,0,0,0,28.4
2026-07-07,2026-09-29,3120.0,PE,0,0,0,464.85
2026-07-08,2026-07-28,2320.0,CE,4500,-2250,23,354.55
2026-07-08,2026-07-28,2320.0,PE,38750,10750,76,2.2
2026-07-08,2026-07-28,2360.0,CE,0,0,0,217.1
2026-07-08,2026-07-28,2360.0,PE,12000,-5250,136,2.55
2026-07-08,2026-07-28,2400.0,CE,24500,250,5,306.0
2026-07-08,2026-07-28,2400.0,PE,309500,30250,1690,3.8
2026-07-08,2026-07-28,2420.0,CE,1000,-250,1,294.4
2026-07-08,2026-07-28,2420.0,PE,37250,9750,388,4.65
2026-07-08,2026-07-28,2440.0,CE,250,0,0,278.75
2026-07-08,2026-07-28,2440.0,PE,157250,3750,379,5.95
2026-07-08,2026-07-28,2460.0,CE,35750,35500,160,228.2
2026-07-08,2026-07-28,2460.0,PE,24500,250,206,7.5
2026-07-08,2026-07-28,2480.0,CE,250,0,0,205.65
2026-07-08,2026-07-28,2480.0,PE,208250,-1000,956,9.35
2026-07-08,2026-07-28,2500.0,CE,21500,-500,14,187.4
2026-07-08,2026-07-28,2500.0,PE,170000,56750,2085,11.8
2026-07-08,2026-07-28,2520.0,CE,1500,0,0,171.6
2026-07-08,2026-07-28,2520.0,PE,71250,8000,334,14.45
2026-07-08,2026-07-28,2540.0,CE,0,0,0,202.7
2026-07-08,2026-07-28,2540.0,PE,190750,22750,520,17.35
2026-07-08,2026-07-28,2560.0,CE,2250,0,0,138.95
2026-07-08,2026-07-28,2560.0,PE,120500,9750,388,21.25
2026-07-08,2026-07-28,2580.0,CE,3000,-750,51,123.05
2026-07-08,2026-07-28,2580.0,PE,49000,3250,552,26.0
2026-07-08,2026-07-28,2600.0,CE,73000,-1000,215,106.95
2026-07-08,2026-07-28,2600.0,PE,177500,41250,3836,30.9
2026-07-08,2026-07-28,2620.0,CE,24500,7000,122,93.65
2026-07-08,2026-07-28,2620.0,PE,91750,6000,1106,38.4
2026-07-08,2026-07-28,2640.0,CE,58000,14750,350,81.05
2026-07-08,2026-07-28,2640.0,PE,114750,43750,2183,44.05
2026-07-08,2026-07-28,2660.0,CE,91750,34250,1498,68.7
2026-07-08,2026-07-28,2660.0,PE,138750,39250,3847,51.65
2026-07-08,2026-07-28,2680.0,CE,98000,24000,1973,58.05
2026-07-08,2026-07-28,2680.0,PE,111250,58500,3371,60.35
2026-07-08,2026-07-28,2700.0,CE,407750,155250,3992,48.3
2026-07-08,2026-07-28,2700.0,PE,212750,500,4639,70.45
2026-07-08,2026-07-28,2720.0,CE,125250,750,1709,38.75
2026-07-08,2026-07-28,2720.0,PE,82000,9500,1211,81.75
2026-07-08,2026-07-28,2740.0,CE,322000,-11000,1887,31.8
2026-07-08,2026-07-28,2740.0,PE,98000,-36250,993,92.35
2026-07-08,2026-07-28,2760.0,CE,291000,-17000,1683,25.2
2026-07-08,2026-07-28,2760.0,PE,120750,-19750,357,107.25
2026-07-08,2026-07-28,2780.0,CE,183750,-3750,1076,20.3
2026-07-08,2026-07-28,2780.0,PE,20250,-3250,104,120.55
2026-07-08,2026-07-28,2800.0,CE,251250,6750,3305,15.65
2026-07-08,2026-07-28,2800.0,PE,84250,-2500,225,144.2
2026-07-08,2026-07-28,2820.0,CE,63500,23750,822,12.5
2026-07-08,2026-07-28,2820.0,PE,8750,0,0,110.05
2026-07-08,2026-07-28,2840.0,CE,99000,34750,502,9.75
2026-07-08,2026-07-28,2840.0,PE,2750,0,0,106.5
2026-07-08,2026-07-28,2860.0,CE,65750,-16750,390,7.5
2026-07-08,2026-07-28,2860.0,PE,500,0,0,209.05
2026-07-08,2026-07-28,2880.0,CE,47500,-16250,541,5.85
2026-07-08,2026-07-28,2880.0,PE,250,0,0,222.0
2026-07-08,2026-07-28,2900.0,CE,124750,-114250,1320,4.65
2026-07-08,2026-07-28,2900.0,PE,12000,2250,39,225.25
2026-07-08,2026-07-28,2920.0,CE,29250,-8250,139,3.7
2026-07-08,2026-07-28,2920.0,PE,500,0,0,184.25
2026-07-08,2026-07-28,2940.0,CE,38500,-5250,46,3.25
2026-07-08,2026-07-28,2940.0,PE,250,0,0,197.0
2026-07-08,2026-07-28,2960.0,CE,45750,-2000,26,2.25
2026-07-08,2026-07-28,2960.0,PE,0,0,0,478.15
2026-07-08,2026-07-28,2980.0,CE,12000,-1250,10,2.25
2026-07-08,2026-07-28,2980.0,PE,0,0,0,337.25
2026-07-08,2026-07-28,3000.0,CE,588750,-2500,947,1.7
2026-07-08,2026-07-28,3000.0,PE,15500,0,1,310.05
2026-07-08,2026-07-28,3040.0,CE,31500,0,1,2.0
2026-07-08,2026-07-28,3040.0,PE,500,0,0,360.0
2026-07-08,2026-07-28,3080.0,CE,37000,-4000,147,1.0
2026-07-08,2026-07-28,3080.0,PE,500,0,0,393.0
2026-07-08,2026-07-28,3120.0,CE,1250,250,1,1.45
2026-07-08,2026-07-28,3120.0,PE,0,0,0,623.5
2026-07-08,2026-07-28,3160.0,CE,0,0,0,8.9
2026-07-08,2026-07-28,3160.0,PE,250,0,0,406.0
2026-07-08,2026-08-25,2320.0,CE,0,0,0,391.05
2026-07-08,2026-08-25,2320.0,PE,6000,6000,24,10.25
2026-07-08,2026-08-25,2360.0,CE,0,0,0,359.2
2026-07-08,2026-08-25,2360.0,PE,250,250,1,13.0
2026-07-08,2026-08-25,2400.0,CE,0,0,0,328.65
2026-07-08,2026-08-25,2400.0,PE,17750,12250,71,18.0
2026-07-08,2026-08-25,2440.0,CE,0,0,0,299.55
2026-07-08,2026-08-25,2440.0,PE,0,0,0,33.9
2026-07-08,2026-08-25,2480.0,CE,0,0,0,271.75
2026-07-08,2026-08-25,2480.0,PE,0,0,0,68.1
2026-07-08,2026-08-25,2500.0,CE,250,0,0,216.0
2026-07-08,2026-08-25,2500.0,PE,2250,2250,11,32.15
2026-07-08,2026-08-25,2520.0,CE,0,0,0,245.65
2026-07-08,2026-08-25,2520.0,PE,19000,3000,130,35.85
2026-07-08,2026-08-25,2540.0,CE,0,0,0,183.45
2026-07-08,2026-08-25,2540.0,PE,250,250,1,31.0
2026-07-08,2026-08-25,2560.0,CE,0,0,0,221.1
2026-07-08,2026-08-25,2560.0,PE,0,0,0,96.3
2026-07-08,2026-08-25,2580.0,CE,0,0,0,159.1
2026-07-08,2026-08-25,2580.0,PE,0,-500,2,42.6
2026-07-08,2026-08-25,2600.0,CE,750,0,0,189.0
2026-07-08,2026-08-25,2600.0,PE,250,250,1,50.0
2026-07-08,2026-08-25,2620.0,CE,0,0,0,136.85
2026-07-08,2026-08-25,2620.0,PE,0,0,0,96.35
2026-07-08,2026-08-25,2640.0,CE,0,0,0,177.0
2026-07-08,2026-08-25,2640.0,PE,0,0,0,130.95
2026-07-08,2026-08-25,2660.0,CE,0,0,0,116.75
2026-07-08,2026-08-25,2660.0,PE,0,0,0,115.9
2026-07-08,2026-08-25,2680.0,CE,0,0,0,157.35
2026-07-08,2026-08-25,2680.0,PE,0,0,0,150.75
2026-07-08,2026-08-25,2700.0,CE,6000,3750,19,91.0
2026-07-08,2026-08-25,2700.0,PE,20250,14000,68,100.95
2026-07-08,2026-08-25,2720.0,CE,2500,2500,10,94.85
2026-07-08,2026-08-25,2720.0,PE,2250,2250,10,92.65
2026-07-08,2026-08-25,2740.0,CE,750,750,7,71.35
2026-07-08,2026-08-25,2740.0,PE,750,750,5,123.55
2026-07-08,2026-08-25,2760.0,CE,2000,0,0,92.5
2026-07-08,2026-08-25,2760.0,PE,250,0,0,95.0
2026-07-08,2026-08-25,2780.0,CE,0,0,0,69.15
2026-07-08,2026-08-25,2780.0,PE,0,0,0,187.1
2026-07-08,2026-08-25,2800.0,CE,40750,8250,136,50.6
2026-07-08,2026-08-25,2800.0,PE,1000,0,0,109.0
2026-07-08,2026-08-25,2820.0,CE,1000,1000,6,57.5
2026-07-08,2026-08-25,2820.0,PE,0,0,0,214.75
2026-07-08,2026-08-25,2840.0,CE,0,0,0,94.35
2026-07-08,2026-08-25,2840.0,PE,0,0,0,245.4
2026-07-08,2026-08-25,2860.0,CE,0,0,0,46.95
2026-07-08,2026-08-25,2860.0,PE,0,0,0,244.2
2026-07-08,2026-08-25,2880.0,CE,3000,0,0,43.3
2026-07-08,2026-08-25,2880.0,PE,0,0,0,272.65
2026-07-08,2026-08-25,2900.0,CE,12000,1250,21,28.1
2026-07-08,2026-08-25,2900.0,PE,0,0,0,275.0
2026-07-08,2026-08-25,2920.0,CE,9500,0,0,36.2
2026-07-08,2026-08-25,2920.0,PE,1250,0,0,193.6
2026-07-08,2026-08-25,2940.0,CE,750,0,0,30.6
2026-07-08,2026-08-25,2940.0,PE,0,0,0,307.25
2026-07-08,2026-08-25,2960.0,CE,750,0,0,29.85
2026-07-08,2026-08-25,2960.0,PE,0,0,0,331.1
2026-07-08,2026-08-25,2980.0,CE,1500,0,0,24.0
2026-07-08,2026-08-25,2980.0,PE,0,0,0,340.75
2026-07-08,2026-08-25,3000.0,CE,22250,3250,45,13.95
2026-07-08,2026-08-25,3000.0,PE,0,0,0,361.85
2026-07-08,2026-08-25,3040.0,CE,6750,0,0,16.05
2026-07-08,2026-08-25,3040.0,PE,0,0,0,393.75
2026-07-08,2026-08-25,3080.0,CE,2000,0,0,12.5
2026-07-08,2026-08-25,3080.0,PE,0,0,0,426.55
2026-07-08,2026-08-25,3120.0,CE,0,0,0,33.3
2026-07-08,2026-08-25,3120.0,PE,0,0,0,460.2
2026-07-08,2026-08-25,3160.0,CE,0,0,0,28.25
2026-07-08,2026-08-25,3160.0,PE,0,0,0,494.55
2026-07-08,2026-09-29,2320.0,CE,0,0,0,379.45
2026-07-08,2026-09-29,2320.0,PE,0,0,0,28.15
2026-07-08,2026-09-29,2400.0,CE,0,0,0,316.9
2026-07-08,2026-09-29,2400.0,PE,0,0,0,44.4
2026-07-08,2026-09-29,2480.0,CE,0,0,0,260.05
2026-07-08,2026-09-29,2480.0,PE,0,0,0,66.3
2026-07-08,2026-09-29,2520.0,CE,0,0,0,234.05
2026-07-08,2026-09-29,2520.0,PE,0,0,0,79.7
2026-07-08,2026-09-29,2560.0,CE,0,0,0,209.7
2026-07-08,2026-09-29,2560.0,PE,0,0,0,94.75
2026-07-08,2026-09-29,2600.0,CE,0,0,0,187.05
2026-07-08,2026-09-29,2600.0,PE,0,0,0,111.45
2026-07-08,2026-09-29,2640.0,CE,0,0,0,166.05
2026-07-08,2026-09-29,2640.0,PE,0,0,0,129.85
2026-07-08,2026-09-29,2680.0,CE,0,0,0,146.75
2026-07-08,2026-09-29,2680.0,PE,0,0,0,149.95
2026-07-08,2026-09-29,2720.0,CE,0,0,0,129.15
2026-07-08,2026-09-29,2720.0,PE,0,0,0,171.7
2026-07-08,2026-09-29,2760.0,CE,0,0,0,113.1
2026-07-08,2026-09-29,2760.0,PE,0,0,0,195.1
2026-07-08,2026-09-29,2800.0,CE,250,0,0,100.0
2026-07-08,2026-09-29,2800.0,PE,0,0,0,220.0
2026-07-08,2026-09-29,2840.0,CE,0,0,0,85.65
2026-07-08,2026-09-29,2840.0,PE,0,0,0,246.4
2026-07-08,2026-09-29,2880.0,CE,0,0,0,74.05
2026-07-08,2026-09-29,2880.0,PE,0,0,0,274.15
2026-07-08,2026-09-29,2920.0,CE,0,0,0,63.85
2026-07-08,2026-09-29,2920.0,PE,0,0,0,303.35
2026-07-08,2026-09-29,2960.0,CE,0,0,0,54.8
2026-07-08,2026-09-29,2960.0,PE,0,0,0,333.7
2026-07-08,2026-09-29,3000.0,CE,0,0,0,46.7
2026-07-08,2026-09-29,3000.0,PE,0,0,0,365.0
2026-07-08,2026-09-29,3040.0,CE,0,0,0,39.7
2026-07-08,2026-09-29,3040.0,PE,0,0,0,397.4
2026-07-08,2026-09-29,3120.0,CE,0,0,0,28.4
2026-07-08,2026-09-29,3120.0,PE,0,0,0,464.85
2026-07-09,2026-07-28,2280.0,CE,0,0,0,270.0
2026-07-09,2026-07-28,2280.0,PE,0,0,0,54.65
2026-07-09,2026-07-28,2320.0,CE,4500,0,0,354.55
2026-07-09,2026-07-28,2320.0,PE,39000,250,103,1.35
2026-07-09,2026-07-28,2360.0,CE,0,0,0,217.1
2026-07-09,2026-07-28,2360.0,PE,12250,250,13,1.1
2026-07-09,2026-07-28,2400.0,CE,24500,0,0,306.0
2026-07-09,2026-07-28,2400.0,PE,304250,-5250,1029,2.15
2026-07-09,2026-07-28,2420.0,CE,1000,0,0,294.4
2026-07-09,2026-07-28,2420.0,PE,37000,-250,41,3.9
2026-07-09,2026-07-28,2440.0,CE,250,0,0,278.75
2026-07-09,2026-07-28,2440.0,PE,156500,-750,198,3.7
2026-07-09,2026-07-28,2460.0,CE,35750,0,0,228.2
2026-07-09,2026-07-28,2460.0,PE,26000,1500,57,5.05
2026-07-09,2026-07-28,2480.0,CE,250,0,0,205.65
2026-07-09,2026-07-28,2480.0,PE,213000,4750,509,6.25
2026-07-09,2026-07-28,2500.0,CE,21500,0,0,187.4
2026-07-09,2026-07-28,2500.0,PE,197500,27500,1175,8.2
2026-07-09,2026-07-28,2520.0,CE,1500,0,0,171.6
2026-07-09,2026-07-28,2520.0,PE,69750,-1500,99,10.3
2026-07-09,2026-07-28,2540.0,CE,0,0,0,202.7
2026-07-09,2026-07-28,2540.0,PE,186750,-4000,147,13.1
2026-07-09,2026-07-28,2560.0,CE,4250,2000,31,142.9
2026-07-09,2026-07-28,2560.0,PE,128000,7500,173,16.2
2026-07-09,2026-07-28,2580.0,CE,3500,500,31,125.15
2026-07-09,2026-07-28,2580.0,PE,47750,-1250,249,19.9
2026-07-09,2026-07-28,2600.0,CE,71500,-1500,84,114.6
2026-07-09,2026-07-28,2600.0,PE,196000,18500,1821,24.35
2026-07-09,2026-07-28,2620.0,CE,26000,1500,29,97.55
2026-07-09,2026-07-28,2620.0,PE,91750,0,382,29.95
2026-07-09,2026-07-28,2640.0,CE,58250,250,130,83.25
2026-07-09,2026-07-28,2640.0,PE,118000,3250,741,35.7
2026-07-09,2026-07-28,2660.0,CE,88000,-3750,427,69.35
2026-07-09,2026-07-28,2660.0,PE,134250,-4500,1062,43.2
2026-07-09,2026-07-28,2680.0,CE,117500,19500,912,58.35
2026-07-09,2026-07-28,2680.0,PE,94500,-16750,1489,50.75
2026-07-09,2026-07-28,2700.0,CE,371750,-36000,2517,48.05
2026-07-09,2026-07-28,2700.0,PE,211750,-1000,2747,60.9
2026-07-09,2026-07-28,2720.0,CE,146250,21000,1262,38.95
2026-07-09,2026-07-28,2720.0,PE,86500,4500,704,71.5
2026-07-09,2026-07-28,2740.0,CE,310250,-11750,1140,31.15
2026-07-09,2026-07-28,2740.0,PE,97250,-750,411,83.9
2026-07-09,2026-07-28,2760.0,CE,320250,29250,1472,24.6
2026-07-09,2026-07-28,2760.0,PE,118500,-2250,246,98.4
2026-07-09,2026-07-28,2780.0,CE,185750,2000,877,19.3
2026-07-09,2026-07-28,2780.0,PE,20250,0,54,112.85
2026-07-09,2026-07-28,2800.0,CE,261000,9750,1860,14.9
2026-07-09,2026-07-28,2800.0,PE,85250,1000,72,128.05
2026-07-09,2026-07-28,2820.0,CE,59000,-4500,588,11.6
2026-07-09,2026-07-28,2820.0,PE,7250,-1500,25,144.5
2026-07-09,2026-07-28,2840.0,CE,108250,9250,382,8.9
2026-07-09,2026-07-28,2840.0,PE,2750,0,0,106.5
2026-07-09,2026-07-28,2860.0,CE,70750,5000,297,7.0
2026-07-09,2026-07-28,2860.0,PE,500,0,0,209.05
2026-07-09,2026-07-28,2880.0,CE,50000,2500,239,5.3
2026-07-09,2026-07-28,2880.0,PE,250,0,0,222.0
2026-07-09,2026-07-28,2900.0,CE,120750,-4000,530,4.1
2026-07-09,2026-07-28,2900.0,PE,10000,-2000,17,200.4
2026-07-09,2026-07-28,2920.0,CE,27500,-1750,86,3.2
2026-07-09,2026-07-28,2920.0,PE,500,0,0,184.25
2026-07-09,2026-07-28,2940.0,CE,38250,-250,10,3.85
2026-07-09,2026-07-28,2940.0,PE,250,0,0,197.0
2026-07-09,2026-07-28,2960.0,CE,45750,0,0,2.25
2026-07-09,2026-07-28,2960.0,PE,0,0,0,478.15
2026-07-09,2026-07-28,2980.0,CE,12000,0,4,2.3
2026-07-09,2026-07-28,2980.0,PE,0,0,0,337.25
2026-07-09,2026-07-28,3000.0,CE,590500,1750,121,1.55
2026-07-09,2026-07-28,3000.0,PE,15750,250,6,312.85
2026-07-09,2026-07-28,3040.0,CE,31500,0,0,2.0
2026-07-09,2026-07-28,3040.0,PE,500,0,0,360.0
2026-07-09,2026-07-28,3080.0,CE,35250,-1750,39,0.75
2026-07-09,2026-07-28,3080.0,PE,500,0,0,393.0
2026-07-09,2026-07-28,3120.0,CE,1250,0,18,1.2
2026-07-09,2026-07-28,3120.0,PE,0,0,0,623.5
2026-07-09,2026-07-28,3160.0,CE,0,0,0,8.9
2026-07-09,2026-07-28,3160.0,PE,250,0,0,406.0
2026-07-09,2026-08-25,2280.0,CE,0,0,0,424.1
2026-07-09,2026-08-25,2280.0,PE,0,0,0,23.4
2026-07-09,2026-08-25,2320.0,CE,0,0,0,391.05
2026-07-09,2026-08-25,2320.0,PE,6000,0,0,10.25
2026-07-09,2026-08-25,2360.0,CE,0,0,0,359.2
2026-07-09,2026-08-25,2360.0,PE,250,0,0,13.0
2026-07-09,2026-08-25,2400.0,CE,0,0,0,328.65
2026-07-09,2026-08-25,2400.0,PE,25750,8000,38,14.0
2026-07-09,2026-08-25,2420.0,CE,0,0,0,268.85
2026-07-09,2026-08-25,2420.0,PE,0,0,0,30.25
2026-07-09,2026-08-25,2440.0,CE,0,0,0,299.55
2026-07-09,2026-08-25,2440.0,PE,0,0,0,33.9
2026-07-09,2026-08-25,2460.0,CE,0,0,0,238.6
2026-07-09,2026-08-25,2460.0,PE,0,0,0,39.6
2026-07-09,2026-08-25,2480.0,CE,0,0,0,271.75
2026-07-09,2026-08-25,2480.0,PE,0,0,0,68.1
2026-07-09,2026-08-25,2500.0,CE,250,0,0,216.0
2026-07-09,2026-08-25,2500.0,PE,2000,-250,1,24.0
2026-07-09,2026-08-25,2520.0,CE,0,0,0,245.65
2026-07-09,2026-08-25,2520.0,PE,19500,500,15,26.4
2026-07-09,2026-08-25,2540.0,CE,0,0,0,183.45
2026-07-09,2026-08-25,2540.0,PE,250,0,0,31.0
2026-07-09,2026-08-25,2560.0,CE,0,0,0,221.1
2026-07-09,2026-08-25,2560.0,PE,0,0,0,96.3
2026-07-09,2026-08-25,2580.0,CE,0,0,0,159.1
2026-07-09,2026-08-25,2580.0,PE,0,0,0,42.6
2026-07-09,2026-08-25,2600.0,CE,750,0,0,189.0
2026-07-09,2026-08-25,2600.0,PE,250,0,0,50.0
2026-07-09,2026-08-25,2620.0,CE,0,0,0,136.85
2026-07-09,2026-08-25,2620.0,PE,0,0,0,96.35
2026-07-09,2026-08-25,2640.0,CE,0,0,0,177.0
2026-07-09,2026-08-25,2640.0,PE,0,0,0,130.95
2026-07-09,2026-08-25,2660.0,CE,0,0,0,116.75
2026-07-09,2026-08-25,2660.0,PE,0,0,0,115.9
2026-07-09,2026-08-25,2680.0,CE,0,0,0,157.35
2026-07-09,2026-08-25,2680.0,PE,0,0,0,150.75
2026-07-09,2026-08-25,2700.0,CE,6750,750,18,100.0
2026-07-09,2026-08-25,2700.0,PE,20250,0,14,85.0
2026-07-09,2026-08-25,2720.0,CE,3250,750,3,95.3
2026-07-09,2026-08-25,2720.0,PE,3000,750,4,102.8
2026-07-09,2026-08-25,2740.0,CE,1000,250,1,86.7
2026-07-09,2026-08-25,2740.0,PE,1000,250,1,98.8
2026-07-09,2026-08-25,2760.0,CE,1250,-750,7,63.75
2026-07-09,2026-08-25,2760.0,PE,250,0,0,95.0
2026-07-09,2026-08-25,2780.0,CE,0,0,0,69.15
2026-07-09,2026-08-25,2780.0,PE,0,0,0,187.1
2026-07-09,2026-08-25,2800.0,CE,40250,-500,19,50.5
2026-07-09,2026-08-25,2800.0,PE,1000,0,0,109.0
2026-07-09,2026-08-25,2820.0,CE,1000,0,1,57.5
2026-07-09,2026-08-25,2820.0,PE,0,0,0,214.75
2026-07-09,2026-08-25,2840.0,CE,0,0,0,94.35
2026-07-09,2026-08-25,2840.0,PE,0,0,0,245.4
2026-07-09,2026-08-25,2860.0,CE,0,0,0,46.95
2026-07-09,2026-08-25,2860.0,PE,0,0,0,244.2
2026-07-09,2026-08-25,2880.0,CE,3000,0,0,43.3
2026-07-09,2026-08-25,2880.0,PE,0,0,0,272.65
2026-07-09,2026-08-25,2900.0,CE,13000,1000,18,27.6
2026-07-09,2026-08-25,2900.0,PE,0,0,0,275.0
2026-07-09,2026-08-25,2920.0,CE,10000,500,6,29.15
2026-07-09,2026-08-25,2920.0,PE,1250,0,0,193.6
2026-07-09,2026-08-25,2940.0,CE,750,0,0,30.6
2026-07-09,2026-08-25,2940.0,PE,0,0,0,307.25
2026-07-09,2026-08-25,2960.0,CE,750,0,0,29.85
2026-07-09,2026-08-25,2960.0,PE,0,0,0,331.1
2026-07-09,2026-08-25,2980.0,CE,1500,0,0,24.0
2026-07-09,2026-08-25,2980.0,PE,0,0,0,340.75
2026-07-09,2026-08-25,3000.0,CE,27500,5250,36,13.95
2026-07-09,2026-08-25,3000.0,PE,0,0,0,361.85
2026-07-09,2026-08-25,3040.0,CE,6750,0,0,16.05
2026-07-09,2026-08-25,3040.0,PE,0,0,0,393.75
2026-07-09,2026-08-25,3080.0,CE,2000,0,0,12.5
2026-07-09,2026-08-25,3080.0,PE,0,0,0,426.55
2026-07-09,2026-08-25,3120.0,CE,0,0,0,33.3
2026-07-09,2026-08-25,3120.0,PE,0,0,0,460.2
2026-07-09,2026-08-25,3160.0,CE,0,0,0,28.25
2026-07-09,2026-08-25,3160.0,PE,0,0,0,494.55
2026-07-09,2026-09-29,2240.0,CE,0,0,0,446.9
2026-07-09,2026-09-29,2240.0,PE,0,0,0,16.8
2026-07-09,2026-09-29,2320.0,CE,0,0,0,379.45
2026-07-09,2026-09-29,2320.0,PE,0,0,0,28.15
2026-07-09,2026-09-29,2400.0,CE,0,0,0,316.9
2026-07-09,2026-09-29,2400.0,PE,0,0,0,44.4
2026-07-09,2026-09-29,2440.0,CE,0,0,0,287.8
2026-07-09,2026-09-29,2440.0,PE,0,0,0,54.7
2026-07-09,2026-09-29,2480.0,CE,0,0,0,260.05
2026-07-09,2026-09-29,2480.0,PE,0,0,0,66.3
2026-07-09,2026-09-29,2520.0,CE,0,0,0,234.05
2026-07-09,2026-09-29,2520.0,PE,0,0,0,79.7
2026-07-09,2026-09-29,2560.0,CE,0,0,0,209.7
2026-07-09,2026-09-29,2560.0,PE,0,0,0,94.75
2026-07-09,2026-09-29,2600.0,CE,0,0,0,187.05
2026-07-09,2026-09-29,2600.0,PE,0,0,0,111.45
2026-07-09,2026-09-29,2640.0,CE,0,0,0,166.05
2026-07-09,2026-09-29,2640.0,PE,0,0,0,129.85
2026-07-09,2026-09-29,2680.0,CE,0,0,0,146.75
2026-07-09,2026-09-29,2680.0,PE,0,0,0,149.95
2026-07-09,2026-09-29,2720.0,CE,0,0,0,129.15
2026-07-09,2026-09-29,2720.0,PE,0,0,0,171.7
2026-07-09,2026-09-29,2760.0,CE,1250,1250,5,90.0
2026-07-09,2026-09-29,2760.0,PE,0,0,0,195.1
2026-07-09,2026-09-29,2800.0,CE,250,0,0,100.0
2026-07-09,2026-09-29,2800.0,PE,0,0,0,220.0
2026-07-09,2026-09-29,2840.0,CE,0,0,0,85.65
2026-07-09,2026-09-29,2840.0,PE,0,0,0,246.4
2026-07-09,2026-09-29,2880.0,CE,0,0,0,74.05
2026-07-09,2026-09-29,2880.0,PE,0,0,0,274.15
2026-07-09,2026-09-29,2920.0,CE,0,0,0,63.85
2026-07-09,2026-09-29,2920.0,PE,0,0,0,303.35
2026-07-09,2026-09-29,2960.0,CE,0,0,0,54.8
2026-07-09,2026-09-29,2960.0,PE,0,0,0,333.7
2026-07-09,2026-09-29,3000.0,CE,0,0,0,46.7
2026-07-09,2026-09-29,3000.0,PE,0,0,0,365.0
2026-07-09,2026-09-29,3040.0,CE,0,0,0,39.7
2026-07-09,2026-09-29,3040.0,PE,0,0,0,397.4
2026-07-09,2026-09-29,3120.0,CE,0,0,0,28.4
2026-07-09,2026-09-29,3120.0,PE,0,0,0,464.85
2026-07-10,2026-07-28,2280.0,CE,0,0,0,270.0
2026-07-10,2026-07-28,2280.0,PE,0,0,0,54.65
2026-07-10,2026-07-28,2320.0,CE,4500,0,0,354.55
2026-07-10,2026-07-28,2320.0,PE,45750,6750,552,1.25
2026-07-10,2026-07-28,2360.0,CE,0,0,0,217.1
2026-07-10,2026-07-28,2360.0,PE,13500,1250,30,1.2
2026-07-10,2026-07-28,2400.0,CE,24500,0,0,306.0
2026-07-10,2026-07-28,2400.0,PE,304250,0,542,1.55
2026-07-10,2026-07-28,2420.0,CE,1000,0,0,294.4
2026-07-10,2026-07-28,2420.0,PE,37000,0,1,3.0
2026-07-10,2026-07-28,2440.0,CE,250,0,0,278.75
2026-07-10,2026-07-28,2440.0,PE,155500,-1000,407,3.1
2026-07-10,2026-07-28,2460.0,CE,35750,0,0,228.2
2026-07-10,2026-07-28,2460.0,PE,32000,6000,59,4.15
2026-07-10,2026-07-28,2480.0,CE,250,0,0,205.65
2026-07-10,2026-07-28,2480.0,PE,213500,500,246,5.3
2026-07-10,2026-07-28,2500.0,CE,21250,-250,2,194.6
2026-07-10,2026-07-28,2500.0,PE,183000,-14500,803,7.1
2026-07-10,2026-07-28,2520.0,CE,1500,0,0,171.6
2026-07-10,2026-07-28,2520.0,PE,69000,-750,100,9.05
2026-07-10,2026-07-28,2540.0,CE,0,0,0,202.7
2026-07-10,2026-07-28,2540.0,PE,188250,1500,180,11.5
2026-07-10,2026-07-28,2560.0,CE,4250,0,0,142.9
2026-07-10,2026-07-28,2560.0,PE,118750,-9250,141,14.35
2026-07-10,2026-07-28,2580.0,CE,3500,0,0,125.15
2026-07-10,2026-07-28,2580.0,PE,41000,-6750,234,17.9
2026-07-10,2026-07-28,2600.0,CE,80500,9000,318,113.35
2026-07-10,2026-07-28,2600.0,PE,184500,-11500,1174,22.2
2026-07-10,2026-07-28,2620.0,CE,25500,-500,34,98.0
2026-07-10,2026-07-28,2620.0,PE,91500,-250,485,27.2
2026-07-10,2026-07-28,2640.0,CE,64750,6500,194,83.5
2026-07-10,2026-07-28,2640.0,PE,117500,-500,558,33.05
2026-07-10,2026-07-28,2660.0,CE,98750,10750,434,69.9
2026-07-10,2026-07-28,2660.0,PE,123000,-11250,775,40.4
2026-07-10,2026-07-28,2680.0,CE,144750,27250,1105,58.6
2026-07-10,2026-07-28,2680.0,PE,125500,31000,1260,48.4
2026-07-10,2026-07-28,2700.0,CE,444000,72250,2644,48.1
2026-07-10,2026-07-28,2700.0,PE,205500,-6250,1751,58.0
2026-07-10,2026-07-28,2720.0,CE,266750,120500,2894,39.05
2026-07-10,2026-07-28,2720.0,PE,102000,15500,920,67.9
2026-07-10,2026-07-28,2740.0,CE,320250,10000,2648,30.7
2026-07-10,2026-07-28,2740.0,PE,110750,13500,673,80.55
2026-07-10,2026-07-28,2760.0,CE,317000,-3250,1264,24.0
2026-07-10,2026-07-28,2760.0,PE,109750,-8750,87,93.95
2026-07-10,2026-07-28,2780.0,CE,188250,2500,686,18.6
2026-07-10,2026-07-28,2780.0,PE,20750,500,81,109.3
2026-07-10,2026-07-28,2800.0,CE,252750,-8250,1839,14.55
2026-07-10,2026-07-28,2800.0,PE,84250,-1000,60,125.3
2026-07-10,2026-07-28,2820.0,CE,61250,2250,330,11.3
2026-07-10,2026-07-28,2820.0,PE,7250,0,0,144.5
2026-07-10,2026-07-28,2840.0,CE,102250,-6000,522,8.45
2026-07-10,2026-07-28,2840.0,PE,2750,0,0,106.5
2026-07-10,2026-07-28,2860.0,CE,74750,4000,383,6.4
2026-07-10,2026-07-28,2860.0,PE,500,0,0,209.05
2026-07-10,2026-07-28,2880.0,CE,45500,-4500,271,4.95
2026-07-10,2026-07-28,2880.0,PE,250,0,0,222.0
2026-07-10,2026-07-28,2900.0,CE,119000,-1750,453,3.9
2026-07-10,2026-07-28,2900.0,PE,10000,0,0,200.4
2026-07-10,2026-07-28,2920.0,CE,25750,-1750,35,3.0
2026-07-10,2026-07-28,2920.0,PE,500,0,0,184.25
2026-07-10,2026-07-28,2940.0,CE,38250,0,21,2.5
2026-07-10,2026-07-28,2940.0,PE,250,0,0,197.0
2026-07-10,2026-07-28,2960.0,CE,45000,-750,19,1.95
2026-07-10,2026-07-28,2960.0,PE,0,0,0,478.15
2026-07-10,2026-07-28,2980.0,CE,11000,-1000,8,1.55
2026-07-10,2026-07-28,2980.0,PE,0,0,0,337.25
2026-07-10,2026-07-28,3000.0,CE,587750,-2750,622,1.35
2026-07-10,2026-07-28,3000.0,PE,15500,-250,7,300.0
2026-07-10,2026-07-28,3040.0,CE,33000,1500,32,1.25
2026-07-10,2026-07-28,3040.0,PE,500,0,0,360.0
2026-07-10,2026-07-28,3080.0,CE,33500,-1750,93,0.7
2026-07-10,2026-07-28,3080.0,PE,500,0,0,393.0
2026-07-10,2026-07-28,3120.0,CE,2750,1500,113,0.9
2026-07-10,2026-07-28,3120.0,PE,0,0,0,623.5
2026-07-10,2026-07-28,3160.0,CE,0,0,0,8.9
2026-07-10,2026-07-28,3160.0,PE,250,0,0,406.0
2026-07-10,2026-08-25,2280.0,CE,0,0,0,424.1
2026-07-10,2026-08-25,2280.0,PE,0,0,0,23.4
2026-07-10,2026-08-25,2320.0,CE,0,0,0,391.05
2026-07-10,2026-08-25,2320.0,PE,12500,6500,38,9.0
2026-07-10,2026-08-25,2360.0,CE,0,0,0,359.2
2026-07-10,2026-08-25,2360.0,PE,250,0,0,13.0
2026-07-10,2026-08-25,2400.0,CE,0,0,0,328.65
2026-07-10,2026-08-25,2400.0,PE,22250,-3500,29,13.6
2026-07-10,2026-08-25,2420.0,CE,0,0,0,268.85
2026-07-10,2026-08-25,2420.0,PE,12250,12250,110,16.0
2026-07-10,2026-08-25,2440.0,CE,0,0,0,299.55
2026-07-10,2026-08-25,2440.0,PE,0,0,0,33.9
2026-07-10,2026-08-25,2460.0,CE,0,0,0,238.6
2026-07-10,2026-08-25,2460.0,PE,0,0,0,39.6
2026-07-10,2026-08-25,2480.0,CE,0,0,0,271.75
2026-07-10,2026-08-25,2480.0,PE,0,0,0,68.1
2026-07-10,2026-08-25,2500.0,CE,250,0,0,216.0
2026-07-10,2026-08-25,2500.0,PE,2250,250,1,24.7
2026-07-10,2026-08-25,2520.0,CE,0,0,0,245.65
2026-07-10,2026-08-25,2520.0,PE,19500,0,28,30.0
2026-07-10,2026-08-25,2540.0,CE,0,0,0,183.45
2026-07-10,2026-08-25,2540.0,PE,250,0,0,31.0
2026-07-10,2026-08-25,2560.0,CE,0,0,0,221.1
2026-07-10,2026-08-25,2560.0,PE,0,0,0,96.3
2026-07-10,2026-08-25,2580.0,CE,0,0,0,159.1
2026-07-10,2026-08-25,2580.0,PE,0,0,0,42.6
2026-07-10,2026-08-25,2600.0,CE,750,0,0,189.0
2026-07-10,2026-08-25,2600.0,PE,750,500,3,52.0
2026-07-10,2026-08-25,2620.0,CE,0,0,0,136.85
2026-07-10,2026-08-25,2620.0,PE,0,0,0,96.35
2026-07-10,2026-08-25,2640.0,CE,0,0,0,177.0
2026-07-10,2026-08-25,2640.0,PE,0,0,0,130.95
2026-07-10,2026-08-25,2660.0,CE,0,0,0,116.75
2026-07-10,2026-08-25,2660.0,PE,0,0,0,115.9
2026-07-10,2026-08-25,2680.0,CE,0,0,0,157.35
2026-07-10,2026-08-25,2680.0,PE,0,0,0,150.75
2026-07-10,2026-08-25,2700.0,CE,7250,500,8,95.9
2026-07-10,2026-08-25,2700.0,PE,29000,8750,37,90.0
2026-07-10,2026-08-25,2720.0,CE,3250,0,0,95.3
2026-07-10,2026-08-25,2720.0,PE,3000,0,0,102.8
2026-07-10,2026-08-25,2740.0,CE,1000,0,0,86.7
2026-07-10,2026-08-25,2740.0,PE,1000,0,0,98.8
2026-07-10,2026-08-25,2760.0,CE,1250,0,0,63.75
2026-07-10,2026-08-25,2760.0,PE,250,0,0,95.0
2026-07-10,2026-08-25,2780.0,CE,0,0,0,69.15
2026-07-10,2026-08-25,2780.0,PE,0,0,0,187.1
2026-07-10,2026-08-25,2800.0,CE,73500,33250,158,51.75
2026-07-10,2026-08-25,2800.0,PE,1500,500,3,141.0
2026-07-10,2026-08-25,2820.0,CE,1000,0,1,46.85
2026-07-10,2026-08-25,2820.0,PE,0,0,0,214.75
2026-07-10,2026-08-25,2840.0,CE,0,0,0,94.35
2026-07-10,2026-08-25,2840.0,PE,0,0,0,245.4
2026-07-10,2026-08-25,2860.0,CE,0,0,0,46.95
2026-07-10,2026-08-25,2860.0,PE,0,0,0,244.2
2026-07-10,2026-08-25,2880.0,CE,3000,0,0,43.3
2026-07-10,2026-08-25,2880.0,PE,0,0,0,272.65
2026-07-10,2026-08-25,2900.0,CE,20500,7500,60,28.1
2026-07-10,2026-08-25,2900.0,PE,0,0,0,275.0
2026-07-10,2026-08-25,2920.0,CE,10000,0,1,30.0
2026-07-10,2026-08-25,2920.0,PE,1250,0,0,193.6
2026-07-10,2026-08-25,2940.0,CE,750,0,0,30.6
2026-07-10,2026-08-25,2940.0,PE,0,0,0,307.25
2026-07-10,2026-08-25,2960.0,CE,750,0,0,29.85
2026-07-10,2026-08-25,2960.0,PE,0,0,0,331.1
2026-07-10,2026-08-25,2980.0,CE,6750,5250,30,17.25
2026-07-10,2026-08-25,2980.0,PE,0,0,0,340.75
2026-07-10,2026-08-25,3000.0,CE,31250,3750,53,15.2
2026-07-10,2026-08-25,3000.0,PE,0,0,0,361.85
2026-07-10,2026-08-25,3040.0,CE,6750,0,0,16.05
2026-07-10,2026-08-25,3040.0,PE,0,0,0,393.75
2026-07-10,2026-08-25,3080.0,CE,2000,0,0,12.5
2026-07-10,2026-08-25,3080.0,PE,0,0,0,426.55
2026-07-10,2026-08-25,3120.0,CE,0,0,0,33.3
2026-07-10,2026-08-25,3120.0,PE,0,0,0,460.2
2026-07-10,2026-08-25,3160.0,CE,0,0,0,28.25
2026-07-10,2026-08-25,3160.0,PE,0,0,0,494.55
2026-07-10,2026-09-29,2240.0,CE,0,0,0,446.9
2026-07-10,2026-09-29,2240.0,PE,0,0,0,16.8
2026-07-10,2026-09-29,2320.0,CE,0,0,0,379.45
2026-07-10,2026-09-29,2320.0,PE,0,0,0,28.15
2026-07-10,2026-09-29,2400.0,CE,0,0,0,316.9
2026-07-10,2026-09-29,2400.0,PE,0,0,0,44.4
2026-07-10,2026-09-29,2440.0,CE,0,0,0,287.8
2026-07-10,2026-09-29,2440.0,PE,0,0,0,54.7
2026-07-10,2026-09-29,2480.0,CE,0,0,0,260.05
2026-07-10,2026-09-29,2480.0,PE,0,0,0,66.3
2026-07-10,2026-09-29,2520.0,CE,0,0,0,234.05
2026-07-10,2026-09-29,2520.0,PE,0,0,0,79.7
2026-07-10,2026-09-29,2560.0,CE,0,0,0,209.7
2026-07-10,2026-09-29,2560.0,PE,0,0,0,94.75
2026-07-10,2026-09-29,2600.0,CE,0,0,0,187.05
2026-07-10,2026-09-29,2600.0,PE,0,0,0,111.45
2026-07-10,2026-09-29,2640.0,CE,0,0,0,166.05
2026-07-10,2026-09-29,2640.0,PE,0,0,0,129.85
2026-07-10,2026-09-29,2680.0,CE,0,0,0,146.75
2026-07-10,2026-09-29,2680.0,PE,0,0,0,149.95
2026-07-10,2026-09-29,2720.0,CE,0,0,0,129.15
2026-07-10,2026-09-29,2720.0,PE,0,0,0,171.7
2026-07-10,2026-09-29,2760.0,CE,1250,0,0,90.0
2026-07-10,2026-09-29,2760.0,PE,0,0,0,195.1
2026-07-10,2026-09-29,2800.0,CE,250,0,0,100.0
2026-07-10,2026-09-29,2800.0,PE,0,0,0,220.0
2026-07-10,2026-09-29,2840.0,CE,0,0,0,85.65
2026-07-10,2026-09-29,2840.0,PE,0,0,0,246.4
2026-07-10,2026-09-29,2880.0,CE,0,0,0,74.05
2026-07-10,2026-09-29,2880.0,PE,0,0,0,274.15
2026-07-10,2026-09-29,2920.0,CE,0,0,0,63.85
2026-07-10,2026-09-29,2920.0,PE,0,0,0,303.35
2026-07-10,2026-09-29,2960.0,CE,0,0,0,54.8
2026-07-10,2026-09-29,2960.0,PE,0,0,0,333.7
2026-07-10,2026-09-29,3000.0,CE,0,0,0,46.7
2026-07-10,2026-09-29,3000.0,PE,0,0,0,365.0
2026-07-10,2026-09-29,3040.0,CE,0,0,0,39.7
2026-07-10,2026-09-29,3040.0,PE,0,0,0,397.4
2026-07-10,2026-09-29,3120.0,CE,0,0,0,28.4
2026-07-10,2026-09-29,3120.0,PE,0,0,0,464.85
