date,expiry,strike,opt_type,oi,chg_oi,volume,close
2026-06-05,2026-06-30,1200.0,CE,3825,0,3,339.8
2026-06-05,2026-06-30,1200.0,PE,19125,-11475,114,0.95
2026-06-05,2026-06-30,1240.0,CE,2550,0,3,300.25
2026-06-05,2026-06-30,1240.0,PE,8925,-17425,63,1.2
2026-06-05,2026-06-30,1260.0,CE,425,0,0,212.5
2026-06-05,2026-06-30,1280.0,CE,2125,0,0,250.0
2026-06-05,2026-06-30,1280.0,PE,43350,26350,225,2.1
2026-06-05,2026-06-30,1300.0,PE,190825,180625,1618,2.85
2026-06-05,2026-06-30,1320.0,CE,0,0,0,317.85
2026-06-05,2026-06-30,1320.0,PE,61200,51425,230,3.25
2026-06-05,2026-06-30,1340.0,PE,17850,4675,21,3.7
2026-06-05,2026-06-30,1360.0,CE,2975,0,0,201.45
2026-06-05,2026-06-30,1360.0,PE,36550,10625,150,4.75
2026-06-05,2026-06-30,1380.0,CE,0,0,0,206.35
2026-06-05,2026-06-30,1380.0,PE,15725,-850,33,6.15
2026-06-05,2026-06-30,1400.0,CE,46325,0,0,151.45
2026-06-05,2026-06-30,1400.0,PE,121125,-850,373,8.2
2026-06-05,2026-06-30,1420.0,CE,0,0,0,176.65
2026-06-05,2026-06-30,1420.0,PE,17000,5525,107,10.95
2026-06-05,2026-06-30,1440.0,CE,52275,425,3,111.75
2026-06-05,2026-06-30,1440.0,PE,50575,5525,140,14.4
2026-06-05,2026-06-30,1460.0,CE,33575,0,2,88.45
2026-06-05,2026-06-30,1460.0,PE,52700,-4675,111,19.0
2026-06-05,2026-06-30,1480.0,CE,13600,0,0,94.85
2026-06-05,2026-06-30,1480.0,PE,61625,-425,155,24.65
2026-06-05,2026-06-30,1500.0,CE,91800,-3825,61,62.25
2026-06-05,2026-06-30,1500.0,PE,260100,2125,435,31.6
2026-06-05,2026-06-30,1520.0,CE,48025,-425,80,50.6
2026-06-05,2026-06-30,1520.0,PE,56950,-14450,149,40.45
2026-06-05,2026-06-30,1540.0,CE,90100,9350,222,41.2
2026-06-05,2026-06-30,1540.0,PE,59925,-1700,317,50.1
2026-06-05,2026-06-30,1560.0,CE,172975,103700,727,32.3
2026-06-05,2026-06-30,1560.0,PE,89675,24650,239,61.7
2026-06-05,2026-06-30,1580.0,CE,77350,-5525,106,25.25
2026-06-05,2026-06-30,1580.0,PE,60350,-4675,33,74.3
2026-06-05,2026-06-30,1600.0,CE,226525,-3400,592,19.35
2026-06-05,2026-06-30,1600.0,PE,91800,-2975,54,89.0
2026-06-05,2026-06-30,1620.0,CE,77775,-4250,63,14.6
2026-06-05,2026-06-30,1620.0,PE,44200,0,0,86.75
2026-06-05,2026-06-30,1640.0,CE,131325,12325,165,10.95
2026-06-05,2026-06-30,1640.0,PE,8925,0,0,74.75
2026-06-05,2026-06-30,1660.0,CE,57800,6800,120,7.95
2026-06-05,2026-06-30,1660.0,PE,8925,0,0,84.4
2026-06-05,2026-06-30,1680.0,CE,170850,99875,345,5.95
2026-06-05,2026-06-30,1680.0,PE,1275,0,0,180.0
2026-06-05,2026-06-30,1700.0,CE,212925,-10200,421,4.35
2026-06-05,2026-06-30,1700.0,PE,10200,0,0,165.05
2026-06-05,2026-06-30,1720.0,CE,119000,3400,62,3.1
2026-06-05,2026-06-30,1720.0,PE,425,0,0,178.0
2026-06-05,2026-06-30,1740.0,CE,101150,5100,82,2.25
2026-06-05,2026-06-30,1740.0,PE,3825,0,0,195.95
2026-06-05,2026-06-30,1760.0,CE,77350,5525,158,1.9
2026-06-05,2026-06-30,1760.0,PE,425,0,0,161.15
2026-06-05,2026-06-30,1800.0,CE,147900,6800,89,1.1
2026-06-05,2026-06-30,1800.0,PE,11050,0,0,251.0
2026-06-05,2026-06-30,1840.0,CE,0,0,0,44.5
2026-06-05,2026-06-30,1840.0,PE,0,0,0,252.55
2026-06-05,2026-07-28,1280.0,CE,0,0,0,302.55
2026-06-05,2026-07-28,1280.0,PE,0,0,0,15.3
2026-06-05,2026-07-28,1320.0,CE,0,0,0,269.6
2026-06-05,2026-07-28,1320.0,PE,0,0,0,21.75
2026-06-05,2026-07-28,1360.0,CE,0,0,0,238.45
2026-06-05,2026-07-28,1360.0,PE,0,0,0,30.0
2026-06-05,2026-07-28,1380.0,CE,0,0,0,232.9
2026-06-05,2026-07-28,1380.0,PE,0,0,0,19.95
2026-06-05,2026-07-28,1400.0,CE,0,0,0,209.3
2026-06-05,2026-07-28,1400.0,PE,1275,0,2,28.0
2026-06-05,2026-07-28,1420.0,CE,0,0,0,201.85
2026-06-05,2026-07-28,1420.0,PE,0,0,0,28.45
2026-06-05,2026-07-28,1440.0,CE,0,0,0,182.2
2026-06-05,2026-07-28,1440.0,PE,0,0,0,52.65
2026-06-05,2026-07-28,1460.0,CE,0,0,0,173.05
2026-06-05,2026-07-28,1460.0,PE,0,0,0,39.25
2026-06-05,2026-07-28,1480.0,CE,0,0,0,157.45
2026-06-05,2026-07-28,1480.0,PE,8075,0,2,52.5
2026-06-05,2026-07-28,1500.0,CE,0,0,0,146.8
2026-06-05,2026-07-28,1500.0,PE,26775,20825,56,60.0
2026-06-05,2026-07-28,1520.0,CE,0,0,0,135.05
2026-06-05,2026-07-28,1520.0,PE,1275,0,0,46.0
2026-06-05,2026-07-28,1540.0,CE,0,0,0,123.15
2026-06-05,2026-07-28,1540.0,PE,0,0,0,68.6
2026-06-05,2026-07-28,1560.0,CE,0,0,0,114.95
2026-06-05,2026-07-28,1560.0,PE,0,0,0,103.65
2026-06-05,2026-07-28,1580.0,CE,0,0,0,102.25
2026-06-05,2026-07-28,1580.0,PE,0,0,0,87.25
2026-06-05,2026-07-28,1600.0,CE,0,0,0,97.1
2026-06-05,2026-07-28,1600.0,PE,3825,1700,4,102.5
2026-06-05,2026-07-28,1620.0,CE,0,0,0,83.95
2026-06-05,2026-07-28,1620.0,PE,0,0,0,108.55
2026-06-05,2026-07-28,1640.0,CE,0,0,0,81.4
2026-06-05,2026-07-28,1640.0,PE,0,0,0,148.95
2026-06-05,2026-07-28,1660.0,CE,0,0,0,68.2
2026-06-05,2026-07-28,1660.0,PE,0,0,0,132.35
2026-06-05,2026-07-28,1680.0,CE,0,0,0,67.8
2026-06-05,2026-07-28,1680.0,PE,0,0,0,174.75
2026-06-05,2026-07-28,1700.0,CE,0,0,0,54.8
2026-06-05,2026-07-28,1700.0,PE,0,0,0,158.6
2026-06-05,2026-07-28,1720.0,CE,0,0,0,56.05
2026-06-05,2026-07-28,1720.0,PE,0,0,0,202.45
2026-06-05,2026-07-28,1740.0,CE,0,0,0,43.6
2026-06-05,2026-07-28,1740.0,PE,0,0,0,186.95
2026-06-05,2026-07-28,1760.0,CE,0,0,0,46.1
2026-06-05,2026-07-28,1760.0,PE,0,0,0,231.95
2026-06-05,2026-07-28,1800.0,CE,0,0,0,37.6
2026-06-05,2026-07-28,1800.0,PE,0,0,0,262.9
2026-06-05,2026-07-28,1840.0,CE,425,0,0,6.0
2026-06-05,2026-07-28,1840.0,PE,0,0,0,295.2
2026-06-05,2026-08-25,1280.0,CE,0,0,0,331.0
2026-06-05,2026-08-25,1280.0,PE,0,0,0,13.3
2026-06-05,2026-08-25,1360.0,CE,0,0,0,265.2
2026-06-05,2026-08-25,1360.0,PE,0,0,0,26.3
2026-06-05,2026-08-25,1400.0,CE,0,0,0,234.95
2026-06-05,2026-08-25,1400.0,PE,0,0,0,35.5
2026-06-05,2026-08-25,1440.0,CE,0,0,0,206.65
2026-06-05,2026-08-25,1440.0,PE,0,0,0,46.6
2026-06-05,2026-08-25,1480.0,CE,0,0,0,180.45
2026-06-05,2026-08-25,1480.0,PE,0,0,0,59.75
2026-06-05,2026-08-25,1520.0,CE,0,0,0,156.5
2026-06-05,2026-08-25,1520.0,PE,0,0,0,75.25
2026-06-05,2026-08-25,1560.0,CE,0,0,0,134.75
2026-06-05,2026-08-25,1560.0,PE,0,0,0,92.9
2026-06-05,2026-08-25,1600.0,CE,0,0,0,115.25
2026-06-05,2026-08-25,1600.0,PE,0,0,0,112.8
2026-06-05,2026-08-25,1640.0,CE,0,0,0,97.9
2026-06-05,2026-08-25,1640.0,PE,0,0,0,134.9
2026-06-05,2026-08-25,1680.0,CE,0,0,0,82.6
2026-06-05,2026-08-25,1680.0,PE,0,0,0,159.0
2026-06-05,2026-08-25,1720.0,CE,0,0,0,69.25
2026-06-05,2026-08-25,1720.0,PE,0,0,0,185.05
2026-06-05,2026-08-25,1760.0,CE,0,0,0,57.7
2026-06-05,2026-08-25,1760.0,PE,0,0,0,212.9
2026-06-05,2026-08-25,1840.0,CE,0,0,0,39.4
2026-06-05,2026-08-25,1840.0,PE,0,0,0,273.45
2026-06-08,2026-06-30,1200.0,CE,3825,0,1,333.85
2026-06-08,2026-06-30,1200.0,PE,19125,0,8,0.7
2026-06-08,2026-06-30,1240.0,CE,2550,0,0,300.25
2026-06-08,2026-06-30,1240.0,PE,10625,1700,23,1.7
2026-06-08,2026-06-30,1260.0,CE,425,0,0,212.5
2026-06-08,2026-06-30,1280.0,CE,2125,0,0,250.0
2026-06-08,2026-06-30,1280.0,PE,34000,-9350,28,1.2
2026-06-08,2026-06-30,1300.0,PE,102425,-88400,406,1.9
2026-06-08,2026-06-30,1320.0,CE,0,0,0,317.85
2026-06-08,2026-06-30,1320.0,PE,43350,-17850,249,2.3
2026-06-08,2026-06-30,1340.0,PE,11900,-5950,98,3.2
2026-06-08,2026-06-30,1360.0,CE,2975,0,0,201.45
2026-06-08,2026-06-30,1360.0,PE,32300,-4250,48,4.45
2026-06-08,2026-06-30,1380.0,CE,0,0,0,206.35
2026-06-08,2026-06-30,1380.0,PE,15725,0,0,6.15
2026-06-08,2026-06-30,1400.0,CE,46325,0,0,151.45
2026-06-08,2026-06-30,1400.0,PE,133875,12750,367,7.9
2026-06-08,2026-06-30,1420.0,CE,0,0,0,176.65
2026-06-08,2026-06-30,1420.0,PE,13175,-3825,26,11.35
2026-06-08,2026-06-30,1440.0,CE,52275,0,0,111.75
2026-06-08,2026-06-30,1440.0,PE,40375,-10200,158,14.8
2026-06-08,2026-06-30,1460.0,CE,32300,-1275,9,76.05
2026-06-08,2026-06-30,1460.0,PE,55675,2975,131,19.1
2026-06-08,2026-06-30,1480.0,CE,13600,0,0,94.85
2026-06-08,2026-06-30,1480.0,PE,61200,-425,94,26.85
2026-06-08,2026-06-30,1500.0,CE,99450,7650,202,53.55
2026-06-08,2026-06-30,1500.0,PE,268175,8075,650,33.25
2026-06-08,2026-06-30,1520.0,CE,61200,13175,192,43.15
2026-06-08,2026-06-30,1520.0,PE,49725,-7225,255,42.4
2026-06-08,2026-06-30,1540.0,CE,107950,17850,370,34.15
2026-06-08,2026-06-30,1540.0,PE,53125,-6800,144,55.25
2026-06-08,2026-06-30,1560.0,CE,174675,1700,506,26.85
2026-06-08,2026-06-30,1560.0,PE,83300,-6375,45,68.2
2026-06-08,2026-06-30,1580.0,CE,63750,-13600,213,19.5
2026-06-08,2026-06-30,1580.0,PE,58650,-1700,14,79.6
2026-06-08,2026-06-30,1600.0,CE,250750,24225,852,15.65
2026-06-08,2026-06-30,1600.0,PE,91375,-425,44,86.65
2026-06-08,2026-06-30,1620.0,CE,85000,7225,176,11.3
2026-06-08,2026-06-30,1620.0,PE,44200,0,0,86.75
2026-06-08,2026-06-30,1640.0,CE,148750,17425,237,8.7
2026-06-08,2026-06-30,1640.0,PE,8925,0,0,74.75
2026-06-08,2026-06-30,1660.0,CE,59075,1275,160,6.35
2026-06-08,2026-06-30,1660.0,PE,8925,0,0,84.4
2026-06-08,2026-06-30,1680.0,CE,167875,-2975,182,4.6
2026-06-08,2026-06-30,1680.0,PE,1275,0,0,180.0
2026-06-08,2026-06-30,1700.0,CE,209525,-3400,299,3.4
2026-06-08,2026-06-30,1700.0,PE,10200,0,0,165.05
2026-06-08,2026-06-30,1720.0,CE,125375,6375,70,2.3
2026-06-08,2026-06-30,1720.0,PE,425,0,0,178.0
2026-06-08,2026-06-30,1740.0,CE,107525,6375,82,1.8
2026-06-08,2026-06-30,1740.0,PE,3825,0,0,195.95
2026-06-08,2026-06-30,1760.0,CE,76075,-1275,10,2.2
2026-06-08,2026-06-30,1760.0,PE,425,0,0,161.15
2026-06-08,2026-06-30,1800.0,CE,155550,7650,437,1.0
2026-06-08,2026-06-30,1800.0,PE,6800,-4250,10,257.0
2026-06-08,2026-06-30,1840.0,CE,0,0,0,44.5
2026-06-08,2026-06-30,1840.0,PE,0,0,0,252.55
2026-06-08,2026-07-28,1280.0,CE,0,0,0,302.55
2026-06-08,2026-07-28,1280.0,PE,0,0,0,15.3
2026-06-08,2026-07-28,1320.0,CE,0,0,0,269.6
2026-06-08,2026-07-28,1320.0,PE,0,0,0,21.75
2026-06-08,2026-07-28,1360.0,CE,0,0,0,238.45
2026-06-08,2026-07-28,1360.0,PE,0,0,0,30.0
2026-06-08,2026-07-28,1380.0,CE,0,0,0,232.9
2026-06-08,2026-07-28,1380.0,PE,0,0,0,19.95
2026-06-08,2026-07-28,1400.0,CE,0,0,0,209.3
2026-06-08,2026-07-28,1400.0,PE,1275,0,0,28.0
2026-06-08,2026-07-28,1420.0,CE,0,0,0,201.85
2026-06-08,2026-07-28,1420.0,PE,0,0,0,28.45
2026-06-08,2026-07-28,1440.0,CE,0,0,0,182.2
2026-06-08,2026-07-28,1440.0,PE,0,0,0,52.65
2026-06-08,2026-07-28,1460.0,CE,0,0,0,173.05
2026-06-08,2026-07-28,1460.0,PE,0,0,0,39.25
2026-06-08,2026-07-28,1480.0,CE,0,0,0,157.45
2026-06-08,2026-07-28,1480.0,PE,8075,0,3,46.3
2026-06-08,2026-07-28,1500.0,CE,0,0,0,146.8
2026-06-08,2026-07-28,1500.0,PE,44625,17850,48,62.0
2026-06-08,2026-07-28,1520.0,CE,0,0,0,135.05
2026-06-08,2026-07-28,1520.0,PE,1275,0,0,46.0
2026-06-08,2026-07-28,1540.0,CE,0,0,0,123.15
2026-06-08,2026-07-28,1540.0,PE,0,0,0,68.6
2026-06-08,2026-07-28,1560.0,CE,0,0,0,114.95
2026-06-08,2026-07-28,1560.0,PE,0,0,0,103.65
2026-06-08,2026-07-28,1580.0,CE,0,0,0,102.25
2026-06-08,2026-07-28,1580.0,PE,0,0,0,87.25
2026-06-08,2026-07-28,1600.0,CE,425,425,1,45.65
2026-06-08,2026-07-28,1600.0,PE,3825,0,0,102.5
2026-06-08,2026-07-28,1620.0,CE,0,0,0,83.95
2026-06-08,2026-07-28,1620.0,PE,0,0,0,108.55
2026-06-08,2026-07-28,1640.0,CE,0,0,0,81.4
2026-06-08,2026-07-28,1640.0,PE,0,0,0,148.95
2026-06-08,2026-07-28,1660.0,CE,0,0,0,68.2
2026-06-08,2026-07-28,1660.0,PE,0,0,0,132.35
2026-06-08,2026-07-28,1680.0,CE,0,0,0,67.8
2026-06-08,2026-07-28,1680.0,PE,0,0,0,174.75
2026-06-08,2026-07-28,1700.0,CE,0,0,0,54.8
2026-06-08,2026-07-28,1700.0,PE,0,0,0,158.6
2026-06-08,2026-07-28,1720.0,CE,0,0,0,56.05
2026-06-08,2026-07-28,1720.0,PE,0,0,0,202.45
2026-06-08,2026-07-28,1740.0,CE,0,0,0,43.6
2026-06-08,2026-07-28,1740.0,PE,0,0,0,186.95
2026-06-08,2026-07-28,1760.0,CE,0,0,0,46.1
2026-06-08,2026-07-28,1760.0,PE,0,0,0,231.95
2026-06-08,2026-07-28,1800.0,CE,0,0,0,37.6
2026-06-08,2026-07-28,1800.0,PE,4250,4250,10,265.0
2026-06-08,2026-07-28,1840.0,CE,425,0,0,6.0
2026-06-08,2026-07-28,1840.0,PE,0,0,0,295.2
2026-06-08,2026-08-25,1280.0,CE,0,0,0,331.0
2026-06-08,2026-08-25,1280.0,PE,0,0,0,13.3
2026-06-08,2026-08-25,1360.0,CE,0,0,0,265.2
2026-06-08,2026-08-25,1360.0,PE,0,0,0,26.3
2026-06-08,2026-08-25,1400.0,CE,0,0,0,234.95
2026-06-08,2026-08-25,1400.0,PE,0,0,0,35.5
2026-06-08,2026-08-25,1440.0,CE,0,0,0,206.65
2026-06-08,2026-08-25,1440.0,PE,0,0,0,46.6
2026-06-08,2026-08-25,1480.0,CE,0,0,0,180.45
2026-06-08,2026-08-25,1480.0,PE,0,0,0,59.75
2026-06-08,2026-08-25,1520.0,CE,0,0,0,156.5
2026-06-08,2026-08-25,1520.0,PE,0,0,0,75.25
2026-06-08,2026-08-25,1560.0,CE,0,0,0,134.75
2026-06-08,2026-08-25,1560.0,PE,0,0,0,92.9
2026-06-08,2026-08-25,1600.0,CE,0,0,0,115.25
2026-06-08,2026-08-25,1600.0,PE,0,0,0,112.8
2026-06-08,2026-08-25,1640.0,CE,0,0,0,97.9
2026-06-08,2026-08-25,1640.0,PE,0,0,0,134.9
2026-06-08,2026-08-25,1680.0,CE,0,0,0,82.6
2026-06-08,2026-08-25,1680.0,PE,0,0,0,159.0
2026-06-08,2026-08-25,1720.0,CE,0,0,0,69.25
2026-06-08,2026-08-25,1720.0,PE,0,0,0,185.05
2026-06-08,2026-08-25,1760.0,CE,0,0,0,57.7
2026-06-08,2026-08-25,1760.0,PE,0,0,0,212.9
2026-06-08,2026-08-25,1840.0,CE,0,0,0,39.4
2026-06-08,2026-08-25,1840.0,PE,0,0,0,273.45
2026-06-09,2026-06-30,1200.0,CE,3825,0,0,333.85
2026-06-09,2026-06-30,1200.0,PE,18700,-425,14,0.55
2026-06-09,2026-06-30,1240.0,CE,2550,0,0,300.25
2026-06-09,2026-06-30,1240.0,PE,10200,-425,8,0.7
2026-06-09,2026-06-30,1260.0,CE,425,0,0,212.5
2026-06-09,2026-06-30,1280.0,CE,2125,0,0,250.0
2026-06-09,2026-06-30,1280.0,PE,33150,-850,4,1.4
2026-06-09,2026-06-30,1300.0,PE,82875,-19550,111,1.35
2026-06-09,2026-06-30,1320.0,CE,0,0,0,317.85
2026-06-09,2026-06-30,1320.0,PE,45900,2550,42,1.8
2026-06-09,2026-06-30,1340.0,PE,10200,-1700,6,2.4
2026-06-09,2026-06-30,1360.0,CE,2975,0,0,201.45
2026-06-09,2026-06-30,1360.0,PE,31875,-425,8,3.55
2026-06-09,2026-06-30,1380.0,CE,0,0,0,206.35
2026-06-09,2026-06-30,1380.0,PE,15725,0,0,6.15
2026-06-09,2026-06-30,1400.0,CE,46325,0,0,151.45
2026-06-09,2026-06-30,1400.0,PE,135150,1275,192,5.55
2026-06-09,2026-06-30,1420.0,CE,0,0,0,176.65
2026-06-09,2026-06-30,1420.0,PE,18275,5100,31,7.55
2026-06-09,2026-06-30,1440.0,CE,52275,0,0,111.75
2026-06-09,2026-06-30,1440.0,PE,42925,2550,65,10.35
2026-06-09,2026-06-30,1460.0,CE,32300,0,0,76.05
2026-06-09,2026-06-30,1460.0,PE,54825,-850,72,14.05
2026-06-09,2026-06-30,1480.0,CE,13600,0,0,94.85
2026-06-09,2026-06-30,1480.0,PE,60350,-850,35,19.4
2026-06-09,2026-06-30,1500.0,CE,97750,-1700,85,59.55
2026-06-09,2026-06-30,1500.0,PE,269875,1700,159,25.4
2026-06-09,2026-06-30,1520.0,CE,64600,3400,107,48.55
2026-06-09,2026-06-30,1520.0,PE,54400,4675,154,33.65
2026-06-09,2026-06-30,1540.0,CE,81600,-26350,290,38.5
2026-06-09,2026-06-30,1540.0,PE,57375,4250,50,43.95
2026-06-09,2026-06-30,1560.0,CE,150025,-24650,257,30.15
2026-06-09,2026-06-30,1560.0,PE,79475,-3825,13,53.95
2026-06-09,2026-06-30,1580.0,CE,159375,95625,598,23.1
2026-06-09,2026-06-30,1580.0,PE,139400,80750,287,66.55
2026-06-09,2026-06-30,1600.0,CE,266475,15725,344,17.05
2026-06-09,2026-06-30,1600.0,PE,91375,0,13,82.05
2026-06-09,2026-06-30,1620.0,CE,89250,4250,96,12.95
2026-06-09,2026-06-30,1620.0,PE,44200,0,0,86.75
2026-06-09,2026-06-30,1640.0,CE,152150,3400,264,9.4
2026-06-09,2026-06-30,1640.0,PE,8925,0,0,74.75
2026-06-09,2026-06-30,1660.0,CE,88825,29750,216,6.8
2026-06-09,2026-06-30,1660.0,PE,8925,0,0,84.4
2026-06-09,2026-06-30,1680.0,CE,175100,7225,86,5.0
2026-06-09,2026-06-30,1680.0,PE,1275,0,0,180.0
2026-06-09,2026-06-30,1700.0,CE,212500,2975,153,3.4
2026-06-09,2026-06-30,1700.0,PE,10200,0,2,178.0
2026-06-09,2026-06-30,1720.0,CE,111775,-13600,107,2.3
2026-06-09,2026-06-30,1720.0,PE,425,0,0,178.0
2026-06-09,2026-06-30,1740.0,CE,107950,425,534,1.75
2026-06-09,2026-06-30,1740.0,PE,1275,-2550,6,209.0
2026-06-09,2026-06-30,1760.0,CE,76925,850,22,1.3
2026-06-09,2026-06-30,1760.0,PE,425,0,0,161.15
2026-06-09,2026-06-30,1800.0,CE,183600,28050,358,0.75
2026-06-09,2026-06-30,1800.0,PE,4250,-2550,9,268.0
2026-06-09,2026-06-30,1840.0,CE,0,0,0,44.5
2026-06-09,2026-06-30,1840.0,PE,0,0,0,252.55
2026-06-09,2026-07-28,1280.0,CE,0,0,0,302.55
2026-06-09,2026-07-28,1280.0,PE,850,850,2,14.0
2026-06-09,2026-07-28,1320.0,CE,0,0,0,269.6
2026-06-09,2026-07-28,1320.0,PE,0,0,0,21.75
2026-06-09,2026-07-28,1360.0,CE,0,0,0,238.45
2026-06-09,2026-07-28,1360.0,PE,0,0,0,30.0
2026-06-09,2026-07-28,1380.0,CE,0,0,0,232.9
2026-06-09,2026-07-28,1380.0,PE,0,0,0,19.95
2026-06-09,2026-07-28,1400.0,CE,0,0,0,209.3
2026-06-09,2026-07-28,1400.0,PE,1275,0,0,28.0
2026-06-09,2026-07-28,1420.0,CE,0,0,0,201.85
2026-06-09,2026-07-28,1420.0,PE,0,0,0,28.45
2026-06-09,2026-07-28,1440.0,CE,0,0,0,182.2
2026-06-09,2026-07-28,1440.0,PE,0,0,0,52.65
2026-06-09,2026-07-28,1460.0,CE,0,0,0,173.05
2026-06-09,2026-07-28,1460.0,PE,0,0,0,39.25
2026-06-09,2026-07-28,1480.0,CE,0,0,0,157.45
2026-06-09,2026-07-28,1480.0,PE,8075,0,0,46.3
2026-06-09,2026-07-28,1500.0,CE,8500,8500,20,76.25
2026-06-09,2026-07-28,1500.0,PE,48875,4250,21,52.0
2026-06-09,2026-07-28,1520.0,CE,0,0,0,135.05
2026-06-09,2026-07-28,1520.0,PE,1275,0,0,46.0
2026-06-09,2026-07-28,1540.0,CE,0,0,0,123.15
2026-06-09,2026-07-28,1540.0,PE,0,0,0,68.6
2026-06-09,2026-07-28,1560.0,CE,0,0,0,114.95
2026-06-09,2026-07-28,1560.0,PE,0,0,0,103.65
2026-06-09,2026-07-28,1580.0,CE,0,0,0,102.25
2026-06-09,2026-07-28,1580.0,PE,0,0,0,87.25
2026-06-09,2026-07-28,1600.0,CE,850,425,1,40.65
2026-06-09,2026-07-28,1600.0,PE,3825,0,0,102.5
2026-06-09,2026-07-28,1620.0,CE,425,425,1,31.15
2026-06-09,2026-07-28,1620.0,PE,0,0,0,108.55
2026-06-09,2026-07-28,1640.0,CE,0,0,0,81.4
2026-06-09,2026-07-28,1640.0,PE,0,0,0,148.95
2026-06-09,2026-07-28,1660.0,CE,0,0,0,68.2
2026-06-09,2026-07-28,1660.0,PE,0,0,0,132.35
2026-06-09,2026-07-28,1680.0,CE,0,0,0,67.8
2026-06-09,2026-07-28,1680.0,PE,0,0,0,174.75
2026-06-09,2026-07-28,1700.0,CE,0,0,0,54.8
2026-06-09,2026-07-28,1700.0,PE,850,850,2,187.0
2026-06-09,2026-07-28,1720.0,CE,0,0,0,56.05
2026-06-09,2026-07-28,1720.0,PE,0,0,0,202.45
2026-06-09,2026-07-28,1740.0,CE,0,0,0,43.6
2026-06-09,2026-07-28,1740.0,PE,2550,2550,6,220.0
2026-06-09,2026-07-28,1760.0,CE,0,0,0,46.1
2026-06-09,2026-07-28,1760.0,PE,0,0,0,231.95
2026-06-09,2026-07-28,1800.0,CE,0,0,0,37.6
2026-06-09,2026-07-28,1800.0,PE,6800,2550,12,275.0
2026-06-09,2026-07-28,1840.0,CE,425,0,0,6.0
2026-06-09,2026-07-28,1840.0,PE,0,0,0,295.2
2026-06-09,2026-08-25,1280.0,CE,0,0,0,331.0
2026-06-09,2026-08-25,1280.0,PE,0,0,0,13.3
2026-06-09,2026-08-25,1360.0,CE,0,0,0,265.2
2026-06-09,2026-08-25,1360.0,PE,0,0,0,26.3
2026-06-09,2026-08-25,1400.0,CE,0,0,0,234.95
2026-06-09,2026-08-25,1400.0,PE,0,0,0,35.5
2026-06-09,2026-08-25,1440.0,CE,0,0,0,206.65
2026-06-09,2026-08-25,1440.0,PE,0,0,0,46.6
2026-06-09,2026-08-25,1480.0,CE,0,0,0,180.45
2026-06-09,2026-08-25,1480.0,PE,0,0,0,59.75
2026-06-09,2026-08-25,1520.0,CE,0,0,0,156.5
2026-06-09,2026-08-25,1520.0,PE,0,0,0,75.25
2026-06-09,2026-08-25,1560.0,CE,0,0,0,134.75
2026-06-09,2026-08-25,1560.0,PE,0,0,0,92.9
2026-06-09,2026-08-25,1600.0,CE,0,0,0,115.25
2026-06-09,2026-08-25,1600.0,PE,0,0,0,112.8
2026-06-09,2026-08-25,1640.0,CE,0,0,0,97.9
2026-06-09,2026-08-25,1640.0,PE,0,0,0,134.9
2026-06-09,2026-08-25,1680.0,CE,0,0,0,82.6
2026-06-09,2026-08-25,1680.0,PE,0,0,0,159.0
2026-06-09,2026-08-25,1720.0,CE,0,0,0,69.25
2026-06-09,2026-08-25,1720.0,PE,0,0,0,185.05
2026-06-09,2026-08-25,1760.0,CE,0,0,0,57.7
2026-06-09,2026-08-25,1760.0,PE,0,0,0,212.9
2026-06-09,2026-08-25,1840.0,CE,0,0,0,39.4
2026-06-09,2026-08-25,1840.0,PE,0,0,0,273.45
2026-06-10,2026-06-30,1200.0,CE,3825,0,0,333.85
2026-06-10,2026-06-30,1200.0,PE,19975,1275,47,0.65
2026-06-10,2026-06-30,1240.0,CE,2550,0,0,300.25
2026-06-10,2026-06-30,1240.0,PE,15300,5100,464,0.8
2026-06-10,2026-06-30,1260.0,CE,425,0,0,212.5
2026-06-10,2026-06-30,1280.0,CE,1275,-850,4,254.8
2026-06-10,2026-06-30,1280.0,PE,36125,2975,662,1.4
2026-06-10,2026-06-30,1300.0,PE,73950,-8925,71,2.0
2026-06-10,2026-06-30,1320.0,CE,0,0,0,317.85
2026-06-10,2026-06-30,1320.0,PE,34000,-11900,50,2.0
2026-06-10,2026-06-30,1340.0,PE,9775,-425,1,2.5
2026-06-10,2026-06-30,1360.0,CE,2975,0,0,201.45
2026-06-10,2026-06-30,1360.0,PE,31025,-850,37,4.2
2026-06-10,2026-06-30,1380.0,CE,0,0,0,206.35
2026-06-10,2026-06-30,1380.0,PE,19975,4250,13,5.75
2026-06-10,2026-06-30,1400.0,CE,46325,0,0,151.45
2026-06-10,2026-06-30,1400.0,PE,130475,-4675,67,8.15
2026-06-10,2026-06-30,1420.0,CE,0,0,0,176.65
2026-06-10,2026-06-30,1420.0,PE,18275,0,0,7.55
2026-06-10,2026-06-30,1440.0,CE,51850,-425,7,81.25
2026-06-10,2026-06-30,1440.0,PE,43350,425,44,16.1
2026-06-10,2026-06-30,1460.0,CE,32300,0,0,76.05
2026-06-10,2026-06-30,1460.0,PE,51850,-2975,52,21.45
2026-06-10,2026-06-30,1480.0,CE,13600,0,0,94.85
2026-06-10,2026-06-30,1480.0,PE,61200,850,24,29.4
2026-06-10,2026-06-30,1500.0,CE,110925,13175,132,44.95
2026-06-10,2026-06-30,1500.0,PE,273700,3825,167,36.65
2026-06-10,2026-06-30,1520.0,CE,75225,10625,212,35.5
2026-06-10,2026-06-30,1520.0,PE,79050,24650,205,46.6
2026-06-10,2026-06-30,1540.0,CE,82025,425,364,27.45
2026-06-10,2026-06-30,1540.0,PE,95200,37825,177,58.55
2026-06-10,2026-06-30,1560.0,CE,162775,12750,337,20.8
2026-06-10,2026-06-30,1560.0,PE,74375,-5100,35,72.85
2026-06-10,2026-06-30,1580.0,CE,201025,41650,376,15.35
2026-06-10,2026-06-30,1580.0,PE,133450,-5950,32,87.65
2026-06-10,2026-06-30,1600.0,CE,221000,-45475,827,11.65
2026-06-10,2026-06-30,1600.0,PE,90100,-1275,23,102.6
2026-06-10,2026-06-30,1620.0,CE,94775,5525,164,8.55
2026-06-10,2026-06-30,1620.0,PE,44200,0,0,86.75
2026-06-10,2026-06-30,1640.0,CE,155550,3400,117,6.45
2026-06-10,2026-06-30,1640.0,PE,8925,0,0,74.75
2026-06-10,2026-06-30,1660.0,CE,87975,-850,204,4.85
2026-06-10,2026-06-30,1660.0,PE,8925,0,0,84.4
2026-06-10,2026-06-30,1680.0,CE,179775,4675,108,3.35
2026-06-10,2026-06-30,1680.0,PE,1275,0,0,180.0
2026-06-10,2026-06-30,1700.0,CE,217600,5100,224,2.6
2026-06-10,2026-06-30,1700.0,PE,10200,0,0,178.0
2026-06-10,2026-06-30,1720.0,CE,114325,2550,11,2.55
2026-06-10,2026-06-30,1720.0,PE,425,0,0,178.0
2026-06-10,2026-06-30,1740.0,CE,102850,-5100,70,1.35
2026-06-10,2026-06-30,1740.0,PE,1275,0,0,209.0
2026-06-10,2026-06-30,1760.0,CE,77350,425,18,1.0
2026-06-10,2026-06-30,1760.0,PE,425,0,0,161.15
2026-06-10,2026-06-30,1800.0,CE,163200,-20400,89,0.6
2026-06-10,2026-06-30,1800.0,PE,4250,0,0,268.0
2026-06-10,2026-06-30,1840.0,CE,0,0,0,44.5
2026-06-10,2026-06-30,1840.0,PE,0,0,0,252.55
2026-06-10,2026-07-28,1280.0,CE,0,0,0,302.55
2026-06-10,2026-07-28,1280.0,PE,850,0,0,14.0
2026-06-10,2026-07-28,1320.0,CE,0,0,0,269.6
2026-06-10,2026-07-28,1320.0,PE,5950,5950,14,9.45
2026-06-10,2026-07-28,1360.0,CE,0,0,0,238.45
2026-06-10,2026-07-28,1360.0,PE,0,0,0,30.0
2026-06-10,2026-07-28,1380.0,CE,0,0,0,232.9
2026-06-10,2026-07-28,1380.0,PE,0,0,0,19.95
2026-06-10,2026-07-28,1400.0,CE,0,0,0,209.3
2026-06-10,2026-07-28,1400.0,PE,1275,0,0,28.0
2026-06-10,2026-07-28,1420.0,CE,0,0,0,201.85
2026-06-10,2026-07-28,1420.0,PE,0,0,0,28.45
2026-06-10,2026-07-28,1440.0,CE,0,0,0,182.2
2026-06-10,2026-07-28,1440.0,PE,0,0,0,52.65
2026-06-10,2026-07-28,1460.0,CE,0,0,0,173.05
2026-06-10,2026-07-28,1460.0,PE,0,0,0,39.25
2026-06-10,2026-07-28,1480.0,CE,0,0,0,157.45
2026-06-10,2026-07-28,1480.0,PE,8075,0,10,53.65
2026-06-10,2026-07-28,1500.0,CE,15725,7225,18,64.2
2026-06-10,2026-07-28,1500.0,PE,54825,5950,40,63.6
2026-06-10,2026-07-28,1520.0,CE,0,0,0,135.05
2026-06-10,2026-07-28,1520.0,PE,1275,0,0,46.0
2026-06-10,2026-07-28,1540.0,CE,0,0,0,123.15
2026-06-10,2026-07-28,1540.0,PE,0,0,0,68.6
2026-06-10,2026-07-28,1560.0,CE,0,0,0,114.95
2026-06-10,2026-07-28,1560.0,PE,0,0,0,103.65
2026-06-10,2026-07-28,1580.0,CE,0,0,0,102.25
2026-06-10,2026-07-28,1580.0,PE,0,0,0,87.25
2026-06-10,2026-07-28,1600.0,CE,3825,2975,7,38.5
2026-06-10,2026-07-28,1600.0,PE,3825,0,0,102.5
2026-06-10,2026-07-28,1620.0,CE,425,0,0,31.15
2026-06-10,2026-07-28,1620.0,PE,0,0,0,108.55
2026-06-10,2026-07-28,1640.0,CE,0,0,0,81.4
2026-06-10,2026-07-28,1640.0,PE,0,0,0,148.95
2026-06-10,2026-07-28,1660.0,CE,0,0,0,68.2
2026-06-10,2026-07-28,1660.0,PE,0,0,0,132.35
2026-06-10,2026-07-28,1680.0,CE,0,0,0,67.8
2026-06-10,2026-07-28,1680.0,PE,0,0,0,174.75
2026-06-10,2026-07-28,1700.0,CE,0,0,0,54.8
2026-06-10,2026-07-28,1700.0,PE,850,0,0,187.0
2026-06-10,2026-07-28,1720.0,CE,0,0,0,56.05
2026-06-10,2026-07-28,1720.0,PE,0,0,0,202.45
2026-06-10,2026-07-28,1740.0,CE,0,0,0,43.6
2026-06-10,2026-07-28,1740.0,PE,2550,0,0,220.0
2026-06-10,2026-07-28,1760.0,CE,0,0,0,46.1
2026-06-10,2026-07-28,1760.0,PE,0,0,0,231.95
2026-06-10,2026-07-28,1800.0,CE,9350,9350,140,5.0
2026-06-10,2026-07-28,1800.0,PE,6800,0,0,275.0
2026-06-10,2026-07-28,1840.0,CE,6800,6375,329,0.6
2026-06-10,2026-07-28,1840.0,PE,0,0,0,295.2
2026-06-10,2026-08-25,1280.0,CE,0,0,0,331.0
2026-06-10,2026-08-25,1280.0,PE,0,0,0,13.3
2026-06-10,2026-08-25,1360.0,CE,0,0,0,265.2
2026-06-10,2026-08-25,1360.0,PE,0,0,0,26.3
2026-06-10,2026-08-25,1400.0,CE,0,0,0,234.95
2026-06-10,2026-08-25,1400.0,PE,0,0,0,35.5
2026-06-10,2026-08-25,1440.0,CE,0,0,0,206.65
2026-06-10,2026-08-25,1440.0,PE,0,0,0,46.6
2026-06-10,2026-08-25,1480.0,CE,0,0,0,180.45
2026-06-10,2026-08-25,1480.0,PE,0,0,0,59.75
2026-06-10,2026-08-25,1520.0,CE,0,0,0,156.5
2026-06-10,2026-08-25,1520.0,PE,0,0,0,75.25
2026-06-10,2026-08-25,1560.0,CE,0,0,0,134.75
2026-06-10,2026-08-25,1560.0,PE,0,0,0,92.9
2026-06-10,2026-08-25,1600.0,CE,0,0,0,115.25
2026-06-10,2026-08-25,1600.0,PE,0,0,0,112.8
2026-06-10,2026-08-25,1640.0,CE,0,0,0,97.9
2026-06-10,2026-08-25,1640.0,PE,0,0,0,134.9
2026-06-10,2026-08-25,1680.0,CE,0,0,0,82.6
2026-06-10,2026-08-25,1680.0,PE,0,0,0,159.0
2026-06-10,2026-08-25,1720.0,CE,0,0,0,69.25
2026-06-10,2026-08-25,1720.0,PE,0,0,0,185.05
2026-06-10,2026-08-25,1760.0,CE,0,0,0,57.7
2026-06-10,2026-08-25,1760.0,PE,0,0,0,212.9
2026-06-10,2026-08-25,1840.0,CE,0,0,0,39.4
2026-06-10,2026-08-25,1840.0,PE,0,0,0,273.45
2026-06-11,2026-06-30,1200.0,CE,3825,0,0,333.85
2026-06-11,2026-06-30,1200.0,PE,19975,0,13,0.5
2026-06-11,2026-06-30,1240.0,CE,2550,0,0,300.25
2026-06-11,2026-06-30,1240.0,PE,15300,0,0,0.8
2026-06-11,2026-06-30,1260.0,CE,425,0,0,212.5
2026-06-11,2026-06-30,1280.0,CE,1275,0,0,254.8
2026-06-11,2026-06-30,1280.0,PE,37400,1275,10,1.15
2026-06-11,2026-06-30,1300.0,PE,70975,-2975,11,1.65
2026-06-11,2026-06-30,1320.0,CE,0,0,0,317.85
2026-06-11,2026-06-30,1320.0,PE,32725,-1275,9,2.0
2026-06-11,2026-06-30,1340.0,CE,0,0,0,238.35
2026-06-11,2026-06-30,1340.0,PE,9775,0,1,2.5
2026-06-11,2026-06-30,1360.0,CE,2975,0,0,201.45
2026-06-11,2026-06-30,1360.0,PE,25500,-5525,22,4.25
2026-06-11,2026-06-30,1380.0,CE,0,0,0,206.35
2026-06-11,2026-06-30,1380.0,PE,19125,-850,10,5.65
2026-06-11,2026-06-30,1400.0,CE,46325,0,0,151.45
2026-06-11,2026-06-30,1400.0,PE,133025,2550,64,8.2
2026-06-11,2026-06-30,1420.0,CE,0,0,0,176.65
2026-06-11,2026-06-30,1420.0,PE,18275,0,0,7.55
2026-06-11,2026-06-30,1440.0,CE,51850,0,3,75.0
2026-06-11,2026-06-30,1440.0,PE,53975,10625,101,15.6
2026-06-11,2026-06-30,1460.0,CE,32300,0,2,67.3
2026-06-11,2026-06-30,1460.0,PE,64600,12750,142,22.45
2026-06-11,2026-06-30,1480.0,CE,26350,12750,89,45.9
2026-06-11,2026-06-30,1480.0,PE,69275,8075,52,29.95
2026-06-11,2026-06-30,1500.0,CE,145350,34425,324,35.35
2026-06-11,2026-06-30,1500.0,PE,286450,12750,246,38.95
2026-06-11,2026-06-30,1520.0,CE,76500,1275,97,26.9
2026-06-11,2026-06-30,1520.0,PE,79475,425,6,50.15
2026-06-11,2026-06-30,1540.0,CE,91375,9350,260,20.05
2026-06-11,2026-06-30,1540.0,PE,94775,-425,3,59.75
2026-06-11,2026-06-30,1560.0,CE,156825,-5950,181,14.3
2026-06-11,2026-06-30,1560.0,PE,69275,-5100,27,76.75
2026-06-11,2026-06-30,1580.0,CE,124950,-76075,339,9.55
2026-06-11,2026-06-30,1580.0,PE,131750,-1700,6,90.0
2026-06-11,2026-06-30,1600.0,CE,243950,22950,453,7.2
2026-06-11,2026-06-30,1600.0,PE,89250,-850,6,105.75
2026-06-11,2026-06-30,1620.0,CE,120275,25500,215,5.1
2026-06-11,2026-06-30,1620.0,PE,44200,0,0,86.75
2026-06-11,2026-06-30,1640.0,CE,146200,-9350,80,3.55
2026-06-11,2026-06-30,1640.0,PE,8925,0,0,74.75
2026-06-11,2026-06-30,1660.0,CE,79475,-8500,76,2.5
2026-06-11,2026-06-30,1660.0,PE,8925,0,0,84.4
2026-06-11,2026-06-30,1680.0,CE,174675,-5100,47,1.7
2026-06-11,2026-06-30,1680.0,PE,1275,0,0,180.0
2026-06-11,2026-06-30,1700.0,CE,184025,-33575,313,1.15
2026-06-11,2026-06-30,1700.0,PE,10200,0,0,178.0
2026-06-11,2026-06-30,1720.0,CE,107525,-6800,30,1.0
2026-06-11,2026-06-30,1720.0,PE,425,0,0,178.0
2026-06-11,2026-06-30,1740.0,CE,99450,-3400,30,0.65
2026-06-11,2026-06-30,1740.0,PE,1275,0,0,209.0
2026-06-11,2026-06-30,1760.0,CE,74375,-2975,8,0.45
2026-06-11,2026-06-30,1760.0,PE,425,0,0,161.15
2026-06-11,2026-06-30,1800.0,CE,151725,-11475,418,0.3
2026-06-11,2026-06-30,1800.0,PE,4250,0,0,268.0
2026-06-11,2026-06-30,1840.0,CE,0,0,0,44.5
2026-06-11,2026-06-30,1840.0,PE,0,0,0,252.55
2026-06-11,2026-07-28,1280.0,CE,0,0,0,302.55
2026-06-11,2026-07-28,1280.0,PE,850,0,0,14.0
2026-06-11,2026-07-28,1320.0,CE,0,0,0,269.6
2026-06-11,2026-07-28,1320.0,PE,7225,1275,9,11.2
2026-06-11,2026-07-28,1340.0,CE,0,0,0,266.0
2026-06-11,2026-07-28,1340.0,PE,0,0,0,13.45
2026-06-11,2026-07-28,1360.0,CE,0,0,0,238.45
2026-06-11,2026-07-28,1360.0,PE,0,0,0,30.0
2026-06-11,2026-07-28,1380.0,CE,0,0,0,232.9
2026-06-11,2026-07-28,1380.0,PE,0,0,0,19.95
2026-06-11,2026-07-28,1400.0,CE,0,0,0,209.3
2026-06-11,2026-07-28,1400.0,PE,1275,0,0,28.0
2026-06-11,2026-07-28,1420.0,CE,850,850,2,105.8
2026-06-11,2026-07-28,1420.0,PE,0,0,0,28.45
2026-06-11,2026-07-28,1440.0,CE,425,425,1,93.5
2026-06-11,2026-07-28,1440.0,PE,0,0,0,52.65
2026-06-11,2026-07-28,1460.0,CE,0,0,0,173.05
2026-06-11,2026-07-28,1460.0,PE,0,0,0,39.25
2026-06-11,2026-07-28,1480.0,CE,0,0,0,157.45
2026-06-11,2026-07-28,1480.0,PE,10625,2550,6,55.75
2026-06-11,2026-07-28,1500.0,CE,19550,3825,12,56.05
2026-06-11,2026-07-28,1500.0,PE,54825,0,0,63.6
2026-06-11,2026-07-28,1520.0,CE,0,0,0,135.05
2026-06-11,2026-07-28,1520.0,PE,1275,0,0,46.0
2026-06-11,2026-07-28,1540.0,CE,0,0,0,123.15
2026-06-11,2026-07-28,1540.0,PE,0,0,0,68.6
2026-06-11,2026-07-28,1560.0,CE,0,0,0,114.95
2026-06-11,2026-07-28,1560.0,PE,0,0,0,103.65
2026-06-11,2026-07-28,1580.0,CE,0,0,0,102.25
2026-06-11,2026-07-28,1580.0,PE,0,0,0,87.25
2026-06-11,2026-07-28,1600.0,CE,3825,0,1,28.0
2026-06-11,2026-07-28,1600.0,PE,3825,0,0,102.5
2026-06-11,2026-07-28,1620.0,CE,425,0,0,31.15
2026-06-11,2026-07-28,1620.0,PE,0,0,0,108.55
2026-06-11,2026-07-28,1640.0,CE,0,0,0,81.4
2026-06-11,2026-07-28,1640.0,PE,0,0,0,148.95
2026-06-11,2026-07-28,1660.0,CE,0,0,0,68.2
2026-06-11,2026-07-28,1660.0,PE,0,0,0,132.35
2026-06-11,2026-07-28,1680.0,CE,0,0,0,67.8
2026-06-11,2026-07-28,1680.0,PE,0,0,0,174.75
2026-06-11,2026-07-28,1700.0,CE,9775,9775,32,10.0
2026-06-11,2026-07-28,1700.0,PE,850,0,0,187.0
2026-06-11,2026-07-28,1720.0,CE,0,0,0,56.05
2026-06-11,2026-07-28,1720.0,PE,0,0,0,202.45
2026-06-11,2026-07-28,1740.0,CE,0,0,0,43.6
2026-06-11,2026-07-28,1740.0,PE,2550,0,0,220.0
2026-06-11,2026-07-28,1760.0,CE,0,0,0,46.1
2026-06-11,2026-07-28,1760.0,PE,0,0,0,231.95
2026-06-11,2026-07-28,1800.0,CE,5950,-3400,33,3.2
2026-06-11,2026-07-28,1800.0,PE,6800,0,0,275.0
2026-06-11,2026-07-28,1840.0,CE,7650,850,4,3.4
2026-06-11,2026-07-28,1840.0,PE,0,0,0,295.2
2026-06-11,2026-08-25,1280.0,CE,0,0,0,331.0
2026-06-11,2026-08-25,1280.0,PE,0,0,0,13.3
2026-06-11,2026-08-25,1360.0,CE,0,0,0,265.2
2026-06-11,2026-08-25,1360.0,PE,0,0,0,26.3
2026-06-11,2026-08-25,1400.0,CE,0,0,0,234.95
2026-06-11,2026-08-25,1400.0,PE,0,0,0,35.5
2026-06-11,2026-08-25,1440.0,CE,0,0,0,206.65
2026-06-11,2026-08-25,1440.0,PE,0,0,0,46.6
2026-06-11,2026-08-25,1480.0,CE,0,0,0,180.45
2026-06-11,2026-08-25,1480.0,PE,0,0,0,59.75
2026-06-11,2026-08-25,1520.0,CE,0,0,0,156.5
2026-06-11,2026-08-25,1520.0,PE,0,0,0,75.25
2026-06-11,2026-08-25,1560.0,CE,0,0,0,134.75
2026-06-11,2026-08-25,1560.0,PE,0,0,0,92.9
2026-06-11,2026-08-25,1600.0,CE,0,0,0,115.25
2026-06-11,2026-08-25,1600.0,PE,0,0,0,112.8
2026-06-11,2026-08-25,1640.0,CE,0,0,0,97.9
2026-06-11,2026-08-25,1640.0,PE,0,0,0,134.9
2026-06-11,2026-08-25,1680.0,CE,0,0,0,82.6
2026-06-11,2026-08-25,1680.0,PE,0,0,0,159.0
2026-06-11,2026-08-25,1720.0,CE,0,0,0,69.25
2026-06-11,2026-08-25,1720.0,PE,0,0,0,185.05
2026-06-11,2026-08-25,1760.0,CE,0,0,0,57.7
2026-06-11,2026-08-25,1760.0,PE,0,0,0,212.9
2026-06-11,2026-08-25,1840.0,CE,0,0,0,39.4
2026-06-11,2026-08-25,1840.0,PE,0,0,0,273.45
2026-06-12,2026-06-30,1200.0,CE,3825,0,0,333.85
2026-06-12,2026-06-30,1200.0,PE,28050,8075,1644,0.5
2026-06-12,2026-06-30,1240.0,CE,2550,0,0,300.25
2026-06-12,2026-06-30,1240.0,PE,8925,-6375,73,0.65
2026-06-12,2026-06-30,1260.0,CE,425,0,0,212.5
2026-06-12,2026-06-30,1280.0,CE,1275,0,0,254.8
2026-06-12,2026-06-30,1280.0,PE,37400,0,20,1.6
2026-06-12,2026-06-30,1300.0,PE,66725,-4250,22,1.5
2026-06-12,2026-06-30,1320.0,CE,0,0,0,317.85
2026-06-12,2026-06-30,1320.0,PE,31450,-1275,22,1.5
2026-06-12,2026-06-30,1340.0,CE,0,0,0,238.35
2026-06-12,2026-06-30,1340.0,PE,9350,-425,1,2.45
2026-06-12,2026-06-30,1360.0,CE,2975,0,0,201.45
2026-06-12,2026-06-30,1360.0,PE,26350,850,12,2.7
2026-06-12,2026-06-30,1380.0,CE,0,0,0,206.35
2026-06-12,2026-06-30,1380.0,PE,19125,0,7,3.05
2026-06-12,2026-06-30,1400.0,CE,46325,0,0,151.45
2026-06-12,2026-06-30,1400.0,PE,123675,-9350,81,5.05
2026-06-12,2026-06-30,1420.0,CE,0,0,0,176.65
2026-06-12,2026-06-30,1420.0,PE,19550,1275,45,7.35
2026-06-12,2026-06-30,1440.0,CE,51425,-425,6,84.9
2026-06-12,2026-06-30,1440.0,PE,56100,2125,80,10.05
2026-06-12,2026-06-30,1460.0,CE,32300,0,1,67.3
2026-06-12,2026-06-30,1460.0,PE,62475,-2125,94,14.6
2026-06-12,2026-06-30,1480.0,CE,24225,-2125,52,56.2
2026-06-12,2026-06-30,1480.0,PE,70975,1700,73,20.45
2026-06-12,2026-06-30,1500.0,CE,147050,1700,780,44.0
2026-06-12,2026-06-30,1500.0,PE,284325,-2125,536,26.75
2026-06-12,2026-06-30,1520.0,CE,70975,-5525,720,33.6
2026-06-12,2026-06-30,1520.0,PE,75650,-3825,149,36.9
2026-06-12,2026-06-30,1540.0,CE,103700,12325,874,25.0
2026-06-12,2026-06-30,1540.0,PE,97325,2550,60,46.05
2026-06-12,2026-06-30,1560.0,CE,159375,2550,299,17.45
2026-06-12,2026-06-30,1560.0,PE,70125,850,5,60.55
2026-06-12,2026-06-30,1580.0,CE,123250,-1700,220,12.3
2026-06-12,2026-06-30,1580.0,PE,131750,0,3,79.6
2026-06-12,2026-06-30,1600.0,CE,252025,8075,790,8.4
2026-06-12,2026-06-30,1600.0,PE,89250,0,12,98.6
2026-06-12,2026-06-30,1620.0,CE,124950,4675,286,5.55
2026-06-12,2026-06-30,1620.0,PE,44200,0,0,86.75
2026-06-12,2026-06-30,1640.0,CE,137700,-8500,247,3.95
2026-06-12,2026-06-30,1640.0,PE,8925,0,0,74.75
2026-06-12,2026-06-30,1660.0,CE,83725,4250,101,2.5
2026-06-12,2026-06-30,1660.0,PE,8925,0,0,84.4
2026-06-12,2026-06-30,1680.0,CE,175525,850,12,1.7
2026-06-12,2026-06-30,1680.0,PE,1275,0,0,180.0
2026-06-12,2026-06-30,1700.0,CE,178500,-5525,307,1.2
2026-06-12,2026-06-30,1700.0,PE,10200,0,0,178.0
2026-06-12,2026-06-30,1720.0,CE,107100,-425,40,0.85
2026-06-12,2026-06-30,1720.0,PE,425,0,0,178.0
2026-06-12,2026-06-30,1740.0,CE,99875,425,74,0.65
2026-06-12,2026-06-30,1740.0,PE,1275,0,0,209.0
2026-06-12,2026-06-30,1760.0,CE,73525,-850,41,0.35
2026-06-12,2026-06-30,1760.0,PE,1700,1275,6,243.05
2026-06-12,2026-06-30,1800.0,CE,157250,5525,341,0.3
2026-06-12,2026-06-30,1800.0,PE,4250,0,0,268.0
2026-06-12,2026-06-30,1840.0,CE,0,0,0,44.5
2026-06-12,2026-06-30,1840.0,PE,0,0,0,252.55
2026-06-12,2026-07-28,1240.0,CE,0,0,0,337.05
2026-06-12,2026-07-28,1240.0,PE,0,0,0,10.35
2026-06-12,2026-07-28,1280.0,CE,0,0,0,302.55
2026-06-12,2026-07-28,1280.0,PE,850,0,0,14.0
2026-06-12,2026-07-28,1320.0,CE,0,0,0,269.6
2026-06-12,2026-07-28,1320.0,PE,9775,2550,8,8.8
2026-06-12,2026-07-28,1340.0,CE,0,0,0,266.0
2026-06-12,2026-07-28,1340.0,PE,0,0,0,13.45
2026-06-12,2026-07-28,1360.0,CE,0,0,0,238.45
2026-06-12,2026-07-28,1360.0,PE,0,0,0,30.0
2026-06-12,2026-07-28,1380.0,CE,0,0,0,232.9
2026-06-12,2026-07-28,1380.0,PE,0,0,0,19.95
2026-06-12,2026-07-28,1400.0,CE,0,0,0,209.3
2026-06-12,2026-07-28,1400.0,PE,2975,1700,4,25.0
2026-06-12,2026-07-28,1420.0,CE,850,0,0,105.8
2026-06-12,2026-07-28,1420.0,PE,0,0,0,28.45
2026-06-12,2026-07-28,1440.0,CE,425,0,0,93.5
2026-06-12,2026-07-28,1440.0,PE,0,0,0,52.65
2026-06-12,2026-07-28,1460.0,CE,0,0,0,173.05
2026-06-12,2026-07-28,1460.0,PE,0,0,0,39.25
2026-06-12,2026-07-28,1480.0,CE,0,0,0,157.45
2026-06-12,2026-07-28,1480.0,PE,10625,0,0,55.75
2026-06-12,2026-07-28,1500.0,CE,21250,1700,8,63.4
2026-06-12,2026-07-28,1500.0,PE,55675,850,3,55.5
2026-06-12,2026-07-28,1520.0,CE,0,0,0,135.05
2026-06-12,2026-07-28,1520.0,PE,1275,0,0,46.0
2026-06-12,2026-07-28,1540.0,CE,850,850,2,48.0
2026-06-12,2026-07-28,1540.0,PE,0,0,0,68.6
2026-06-12,2026-07-28,1560.0,CE,0,0,0,114.95
2026-06-12,2026-07-28,1560.0,PE,0,0,0,103.65
2026-06-12,2026-07-28,1580.0,CE,0,0,0,102.25
2026-06-12,2026-07-28,1580.0,PE,0,0,0,87.25
2026-06-12,2026-07-28,1600.0,CE,5950,2125,7,26.0
2026-06-12,2026-07-28,1600.0,PE,3825,0,0,102.5
2026-06-12,2026-07-28,1620.0,CE,425,0,0,31.15
2026-06-12,2026-07-28,1620.0,PE,0,0,0,108.55
2026-06-12,2026-07-28,1640.0,CE,0,0,0,81.4
2026-06-12,2026-07-28,1640.0,PE,0,0,0,148.95
2026-06-12,2026-07-28,1660.0,CE,0,0,0,68.2
2026-06-12,2026-07-28,1660.0,PE,0,0,0,132.35
2026-06-12,2026-07-28,1680.0,CE,0,0,0,67.8
2026-06-12,2026-07-28,1680.0,PE,0,0,0,174.75
2026-06-12,2026-07-28,1700.0,CE,9775,0,10,10.0
2026-06-12,2026-07-28,1700.0,PE,850,0,0,187.0
2026-06-12,2026-07-28,1720.0,CE,0,0,0,56.05
2026-06-12,2026-07-28,1720.0,PE,0,0,0,202.45
2026-06-12,2026-07-28,1740.0,CE,0,0,0,43.6
2026-06-12,2026-07-28,1740.0,PE,2550,0,0,220.0
2026-06-12,2026-07-28,1760.0,CE,0,0,0,46.1
2026-06-12,2026-07-28,1760.0,PE,0,0,0,231.95
2026-06-12,2026-07-28,1800.0,CE,5950,0,13,3.0
2026-06-12,2026-07-28,1800.0,PE,6800,0,0,275.0
2026-06-12,2026-07-28,1840.0,CE,7650,0,0,3.4
2026-06-12,2026-07-28,1840.0,PE,0,0,0,295.2
2026-06-12,2026-08-25,1280.0,CE,0,0,0,331.0
2026-06-12,2026-08-25,1280.0,PE,0,0,0,13.3
2026-06-12,2026-08-25,1320.0,CE,0,0,0,297.3
2026-06-12,2026-08-25,1320.0,PE,0,0,0,19.0
2026-06-12,2026-08-25,1360.0,CE,0,0,0,265.2
2026-06-12,2026-08-25,1360.0,PE,0,0,0,26.3
2026-06-12,2026-08-25,1400.0,CE,0,0,0,234.95
2026-06-12,2026-08-25,1400.0,PE,0,0,0,35.5
2026-06-12,2026-08-25,1440.0,CE,0,0,0,206.65
2026-06-12,2026-08-25,1440.0,PE,0,0,0,46.6
2026-06-12,2026-08-25,1480.0,CE,0,0,0,180.45
2026-06-12,2026-08-25,1480.0,PE,0,0,0,59.75
2026-06-12,2026-08-25,1520.0,CE,0,0,0,156.5
2026-06-12,2026-08-25,1520.0,PE,0,0,0,75.25
2026-06-12,2026-08-25,1560.0,CE,0,0,0,134.75
2026-06-12,2026-08-25,1560.0,PE,0,0,0,92.9
2026-06-12,2026-08-25,1600.0,CE,0,0,0,115.25
2026-06-12,2026-08-25,1600.0,PE,0,0,0,112.8
2026-06-12,2026-08-25,1640.0,CE,0,0,0,97.9
2026-06-12,2026-08-25,1640.0,PE,0,0,0,134.9
2026-06-12,2026-08-25,1680.0,CE,0,0,0,82.6
2026-06-12,2026-08-25,1680.0,PE,0,0,0,159.0
2026-06-12,2026-08-25,1720.0,CE,0,0,0,69.25
2026-06-12,2026-08-25,1720.0,PE,0,0,0,185.05
2026-06-12,2026-08-25,1760.0,CE,0,0,0,57.7
2026-06-12,2026-08-25,1760.0,PE,0,0,0,212.9
2026-06-12,2026-08-25,1840.0,CE,0,0,0,39.4
2026-06-12,2026-08-25,1840.0,PE,0,0,0,273.45
2026-06-15,2026-06-30,1200.0,CE,3825,0,0,333.85
2026-06-15,2026-06-30,1200.0,PE,19975,-8075,2094,0.5
2026-06-15,2026-06-30,1240.0,CE,2550,0,0,300.25
2026-06-15,2026-06-30,1240.0,PE,8925,0,37,0.65
2026-06-15,2026-06-30,1260.0,CE,425,0,0,212.5
2026-06-15,2026-06-30,1280.0,CE,1275,0,0,254.8
2026-06-15,2026-06-30,1280.0,PE,34000,-3400,188,0.85
2026-06-15,2026-06-30,1300.0,PE,59925,-6800,446,0.8
2026-06-15,2026-06-30,1320.0,CE,0,0,0,317.85
2026-06-15,2026-06-30,1320.0,PE,26775,-4675,64,0.7
2026-06-15,2026-06-30,1340.0,CE,0,0,0,238.35
2026-06-15,2026-06-30,1340.0,PE,8925,-425,10,1.4
2026-06-15,2026-06-30,1360.0,CE,2975,0,0,201.45
2026-06-15,2026-06-30,1360.0,PE,18700,-7650,93,1.25
2026-06-15,2026-06-30,1380.0,CE,0,0,0,206.35
2026-06-15,2026-06-30,1380.0,PE,18275,-850,3,1.8
2026-06-15,2026-06-30,1400.0,CE,46325,0,1,132.0
2026-06-15,2026-06-30,1400.0,PE,110500,-13175,92,2.3
2026-06-15,2026-06-30,1420.0,CE,0,0,0,176.65
2026-06-15,2026-06-30,1420.0,PE,21675,2125,46,3.3
2026-06-15,2026-06-30,1440.0,CE,51425,0,0,84.9
2026-06-15,2026-06-30,1440.0,PE,56525,425,114,4.75
2026-06-15,2026-06-30,1460.0,CE,32300,0,0,67.3
2026-06-15,2026-06-30,1460.0,PE,57375,-5100,118,6.8
2026-06-15,2026-06-30,1480.0,CE,24650,425,23,80.85
2026-06-15,2026-06-30,1480.0,PE,57375,-13600,140,9.3
2026-06-15,2026-06-30,1500.0,CE,127500,-19550,379,66.05
2026-06-15,2026-06-30,1500.0,PE,250750,-33575,372,14.1
2026-06-15,2026-06-30,1520.0,CE,50150,-20825,488,51.8
2026-06-15,2026-06-30,1520.0,PE,65875,-9775,113,20.25
2026-06-15,2026-06-30,1540.0,CE,97750,-5950,1695,40.3
2026-06-15,2026-06-30,1540.0,PE,74375,-22950,388,27.85
2026-06-15,2026-06-30,1560.0,CE,150450,-8925,585,30.25
2026-06-15,2026-06-30,1560.0,PE,61625,-8500,133,36.9
2026-06-15,2026-06-30,1580.0,CE,131325,8075,316,21.8
2026-06-15,2026-06-30,1580.0,PE,131750,0,0,79.6
2026-06-15,2026-06-30,1600.0,CE,315775,63750,1887,15.45
2026-06-15,2026-06-30,1600.0,PE,90525,1275,19,63.1
2026-06-15,2026-06-30,1620.0,CE,122825,-2125,229,10.6
2026-06-15,2026-06-30,1620.0,PE,44200,0,0,86.75
2026-06-15,2026-06-30,1640.0,CE,149600,11900,189,7.1
2026-06-15,2026-06-30,1640.0,PE,8925,0,0,74.75
2026-06-15,2026-06-30,1660.0,CE,86700,2975,119,5.05
2026-06-15,2026-06-30,1660.0,PE,8925,0,0,84.4
2026-06-15,2026-06-30,1680.0,CE,175100,-425,64,3.2
2026-06-15,2026-06-30,1680.0,PE,1275,0,0,180.0
2026-06-15,2026-06-30,1700.0,CE,170000,-8500,253,2.05
2026-06-15,2026-06-30,1700.0,PE,10200,0,0,178.0
2026-06-15,2026-06-30,1720.0,CE,107100,0,0,0.85
2026-06-15,2026-06-30,1720.0,PE,425,0,0,178.0
2026-06-15,2026-06-30,1740.0,CE,98175,-1700,143,0.95
2026-06-15,2026-06-30,1740.0,PE,1275,0,0,209.0
2026-06-15,2026-06-30,1760.0,CE,70975,-2550,36,0.55
2026-06-15,2026-06-30,1760.0,PE,1700,0,0,243.05
2026-06-15,2026-06-30,1800.0,CE,121125,-36125,140,0.3
2026-06-15,2026-06-30,1800.0,PE,4250,0,0,268.0
2026-06-15,2026-06-30,1840.0,CE,0,0,0,44.5
2026-06-15,2026-06-30,1840.0,PE,0,0,0,252.55
2026-06-15,2026-07-28,1240.0,CE,0,0,0,337.05
2026-06-15,2026-07-28,1240.0,PE,0,0,0,10.35
2026-06-15,2026-07-28,1280.0,CE,0,0,0,302.55
2026-06-15,2026-07-28,1280.0,PE,850,0,0,14.0
2026-06-15,2026-07-28,1320.0,CE,0,0,0,269.6
2026-06-15,2026-07-28,1320.0,PE,10625,850,3,6.6
2026-06-15,2026-07-28,1340.0,CE,0,0,0,266.0
2026-06-15,2026-07-28,1340.0,PE,0,0,0,13.45
2026-06-15,2026-07-28,1360.0,CE,0,0,0,238.45
2026-06-15,2026-07-28,1360.0,PE,0,0,0,30.0
2026-06-15,2026-07-28,1380.0,CE,0,0,0,232.9
2026-06-15,2026-07-28,1380.0,PE,0,0,0,19.95
2026-06-15,2026-07-28,1400.0,CE,0,0,0,209.3
2026-06-15,2026-07-28,1400.0,PE,5100,2125,7,13.35
2026-06-15,2026-07-28,1420.0,CE,850,0,0,105.8
2026-06-15,2026-07-28,1420.0,PE,0,0,0,28.45
2026-06-15,2026-07-28,1440.0,CE,425,0,0,93.5
2026-06-15,2026-07-28,1440.0,PE,850,850,2,21.75
2026-06-15,2026-07-28,1460.0,CE,0,0,0,173.05
2026-06-15,2026-07-28,1460.0,PE,0,0,0,39.25
2026-06-15,2026-07-28,1480.0,CE,0,0,0,157.45
2026-06-15,2026-07-28,1480.0,PE,10625,0,1,36.0
2026-06-15,2026-07-28,1500.0,CE,20400,-850,8,83.4
2026-06-15,2026-07-28,1500.0,PE,52275,-3400,26,36.9
2026-06-15,2026-07-28,1520.0,CE,0,0,0,135.05
2026-06-15,2026-07-28,1520.0,PE,1275,0,0,46.0
2026-06-15,2026-07-28,1540.0,CE,1275,425,1,54.0
2026-06-15,2026-07-28,1540.0,PE,0,0,0,68.6
2026-06-15,2026-07-28,1560.0,CE,0,0,0,114.95
2026-06-15,2026-07-28,1560.0,PE,0,0,0,103.65
2026-06-15,2026-07-28,1580.0,CE,0,0,0,102.25
2026-06-15,2026-07-28,1580.0,PE,0,0,0,87.25
2026-06-15,2026-07-28,1600.0,CE,17850,11900,60,38.5
2026-06-15,2026-07-28,1600.0,PE,4675,850,2,90.0
2026-06-15,2026-07-28,1620.0,CE,425,0,0,31.15
2026-06-15,2026-07-28,1620.0,PE,0,0,0,108.55
2026-06-15,2026-07-28,1640.0,CE,0,0,0,81.4
2026-06-15,2026-07-28,1640.0,PE,0,0,0,148.95
2026-06-15,2026-07-28,1660.0,CE,2550,2550,6,17.9
2026-06-15,2026-07-28,1660.0,PE,0,0,0,132.35
2026-06-15,2026-07-28,1680.0,CE,425,425,1,13.0
2026-06-15,2026-07-28,1680.0,PE,0,0,0,174.75
2026-06-15,2026-07-28,1700.0,CE,19125,9350,31,14.4
2026-06-15,2026-07-28,1700.0,PE,850,0,0,187.0
2026-06-15,2026-07-28,1720.0,CE,4675,4675,11,12.0
2026-06-15,2026-07-28,1720.0,PE,0,0,0,202.45
2026-06-15,2026-07-28,1740.0,CE,2125,2125,5,8.0
2026-06-15,2026-07-28,1740.0,PE,2550,0,0,220.0
2026-06-15,2026-07-28,1760.0,CE,3400,3400,10,8.0
2026-06-15,2026-07-28,1760.0,PE,0,0,0,231.95
2026-06-15,2026-07-28,1800.0,CE,14450,8500,27,4.3
2026-06-15,2026-07-28,1800.0,PE,6800,0,0,275.0
2026-06-15,2026-07-28,1840.0,CE,6800,-850,4,3.0
2026-06-15,2026-07-28,1840.0,PE,0,0,0,295.2
2026-06-15,2026-08-25,1280.0,CE,0,0,0,331.0
2026-06-15,2026-08-25,1280.0,PE,0,0,0,13.3
2026-06-15,2026-08-25,1320.0,CE,0,0,0,297.3
2026-06-15,2026-08-25,1320.0,PE,0,0,0,19.0
2026-06-15,2026-08-25,1360.0,CE,0,0,0,265.2
2026-06-15,2026-08-25,1360.0,PE,0,0,0,26.3
2026-06-15,2026-08-25,1400.0,CE,0,0,0,234.95
2026-06-15,2026-08-25,1400.0,PE,0,0,0,35.5
2026-06-15,2026-08-25,1440.0,CE,0,0,0,206.65
2026-06-15,2026-08-25,1440.0,PE,0,0,0,46.6
2026-06-15,2026-08-25,1480.0,CE,0,0,0,180.45
2026-06-15,2026-08-25,1480.0,PE,0,0,0,59.75
2026-06-15,2026-08-25,1520.0,CE,0,0,0,156.5
2026-06-15,2026-08-25,1520.0,PE,0,0,0,75.25
2026-06-15,2026-08-25,1560.0,CE,0,0,0,134.75
2026-06-15,2026-08-25,1560.0,PE,0,0,0,92.9
2026-06-15,2026-08-25,1600.0,CE,0,0,0,115.25
2026-06-15,2026-08-25,1600.0,PE,0,0,0,112.8
2026-06-15,2026-08-25,1640.0,CE,0,0,0,97.9
2026-06-15,2026-08-25,1640.0,PE,0,0,0,134.9
2026-06-15,2026-08-25,1680.0,CE,0,0,0,82.6
2026-06-15,2026-08-25,1680.0,PE,0,0,0,159.0
2026-06-15,2026-08-25,1720.0,CE,0,0,0,69.25
2026-06-15,2026-08-25,1720.0,PE,0,0,0,185.05
2026-06-15,2026-08-25,1760.0,CE,0,0,0,57.7
2026-06-15,2026-08-25,1760.0,PE,0,0,0,212.9
2026-06-15,2026-08-25,1840.0,CE,0,0,0,39.4
2026-06-15,2026-08-25,1840.0,PE,0,0,0,273.45
2026-06-16,2026-06-30,1200.0,CE,3825,0,0,333.85
2026-06-16,2026-06-30,1200.0,PE,21675,1700,2337,0.65
2026-06-16,2026-06-30,1240.0,CE,2550,0,0,300.25
2026-06-16,2026-06-30,1240.0,PE,8925,0,0,0.65
2026-06-16,2026-06-30,1260.0,CE,425,0,0,212.5
2026-06-16,2026-06-30,1280.0,CE,1275,0,0,254.8
2026-06-16,2026-06-30,1280.0,PE,32300,-1700,18,0.9
2026-06-16,2026-06-30,1300.0,PE,57375,-2550,75,0.7
2026-06-16,2026-06-30,1320.0,CE,0,0,0,317.85
2026-06-16,2026-06-30,1320.0,PE,26775,0,0,0.7
2026-06-16,2026-06-30,1340.0,CE,0,0,0,238.35
2026-06-16,2026-06-30,1340.0,PE,8925,0,0,1.4
2026-06-16,2026-06-30,1360.0,CE,2975,0,0,201.45
2026-06-16,2026-06-30,1360.0,PE,24650,5950,2844,1.15
2026-06-16,2026-06-30,1380.0,CE,0,0,0,206.35
2026-06-16,2026-06-30,1380.0,PE,17850,-425,1,1.5
2026-06-16,2026-06-30,1400.0,CE,46325,0,1,166.0
2026-06-16,2026-06-30,1400.0,PE,90525,-19975,106,1.5
2026-06-16,2026-06-30,1420.0,CE,0,0,0,176.65
2026-06-16,2026-06-30,1420.0,PE,17850,-3825,21,1.9
2026-06-16,2026-06-30,1440.0,CE,50150,-1275,4,124.85
2026-06-16,2026-06-30,1440.0,PE,49725,-6800,78,2.75
2026-06-16,2026-06-30,1460.0,CE,30175,-2125,9,105.75
2026-06-16,2026-06-30,1460.0,PE,51850,-5525,176,4.1
2026-06-16,2026-06-30,1480.0,CE,24650,0,0,80.85
2026-06-16,2026-06-30,1480.0,PE,50575,-6800,113,5.9
2026-06-16,2026-06-30,1500.0,CE,118150,-9350,141,79.8
2026-06-16,2026-06-30,1500.0,PE,294525,43775,710,8.8
2026-06-16,2026-06-30,1520.0,CE,49300,-850,66,59.2
2026-06-16,2026-06-30,1520.0,PE,68000,2125,177,13.2
2026-06-16,2026-06-30,1540.0,CE,82025,-15725,324,45.7
2026-06-16,2026-06-30,1540.0,PE,67150,-7225,268,19.9
2026-06-16,2026-06-30,1560.0,CE,136425,-14025,791,34.1
2026-06-16,2026-06-30,1560.0,PE,67150,5525,354,27.8
2026-06-16,2026-06-30,1580.0,CE,178075,46750,637,25.8
2026-06-16,2026-06-30,1580.0,PE,133875,2125,84,37.45
2026-06-16,2026-06-30,1600.0,CE,356575,40800,1454,17.95
2026-06-16,2026-06-30,1600.0,PE,83300,-7225,57,49.25
2026-06-16,2026-06-30,1620.0,CE,114325,-8500,551,11.95
2026-06-16,2026-06-30,1620.0,PE,44200,0,0,86.75
2026-06-16,2026-06-30,1640.0,CE,184875,35275,544,7.85
2026-06-16,2026-06-30,1640.0,PE,8925,0,0,74.75
2026-06-16,2026-06-30,1660.0,CE,119425,32725,210,4.95
2026-06-16,2026-06-30,1660.0,PE,8925,0,0,84.4
2026-06-16,2026-06-30,1680.0,CE,179775,4675,97,3.05
2026-06-16,2026-06-30,1680.0,PE,1275,0,0,180.0
2026-06-16,2026-06-30,1700.0,CE,177225,7225,247,1.9
2026-06-16,2026-06-30,1700.0,PE,11050,850,4,131.6
2026-06-16,2026-06-30,1720.0,CE,103700,-3400,904,1.3
2026-06-16,2026-06-30,1720.0,PE,425,0,0,178.0
2026-06-16,2026-06-30,1740.0,CE,100725,2550,172,0.8
2026-06-16,2026-06-30,1740.0,PE,1275,0,0,209.0
2026-06-16,2026-06-30,1760.0,CE,70125,-850,21,0.5
2026-06-16,2026-06-30,1760.0,PE,1700,0,0,243.05
2026-06-16,2026-06-30,1800.0,CE,175525,54400,1246,0.25
2026-06-16,2026-06-30,1800.0,PE,4250,0,0,268.0
2026-06-16,2026-06-30,1840.0,CE,0,0,0,44.5
2026-06-16,2026-06-30,1840.0,PE,0,0,0,252.55
2026-06-16,2026-07-28,1240.0,CE,0,0,0,337.05
2026-06-16,2026-07-28,1240.0,PE,0,0,0,10.35
2026-06-16,2026-07-28,1280.0,CE,0,0,0,302.55
2026-06-16,2026-07-28,1280.0,PE,850,0,0,14.0
2026-06-16,2026-07-28,1320.0,CE,0,0,0,269.6
2026-06-16,2026-07-28,1320.0,PE,10625,0,0,6.6
2026-06-16,2026-07-28,1340.0,CE,0,0,0,266.0
2026-06-16,2026-07-28,1340.0,PE,0,0,0,13.45
2026-06-16,2026-07-28,1360.0,CE,0,0,0,238.45
2026-06-16,2026-07-28,1360.0,PE,0,0,0,30.0
2026-06-16,2026-07-28,1380.0,CE,0,0,0,232.9
2026-06-16,2026-07-28,1380.0,PE,425,425,1,8.0
2026-06-16,2026-07-28,1400.0,CE,0,0,0,209.3
2026-06-16,2026-07-28,1400.0,PE,5100,0,0,13.35
2026-06-16,2026-07-28,1420.0,CE,850,0,0,105.8
2026-06-16,2026-07-28,1420.0,PE,0,0,0,28.45
2026-06-16,2026-07-28,1440.0,CE,425,0,0,93.5
2026-06-16,2026-07-28,1440.0,PE,8075,7225,19,15.3
2026-06-16,2026-07-28,1460.0,CE,0,0,0,173.05
2026-06-16,2026-07-28,1460.0,PE,0,0,0,39.25
2026-06-16,2026-07-28,1480.0,CE,0,0,0,157.45
2026-06-16,2026-07-28,1480.0,PE,15300,4675,29,24.05
2026-06-16,2026-07-28,1500.0,CE,20825,425,6,99.9
2026-06-16,2026-07-28,1500.0,PE,55250,2975,12,30.5
2026-06-16,2026-07-28,1520.0,CE,0,0,0,135.05
2026-06-16,2026-07-28,1520.0,PE,1275,0,0,46.0
2026-06-16,2026-07-28,1540.0,CE,1275,0,0,54.0
2026-06-16,2026-07-28,1540.0,PE,0,0,0,68.6
2026-06-16,2026-07-28,1560.0,CE,425,425,1,61.7
2026-06-16,2026-07-28,1560.0,PE,0,0,0,103.65
2026-06-16,2026-07-28,1580.0,CE,0,0,0,102.25
2026-06-16,2026-07-28,1580.0,PE,0,0,0,87.25
2026-06-16,2026-07-28,1600.0,CE,20400,2550,68,42.1
2026-06-16,2026-07-28,1600.0,PE,5100,425,3,74.5
2026-06-16,2026-07-28,1620.0,CE,425,0,0,31.15
2026-06-16,2026-07-28,1620.0,PE,0,0,0,108.55
2026-06-16,2026-07-28,1640.0,CE,0,0,0,81.4
2026-06-16,2026-07-28,1640.0,PE,0,0,0,148.95
2026-06-16,2026-07-28,1660.0,CE,2550,0,0,17.9
2026-06-16,2026-07-28,1660.0,PE,0,0,0,132.35
2026-06-16,2026-07-28,1680.0,CE,425,0,0,13.0
2026-06-16,2026-07-28,1680.0,PE,0,0,0,174.75
2026-06-16,2026-07-28,1700.0,CE,27625,8500,33,15.05
2026-06-16,2026-07-28,1700.0,PE,850,0,0,187.0
2026-06-16,2026-07-28,1720.0,CE,8925,4250,11,13.45
2026-06-16,2026-07-28,1720.0,PE,0,0,0,202.45
2026-06-16,2026-07-28,1740.0,CE,5100,2975,9,10.0
2026-06-16,2026-07-28,1740.0,PE,2550,0,0,220.0
2026-06-16,2026-07-28,1760.0,CE,8075,4675,12,8.5
2026-06-16,2026-07-28,1760.0,PE,0,0,0,231.95
2026-06-16,2026-07-28,1800.0,CE,21675,7225,29,5.0
2026-06-16,2026-07-28,1800.0,PE,6800,0,0,275.0
2026-06-16,2026-07-28,1840.0,CE,6800,0,0,3.0
2026-06-16,2026-07-28,1840.0,PE,0,0,0,295.2
2026-06-16,2026-08-25,1280.0,CE,0,0,0,331.0
2026-06-16,2026-08-25,1280.0,PE,0,0,0,13.3
2026-06-16,2026-08-25,1320.0,CE,0,0,0,297.3
2026-06-16,2026-08-25,1320.0,PE,0,0,0,19.0
2026-06-16,2026-08-25,1360.0,CE,0,0,0,265.2
2026-06-16,2026-08-25,1360.0,PE,0,0,0,26.3
2026-06-16,2026-08-25,1400.0,CE,0,0,0,234.95
2026-06-16,2026-08-25,1400.0,PE,0,0,0,35.5
2026-06-16,2026-08-25,1440.0,CE,0,0,0,206.65
2026-06-16,2026-08-25,1440.0,PE,0,0,0,46.6
2026-06-16,2026-08-25,1480.0,CE,0,0,0,180.45
2026-06-16,2026-08-25,1480.0,PE,0,0,0,59.75
2026-06-16,2026-08-25,1520.0,CE,0,0,0,156.5
2026-06-16,2026-08-25,1520.0,PE,0,0,0,75.25
2026-06-16,2026-08-25,1560.0,CE,0,0,0,134.75
2026-06-16,2026-08-25,1560.0,PE,0,0,0,92.9
2026-06-16,2026-08-25,1600.0,CE,0,0,0,115.25
2026-06-16,2026-08-25,1600.0,PE,0,0,0,112.8
2026-06-16,2026-08-25,1640.0,CE,0,0,0,97.9
2026-06-16,2026-08-25,1640.0,PE,0,0,0,134.9
2026-06-16,2026-08-25,1680.0,CE,0,0,0,82.6
2026-06-16,2026-08-25,1680.0,PE,0,0,0,159.0
2026-06-16,2026-08-25,1720.0,CE,0,0,0,69.25
2026-06-16,2026-08-25,1720.0,PE,0,0,0,185.05
2026-06-16,2026-08-25,1760.0,CE,0,0,0,57.7
2026-06-16,2026-08-25,1760.0,PE,0,0,0,212.9
2026-06-16,2026-08-25,1840.0,CE,0,0,0,39.4
2026-06-16,2026-08-25,1840.0,PE,0,0,0,273.45
2026-06-17,2026-06-30,1200.0,CE,3825,0,0,333.85
2026-06-17,2026-06-30,1200.0,PE,29325,7650,303,0.55
2026-06-17,2026-06-30,1240.0,CE,2550,0,0,300.25
2026-06-17,2026-06-30,1240.0,PE,8925,0,0,0.65
2026-06-17,2026-06-30,1260.0,CE,425,0,0,212.5
2026-06-17,2026-06-30,1280.0,CE,1275,0,0,254.8
2026-06-17,2026-06-30,1280.0,PE,28050,-4250,13,0.95
2026-06-17,2026-06-30,1300.0,PE,57375,0,14,0.4
2026-06-17,2026-06-30,1320.0,CE,0,0,0,317.85
2026-06-17,2026-06-30,1320.0,PE,26350,-425,3,0.75
2026-06-17,2026-06-30,1340.0,CE,0,0,0,238.35
2026-06-17,2026-06-30,1340.0,PE,8500,-425,2,0.65
2026-06-17,2026-06-30,1360.0,CE,2975,0,0,201.45
2026-06-17,2026-06-30,1360.0,PE,19125,-5525,1037,0.85
2026-06-17,2026-06-30,1380.0,CE,0,0,0,206.35
2026-06-17,2026-06-30,1380.0,PE,13600,-4250,526,1.0
2026-06-17,2026-06-30,1400.0,CE,46325,0,0,166.0
2026-06-17,2026-06-30,1400.0,PE,82875,-7650,58,1.35
2026-06-17,2026-06-30,1420.0,CE,0,0,0,176.65
2026-06-17,2026-06-30,1420.0,PE,17850,0,15,1.5
2026-06-17,2026-06-30,1440.0,CE,50150,0,4,119.95
2026-06-17,2026-06-30,1440.0,PE,35275,-14450,78,2.2
2026-06-17,2026-06-30,1460.0,CE,30175,0,0,105.75
2026-06-17,2026-06-30,1460.0,PE,48450,-3400,140,3.4
2026-06-17,2026-06-30,1480.0,CE,24650,0,0,80.85
2026-06-17,2026-06-30,1480.0,PE,45050,-5525,131,4.85
2026-06-17,2026-06-30,1500.0,CE,118150,0,112,81.05
2026-06-17,2026-06-30,1500.0,PE,285600,-8925,542,7.25
2026-06-17,2026-06-30,1520.0,CE,48450,-850,25,66.85
2026-06-17,2026-06-30,1520.0,PE,65025,-2975,302,11.7
2026-06-17,2026-06-30,1540.0,CE,73950,-8075,292,49.95
2026-06-17,2026-06-30,1540.0,PE,60350,-6800,642,17.6
2026-06-17,2026-06-30,1560.0,CE,143225,6800,1029,37.75
2026-06-17,2026-06-30,1560.0,PE,65875,-1275,322,25.3
2026-06-17,2026-06-30,1580.0,CE,184450,6375,1273,28.25
2026-06-17,2026-06-30,1580.0,PE,135150,1275,94,35.7
2026-06-17,2026-06-30,1600.0,CE,351900,-4675,2882,20.05
2026-06-17,2026-06-30,1600.0,PE,85425,2125,11,47.0
2026-06-17,2026-06-30,1620.0,CE,184450,70125,679,14.0
2026-06-17,2026-06-30,1620.0,PE,44625,425,1,61.0
2026-06-17,2026-06-30,1640.0,CE,214625,29750,598,9.45
2026-06-17,2026-06-30,1640.0,PE,8925,0,0,74.75
2026-06-17,2026-06-30,1660.0,CE,117300,-2125,144,6.3
2026-06-17,2026-06-30,1660.0,PE,8925,0,0,84.4
2026-06-17,2026-06-30,1680.0,CE,179775,0,101,4.0
2026-06-17,2026-06-30,1680.0,PE,1275,0,0,180.0
2026-06-17,2026-06-30,1700.0,CE,279225,102000,2894,2.5
2026-06-17,2026-06-30,1700.0,PE,11050,0,0,131.6
2026-06-17,2026-06-30,1720.0,CE,101575,-2125,384,1.55
2026-06-17,2026-06-30,1720.0,PE,425,0,0,178.0
2026-06-17,2026-06-30,1740.0,CE,104550,3825,54,1.15
2026-06-17,2026-06-30,1740.0,PE,1275,0,0,209.0
2026-06-17,2026-06-30,1760.0,CE,70125,0,48,0.6
2026-06-17,2026-06-30,1760.0,PE,2975,1275,3,198.5
2026-06-17,2026-06-30,1800.0,CE,123675,-51850,4613,0.45
2026-06-17,2026-06-30,1800.0,PE,4250,0,0,268.0
2026-06-17,2026-06-30,1840.0,CE,4250,4250,26,0.3
2026-06-17,2026-06-30,1840.0,PE,0,0,0,252.55
2026-06-17,2026-07-28,1240.0,CE,0,0,0,337.05
2026-06-17,2026-07-28,1240.0,PE,0,0,0,10.35
2026-06-17,2026-07-28,1280.0,CE,0,0,0,302.55
2026-06-17,2026-07-28,1280.0,PE,850,0,0,14.0
2026-06-17,2026-07-28,1320.0,CE,0,0,0,269.6
2026-06-17,2026-07-28,1320.0,PE,10625,0,0,6.6
2026-06-17,2026-07-28,1340.0,CE,0,0,0,266.0
2026-06-17,2026-07-28,1340.0,PE,0,0,0,13.45
2026-06-17,2026-07-28,1360.0,CE,0,0,0,238.45
2026-06-17,2026-07-28,1360.0,PE,0,0,0,30.0
2026-06-17,2026-07-28,1380.0,CE,0,0,0,232.9
2026-06-17,2026-07-28,1380.0,PE,425,0,0,8.0
2026-06-17,2026-07-28,1400.0,CE,0,0,0,209.3
2026-06-17,2026-07-28,1400.0,PE,5100,0,0,13.35
2026-06-17,2026-07-28,1420.0,CE,850,0,0,105.8
2026-06-17,2026-07-28,1420.0,PE,0,0,0,28.45
2026-06-17,2026-07-28,1440.0,CE,425,0,0,93.5
2026-06-17,2026-07-28,1440.0,PE,11050,2975,21,15.85
2026-06-17,2026-07-28,1460.0,CE,0,0,0,173.05
2026-06-17,2026-07-28,1460.0,PE,0,0,0,39.25
2026-06-17,2026-07-28,1480.0,CE,0,0,2,112.3
2026-06-17,2026-07-28,1480.0,PE,16150,850,2,27.0
2026-06-17,2026-07-28,1500.0,CE,22525,1700,7,88.05
2026-06-17,2026-07-28,1500.0,PE,55675,425,18,29.2
2026-06-17,2026-07-28,1520.0,CE,0,0,0,135.05
2026-06-17,2026-07-28,1520.0,PE,1275,0,0,46.0
2026-06-17,2026-07-28,1540.0,CE,1275,0,0,54.0
2026-06-17,2026-07-28,1540.0,PE,0,0,0,68.6
2026-06-17,2026-07-28,1560.0,CE,425,0,0,61.7
2026-06-17,2026-07-28,1560.0,PE,0,0,0,103.65
2026-06-17,2026-07-28,1580.0,CE,0,0,0,102.25
2026-06-17,2026-07-28,1580.0,PE,0,0,0,87.25
2026-06-17,2026-07-28,1600.0,CE,23800,3400,34,44.15
2026-06-17,2026-07-28,1600.0,PE,5525,425,6,72.5
2026-06-17,2026-07-28,1620.0,CE,425,0,0,31.15
2026-06-17,2026-07-28,1620.0,PE,0,0,0,108.55
2026-06-17,2026-07-28,1640.0,CE,0,0,0,81.4
2026-06-17,2026-07-28,1640.0,PE,0,0,0,148.95
2026-06-17,2026-07-28,1660.0,CE,3400,850,3,22.5
2026-06-17,2026-07-28,1660.0,PE,0,0,0,132.35
2026-06-17,2026-07-28,1680.0,CE,425,0,0,13.0
2026-06-17,2026-07-28,1680.0,PE,0,0,0,174.75
2026-06-17,2026-07-28,1700.0,CE,42500,14875,97,16.35
2026-06-17,2026-07-28,1700.0,PE,850,0,0,187.0
2026-06-17,2026-07-28,1720.0,CE,17425,8500,28,12.6
2026-06-17,2026-07-28,1720.0,PE,0,0,0,202.45
2026-06-17,2026-07-28,1740.0,CE,13600,8500,25,10.5
2026-06-17,2026-07-28,1740.0,PE,2550,0,0,220.0
2026-06-17,2026-07-28,1760.0,CE,15300,7225,18,8.65
2026-06-17,2026-07-28,1760.0,PE,0,0,0,231.95
2026-06-17,2026-07-28,1800.0,CE,25500,3825,27,5.1
2026-06-17,2026-07-28,1800.0,PE,7225,425,1,258.0
2026-06-17,2026-07-28,1840.0,CE,6800,0,0,3.0
2026-06-17,2026-07-28,1840.0,PE,0,0,0,295.2
2026-06-17,2026-08-25,1280.0,CE,0,0,0,331.0
2026-06-17,2026-08-25,1280.0,PE,0,0,0,13.3
2026-06-17,2026-08-25,1320.0,CE,0,0,0,297.3
2026-06-17,2026-08-25,1320.0,PE,0,0,0,19.0
2026-06-17,2026-08-25,1360.0,CE,0,0,0,265.2
2026-06-17,2026-08-25,1360.0,PE,0,0,0,26.3
2026-06-17,2026-08-25,1400.0,CE,0,0,0,234.95
2026-06-17,2026-08-25,1400.0,PE,0,0,0,35.5
2026-06-17,2026-08-25,1440.0,CE,0,0,0,206.65
2026-06-17,2026-08-25,1440.0,PE,0,0,0,46.6
2026-06-17,2026-08-25,1480.0,CE,0,0,0,180.45
2026-06-17,2026-08-25,1480.0,PE,0,0,0,59.75
2026-06-17,2026-08-25,1520.0,CE,0,0,0,156.5
2026-06-17,2026-08-25,1520.0,PE,0,0,0,75.25
2026-06-17,2026-08-25,1560.0,CE,0,0,0,134.75
2026-06-17,2026-08-25,1560.0,PE,0,0,0,92.9
2026-06-17,2026-08-25,1600.0,CE,0,0,0,115.25
2026-06-17,2026-08-25,1600.0,PE,0,0,0,112.8
2026-06-17,2026-08-25,1640.0,CE,0,0,0,97.9
2026-06-17,2026-08-25,1640.0,PE,0,0,0,134.9
2026-06-17,2026-08-25,1680.0,CE,0,0,0,82.6
2026-06-17,2026-08-25,1680.0,PE,0,0,0,159.0
2026-06-17,2026-08-25,1720.0,CE,0,0,0,69.25
2026-06-17,2026-08-25,1720.0,PE,0,0,0,185.05
2026-06-17,2026-08-25,1760.0,CE,0,0,0,57.7
2026-06-17,2026-08-25,1760.0,PE,0,0,0,212.9
2026-06-17,2026-08-25,1840.0,CE,0,0,0,39.4
2026-06-17,2026-08-25,1840.0,PE,0,0,0,273.45
2026-06-18,2026-06-30,1200.0,CE,3825,0,0,333.85
2026-06-18,2026-06-30,1200.0,PE,30175,850,84,0.45
2026-06-18,2026-06-30,1240.0,CE,2550,0,0,300.25
2026-06-18,2026-06-30,1240.0,PE,8500,-425,2,0.5
2026-06-18,2026-06-30,1260.0,CE,425,0,0,212.5
2026-06-18,2026-06-30,1280.0,CE,1275,0,0,254.8
2026-06-18,2026-06-30,1280.0,PE,22950,-5100,21,0.75
2026-06-18,2026-06-30,1300.0,PE,55675,-1700,113,0.65
2026-06-18,2026-06-30,1320.0,CE,0,0,0,317.85
2026-06-18,2026-06-30,1320.0,PE,24225,-2125,6,0.55
2026-06-18,2026-06-30,1340.0,CE,0,0,0,238.35
2026-06-18,2026-06-30,1340.0,PE,6800,-1700,11,0.95
2026-06-18,2026-06-30,1360.0,CE,2975,0,0,201.45
2026-06-18,2026-06-30,1360.0,PE,17850,-1275,479,0.8
2026-06-18,2026-06-30,1380.0,CE,0,0,0,206.35
2026-06-18,2026-06-30,1380.0,PE,13175,-425,528,1.05
2026-06-18,2026-06-30,1400.0,CE,46325,0,0,166.0
2026-06-18,2026-06-30,1400.0,PE,72675,-10200,33,1.3
2026-06-18,2026-06-30,1420.0,CE,0,0,0,176.65
2026-06-18,2026-06-30,1420.0,PE,17000,-850,2,1.7
2026-06-18,2026-06-30,1440.0,CE,50150,0,0,119.95
2026-06-18,2026-06-30,1440.0,PE,31025,-4250,31,2.2
2026-06-18,2026-06-30,1460.0,CE,30175,0,0,105.75
2026-06-18,2026-06-30,1460.0,PE,51000,2550,9,2.9
2026-06-18,2026-06-30,1480.0,CE,24650,0,0,80.85
2026-06-18,2026-06-30,1480.0,PE,42500,-2550,50,4.55
2026-06-18,2026-06-30,1500.0,CE,114750,-3400,96,76.45
2026-06-18,2026-06-30,1500.0,PE,277100,-8500,169,7.05
2026-06-18,2026-06-30,1520.0,CE,47600,-850,3,62.5
2026-06-18,2026-06-30,1520.0,PE,73950,8925,124,11.15
2026-06-18,2026-06-30,1540.0,CE,59500,-14450,69,45.6
2026-06-18,2026-06-30,1540.0,PE,54825,-5525,150,16.75
2026-06-18,2026-06-30,1560.0,CE,144925,1700,379,33.15
2026-06-18,2026-06-30,1560.0,PE,76075,10200,224,24.65
2026-06-18,2026-06-30,1580.0,CE,176375,-8075,678,23.65
2026-06-18,2026-06-30,1580.0,PE,139400,4250,96,35.5
2026-06-18,2026-06-30,1600.0,CE,401200,49300,1451,16.0
2026-06-18,2026-06-30,1600.0,PE,76500,-8925,58,45.95
2026-06-18,2026-06-30,1620.0,CE,126650,-57800,509,10.15
2026-06-18,2026-06-30,1620.0,PE,44625,0,0,61.0
2026-06-18,2026-06-30,1640.0,CE,197200,-17425,584,6.45
2026-06-18,2026-06-30,1640.0,PE,8925,0,0,74.75
2026-06-18,2026-06-30,1660.0,CE,138975,21675,303,4.05
2026-06-18,2026-06-30,1660.0,PE,8925,0,0,84.4
2026-06-18,2026-06-30,1680.0,CE,179775,0,67,2.5
2026-06-18,2026-06-30,1680.0,PE,1275,0,6,112.7
2026-06-18,2026-06-30,1700.0,CE,195075,-84150,662,1.6
2026-06-18,2026-06-30,1700.0,PE,11050,0,0,131.6
2026-06-18,2026-06-30,1720.0,CE,101575,0,164,1.05
2026-06-18,2026-06-30,1720.0,PE,425,0,0,178.0
2026-06-18,2026-06-30,1740.0,CE,119000,14450,520,0.8
2026-06-18,2026-06-30,1740.0,PE,1275,0,0,209.0
2026-06-18,2026-06-30,1760.0,CE,65450,-4675,58,0.55
2026-06-18,2026-06-30,1760.0,PE,2975,0,3,187.15
2026-06-18,2026-06-30,1800.0,CE,137275,13600,1022,0.35
2026-06-18,2026-06-30,1800.0,PE,2125,-2125,5,226.0
2026-06-18,2026-06-30,1840.0,CE,4675,425,106,0.25
2026-06-18,2026-06-30,1840.0,PE,0,0,0,252.55
2026-06-18,2026-07-28,1240.0,CE,0,0,0,337.05
2026-06-18,2026-07-28,1240.0,PE,0,0,0,10.35
2026-06-18,2026-07-28,1280.0,CE,0,0,0,302.55
2026-06-18,2026-07-28,1280.0,PE,850,0,0,14.0
2026-06-18,2026-07-28,1320.0,CE,0,0,0,269.6
2026-06-18,2026-07-28,1320.0,PE,10625,0,0,6.6
2026-06-18,2026-07-28,1340.0,CE,0,0,0,266.0
2026-06-18,2026-07-28,1340.0,PE,0,0,0,13.45
2026-06-18,2026-07-28,1360.0,CE,0,0,0,238.45
2026-06-18,2026-07-28,1360.0,PE,0,0,0,30.0
2026-06-18,2026-07-28,1380.0,CE,0,0,0,232.9
2026-06-18,2026-07-28,1380.0,PE,425,0,0,8.0
2026-06-18,2026-07-28,1400.0,CE,0,0,0,209.3
2026-06-18,2026-07-28,1400.0,PE,5100,0,0,13.35
2026-06-18,2026-07-28,1420.0,CE,850,0,0,105.8
2026-06-18,2026-07-28,1420.0,PE,0,0,0,28.45
2026-06-18,2026-07-28,1440.0,CE,425,0,0,93.5
2026-06-18,2026-07-28,1440.0,PE,11050,0,0,15.85
2026-06-18,2026-07-28,1460.0,CE,0,0,0,173.05
2026-06-18,2026-07-28,1460.0,PE,0,0,0,39.25
2026-06-18,2026-07-28,1480.0,CE,0,0,0,112.3
2026-06-18,2026-07-28,1480.0,PE,15725,-425,1,22.0
2026-06-18,2026-07-28,1500.0,CE,22525,0,0,88.05
2026-06-18,2026-07-28,1500.0,PE,58225,2550,11,28.5
2026-06-18,2026-07-28,1520.0,CE,0,0,0,135.05
2026-06-18,2026-07-28,1520.0,PE,1275,0,0,46.0
2026-06-18,2026-07-28,1540.0,CE,1275,0,3,75.0
2026-06-18,2026-07-28,1540.0,PE,0,0,0,68.6
2026-06-18,2026-07-28,1560.0,CE,425,0,0,61.7
2026-06-18,2026-07-28,1560.0,PE,0,0,0,103.65
2026-06-18,2026-07-28,1580.0,CE,0,0,0,102.25
2026-06-18,2026-07-28,1580.0,PE,0,0,0,87.25
2026-06-18,2026-07-28,1600.0,CE,24650,850,24,40.05
2026-06-18,2026-07-28,1600.0,PE,5950,425,2,75.0
2026-06-18,2026-07-28,1620.0,CE,425,0,0,31.15
2026-06-18,2026-07-28,1620.0,PE,0,0,0,108.55
2026-06-18,2026-07-28,1640.0,CE,0,0,0,81.4
2026-06-18,2026-07-28,1640.0,PE,0,0,0,148.95
2026-06-18,2026-07-28,1660.0,CE,3400,0,0,22.5
2026-06-18,2026-07-28,1660.0,PE,0,0,0,132.35
2026-06-18,2026-07-28,1680.0,CE,425,0,0,13.0
2026-06-18,2026-07-28,1680.0,PE,0,0,0,174.75
2026-06-18,2026-07-28,1700.0,CE,49725,7225,30,15.05
2026-06-18,2026-07-28,1700.0,PE,850,0,0,187.0
2026-06-18,2026-07-28,1720.0,CE,17425,0,1,14.0
2026-06-18,2026-07-28,1720.0,PE,0,0,0,202.45
2026-06-18,2026-07-28,1740.0,CE,13600,0,7,9.35
2026-06-18,2026-07-28,1740.0,PE,2550,0,0,220.0
2026-06-18,2026-07-28,1760.0,CE,15725,425,11,7.95
2026-06-18,2026-07-28,1760.0,PE,0,0,0,231.95
2026-06-18,2026-07-28,1800.0,CE,28900,3400,12,4.45
2026-06-18,2026-07-28,1800.0,PE,9350,2125,5,231.0
2026-06-18,2026-07-28,1840.0,CE,6800,0,0,3.0
2026-06-18,2026-07-28,1840.0,PE,0,0,0,295.2
2026-06-18,2026-08-25,1280.0,CE,0,0,0,331.0
2026-06-18,2026-08-25,1280.0,PE,0,0,0,13.3
2026-06-18,2026-08-25,1320.0,CE,0,0,0,297.3
2026-06-18,2026-08-25,1320.0,PE,0,0,0,19.0
2026-06-18,2026-08-25,1360.0,CE,0,0,0,265.2
2026-06-18,2026-08-25,1360.0,PE,0,0,0,26.3
2026-06-18,2026-08-25,1400.0,CE,0,0,0,234.95
2026-06-18,2026-08-25,1400.0,PE,0,0,0,35.5
2026-06-18,2026-08-25,1440.0,CE,0,0,0,206.65
2026-06-18,2026-08-25,1440.0,PE,0,0,0,46.6
2026-06-18,2026-08-25,1480.0,CE,0,0,0,180.45
2026-06-18,2026-08-25,1480.0,PE,0,0,0,59.75
2026-06-18,2026-08-25,1520.0,CE,0,0,0,156.5
2026-06-18,2026-08-25,1520.0,PE,0,0,0,75.25
2026-06-18,2026-08-25,1560.0,CE,0,0,0,134.75
2026-06-18,2026-08-25,1560.0,PE,0,0,0,92.9
2026-06-18,2026-08-25,1600.0,CE,0,0,0,115.25
2026-06-18,2026-08-25,1600.0,PE,0,0,0,112.8
2026-06-18,2026-08-25,1640.0,CE,0,0,0,97.9
2026-06-18,2026-08-25,1640.0,PE,0,0,0,134.9
2026-06-18,2026-08-25,1680.0,CE,0,0,0,82.6
2026-06-18,2026-08-25,1680.0,PE,0,0,0,159.0
2026-06-18,2026-08-25,1720.0,CE,0,0,0,69.25
2026-06-18,2026-08-25,1720.0,PE,0,0,0,185.05
2026-06-18,2026-08-25,1760.0,CE,0,0,0,57.7
2026-06-18,2026-08-25,1760.0,PE,0,0,0,212.9
2026-06-18,2026-08-25,1840.0,CE,0,0,0,39.4
2026-06-18,2026-08-25,1840.0,PE,0,0,0,273.45
2026-06-19,2026-06-30,1200.0,CE,3825,0,0,333.85
2026-06-19,2026-06-30,1200.0,PE,13600,-16575,77,0.3
2026-06-19,2026-06-30,1240.0,CE,2550,0,0,300.25
2026-06-19,2026-06-30,1240.0,PE,8500,0,0,0.5
2026-06-19,2026-06-30,1260.0,CE,425,0,0,212.5
2026-06-19,2026-06-30,1280.0,CE,1275,0,0,254.8
2026-06-19,2026-06-30,1280.0,PE,22950,0,0,0.75
2026-06-19,2026-06-30,1300.0,PE,53125,-2550,10,0.7
2026-06-19,2026-06-30,1320.0,CE,0,0,0,317.85
2026-06-19,2026-06-30,1320.0,PE,24650,425,5,0.75
2026-06-19,2026-06-30,1340.0,CE,0,0,0,238.35
2026-06-19,2026-06-30,1340.0,PE,5100,-1700,4,0.8
2026-06-19,2026-06-30,1360.0,CE,2975,0,0,201.45
2026-06-19,2026-06-30,1360.0,PE,13175,-4675,14,0.75
2026-06-19,2026-06-30,1380.0,CE,0,0,0,206.35
2026-06-19,2026-06-30,1380.0,PE,10625,-2550,17,0.9
2026-06-19,2026-06-30,1400.0,CE,46325,0,2,145.0
2026-06-19,2026-06-30,1400.0,PE,79050,6375,88,1.5
2026-06-19,2026-06-30,1420.0,CE,0,0,0,176.65
2026-06-19,2026-06-30,1420.0,PE,17000,0,1,1.7
2026-06-19,2026-06-30,1440.0,CE,50150,0,0,119.95
2026-06-19,2026-06-30,1440.0,PE,34000,2975,30,2.8
2026-06-19,2026-06-30,1460.0,CE,30175,0,1,92.65
2026-06-19,2026-06-30,1460.0,PE,80750,29750,175,4.45
2026-06-19,2026-06-30,1480.0,CE,24650,0,0,80.85
2026-06-19,2026-06-30,1480.0,PE,102850,60350,325,7.9
2026-06-19,2026-06-30,1500.0,CE,110925,-3825,61,51.8
2026-06-19,2026-06-30,1500.0,PE,208250,-68850,522,11.6
2026-06-19,2026-06-30,1520.0,CE,48025,425,49,38.35
2026-06-19,2026-06-30,1520.0,PE,70550,-3400,144,18.2
2026-06-19,2026-06-30,1540.0,CE,80750,21250,498,28.7
2026-06-19,2026-06-30,1540.0,PE,76500,21675,425,26.25
2026-06-19,2026-06-30,1560.0,CE,158100,13175,790,19.9
2026-06-19,2026-06-30,1560.0,PE,73100,-2975,244,38.25
2026-06-19,2026-06-30,1580.0,CE,182325,5950,407,13.3
2026-06-19,2026-06-30,1580.0,PE,139400,0,0,35.5
2026-06-19,2026-06-30,1600.0,CE,496825,95625,1232,9.0
2026-06-19,2026-06-30,1600.0,PE,76075,-425,25,63.55
2026-06-19,2026-06-30,1620.0,CE,174250,47600,416,5.75
2026-06-19,2026-06-30,1620.0,PE,44625,0,0,61.0
2026-06-19,2026-06-30,1640.0,CE,185725,-11475,161,3.55
2026-06-19,2026-06-30,1640.0,PE,8925,0,1,110.0
2026-06-19,2026-06-30,1660.0,CE,138550,-425,225,2.35
2026-06-19,2026-06-30,1660.0,PE,6800,-2125,10,115.55
2026-06-19,2026-06-30,1680.0,CE,99875,-79900,352,1.65
2026-06-19,2026-06-30,1680.0,PE,2125,850,5,154.25
2026-06-19,2026-06-30,1700.0,CE,281775,86700,424,1.2
2026-06-19,2026-06-30,1700.0,PE,11050,0,0,131.6
2026-06-19,2026-06-30,1720.0,CE,99025,-2550,28,0.65
2026-06-19,2026-06-30,1720.0,PE,425,0,0,178.0
2026-06-19,2026-06-30,1740.0,CE,112625,-6375,79,0.4
2026-06-19,2026-06-30,1740.0,PE,1275,0,0,209.0
2026-06-19,2026-06-30,1760.0,CE,62900,-2550,13,0.3
2026-06-19,2026-06-30,1760.0,PE,2975,0,0,187.15
2026-06-19,2026-06-30,1800.0,CE,118575,-18700,167,0.15
2026-06-19,2026-06-30,1800.0,PE,2125,0,0,226.0
2026-06-19,2026-06-30,1840.0,CE,4675,0,0,0.25
2026-06-19,2026-06-30,1840.0,PE,0,0,0,252.55
2026-06-19,2026-07-28,1240.0,CE,0,0,0,337.05
2026-06-19,2026-07-28,1240.0,PE,0,0,0,10.35
2026-06-19,2026-07-28,1280.0,CE,0,0,0,302.55
2026-06-19,2026-07-28,1280.0,PE,850,0,0,14.0
2026-06-19,2026-07-28,1320.0,CE,0,0,0,269.6
2026-06-19,2026-07-28,1320.0,PE,10625,0,0,6.6
2026-06-19,2026-07-28,1340.0,CE,0,0,0,266.0
2026-06-19,2026-07-28,1340.0,PE,0,0,0,13.45
2026-06-19,2026-07-28,1360.0,CE,0,0,0,238.45
2026-06-19,2026-07-28,1360.0,PE,0,0,0,30.0
2026-06-19,2026-07-28,1380.0,CE,0,0,0,232.9
2026-06-19,2026-07-28,1380.0,PE,425,0,0,8.0
2026-06-19,2026-07-28,1400.0,CE,0,0,0,209.3
2026-06-19,2026-07-28,1400.0,PE,9775,4675,16,11.65
2026-06-19,2026-07-28,1420.0,CE,850,0,0,105.8
2026-06-19,2026-07-28,1420.0,PE,0,0,0,28.45
2026-06-19,2026-07-28,1440.0,CE,425,0,0,93.5
2026-06-19,2026-07-28,1440.0,PE,11050,0,8,19.55
2026-06-19,2026-07-28,1460.0,CE,0,0,0,173.05
2026-06-19,2026-07-28,1460.0,PE,0,0,0,39.25
2026-06-19,2026-07-28,1480.0,CE,0,0,0,112.3
2026-06-19,2026-07-28,1480.0,PE,19550,3825,13,35.0
2026-06-19,2026-07-28,1500.0,CE,22525,0,0,88.05
2026-06-19,2026-07-28,1500.0,PE,63325,5100,17,35.0
2026-06-19,2026-07-28,1520.0,CE,0,0,0,135.05
2026-06-19,2026-07-28,1520.0,PE,1275,0,0,46.0
2026-06-19,2026-07-28,1540.0,CE,3825,2550,7,54.0
2026-06-19,2026-07-28,1540.0,PE,0,0,0,68.6
2026-06-19,2026-07-28,1560.0,CE,425,0,0,61.7
2026-06-19,2026-07-28,1560.0,PE,0,0,0,103.65
2026-06-19,2026-07-28,1580.0,CE,850,850,2,41.5
2026-06-19,2026-07-28,1580.0,PE,425,425,1,71.25
2026-06-19,2026-07-28,1600.0,CE,59925,35275,132,32.95
2026-06-19,2026-07-28,1600.0,PE,8075,2125,10,90.3
2026-06-19,2026-07-28,1620.0,CE,425,0,0,31.15
2026-06-19,2026-07-28,1620.0,PE,0,0,0,108.55
2026-06-19,2026-07-28,1640.0,CE,0,0,0,81.4
2026-06-19,2026-07-28,1640.0,PE,0,0,0,148.95
2026-06-19,2026-07-28,1660.0,CE,3400,0,0,22.5
2026-06-19,2026-07-28,1660.0,PE,0,0,0,132.35
2026-06-19,2026-07-28,1680.0,CE,425,0,0,13.0
2026-06-19,2026-07-28,1680.0,PE,0,0,0,174.75
2026-06-19,2026-07-28,1700.0,CE,48450,-1275,33,12.25
2026-06-19,2026-07-28,1700.0,PE,850,0,0,187.0
2026-06-19,2026-07-28,1720.0,CE,19550,2125,5,10.0
2026-06-19,2026-07-28,1720.0,PE,0,0,0,202.45
2026-06-19,2026-07-28,1740.0,CE,16575,2975,8,5.65
2026-06-19,2026-07-28,1740.0,PE,2550,0,0,220.0
2026-06-19,2026-07-28,1760.0,CE,17425,1700,8,6.0
2026-06-19,2026-07-28,1760.0,PE,0,0,0,231.95
2026-06-19,2026-07-28,1800.0,CE,34000,5100,40,4.45
2026-06-19,2026-07-28,1800.0,PE,9350,0,0,231.0
2026-06-19,2026-07-28,1840.0,CE,6800,0,0,3.0
2026-06-19,2026-07-28,1840.0,PE,0,0,0,295.2
2026-06-19,2026-08-25,1280.0,CE,0,0,0,331.0
2026-06-19,2026-08-25,1280.0,PE,0,0,0,13.3
2026-06-19,2026-08-25,1320.0,CE,0,0,0,297.3
2026-06-19,2026-08-25,1320.0,PE,0,0,0,19.0
2026-06-19,2026-08-25,1360.0,CE,0,0,0,265.2
2026-06-19,2026-08-25,1360.0,PE,0,0,0,26.3
2026-06-19,2026-08-25,1400.0,CE,0,0,0,234.95
2026-06-19,2026-08-25,1400.0,PE,0,0,0,35.5
2026-06-19,2026-08-25,1440.0,CE,0,0,0,206.65
2026-06-19,2026-08-25,1440.0,PE,0,0,0,46.6
2026-06-19,2026-08-25,1480.0,CE,0,0,0,180.45
2026-06-19,2026-08-25,1480.0,PE,0,0,0,59.75
2026-06-19,2026-08-25,1520.0,CE,0,0,0,156.5
2026-06-19,2026-08-25,1520.0,PE,0,0,0,75.25
2026-06-19,2026-08-25,1560.0,CE,0,0,0,134.75
2026-06-19,2026-08-25,1560.0,PE,0,0,0,92.9
2026-06-19,2026-08-25,1600.0,CE,0,0,0,115.25
2026-06-19,2026-08-25,1600.0,PE,0,0,0,112.8
2026-06-19,2026-08-25,1640.0,CE,0,0,0,97.9
2026-06-19,2026-08-25,1640.0,PE,0,0,0,134.9
2026-06-19,2026-08-25,1680.0,CE,0,0,0,82.6
2026-06-19,2026-08-25,1680.0,PE,0,0,0,159.0
2026-06-19,2026-08-25,1720.0,CE,0,0,0,69.25
2026-06-19,2026-08-25,1720.0,PE,0,0,0,185.05
2026-06-19,2026-08-25,1760.0,CE,0,0,0,57.7
2026-06-19,2026-08-25,1760.0,PE,0,0,0,212.9
2026-06-19,2026-08-25,1840.0,CE,0,0,0,39.4
2026-06-19,2026-08-25,1840.0,PE,0,0,0,273.45
2026-06-22,2026-06-30,1200.0,CE,3825,0,0,333.85
2026-06-22,2026-06-30,1200.0,PE,13175,-425,6,0.2
2026-06-22,2026-06-30,1240.0,CE,2550,0,0,300.25
2026-06-22,2026-06-30,1240.0,PE,8925,425,3,0.3
2026-06-22,2026-06-30,1260.0,CE,425,0,0,212.5
2026-06-22,2026-06-30,1280.0,CE,1275,0,0,254.8
2026-06-22,2026-06-30,1280.0,PE,22950,0,6,1.4
2026-06-22,2026-06-30,1300.0,PE,53125,0,0,0.7
2026-06-22,2026-06-30,1320.0,CE,0,0,0,317.85
2026-06-22,2026-06-30,1320.0,PE,25925,1275,3,0.8
2026-06-22,2026-06-30,1340.0,CE,0,0,0,238.35
2026-06-22,2026-06-30,1340.0,PE,5100,0,0,0.8
2026-06-22,2026-06-30,1360.0,CE,2975,0,0,201.45
2026-06-22,2026-06-30,1360.0,PE,13175,0,0,0.75
2026-06-22,2026-06-30,1380.0,CE,0,0,0,206.35
2026-06-22,2026-06-30,1380.0,PE,6800,-3825,15,1.0
2026-06-22,2026-06-30,1400.0,CE,46325,0,0,145.0
2026-06-22,2026-06-30,1400.0,PE,78200,-850,7,0.8
2026-06-22,2026-06-30,1420.0,CE,0,0,0,176.65
2026-06-22,2026-06-30,1420.0,PE,17000,0,0,1.7
2026-06-22,2026-06-30,1440.0,CE,49300,-850,2,126.35
2026-06-22,2026-06-30,1440.0,PE,31875,-2125,46,1.6
2026-06-22,2026-06-30,1460.0,CE,29750,-425,1,101.25
2026-06-22,2026-06-30,1460.0,PE,78625,-2125,21,2.25
2026-06-22,2026-06-30,1480.0,CE,24225,-425,9,77.85
2026-06-22,2026-06-30,1480.0,PE,102000,-850,31,3.55
2026-06-22,2026-06-30,1500.0,CE,109225,-1700,41,65.75
2026-06-22,2026-06-30,1500.0,PE,216750,8500,269,6.1
2026-06-22,2026-06-30,1520.0,CE,44200,-3825,14,49.0
2026-06-22,2026-06-30,1520.0,PE,85425,14875,155,10.1
2026-06-22,2026-06-30,1540.0,CE,79475,-1275,374,35.85
2026-06-22,2026-06-30,1540.0,PE,81175,4675,378,16.8
2026-06-22,2026-06-30,1560.0,CE,189550,31450,847,24.9
2026-06-22,2026-06-30,1560.0,PE,70125,-2975,245,25.75
2026-06-22,2026-06-30,1580.0,CE,177650,-4675,493,16.6
2026-06-22,2026-06-30,1580.0,PE,140250,850,3,37.7
2026-06-22,2026-06-30,1600.0,CE,442425,-54400,802,11.0
2026-06-22,2026-06-30,1600.0,PE,76075,0,0,63.55
2026-06-22,2026-06-30,1620.0,CE,183600,9350,244,6.65
2026-06-22,2026-06-30,1620.0,PE,44625,0,0,61.0
2026-06-22,2026-06-30,1640.0,CE,199750,14025,125,4.1
2026-06-22,2026-06-30,1640.0,PE,8925,0,0,110.0
2026-06-22,2026-06-30,1660.0,CE,138125,-425,40,2.45
2026-06-22,2026-06-30,1660.0,PE,6800,0,0,115.55
2026-06-22,2026-06-30,1680.0,CE,99450,-425,49,1.65
2026-06-22,2026-06-30,1680.0,PE,2125,0,0,154.25
2026-06-22,2026-06-30,1700.0,CE,260100,-21675,161,1.2
2026-06-22,2026-06-30,1700.0,PE,11050,0,0,131.6
2026-06-22,2026-06-30,1720.0,CE,93500,-5525,40,0.65
2026-06-22,2026-06-30,1720.0,PE,425,0,0,178.0
2026-06-22,2026-06-30,1740.0,CE,106250,-6375,77,0.45
2026-06-22,2026-06-30,1740.0,PE,1275,0,0,209.0
2026-06-22,2026-06-30,1760.0,CE,61625,-1275,18,0.15
2026-06-22,2026-06-30,1760.0,PE,2975,0,0,187.15
2026-06-22,2026-06-30,1800.0,CE,113900,-4675,457,0.1
2026-06-22,2026-06-30,1800.0,PE,2125,0,0,226.0
2026-06-22,2026-06-30,1840.0,CE,4675,0,0,0.25
2026-06-22,2026-06-30,1840.0,PE,4675,4675,11,279.1
2026-06-22,2026-07-28,1240.0,CE,0,0,0,337.05
2026-06-22,2026-07-28,1240.0,PE,0,0,0,10.35
2026-06-22,2026-07-28,1280.0,CE,0,0,0,302.55
2026-06-22,2026-07-28,1280.0,PE,850,0,0,14.0
2026-06-22,2026-07-28,1320.0,CE,0,0,0,269.6
2026-06-22,2026-07-28,1320.0,PE,10625,0,0,6.6
2026-06-22,2026-07-28,1340.0,CE,0,0,0,266.0
2026-06-22,2026-07-28,1340.0,PE,0,0,0,13.45
2026-06-22,2026-07-28,1360.0,CE,0,0,0,238.45
2026-06-22,2026-07-28,1360.0,PE,0,0,0,30.0
2026-06-22,2026-07-28,1380.0,CE,0,0,0,232.9
2026-06-22,2026-07-28,1380.0,PE,2125,1700,4,7.25
2026-06-22,2026-07-28,1400.0,CE,0,0,0,209.3
2026-06-22,2026-07-28,1400.0,PE,13175,3400,20,8.6
2026-06-22,2026-07-28,1420.0,CE,850,0,0,105.8
2026-06-22,2026-07-28,1420.0,PE,0,0,0,28.45
2026-06-22,2026-07-28,1440.0,CE,425,0,0,93.5
2026-06-22,2026-07-28,1440.0,PE,14875,3825,13,16.0
2026-06-22,2026-07-28,1460.0,CE,0,0,0,173.05
2026-06-22,2026-07-28,1460.0,PE,0,0,0,39.25
2026-06-22,2026-07-28,1480.0,CE,0,0,0,112.3
2026-06-22,2026-07-28,1480.0,PE,19550,0,0,35.0
2026-06-22,2026-07-28,1500.0,CE,22525,0,0,88.05
2026-06-22,2026-07-28,1500.0,PE,90100,26775,83,29.6
2026-06-22,2026-07-28,1520.0,CE,0,0,0,135.05
2026-06-22,2026-07-28,1520.0,PE,1275,0,0,46.0
2026-06-22,2026-07-28,1540.0,CE,3825,0,0,54.0
2026-06-22,2026-07-28,1540.0,PE,4250,4250,10,47.55
2026-06-22,2026-07-28,1560.0,CE,6800,6375,19,58.0
2026-06-22,2026-07-28,1560.0,PE,0,0,0,103.65
2026-06-22,2026-07-28,1580.0,CE,2975,2125,8,46.1
2026-06-22,2026-07-28,1580.0,PE,850,425,1,71.25
2026-06-22,2026-07-28,1600.0,CE,60350,425,152,40.0
2026-06-22,2026-07-28,1600.0,PE,9350,1275,8,77.0
2026-06-22,2026-07-28,1620.0,CE,425,0,0,31.15
2026-06-22,2026-07-28,1620.0,PE,0,0,0,108.55
2026-06-22,2026-07-28,1640.0,CE,0,0,0,81.4
2026-06-22,2026-07-28,1640.0,PE,0,0,0,148.95
2026-06-22,2026-07-28,1660.0,CE,4250,850,2,22.5
2026-06-22,2026-07-28,1660.0,PE,0,0,0,132.35
2026-06-22,2026-07-28,1680.0,CE,425,0,0,13.0
2026-06-22,2026-07-28,1680.0,PE,0,0,0,174.75
2026-06-22,2026-07-28,1700.0,CE,59075,10625,75,14.85
2026-06-22,2026-07-28,1700.0,PE,850,0,0,187.0
2026-06-22,2026-07-28,1720.0,CE,22100,2550,7,11.8
2026-06-22,2026-07-28,1720.0,PE,425,425,1,168.4
2026-06-22,2026-07-28,1740.0,CE,20400,3825,14,9.75
2026-06-22,2026-07-28,1740.0,PE,2550,0,0,220.0
2026-06-22,2026-07-28,1760.0,CE,21675,4250,17,8.05
2026-06-22,2026-07-28,1760.0,PE,0,0,0,231.95
2026-06-22,2026-07-28,1800.0,CE,39525,5525,20,5.4
2026-06-22,2026-07-28,1800.0,PE,9350,0,0,231.0
2026-06-22,2026-07-28,1840.0,CE,6800,0,0,3.0
2026-06-22,2026-07-28,1840.0,PE,0,0,0,295.2
2026-06-22,2026-08-25,1280.0,CE,0,0,0,331.0
2026-06-22,2026-08-25,1280.0,PE,0,0,0,13.3
2026-06-22,2026-08-25,1320.0,CE,0,0,0,297.3
2026-06-22,2026-08-25,1320.0,PE,0,0,0,19.0
2026-06-22,2026-08-25,1360.0,CE,0,0,0,265.2
2026-06-22,2026-08-25,1360.0,PE,0,0,0,26.3
2026-06-22,2026-08-25,1400.0,CE,0,0,0,234.95
2026-06-22,2026-08-25,1400.0,PE,0,0,0,35.5
2026-06-22,2026-08-25,1440.0,CE,0,0,0,206.65
2026-06-22,2026-08-25,1440.0,PE,0,0,0,46.6
2026-06-22,2026-08-25,1480.0,CE,0,0,0,180.45
2026-06-22,2026-08-25,1480.0,PE,0,0,0,59.75
2026-06-22,2026-08-25,1520.0,CE,0,0,0,156.5
2026-06-22,2026-08-25,1520.0,PE,0,0,0,75.25
2026-06-22,2026-08-25,1560.0,CE,0,0,0,134.75
2026-06-22,2026-08-25,1560.0,PE,0,0,0,92.9
2026-06-22,2026-08-25,1600.0,CE,0,0,0,115.25
2026-06-22,2026-08-25,1600.0,PE,0,0,0,112.8
2026-06-22,2026-08-25,1640.0,CE,0,0,0,97.9
2026-06-22,2026-08-25,1640.0,PE,0,0,0,134.9
2026-06-22,2026-08-25,1680.0,CE,0,0,0,82.6
2026-06-22,2026-08-25,1680.0,PE,0,0,0,159.0
2026-06-22,2026-08-25,1720.0,CE,0,0,0,69.25
2026-06-22,2026-08-25,1720.0,PE,0,0,0,185.05
2026-06-22,2026-08-25,1760.0,CE,0,0,0,57.7
2026-06-22,2026-08-25,1760.0,PE,0,0,0,212.9
2026-06-22,2026-08-25,1840.0,CE,0,0,0,39.4
2026-06-22,2026-08-25,1840.0,PE,0,0,0,273.45
2026-06-23,2026-06-30,1200.0,CE,3825,0,0,333.85
2026-06-23,2026-06-30,1200.0,PE,11900,-1275,4,0.15
2026-06-23,2026-06-30,1240.0,CE,2550,0,0,300.25
2026-06-23,2026-06-30,1240.0,PE,8500,-425,4,0.35
2026-06-23,2026-06-30,1260.0,CE,425,0,0,212.5
2026-06-23,2026-06-30,1280.0,CE,850,-425,1,282.3
2026-06-23,2026-06-30,1280.0,PE,22950,0,0,1.4
2026-06-23,2026-06-30,1300.0,PE,53125,0,1,0.65
2026-06-23,2026-06-30,1320.0,CE,0,0,0,317.85
2026-06-23,2026-06-30,1320.0,PE,25925,0,0,0.8
2026-06-23,2026-06-30,1340.0,CE,0,0,0,238.35
2026-06-23,2026-06-30,1340.0,PE,5100,0,0,0.8
2026-06-23,2026-06-30,1360.0,CE,2975,0,0,201.45
2026-06-23,2026-06-30,1360.0,PE,16575,3400,330,0.65
2026-06-23,2026-06-30,1380.0,CE,0,0,0,206.35
2026-06-23,2026-06-30,1380.0,PE,14025,7225,211,0.8
2026-06-23,2026-06-30,1400.0,CE,46325,0,0,145.0
2026-06-23,2026-06-30,1400.0,PE,76500,-1700,8,1.3
2026-06-23,2026-06-30,1420.0,CE,0,0,0,176.65
2026-06-23,2026-06-30,1420.0,PE,17000,0,2,2.05
2026-06-23,2026-06-30,1440.0,CE,49300,0,0,126.35
2026-06-23,2026-06-30,1440.0,PE,31025,-850,5,2.15
2026-06-23,2026-06-30,1460.0,CE,29750,0,0,101.25
2026-06-23,2026-06-30,1460.0,PE,75225,-3400,83,4.0
2026-06-23,2026-06-30,1480.0,CE,21250,-2975,13,49.5
2026-06-23,2026-06-30,1480.0,PE,135575,33575,140,7.35
2026-06-23,2026-06-30,1500.0,CE,101575,-7650,85,36.4
2026-06-23,2026-06-30,1500.0,PE,187850,-28900,466,12.55
2026-06-23,2026-06-30,1520.0,CE,56100,11900,130,24.75
2026-06-23,2026-06-30,1520.0,PE,106675,21250,525,20.65
2026-06-23,2026-06-30,1540.0,CE,98175,18700,632,15.8
2026-06-23,2026-06-30,1540.0,PE,79900,-1275,302,31.9
2026-06-23,2026-06-30,1560.0,CE,200600,11050,818,10.4
2026-06-23,2026-06-30,1560.0,PE,73525,3400,150,46.35
2026-06-23,2026-06-30,1580.0,CE,232900,55250,821,6.8
2026-06-23,2026-06-30,1580.0,PE,124525,-15725,74,61.5
2026-06-23,2026-06-30,1600.0,CE,623050,180625,1427,4.4
2026-06-23,2026-06-30,1600.0,PE,76500,425,17,75.1
2026-06-23,2026-06-30,1620.0,CE,175525,-8075,506,2.7
2026-06-23,2026-06-30,1620.0,PE,44625,0,0,61.0
2026-06-23,2026-06-30,1640.0,CE,189550,-10200,120,1.75
2026-06-23,2026-06-30,1640.0,PE,11475,2550,12,99.45
2026-06-23,2026-06-30,1660.0,CE,134725,-3400,51,1.05
2026-06-23,2026-06-30,1660.0,PE,5950,-850,7,100.35
2026-06-23,2026-06-30,1680.0,CE,73100,-26350,118,0.9
2026-06-23,2026-06-30,1680.0,PE,2125,0,0,154.25
2026-06-23,2026-06-30,1700.0,CE,259250,-850,430,0.65
2026-06-23,2026-06-30,1700.0,PE,11050,0,0,131.6
2026-06-23,2026-06-30,1720.0,CE,93075,-425,35,0.25
2026-06-23,2026-06-30,1720.0,PE,425,0,0,178.0
2026-06-23,2026-06-30,1740.0,CE,108800,2550,35,0.15
2026-06-23,2026-06-30,1740.0,PE,1275,0,0,209.0
2026-06-23,2026-06-30,1760.0,CE,61625,0,12,0.15
2026-06-23,2026-06-30,1760.0,PE,2975,0,0,187.15
2026-06-23,2026-06-30,1800.0,CE,112625,-1275,53,0.05
2026-06-23,2026-06-30,1800.0,PE,2125,0,0,226.0
2026-06-23,2026-06-30,1840.0,CE,4675,0,0,0.25
2026-06-23,2026-06-30,1840.0,PE,4675,0,0,279.1
2026-06-23,2026-07-28,1240.0,CE,0,0,0,337.05
2026-06-23,2026-07-28,1240.0,PE,0,0,0,10.35
2026-06-23,2026-07-28,1280.0,CE,0,0,0,302.55
2026-06-23,2026-07-28,1280.0,PE,850,0,0,14.0
2026-06-23,2026-07-28,1320.0,CE,0,0,0,269.6
2026-06-23,2026-07-28,1320.0,PE,10625,0,0,6.6
2026-06-23,2026-07-28,1340.0,CE,0,0,0,266.0
2026-06-23,2026-07-28,1340.0,PE,0,0,0,13.45
2026-06-23,2026-07-28,1360.0,CE,0,0,0,238.45
2026-06-23,2026-07-28,1360.0,PE,0,0,0,30.0
2026-06-23,2026-07-28,1380.0,CE,0,0,0,232.9
2026-06-23,2026-07-28,1380.0,PE,2125,0,1,7.45
2026-06-23,2026-07-28,1400.0,CE,0,0,0,209.3
2026-06-23,2026-07-28,1400.0,PE,20825,7650,43,12.8
2026-06-23,2026-07-28,1420.0,CE,850,0,0,105.8
2026-06-23,2026-07-28,1420.0,PE,0,0,0,28.45
2026-06-23,2026-07-28,1440.0,CE,425,0,0,93.5
2026-06-23,2026-07-28,1440.0,PE,16575,1700,11,21.5
2026-06-23,2026-07-28,1460.0,CE,0,0,0,173.05
2026-06-23,2026-07-28,1460.0,PE,0,0,0,39.25
2026-06-23,2026-07-28,1480.0,CE,0,0,0,112.3
2026-06-23,2026-07-28,1480.0,PE,21250,1700,31,34.75
2026-06-23,2026-07-28,1500.0,CE,23800,1275,8,65.4
2026-06-23,2026-07-28,1500.0,PE,92225,2125,33,42.4
2026-06-23,2026-07-28,1520.0,CE,0,0,0,135.05
2026-06-23,2026-07-28,1520.0,PE,15300,14025,39,52.25
2026-06-23,2026-07-28,1540.0,CE,3825,0,2,53.25
2026-06-23,2026-07-28,1540.0,PE,4250,0,0,47.55
2026-06-23,2026-07-28,1560.0,CE,5950,-850,9,38.85
2026-06-23,2026-07-28,1560.0,PE,0,0,0,103.65
2026-06-23,2026-07-28,1580.0,CE,3400,425,4,38.85
2026-06-23,2026-07-28,1580.0,PE,1700,850,2,63.0
2026-06-23,2026-07-28,1600.0,CE,66300,5950,178,26.8
2026-06-23,2026-07-28,1600.0,PE,13175,3825,15,103.4
2026-06-23,2026-07-28,1620.0,CE,425,0,0,31.15
2026-06-23,2026-07-28,1620.0,PE,0,0,0,108.55
2026-06-23,2026-07-28,1640.0,CE,850,850,2,17.0
2026-06-23,2026-07-28,1640.0,PE,0,0,0,148.95
2026-06-23,2026-07-28,1660.0,CE,4250,0,2,15.5
2026-06-23,2026-07-28,1660.0,PE,0,0,0,132.35
2026-06-23,2026-07-28,1680.0,CE,425,0,0,13.0
2026-06-23,2026-07-28,1680.0,PE,0,0,0,174.75
2026-06-23,2026-07-28,1700.0,CE,68000,8925,120,9.8
2026-06-23,2026-07-28,1700.0,PE,850,0,0,187.0
2026-06-23,2026-07-28,1720.0,CE,24225,2125,9,12.0
2026-06-23,2026-07-28,1720.0,PE,425,0,0,168.4
2026-06-23,2026-07-28,1740.0,CE,28900,8500,39,6.8
2026-06-23,2026-07-28,1740.0,PE,2550,0,0,220.0
2026-06-23,2026-07-28,1760.0,CE,26350,4675,26,5.5
2026-06-23,2026-07-28,1760.0,PE,425,425,1,202.35
2026-06-23,2026-07-28,1800.0,CE,73100,33575,101,4.45
2026-06-23,2026-07-28,1800.0,PE,9350,0,0,231.0
2026-06-23,2026-07-28,1840.0,CE,6800,0,0,3.0
2026-06-23,2026-07-28,1840.0,PE,0,0,0,295.2
2026-06-23,2026-08-25,1280.0,CE,0,0,0,331.0
2026-06-23,2026-08-25,1280.0,PE,0,0,0,13.3
2026-06-23,2026-08-25,1320.0,CE,0,0,0,297.3
2026-06-23,2026-08-25,1320.0,PE,0,0,0,19.0
2026-06-23,2026-08-25,1360.0,CE,0,0,0,265.2
2026-06-23,2026-08-25,1360.0,PE,0,0,0,26.3
2026-06-23,2026-08-25,1400.0,CE,0,0,0,234.95
2026-06-23,2026-08-25,1400.0,PE,0,0,0,35.5
2026-06-23,2026-08-25,1440.0,CE,0,0,0,206.65
2026-06-23,2026-08-25,1440.0,PE,0,0,0,46.6
2026-06-23,2026-08-25,1480.0,CE,0,0,0,180.45
2026-06-23,2026-08-25,1480.0,PE,0,0,0,59.75
2026-06-23,2026-08-25,1520.0,CE,0,0,0,156.5
2026-06-23,2026-08-25,1520.0,PE,0,0,0,75.25
2026-06-23,2026-08-25,1560.0,CE,0,0,0,134.75
2026-06-23,2026-08-25,1560.0,PE,0,0,0,92.9
2026-06-23,2026-08-25,1600.0,CE,0,0,0,115.25
2026-06-23,2026-08-25,1600.0,PE,0,0,0,112.8
2026-06-23,2026-08-25,1640.0,CE,0,0,0,97.9
2026-06-23,2026-08-25,1640.0,PE,0,0,0,134.9
2026-06-23,2026-08-25,1680.0,CE,0,0,0,82.6
2026-06-23,2026-08-25,1680.0,PE,0,0,0,159.0
2026-06-23,2026-08-25,1720.0,CE,0,0,0,69.25
2026-06-23,2026-08-25,1720.0,PE,0,0,0,185.05
2026-06-23,2026-08-25,1760.0,CE,0,0,0,57.7
2026-06-23,2026-08-25,1760.0,PE,0,0,0,212.9
2026-06-23,2026-08-25,1840.0,CE,0,0,0,39.4
2026-06-23,2026-08-25,1840.0,PE,0,0,0,273.45
2026-06-24,2026-06-30,1200.0,CE,3825,0,0,333.85
2026-06-24,2026-06-30,1200.0,PE,11900,0,0,0.15
2026-06-24,2026-06-30,1240.0,CE,2550,0,0,300.25
2026-06-24,2026-06-30,1240.0,PE,8075,-425,1,0.2
2026-06-24,2026-06-30,1260.0,CE,425,0,0,212.5
2026-06-24,2026-06-30,1280.0,CE,850,0,0,282.3
2026-06-24,2026-06-30,1280.0,PE,22950,0,2,0.4
2026-06-24,2026-06-30,1300.0,PE,53125,0,5,0.25
2026-06-24,2026-06-30,1320.0,CE,0,0,0,317.85
2026-06-24,2026-06-30,1320.0,PE,25075,-850,3,0.25
2026-06-24,2026-06-30,1340.0,CE,0,0,0,238.35
2026-06-24,2026-06-30,1340.0,PE,5100,0,1,0.3
2026-06-24,2026-06-30,1360.0,CE,2975,0,0,201.45
2026-06-24,2026-06-30,1360.0,PE,15300,-1275,10,0.3
2026-06-24,2026-06-30,1380.0,CE,0,0,0,206.35
2026-06-24,2026-06-30,1380.0,PE,13600,-425,6,0.5
2026-06-24,2026-06-30,1400.0,CE,45900,-425,3,135.0
2026-06-24,2026-06-30,1400.0,PE,70975,-5525,53,0.55
2026-06-24,2026-06-30,1420.0,CE,0,0,0,176.65
2026-06-24,2026-06-30,1420.0,PE,16150,-850,2,0.6
2026-06-24,2026-06-30,1440.0,CE,31875,-17425,47,93.1
2026-06-24,2026-06-30,1440.0,PE,28900,-2125,6,0.8
2026-06-24,2026-06-30,1460.0,CE,29750,0,13,83.1
2026-06-24,2026-06-30,1460.0,PE,69700,-5525,58,1.35
2026-06-24,2026-06-30,1480.0,CE,16150,-5100,23,59.95
2026-06-24,2026-06-30,1480.0,PE,135150,-425,15,2.5
2026-06-24,2026-06-30,1500.0,CE,93925,-7650,75,48.2
2026-06-24,2026-06-30,1500.0,PE,177225,-10625,264,5.2
2026-06-24,2026-06-30,1520.0,CE,47175,-8925,179,32.9
2026-06-24,2026-06-30,1520.0,PE,110500,3825,235,9.7
2026-06-24,2026-06-30,1540.0,CE,93925,-4250,665,20.85
2026-06-24,2026-06-30,1540.0,PE,84575,4675,159,19.45
2026-06-24,2026-06-30,1560.0,CE,187000,-13600,559,12.9
2026-06-24,2026-06-30,1560.0,PE,70125,-3400,57,31.05
2026-06-24,2026-06-30,1580.0,CE,226525,-6375,481,7.9
2026-06-24,2026-06-30,1580.0,PE,116025,-8500,110,45.25
2026-06-24,2026-06-30,1600.0,CE,672775,49725,995,4.95
2026-06-24,2026-06-30,1600.0,PE,72675,-3825,29,62.75
2026-06-24,2026-06-30,1620.0,CE,181050,5525,168,2.55
2026-06-24,2026-06-30,1620.0,PE,44625,0,0,61.0
2026-06-24,2026-06-30,1640.0,CE,198900,9350,213,1.7
2026-06-24,2026-06-30,1640.0,PE,11475,0,0,99.45
2026-06-24,2026-06-30,1660.0,CE,131325,-3400,47,0.85
2026-06-24,2026-06-30,1660.0,PE,4250,-1700,6,123.4
2026-06-24,2026-06-30,1680.0,CE,71400,-1700,105,0.65
2026-06-24,2026-06-30,1680.0,PE,2125,0,0,154.25
2026-06-24,2026-06-30,1700.0,CE,260100,850,251,0.45
2026-06-24,2026-06-30,1700.0,PE,11050,0,3,165.0
2026-06-24,2026-06-30,1720.0,CE,93075,0,27,0.15
2026-06-24,2026-06-30,1720.0,PE,425,0,0,178.0
2026-06-24,2026-06-30,1740.0,CE,107100,-1700,33,0.35
2026-06-24,2026-06-30,1740.0,PE,1275,0,0,209.0
2026-06-24,2026-06-30,1760.0,CE,60775,-850,2,0.15
2026-06-24,2026-06-30,1760.0,PE,2975,0,0,187.15
2026-06-24,2026-06-30,1800.0,CE,105825,-6800,21,0.05
2026-06-24,2026-06-30,1800.0,PE,2125,0,4,262.0
2026-06-24,2026-06-30,1840.0,CE,5100,425,1,0.25
2026-06-24,2026-06-30,1840.0,PE,8075,3400,8,299.2
2026-06-24,2026-07-28,1240.0,CE,0,0,0,337.05
2026-06-24,2026-07-28,1240.0,PE,0,0,0,10.35
2026-06-24,2026-07-28,1280.0,CE,0,0,0,302.55
2026-06-24,2026-07-28,1280.0,PE,850,0,0,14.0
2026-06-24,2026-07-28,1320.0,CE,0,0,0,269.6
2026-06-24,2026-07-28,1320.0,PE,10625,0,0,6.6
2026-06-24,2026-07-28,1340.0,CE,0,0,0,266.0
2026-06-24,2026-07-28,1340.0,PE,0,0,0,13.45
2026-06-24,2026-07-28,1360.0,CE,0,0,0,238.45
2026-06-24,2026-07-28,1360.0,PE,0,0,0,30.0
2026-06-24,2026-07-28,1380.0,CE,0,0,0,232.9
2026-06-24,2026-07-28,1380.0,PE,2125,0,0,7.45
2026-06-24,2026-07-28,1400.0,CE,0,0,0,209.3
2026-06-24,2026-07-28,1400.0,PE,21675,850,13,9.6
2026-06-24,2026-07-28,1420.0,CE,850,0,0,105.8
2026-06-24,2026-07-28,1420.0,PE,0,0,0,28.45
2026-06-24,2026-07-28,1440.0,CE,425,0,0,93.5
2026-06-24,2026-07-28,1440.0,PE,16150,-425,12,15.3
2026-06-24,2026-07-28,1460.0,CE,0,0,0,173.05
2026-06-24,2026-07-28,1460.0,PE,425,425,1,25.0
2026-06-24,2026-07-28,1480.0,CE,0,0,0,112.3
2026-06-24,2026-07-28,1480.0,PE,20400,-850,10,27.0
2026-06-24,2026-07-28,1500.0,CE,28475,4675,39,77.55
2026-06-24,2026-07-28,1500.0,PE,93075,850,47,32.35
2026-06-24,2026-07-28,1520.0,CE,0,0,0,135.05
2026-06-24,2026-07-28,1520.0,PE,5950,-9350,41,39.6
2026-06-24,2026-07-28,1540.0,CE,3825,0,0,53.25
2026-06-24,2026-07-28,1540.0,PE,4250,0,0,47.55
2026-06-24,2026-07-28,1560.0,CE,7650,1700,8,43.0
2026-06-24,2026-07-28,1560.0,PE,0,0,0,103.65
2026-06-24,2026-07-28,1580.0,CE,3825,425,1,35.0
2026-06-24,2026-07-28,1580.0,PE,1700,0,0,63.0
2026-06-24,2026-07-28,1600.0,CE,74375,8075,112,30.8
2026-06-24,2026-07-28,1600.0,PE,17850,4675,29,87.25
2026-06-24,2026-07-28,1620.0,CE,425,0,0,31.15
2026-06-24,2026-07-28,1620.0,PE,0,0,0,108.55
2026-06-24,2026-07-28,1640.0,CE,850,0,0,17.0
2026-06-24,2026-07-28,1640.0,PE,0,0,0,148.95
2026-06-24,2026-07-28,1660.0,CE,4675,425,6,14.25
2026-06-24,2026-07-28,1660.0,PE,0,0,0,132.35
2026-06-24,2026-07-28,1680.0,CE,425,0,0,13.0
2026-06-24,2026-07-28,1680.0,PE,0,0,0,174.75
2026-06-24,2026-07-28,1700.0,CE,75650,7650,102,10.45
2026-06-24,2026-07-28,1700.0,PE,2550,1700,4,166.0
2026-06-24,2026-07-28,1720.0,CE,26350,2125,7,8.55
2026-06-24,2026-07-28,1720.0,PE,425,0,0,168.4
2026-06-24,2026-07-28,1740.0,CE,32300,3400,11,7.1
2026-06-24,2026-07-28,1740.0,PE,2550,0,0,220.0
2026-06-24,2026-07-28,1760.0,CE,28475,2125,12,6.25
2026-06-24,2026-07-28,1760.0,PE,425,0,0,202.35
2026-06-24,2026-07-28,1800.0,CE,85850,12750,76,4.05
2026-06-24,2026-07-28,1800.0,PE,9350,0,0,231.0
2026-06-24,2026-07-28,1840.0,CE,8500,1700,9,3.15
2026-06-24,2026-07-28,1840.0,PE,0,0,0,295.2
2026-06-24,2026-08-25,1280.0,CE,0,0,0,331.0
2026-06-24,2026-08-25,1280.0,PE,0,0,0,13.3
2026-06-24,2026-08-25,1320.0,CE,0,0,0,297.3
2026-06-24,2026-08-25,1320.0,PE,0,0,0,19.0
2026-06-24,2026-08-25,1360.0,CE,0,0,0,265.2
2026-06-24,2026-08-25,1360.0,PE,0,0,0,26.3
2026-06-24,2026-08-25,1400.0,CE,0,0,0,234.95
2026-06-24,2026-08-25,1400.0,PE,0,0,0,35.5
2026-06-24,2026-08-25,1440.0,CE,0,0,0,206.65
2026-06-24,2026-08-25,1440.0,PE,0,0,0,46.6
2026-06-24,2026-08-25,1480.0,CE,0,0,0,180.45
2026-06-24,2026-08-25,1480.0,PE,0,0,0,59.75
2026-06-24,2026-08-25,1520.0,CE,0,0,0,156.5
2026-06-24,2026-08-25,1520.0,PE,0,0,0,75.25
2026-06-24,2026-08-25,1560.0,CE,0,0,0,134.75
2026-06-24,2026-08-25,1560.0,PE,0,0,0,92.9
2026-06-24,2026-08-25,1600.0,CE,0,0,0,115.25
2026-06-24,2026-08-25,1600.0,PE,0,0,0,112.8
2026-06-24,2026-08-25,1640.0,CE,0,0,0,97.9
2026-06-24,2026-08-25,1640.0,PE,0,0,0,134.9
2026-06-24,2026-08-25,1680.0,CE,0,0,0,82.6
2026-06-24,2026-08-25,1680.0,PE,0,0,0,159.0
2026-06-24,2026-08-25,1720.0,CE,0,0,0,69.25
2026-06-24,2026-08-25,1720.0,PE,0,0,0,185.05
2026-06-24,2026-08-25,1760.0,CE,0,0,0,57.7
2026-06-24,2026-08-25,1760.0,PE,0,0,0,212.9
2026-06-24,2026-08-25,1840.0,CE,0,0,0,39.4
2026-06-24,2026-08-25,1840.0,PE,0,0,0,273.45
2026-06-25,2026-06-30,1200.0,CE,3825,0,0,333.85
2026-06-25,2026-06-30,1200.0,PE,10625,-1275,3,0.1
2026-06-25,2026-06-30,1240.0,CE,2550,0,0,300.25
2026-06-25,2026-06-30,1240.0,PE,8075,0,0,0.2
2026-06-25,2026-06-30,1260.0,CE,425,0,0,212.5
2026-06-25,2026-06-30,1280.0,CE,850,0,0,282.3
2026-06-25,2026-06-30,1280.0,PE,23375,425,2,0.25
2026-06-25,2026-06-30,1300.0,PE,46750,-6375,26,0.15
2026-06-25,2026-06-30,1320.0,CE,0,0,0,317.85
2026-06-25,2026-06-30,1320.0,PE,25075,0,0,0.25
2026-06-25,2026-06-30,1340.0,CE,0,0,0,238.35
2026-06-25,2026-06-30,1340.0,PE,3825,-1275,7,0.25
2026-06-25,2026-06-30,1360.0,CE,2975,0,0,201.45
2026-06-25,2026-06-30,1360.0,PE,15300,0,11,0.2
2026-06-25,2026-06-30,1380.0,CE,0,0,0,206.35
2026-06-25,2026-06-30,1380.0,PE,20825,7225,53,0.4
2026-06-25,2026-06-30,1400.0,CE,45900,0,0,135.0
2026-06-25,2026-06-30,1400.0,PE,45475,-25500,201,0.9
2026-06-25,2026-06-30,1420.0,CE,0,0,0,176.65
2026-06-25,2026-06-30,1420.0,PE,22950,6800,166,0.85
2026-06-25,2026-06-30,1440.0,CE,31875,0,0,93.1
2026-06-25,2026-06-30,1440.0,PE,75650,46750,240,2.1
2026-06-25,2026-06-30,1460.0,CE,29750,0,0,83.1
2026-06-25,2026-06-30,1460.0,PE,92650,22950,666,5.75
2026-06-25,2026-06-30,1480.0,CE,20825,4675,110,17.85
2026-06-25,2026-06-30,1480.0,PE,66300,-68850,991,12.4
2026-06-25,2026-06-30,1500.0,CE,89250,-4675,1041,9.65
2026-06-25,2026-06-30,1500.0,PE,121550,-55675,1048,24.1
2026-06-25,2026-06-30,1520.0,CE,158525,111350,1733,5.2
2026-06-25,2026-06-30,1520.0,PE,70125,-40375,343,39.4
2026-06-25,2026-06-30,1540.0,CE,100725,6800,1018,2.9
2026-06-25,2026-06-30,1540.0,PE,62050,-22525,124,57.5
2026-06-25,2026-06-30,1560.0,CE,204000,17000,893,1.75
2026-06-25,2026-06-30,1560.0,PE,65025,-5100,32,74.0
2026-06-25,2026-06-30,1580.0,CE,290275,63750,695,1.1
2026-06-25,2026-06-30,1580.0,PE,110925,-5100,17,95.3
2026-06-25,2026-06-30,1600.0,CE,750975,78200,926,0.9
2026-06-25,2026-06-30,1600.0,PE,71825,-850,13,105.2
2026-06-25,2026-06-30,1620.0,CE,163200,-17850,224,0.5
2026-06-25,2026-06-30,1620.0,PE,43775,-850,3,133.55
2026-06-25,2026-06-30,1640.0,CE,150450,-48450,214,0.45
2026-06-25,2026-06-30,1640.0,PE,7225,-4250,10,145.0
2026-06-25,2026-06-30,1660.0,CE,58225,-73100,249,0.35
2026-06-25,2026-06-30,1660.0,PE,3825,-425,1,168.0
2026-06-25,2026-06-30,1680.0,CE,66300,-5100,128,0.25
2026-06-25,2026-06-30,1680.0,PE,2125,0,0,154.25
2026-06-25,2026-06-30,1700.0,CE,218875,-41225,219,0.25
2026-06-25,2026-06-30,1700.0,PE,11050,0,0,165.0
2026-06-25,2026-06-30,1720.0,CE,91800,-1275,45,0.1
2026-06-25,2026-06-30,1720.0,PE,425,0,0,178.0
2026-06-25,2026-06-30,1740.0,CE,106250,-850,4,0.05
2026-06-25,2026-06-30,1740.0,PE,1275,0,0,209.0
2026-06-25,2026-06-30,1760.0,CE,60350,-425,1,0.1
2026-06-25,2026-06-30,1760.0,PE,2975,0,0,187.15
2026-06-25,2026-06-30,1800.0,CE,104125,-1700,4,0.05
2026-06-25,2026-06-30,1800.0,PE,2125,0,0,262.0
2026-06-25,2026-06-30,1840.0,CE,5100,0,0,0.25
2026-06-25,2026-06-30,1840.0,PE,3400,-4675,18,353.55
2026-06-25,2026-07-28,1240.0,CE,0,0,0,337.05
2026-06-25,2026-07-28,1240.0,PE,29325,29325,110,3.6
2026-06-25,2026-07-28,1280.0,CE,0,0,0,302.55
2026-06-25,2026-07-28,1280.0,PE,1700,850,4,4.8
2026-06-25,2026-07-28,1320.0,CE,1275,1275,3,170.95
2026-06-25,2026-07-28,1320.0,PE,18700,8075,53,7.55
2026-06-25,2026-07-28,1340.0,CE,0,0,0,266.0
2026-06-25,2026-07-28,1340.0,PE,0,0,0,13.45
2026-06-25,2026-07-28,1360.0,CE,0,0,0,238.45
2026-06-25,2026-07-28,1360.0,PE,15725,15725,67,12.25
2026-06-25,2026-07-28,1380.0,CE,0,0,0,232.9
2026-06-25,2026-07-28,1380.0,PE,3400,1275,3,16.0
2026-06-25,2026-07-28,1400.0,CE,1275,1275,3,105.0
2026-06-25,2026-07-28,1400.0,PE,75225,53550,321,20.45
2026-06-25,2026-07-28,1420.0,CE,1275,425,1,89.6
2026-06-25,2026-07-28,1420.0,PE,10200,10200,43,26.4
2026-06-25,2026-07-28,1440.0,CE,1275,850,2,75.7
2026-06-25,2026-07-28,1440.0,PE,32725,16575,292,33.75
2026-06-25,2026-07-28,1460.0,CE,1275,1275,5,65.1
2026-06-25,2026-07-28,1460.0,PE,2550,2125,6,42.35
2026-06-25,2026-07-28,1480.0,CE,5100,5100,21,53.4
2026-06-25,2026-07-28,1480.0,PE,37825,17425,314,50.7
2026-06-25,2026-07-28,1500.0,CE,101150,72675,351,45.25
2026-06-25,2026-07-28,1500.0,PE,118575,25500,249,61.2
2026-06-25,2026-07-28,1520.0,CE,21250,21250,104,36.7
2026-06-25,2026-07-28,1520.0,PE,10200,4250,21,72.0
2026-06-25,2026-07-28,1540.0,CE,36550,32725,117,30.5
2026-06-25,2026-07-28,1540.0,PE,7650,3400,21,85.05
2026-06-25,2026-07-28,1560.0,CE,15725,8075,44,24.7
2026-06-25,2026-07-28,1560.0,PE,850,850,3,101.15
2026-06-25,2026-07-28,1580.0,CE,8925,5100,41,19.9
2026-06-25,2026-07-28,1580.0,PE,1700,0,2,116.3
2026-06-25,2026-07-28,1600.0,CE,152150,77775,529,15.9
2026-06-25,2026-07-28,1600.0,PE,32300,14450,61,131.75
2026-06-25,2026-07-28,1620.0,CE,12750,12325,280,13.15
2026-06-25,2026-07-28,1620.0,PE,850,850,2,147.15
2026-06-25,2026-07-28,1640.0,CE,850,0,2,9.8
2026-06-25,2026-07-28,1640.0,PE,4250,4250,10,153.0
2026-06-25,2026-07-28,1660.0,CE,19975,15300,112,7.6
2026-06-25,2026-07-28,1660.0,PE,850,850,2,181.5
2026-06-25,2026-07-28,1680.0,CE,850,425,1,9.0
2026-06-25,2026-07-28,1680.0,PE,425,425,1,189.0
2026-06-25,2026-07-28,1700.0,CE,90525,14875,377,4.55
2026-06-25,2026-07-28,1700.0,PE,3825,1275,3,219.3
2026-06-25,2026-07-28,1720.0,CE,28900,2550,49,3.35
2026-06-25,2026-07-28,1720.0,PE,425,0,0,168.4
2026-06-25,2026-07-28,1740.0,CE,32725,425,44,2.6
2026-06-25,2026-07-28,1740.0,PE,2550,0,0,220.0
2026-06-25,2026-07-28,1760.0,CE,29750,1275,31,2.1
2026-06-25,2026-07-28,1760.0,PE,425,0,0,202.35
2026-06-25,2026-07-28,1800.0,CE,53975,-31875,162,2.35
2026-06-25,2026-07-28,1800.0,PE,9350,0,0,231.0
2026-06-25,2026-07-28,1840.0,CE,4675,-3825,9,1.35
2026-06-25,2026-07-28,1840.0,PE,0,0,0,295.2
2026-06-25,2026-08-25,1280.0,CE,0,0,0,331.0
2026-06-25,2026-08-25,1280.0,PE,0,0,0,13.3
2026-06-25,2026-08-25,1320.0,CE,0,0,0,297.3
2026-06-25,2026-08-25,1320.0,PE,0,0,0,19.0
2026-06-25,2026-08-25,1360.0,CE,0,0,0,265.2
2026-06-25,2026-08-25,1360.0,PE,0,0,0,26.3
2026-06-25,2026-08-25,1400.0,CE,0,0,0,234.95
2026-06-25,2026-08-25,1400.0,PE,2125,2125,5,33.5
2026-06-25,2026-08-25,1440.0,CE,0,0,0,206.65
2026-06-25,2026-08-25,1440.0,PE,0,0,0,46.6
2026-06-25,2026-08-25,1480.0,CE,0,0,0,180.45
2026-06-25,2026-08-25,1480.0,PE,0,0,0,59.75
2026-06-25,2026-08-25,1520.0,CE,0,0,0,156.5
2026-06-25,2026-08-25,1520.0,PE,1275,1275,4,79.9
2026-06-25,2026-08-25,1560.0,CE,0,0,0,134.75
2026-06-25,2026-08-25,1560.0,PE,0,0,0,92.9
2026-06-25,2026-08-25,1600.0,CE,0,0,0,115.25
2026-06-25,2026-08-25,1600.0,PE,0,0,0,112.8
2026-06-25,2026-08-25,1640.0,CE,0,0,0,97.9
2026-06-25,2026-08-25,1640.0,PE,0,0,0,134.9
2026-06-25,2026-08-25,1680.0,CE,0,0,0,82.6
2026-06-25,2026-08-25,1680.0,PE,0,0,0,159.0
2026-06-25,2026-08-25,1720.0,CE,0,0,0,69.25
2026-06-25,2026-08-25,1720.0,PE,0,0,0,185.05
2026-06-25,2026-08-25,1760.0,CE,0,0,0,57.7
2026-06-25,2026-08-25,1760.0,PE,0,0,0,212.9
2026-06-25,2026-08-25,1840.0,CE,0,0,0,39.4
2026-06-25,2026-08-25,1840.0,PE,0,0,0,273.45
2026-06-29,2026-06-30,1200.0,CE,3825,0,0,333.85
2026-06-29,2026-06-30,1200.0,PE,11900,1275,82,0.15
2026-06-29,2026-06-30,1220.0,CE,0,0,0,344.95
2026-06-29,2026-06-30,1220.0,PE,0,0,0,3.9
2026-06-29,2026-06-30,1240.0,CE,2550,0,0,300.25
2026-06-29,2026-06-30,1240.0,PE,10200,2125,99,0.5
2026-06-29,2026-06-30,1260.0,CE,425,0,0,212.5
2026-06-29,2026-06-30,1260.0,PE,13175,13175,156,0.95
2026-06-29,2026-06-30,1280.0,CE,2975,2125,13,74.05
2026-06-29,2026-06-30,1280.0,PE,144925,121550,1702,1.8
2026-06-29,2026-06-30,1300.0,CE,0,0,0,272.35
2026-06-29,2026-06-30,1300.0,PE,172125,125375,3863,2.4
2026-06-29,2026-06-30,1320.0,CE,2975,2975,11,45.1
2026-06-29,2026-06-30,1320.0,PE,210800,185725,3638,3.95
2026-06-29,2026-06-30,1340.0,CE,16150,16150,482,33.85
2026-06-29,2026-06-30,1340.0,PE,108800,104975,7195,6.3
2026-06-29,2026-06-30,1360.0,CE,73525,70550,2748,18.1
2026-06-29,2026-06-30,1360.0,PE,106250,90950,7017,11.8
2026-06-29,2026-06-30,1380.0,CE,97750,97750,5745,8.6
2026-06-29,2026-06-30,1380.0,PE,29325,8500,4368,22.85
2026-06-29,2026-06-30,1400.0,CE,280500,234600,9636,4.15
2026-06-29,2026-06-30,1400.0,PE,52700,7225,2715,38.0
2026-06-29,2026-06-30,1420.0,CE,107100,107100,2210,2.05
2026-06-29,2026-06-30,1420.0,PE,23800,850,546,56.75
2026-06-29,2026-06-30,1440.0,CE,95200,63325,2551,1.15
2026-06-29,2026-06-30,1440.0,PE,28900,-46750,483,75.85
2026-06-29,2026-06-30,1460.0,CE,72675,42925,3404,0.7
2026-06-29,2026-06-30,1460.0,PE,27200,-65450,709,94.4
2026-06-29,2026-06-30,1480.0,CE,144925,124100,7524,0.55
2026-06-29,2026-06-30,1480.0,PE,17000,-49300,297,115.55
2026-06-29,2026-06-30,1500.0,CE,121125,31875,6537,0.45
2026-06-29,2026-06-30,1500.0,PE,80325,-41225,327,133.75
2026-06-29,2026-06-30,1520.0,CE,139400,-19125,8090,0.35
2026-06-29,2026-06-30,1520.0,PE,59500,-10625,59,154.25
2026-06-29,2026-06-30,1540.0,CE,86275,-14450,2731,0.4
2026-06-29,2026-06-30,1540.0,PE,53550,-8500,50,173.4
2026-06-29,2026-06-30,1560.0,CE,134300,-69700,741,0.35
2026-06-29,2026-06-30,1560.0,PE,62475,-2550,8,195.0
2026-06-29,2026-06-30,1580.0,CE,152575,-137700,1131,0.35
2026-06-29,2026-06-30,1580.0,PE,107950,-2975,7,233.0
2026-06-29,2026-06-30,1600.0,CE,806225,55250,2328,0.3
2026-06-29,2026-06-30,1600.0,PE,68000,-3825,16,233.05
2026-06-29,2026-06-30,1620.0,CE,98600,-64600,479,0.3
2026-06-29,2026-06-30,1620.0,PE,43775,0,0,133.55
2026-06-29,2026-06-30,1640.0,CE,96050,-54400,276,0.3
2026-06-29,2026-06-30,1640.0,PE,7225,0,0,145.0
2026-06-29,2026-06-30,1660.0,CE,35700,-22525,61,0.2
2026-06-29,2026-06-30,1660.0,PE,3825,0,0,168.0
2026-06-29,2026-06-30,1680.0,CE,65450,-850,5,0.05
2026-06-29,2026-06-30,1680.0,PE,2125,0,0,154.25
2026-06-29,2026-06-30,1700.0,CE,192525,-26350,100,0.1
2026-06-29,2026-06-30,1700.0,PE,9350,-1700,4,349.95
2026-06-29,2026-06-30,1720.0,CE,91375,-425,5,0.05
2026-06-29,2026-06-30,1720.0,PE,425,0,0,178.0
2026-06-29,2026-06-30,1740.0,CE,106250,0,27,0.05
2026-06-29,2026-06-30,1740.0,PE,1275,0,0,209.0
2026-06-29,2026-06-30,1760.0,CE,57375,-2975,7,0.05
2026-06-29,2026-06-30,1760.0,PE,2975,0,0,187.15
2026-06-29,2026-06-30,1800.0,CE,104125,0,0,0.05
2026-06-29,2026-06-30,1800.0,PE,2125,0,0,262.0
2026-06-29,2026-06-30,1840.0,CE,5100,0,0,0.25
2026-06-29,2026-06-30,1840.0,PE,3400,0,0,353.55
2026-06-29,2026-07-28,1200.0,CE,425,425,1,146.0
2026-06-29,2026-07-28,1200.0,PE,184875,184875,1183,10.95
2026-06-29,2026-07-28,1220.0,CE,0,0,0,374.5
2026-06-29,2026-07-28,1220.0,PE,23800,23800,95,14.2
2026-06-29,2026-07-28,1240.0,CE,0,0,0,337.05
2026-06-29,2026-07-28,1240.0,PE,176800,147475,1356,18.5
2026-06-29,2026-07-28,1260.0,CE,0,0,0,337.1
2026-06-29,2026-07-28,1260.0,PE,15300,15300,101,23.45
2026-06-29,2026-07-28,1280.0,CE,0,0,0,302.55
2026-06-29,2026-07-28,1280.0,PE,138550,136850,895,29.9
2026-06-29,2026-07-28,1300.0,CE,22100,22100,88,69.6
2026-06-29,2026-07-28,1300.0,PE,116875,116875,1073,38.05
2026-06-29,2026-07-28,1320.0,CE,38250,36975,185,59.15
2026-06-29,2026-07-28,1320.0,PE,97750,79050,1258,46.5
2026-06-29,2026-07-28,1340.0,CE,108375,108375,1066,49.0
2026-06-29,2026-07-28,1340.0,PE,47175,47175,891,56.25
2026-06-29,2026-07-28,1360.0,CE,163625,163625,1418,40.8
2026-06-29,2026-07-28,1360.0,PE,79900,64175,1462,67.4
2026-06-29,2026-07-28,1380.0,CE,144925,144925,999,33.25
2026-06-29,2026-07-28,1380.0,PE,38250,34850,794,79.95
2026-06-29,2026-07-28,1400.0,CE,602225,600950,5086,27.2
2026-06-29,2026-07-28,1400.0,PE,238000,162775,2434,93.6
2026-06-29,2026-07-28,1420.0,CE,115175,113900,933,21.9
2026-06-29,2026-07-28,1420.0,PE,14450,4250,89,93.6
2026-06-29,2026-07-28,1440.0,CE,116450,115175,1080,17.5
2026-06-29,2026-07-28,1440.0,PE,29750,-2975,37,126.05
2026-06-29,2026-07-28,1460.0,CE,168300,167025,994,13.75
2026-06-29,2026-07-28,1460.0,PE,7650,5100,27,127.9
2026-06-29,2026-07-28,1480.0,CE,71825,66725,445,11.15
2026-06-29,2026-07-28,1480.0,PE,65875,28050,202,159.75
2026-06-29,2026-07-28,1500.0,CE,514250,413100,3717,8.95
2026-06-29,2026-07-28,1500.0,PE,192525,73950,294,175.25
2026-06-29,2026-07-28,1520.0,CE,158950,137700,1448,7.3
2026-06-29,2026-07-28,1520.0,PE,23375,13175,58,191.0
2026-06-29,2026-07-28,1540.0,CE,95625,59075,781,6.0
2026-06-29,2026-07-28,1540.0,PE,8925,1275,14,199.75
2026-06-29,2026-07-28,1560.0,CE,56100,40375,398,4.9
2026-06-29,2026-07-28,1560.0,PE,1700,850,4,225.9
2026-06-29,2026-07-28,1580.0,CE,29325,20400,135,4.05
2026-06-29,2026-07-28,1580.0,PE,1700,0,0,116.3
2026-06-29,2026-07-28,1600.0,CE,227375,75225,941,3.6
2026-06-29,2026-07-28,1600.0,PE,36125,3825,16,259.15
2026-06-29,2026-07-28,1620.0,CE,11900,-850,87,3.1
2026-06-29,2026-07-28,1620.0,PE,850,0,0,147.15
2026-06-29,2026-07-28,1640.0,CE,850,0,0,9.8
2026-06-29,2026-07-28,1640.0,PE,4250,0,0,153.0
2026-06-29,2026-07-28,1660.0,CE,8075,-11900,81,2.5
2026-06-29,2026-07-28,1660.0,PE,850,0,0,181.5
2026-06-29,2026-07-28,1680.0,CE,1275,425,3,1.9
2026-06-29,2026-07-28,1680.0,PE,425,0,0,189.0
2026-06-29,2026-07-28,1700.0,CE,136425,45900,314,1.95
2026-06-29,2026-07-28,1700.0,PE,4675,850,2,361.0
2026-06-29,2026-07-28,1720.0,CE,28900,0,20,1.9
2026-06-29,2026-07-28,1720.0,PE,425,0,0,168.4
2026-06-29,2026-07-28,1740.0,CE,31025,-1700,99,1.15
2026-06-29,2026-07-28,1740.0,PE,2550,0,0,220.0
2026-06-29,2026-07-28,1760.0,CE,29750,0,7,0.8
2026-06-29,2026-07-28,1760.0,PE,425,0,0,202.35
2026-06-29,2026-07-28,1800.0,CE,41650,-12325,231,0.9
2026-06-29,2026-07-28,1800.0,PE,9350,0,0,231.0
2026-06-29,2026-07-28,1840.0,CE,1700,-2975,9,0.7
2026-06-29,2026-07-28,1840.0,PE,0,0,0,295.2
2026-06-29,2026-08-25,1200.0,CE,0,0,0,402.4
2026-06-29,2026-08-25,1200.0,PE,0,0,0,5.85
2026-06-29,2026-08-25,1240.0,CE,0,0,0,366.1
2026-06-29,2026-08-25,1240.0,PE,0,0,0,9.0
2026-06-29,2026-08-25,1280.0,CE,0,0,0,331.0
2026-06-29,2026-08-25,1280.0,PE,0,0,0,13.3
2026-06-29,2026-08-25,1320.0,CE,0,0,0,297.3
2026-06-29,2026-08-25,1320.0,PE,0,0,0,19.0
2026-06-29,2026-08-25,1360.0,CE,0,0,0,265.2
2026-06-29,2026-08-25,1360.0,PE,0,0,0,26.3
2026-06-29,2026-08-25,1400.0,CE,0,0,0,234.95
2026-06-29,2026-08-25,1400.0,PE,2550,425,6,114.95
2026-06-29,2026-08-25,1440.0,CE,0,0,0,206.65
2026-06-29,2026-08-25,1440.0,PE,0,0,0,46.6
2026-06-29,2026-08-25,1480.0,CE,0,0,0,180.45
2026-06-29,2026-08-25,1480.0,PE,0,0,0,59.75
2026-06-29,2026-08-25,1520.0,CE,0,0,0,156.5
2026-06-29,2026-08-25,1520.0,PE,1275,0,0,79.9
2026-06-29,2026-08-25,1560.0,CE,0,0,0,134.75
2026-06-29,2026-08-25,1560.0,PE,0,0,0,92.9
2026-06-29,2026-08-25,1600.0,CE,0,0,0,115.25
2026-06-29,2026-08-25,1600.0,PE,0,0,0,112.8
2026-06-29,2026-08-25,1640.0,CE,0,0,0,97.9
2026-06-29,2026-08-25,1640.0,PE,0,0,0,134.9
2026-06-29,2026-08-25,1680.0,CE,0,0,0,82.6
2026-06-29,2026-08-25,1680.0,PE,0,0,0,159.0
2026-06-29,2026-08-25,1720.0,CE,0,0,0,69.25
2026-06-29,2026-08-25,1720.0,PE,0,0,0,185.05
2026-06-29,2026-08-25,1760.0,CE,0,0,0,57.7
2026-06-29,2026-08-25,1760.0,PE,0,0,0,212.9
2026-06-29,2026-08-25,1840.0,CE,0,0,0,39.4
2026-06-29,2026-08-25,1840.0,PE,0,0,0,273.45
2026-06-30,2026-06-30,1120.0,CE,0,0,0,500.65
2026-06-30,2026-06-30,1120.0,PE,0,0,0,1.55
2026-06-30,2026-06-30,1160.0,CE,0,0,0,462.5
2026-06-30,2026-06-30,1160.0,PE,0,0,0,2.7
2026-06-30,2026-06-30,1200.0,CE,3825,0,0,333.85
2026-06-30,2026-06-30,1200.0,PE,6375,-5525,22,0.05
2026-06-30,2026-06-30,1220.0,CE,0,0,0,344.95
2026-06-30,2026-06-30,1220.0,PE,1275,1275,3,0.05
2026-06-30,2026-06-30,1240.0,CE,2550,0,0,300.25
2026-06-30,2026-06-30,1240.0,PE,7650,-2550,28,0.05
2026-06-30,2026-06-30,1260.0,CE,425,0,0,212.5
2026-06-30,2026-06-30,1260.0,PE,5525,-7650,40,0.1
2026-06-30,2026-06-30,1280.0,CE,2125,-850,3,72.0
2026-06-30,2026-06-30,1280.0,PE,48025,-96900,755,0.05
2026-06-30,2026-06-30,1300.0,CE,850,850,4,57.7
2026-06-30,2026-06-30,1300.0,PE,118150,-53975,1302,0.05
2026-06-30,2026-06-30,1320.0,CE,2975,0,1,33.0
2026-06-30,2026-06-30,1320.0,PE,69700,-141100,1119,0.05
2026-06-30,2026-06-30,1340.0,CE,28050,11900,451,0.05
2026-06-30,2026-06-30,1340.0,PE,42925,-65875,1120,0.05
2026-06-30,2026-06-30,1360.0,CE,42925,-30600,1678,0.3
2026-06-30,2026-06-30,1360.0,PE,27625,-78625,1092,25.4
2026-06-30,2026-06-30,1380.0,CE,36975,-60775,1659,0.1
2026-06-30,2026-06-30,1380.0,PE,18700,-10625,244,43.8
2026-06-30,2026-06-30,1400.0,CE,156825,-123675,2543,0.1
2026-06-30,2026-06-30,1400.0,PE,31875,-20825,203,62.35
2026-06-30,2026-06-30,1420.0,CE,68425,-38675,429,0.05
2026-06-30,2026-06-30,1420.0,PE,19975,-3825,20,89.8
2026-06-30,2026-06-30,1440.0,CE,49725,-45475,297,0.05
2026-06-30,2026-06-30,1440.0,PE,22950,-5950,33,99.25
2026-06-30,2026-06-30,1460.0,CE,33150,-39525,220,0.1
2026-06-30,2026-06-30,1460.0,PE,22100,-5100,22,118.0
2026-06-30,2026-06-30,1480.0,CE,56525,-88400,332,0.05
2026-06-30,2026-06-30,1480.0,PE,14450,-2550,11,137.3
2026-06-30,2026-06-30,1500.0,CE,62900,-58225,262,0.1
2026-06-30,2026-06-30,1500.0,PE,56525,-23800,85,161.55
2026-06-30,2026-06-30,1520.0,CE,87975,-51425,140,0.05
2026-06-30,2026-06-30,1520.0,PE,58225,-1275,9,182.35
2026-06-30,2026-06-30,1540.0,CE,48450,-37825,108,0.05
2026-06-30,2026-06-30,1540.0,PE,53550,0,5,204.0
2026-06-30,2026-06-30,1560.0,CE,90950,-43350,152,0.05
2026-06-30,2026-06-30,1560.0,PE,45900,-16575,69,228.0
2026-06-30,2026-06-30,1580.0,CE,129200,-23375,64,0.05
2026-06-30,2026-06-30,1580.0,PE,96475,-11475,32,232.2
2026-06-30,2026-06-30,1600.0,CE,569500,-236725,1251,0.05
2026-06-30,2026-06-30,1600.0,PE,66725,-1275,17,263.5
2026-06-30,2026-06-30,1620.0,CE,74375,-24225,90,0.05
2026-06-30,2026-06-30,1620.0,PE,43775,0,0,133.55
2026-06-30,2026-06-30,1640.0,CE,96050,0,86,0.05
2026-06-30,2026-06-30,1640.0,PE,5525,-1700,6,283.0
2026-06-30,2026-06-30,1660.0,CE,34425,-1275,11,0.05
2026-06-30,2026-06-30,1660.0,PE,3825,0,0,168.0
2026-06-30,2026-06-30,1680.0,CE,65450,0,2,0.05
2026-06-30,2026-06-30,1680.0,PE,2125,0,0,154.25
2026-06-30,2026-06-30,1700.0,CE,188700,-3825,10,0.05
2026-06-30,2026-06-30,1700.0,PE,8925,-425,1,345.0
2026-06-30,2026-06-30,1720.0,CE,90100,-1275,5,0.05
2026-06-30,2026-06-30,1720.0,PE,425,0,0,178.0
2026-06-30,2026-06-30,1740.0,CE,106250,0,0,0.05
2026-06-30,2026-06-30,1740.0,PE,1275,0,0,209.0
2026-06-30,2026-06-30,1760.0,CE,57375,0,0,0.05
2026-06-30,2026-06-30,1760.0,PE,2975,0,0,187.15
2026-06-30,2026-06-30,1800.0,CE,104125,0,0,0.05
2026-06-30,2026-06-30,1800.0,PE,2125,0,1,443.0
2026-06-30,2026-06-30,1840.0,CE,5100,0,0,0.25
2026-06-30,2026-06-30,1840.0,PE,3400,0,0,353.55
2026-06-30,2026-07-28,1120.0,CE,0,0,0,447.5
2026-06-30,2026-07-28,1120.0,PE,0,0,0,2.55
2026-06-30,2026-07-28,1160.0,CE,0,0,0,409.8
2026-06-30,2026-07-28,1160.0,PE,29325,29325,93,5.55
2026-06-30,2026-07-28,1200.0,CE,425,0,0,146.0
2026-06-30,2026-07-28,1200.0,PE,262650,77775,523,9.55
2026-06-30,2026-07-28,1220.0,CE,0,0,0,374.5
2026-06-30,2026-07-28,1220.0,PE,24650,850,15,10.7
2026-06-30,2026-07-28,1240.0,CE,6800,6800,22,109.65
2026-06-30,2026-07-28,1240.0,PE,163200,-13600,423,16.3
2026-06-30,2026-07-28,1260.0,CE,0,0,0,337.1
2026-06-30,2026-07-28,1260.0,PE,25075,9775,92,21.25
2026-06-30,2026-07-28,1280.0,CE,850,850,3,77.9
2026-06-30,2026-07-28,1280.0,PE,152150,13600,243,27.0
2026-06-30,2026-07-28,1300.0,CE,36975,14875,58,65.4
2026-06-30,2026-07-28,1300.0,PE,136850,19975,457,34.5
2026-06-30,2026-07-28,1320.0,CE,63750,25500,112,55.05
2026-06-30,2026-07-28,1320.0,PE,110500,12750,223,43.85
2026-06-30,2026-07-28,1340.0,CE,156400,48025,496,45.8
2026-06-30,2026-07-28,1340.0,PE,80750,33575,454,52.35
2026-06-30,2026-07-28,1360.0,CE,212500,48875,921,37.2
2026-06-30,2026-07-28,1360.0,PE,106250,26350,281,63.85
2026-06-30,2026-07-28,1380.0,CE,167875,22950,529,30.0
2026-06-30,2026-07-28,1380.0,PE,50150,11900,127,75.6
2026-06-30,2026-07-28,1400.0,CE,741200,138975,2163,23.9
2026-06-30,2026-07-28,1400.0,PE,231625,-6375,197,90.25
2026-06-30,2026-07-28,1420.0,CE,136425,21250,307,18.95
2026-06-30,2026-07-28,1420.0,PE,14450,0,0,93.6
2026-06-30,2026-07-28,1440.0,CE,144075,27625,520,14.95
2026-06-30,2026-07-28,1440.0,PE,28900,-850,20,117.95
2026-06-30,2026-07-28,1460.0,CE,187000,18700,356,11.8
2026-06-30,2026-07-28,1460.0,PE,9775,2125,7,135.05
2026-06-30,2026-07-28,1480.0,CE,91800,19975,180,9.35
2026-06-30,2026-07-28,1480.0,PE,65875,0,0,159.75
2026-06-30,2026-07-28,1500.0,CE,564825,50575,1161,7.5
2026-06-30,2026-07-28,1500.0,PE,206975,14450,54,175.0
2026-06-30,2026-07-28,1520.0,CE,169575,10625,230,6.1
2026-06-30,2026-07-28,1520.0,PE,23375,0,0,191.0
2026-06-30,2026-07-28,1540.0,CE,100725,5100,80,4.75
2026-06-30,2026-07-28,1540.0,PE,9350,425,1,204.35
2026-06-30,2026-07-28,1560.0,CE,60350,4250,120,3.95
2026-06-30,2026-07-28,1560.0,PE,5525,3825,16,224.35
2026-06-30,2026-07-28,1580.0,CE,28475,-850,5,3.5
2026-06-30,2026-07-28,1580.0,PE,1700,0,0,116.3
2026-06-30,2026-07-28,1600.0,CE,246925,19550,242,2.75
2026-06-30,2026-07-28,1600.0,PE,35700,-425,11,268.0
2026-06-30,2026-07-28,1620.0,CE,9350,-2550,26,2.75
2026-06-30,2026-07-28,1620.0,PE,2550,1700,6,279.0
2026-06-30,2026-07-28,1640.0,CE,0,-850,2,2.75
2026-06-30,2026-07-28,1640.0,PE,4250,0,0,153.0
2026-06-30,2026-07-28,1660.0,CE,7650,-425,1,2.05
2026-06-30,2026-07-28,1660.0,PE,850,0,0,181.5
2026-06-30,2026-07-28,1680.0,CE,1275,0,1,1.9
2026-06-30,2026-07-28,1680.0,PE,425,0,0,189.0
2026-06-30,2026-07-28,1700.0,CE,134725,-1700,94,1.6
2026-06-30,2026-07-28,1700.0,PE,4675,0,0,361.0
2026-06-30,2026-07-28,1720.0,CE,28475,-425,1,1.9
2026-06-30,2026-07-28,1720.0,PE,425,0,0,168.4
2026-06-30,2026-07-28,1740.0,CE,31025,0,1,1.15
2026-06-30,2026-07-28,1740.0,PE,2550,0,0,220.0
2026-06-30,2026-07-28,1760.0,CE,29750,0,0,0.8
2026-06-30,2026-07-28,1760.0,PE,425,0,0,202.35
2026-06-30,2026-07-28,1800.0,CE,39100,-2550,8,1.0
2026-06-30,2026-07-28,1800.0,PE,9350,0,0,231.0
2026-06-30,2026-07-28,1840.0,CE,1700,0,0,0.7
2026-06-30,2026-07-28,1840.0,PE,0,0,0,295.2
2026-06-30,2026-08-25,1120.0,CE,0,0,0,477.55
2026-06-30,2026-08-25,1120.0,PE,0,0,0,2.2
2026-06-30,2026-08-25,1200.0,CE,0,0,0,402.4
2026-06-30,2026-08-25,1200.0,PE,0,0,0,5.85
2026-06-30,2026-08-25,1240.0,CE,0,0,0,366.1
2026-06-30,2026-08-25,1240.0,PE,0,0,0,9.0
2026-06-30,2026-08-25,1280.0,CE,0,0,0,331.0
2026-06-30,2026-08-25,1280.0,PE,0,0,0,13.3
2026-06-30,2026-08-25,1320.0,CE,0,0,0,297.3
2026-06-30,2026-08-25,1320.0,PE,0,0,0,19.0
2026-06-30,2026-08-25,1360.0,CE,0,0,0,265.2
2026-06-30,2026-08-25,1360.0,PE,0,0,0,26.3
2026-06-30,2026-08-25,1400.0,CE,0,0,0,234.95
2026-06-30,2026-08-25,1400.0,PE,2550,0,0,114.95
2026-06-30,2026-08-25,1440.0,CE,0,0,0,206.65
2026-06-30,2026-08-25,1440.0,PE,0,0,0,46.6
2026-06-30,2026-08-25,1480.0,CE,0,0,0,180.45
2026-06-30,2026-08-25,1480.0,PE,0,0,0,59.75
2026-06-30,2026-08-25,1520.0,CE,0,0,0,156.5
2026-06-30,2026-08-25,1520.0,PE,1275,0,0,79.9
2026-06-30,2026-08-25,1560.0,CE,0,0,0,134.75
2026-06-30,2026-08-25,1560.0,PE,0,0,0,92.9
2026-06-30,2026-08-25,1600.0,CE,0,0,0,115.25
2026-06-30,2026-08-25,1600.0,PE,0,0,0,112.8
2026-06-30,2026-08-25,1640.0,CE,0,0,0,97.9
2026-06-30,2026-08-25,1640.0,PE,0,0,0,134.9
2026-06-30,2026-08-25,1680.0,CE,0,0,0,82.6
2026-06-30,2026-08-25,1680.0,PE,0,0,0,159.0
2026-06-30,2026-08-25,1720.0,CE,0,0,0,69.25
2026-06-30,2026-08-25,1720.0,PE,0,0,0,185.05
2026-06-30,2026-08-25,1760.0,CE,0,0,0,57.7
2026-06-30,2026-08-25,1760.0,PE,0,0,0,212.9
2026-06-30,2026-08-25,1840.0,CE,0,0,0,39.4
2026-06-30,2026-08-25,1840.0,PE,0,0,0,273.45
2026-07-01,2026-07-28,1080.0,CE,0,0,0,485.85
2026-07-01,2026-07-28,1080.0,PE,50150,50150,246,1.0
2026-07-01,2026-07-28,1120.0,CE,0,0,0,447.5
2026-07-01,2026-07-28,1120.0,PE,0,0,0,2.55
2026-07-01,2026-07-28,1160.0,CE,0,0,0,409.8
2026-07-01,2026-07-28,1160.0,PE,24650,-4675,164,2.8
2026-07-01,2026-07-28,1180.0,CE,0,0,0,412.65
2026-07-01,2026-07-28,1180.0,PE,0,0,0,1.8
2026-07-01,2026-07-28,1200.0,CE,850,425,2,153.5
2026-07-01,2026-07-28,1200.0,PE,206550,-56100,593,5.0
2026-07-01,2026-07-28,1220.0,CE,0,0,0,374.5
2026-07-01,2026-07-28,1220.0,PE,32300,7650,185,7.0
2026-07-01,2026-07-28,1240.0,CE,6800,0,0,109.65
2026-07-01,2026-07-28,1240.0,PE,150875,-12325,568,9.4
2026-07-01,2026-07-28,1260.0,CE,0,0,0,337.1
2026-07-01,2026-07-28,1260.0,PE,28050,2975,344,13.05
2026-07-01,2026-07-28,1280.0,CE,850,0,0,77.9
2026-07-01,2026-07-28,1280.0,PE,124525,-27625,526,17.55
2026-07-01,2026-07-28,1300.0,CE,86700,49725,363,75.95
2026-07-01,2026-07-28,1300.0,PE,153850,17000,824,23.05
2026-07-01,2026-07-28,1320.0,CE,86275,22525,317,63.5
2026-07-01,2026-07-28,1320.0,PE,143650,33150,563,30.45
2026-07-01,2026-07-28,1340.0,CE,232475,76075,3073,52.3
2026-07-01,2026-07-28,1340.0,PE,151725,70975,1894,39.2
2026-07-01,2026-07-28,1360.0,CE,182750,-29750,1788,42.85
2026-07-01,2026-07-28,1360.0,PE,150875,44625,531,49.0
2026-07-01,2026-07-28,1380.0,CE,161075,-6800,805,34.5
2026-07-01,2026-07-28,1380.0,PE,84575,34425,365,59.3
2026-07-01,2026-07-28,1400.0,CE,613275,-127925,2811,27.7
2026-07-01,2026-07-28,1400.0,PE,230350,-1275,175,72.55
2026-07-01,2026-07-28,1420.0,CE,113050,-23375,671,21.8
2026-07-01,2026-07-28,1420.0,PE,14450,0,0,93.6
2026-07-01,2026-07-28,1440.0,CE,108375,-35700,765,17.2
2026-07-01,2026-07-28,1440.0,PE,30175,1275,48,102.75
2026-07-01,2026-07-28,1460.0,CE,175100,-11900,1051,13.5
2026-07-01,2026-07-28,1460.0,PE,9775,0,0,135.05
2026-07-01,2026-07-28,1480.0,CE,102000,10200,234,10.25
2026-07-01,2026-07-28,1480.0,PE,71400,5525,24,144.0
2026-07-01,2026-07-28,1500.0,CE,541450,-23375,1543,8.25
2026-07-01,2026-07-28,1500.0,PE,217600,10625,131,154.1
2026-07-01,2026-07-28,1520.0,CE,163200,-6375,283,6.3
2026-07-01,2026-07-28,1520.0,PE,23375,0,0,191.0
2026-07-01,2026-07-28,1540.0,CE,107525,6800,146,4.95
2026-07-01,2026-07-28,1540.0,PE,9350,0,0,204.35
2026-07-01,2026-07-28,1560.0,CE,57800,-2550,97,3.9
2026-07-01,2026-07-28,1560.0,PE,5525,0,0,224.35
2026-07-01,2026-07-28,1580.0,CE,21250,-7225,50,3.4
2026-07-01,2026-07-28,1580.0,PE,1700,0,0,116.3
2026-07-01,2026-07-28,1600.0,CE,257125,10200,281,2.5
2026-07-01,2026-07-28,1600.0,PE,35700,0,0,268.0
2026-07-01,2026-07-28,1620.0,CE,8500,-850,14,1.7
2026-07-01,2026-07-28,1620.0,PE,2550,0,0,279.0
2026-07-01,2026-07-28,1640.0,CE,0,0,0,2.75
2026-07-01,2026-07-28,1640.0,PE,4250,0,0,153.0
2026-07-01,2026-07-28,1660.0,CE,8925,1275,27,1.45
2026-07-01,2026-07-28,1660.0,PE,850,0,0,181.5
2026-07-01,2026-07-28,1680.0,CE,12325,11050,154,1.2
2026-07-01,2026-07-28,1680.0,PE,425,0,0,189.0
2026-07-01,2026-07-28,1700.0,CE,144500,9775,1501,1.0
2026-07-01,2026-07-28,1700.0,PE,4675,0,0,361.0
2026-07-01,2026-07-28,1720.0,CE,28900,425,491,0.8
2026-07-01,2026-07-28,1720.0,PE,425,0,0,168.4
2026-07-01,2026-07-28,1740.0,CE,30600,-425,66,0.6
2026-07-01,2026-07-28,1740.0,PE,2550,0,0,220.0
2026-07-01,2026-07-28,1760.0,CE,29750,0,0,0.8
2026-07-01,2026-07-28,1760.0,PE,425,0,0,202.35
2026-07-01,2026-07-28,1800.0,CE,37400,-1700,34,0.6
2026-07-01,2026-07-28,1800.0,PE,9350,0,0,231.0
2026-07-01,2026-07-28,1840.0,CE,2125,425,1,0.15
2026-07-01,2026-07-28,1840.0,PE,1700,1700,4,500.3
2026-07-01,2026-08-25,1080.0,CE,0,0,0,514.45
2026-07-01,2026-08-25,1080.0,PE,0,0,0,1.0
2026-07-01,2026-08-25,1120.0,CE,0,0,0,477.55
2026-07-01,2026-08-25,1120.0,PE,0,0,0,2.2
2026-07-01,2026-08-25,1160.0,CE,0,0,0,439.6
2026-07-01,2026-08-25,1160.0,PE,0,0,0,3.65
2026-07-01,2026-08-25,1180.0,CE,0,0,0,184.75
2026-07-01,2026-08-25,1180.0,PE,0,0,0,18.0
2026-07-01,2026-08-25,1200.0,CE,0,0,0,402.4
2026-07-01,2026-08-25,1200.0,PE,0,0,0,5.85
2026-07-01,2026-08-25,1220.0,CE,0,0,0,154.5
2026-07-01,2026-08-25,1220.0,PE,0,0,0,27.35
2026-07-01,2026-08-25,1240.0,CE,0,0,0,366.1
2026-07-01,2026-08-25,1240.0,PE,0,0,0,9.0
2026-07-01,2026-08-25,1260.0,CE,0,0,0,127.0
2026-07-01,2026-08-25,1260.0,PE,0,0,0,39.5
2026-07-01,2026-08-25,1280.0,CE,0,0,0,331.0
2026-07-01,2026-08-25,1280.0,PE,0,0,0,13.3
2026-07-01,2026-08-25,1300.0,CE,0,0,0,102.8
2026-07-01,2026-08-25,1300.0,PE,0,0,0,54.9
2026-07-01,2026-08-25,1320.0,CE,0,0,0,297.3
2026-07-01,2026-08-25,1320.0,PE,0,0,0,19.0
2026-07-01,2026-08-25,1340.0,CE,0,0,0,81.85
2026-07-01,2026-08-25,1340.0,PE,0,0,0,73.55
2026-07-01,2026-08-25,1360.0,CE,0,0,0,265.2
2026-07-01,2026-08-25,1360.0,PE,0,0,0,26.3
2026-07-01,2026-08-25,1380.0,CE,0,0,0,64.1
2026-07-01,2026-08-25,1380.0,PE,0,0,0,95.45
2026-07-01,2026-08-25,1400.0,CE,0,0,0,234.95
2026-07-01,2026-08-25,1400.0,PE,2550,0,0,114.95
2026-07-01,2026-08-25,1420.0,CE,0,0,0,49.4
2026-07-01,2026-08-25,1420.0,PE,0,0,0,120.35
2026-07-01,2026-08-25,1440.0,CE,0,0,0,206.65
2026-07-01,2026-08-25,1440.0,PE,0,0,0,46.6
2026-07-01,2026-08-25,1460.0,CE,0,0,0,37.5
2026-07-01,2026-08-25,1460.0,PE,0,0,0,148.05
2026-07-01,2026-08-25,1480.0,CE,0,0,0,180.45
2026-07-01,2026-08-25,1480.0,PE,0,0,0,59.75
2026-07-01,2026-08-25,1500.0,CE,0,0,0,28.1
2026-07-01,2026-08-25,1500.0,PE,0,0,0,178.3
2026-07-01,2026-08-25,1520.0,CE,0,0,0,156.5
2026-07-01,2026-08-25,1520.0,PE,1275,0,0,79.9
2026-07-01,2026-08-25,1560.0,CE,0,0,0,134.75
2026-07-01,2026-08-25,1560.0,PE,0,0,0,92.9
2026-07-01,2026-08-25,1600.0,CE,0,0,0,115.25
2026-07-01,2026-08-25,1600.0,PE,0,0,0,112.8
2026-07-01,2026-08-25,1640.0,CE,0,0,0,97.9
2026-07-01,2026-08-25,1640.0,PE,0,0,0,134.9
2026-07-01,2026-08-25,1680.0,CE,0,0,0,82.6
2026-07-01,2026-08-25,1680.0,PE,0,0,0,159.0
2026-07-01,2026-08-25,1720.0,CE,0,0,0,69.25
2026-07-01,2026-08-25,1720.0,PE,0,0,0,185.05
2026-07-01,2026-08-25,1760.0,CE,0,0,0,57.7
2026-07-01,2026-08-25,1760.0,PE,0,0,0,212.9
2026-07-01,2026-08-25,1840.0,CE,0,0,0,39.4
2026-07-01,2026-08-25,1840.0,PE,0,0,0,273.45
2026-07-01,2026-09-29,1120.0,CE,0,0,0,250.7
2026-07-01,2026-09-29,1120.0,PE,0,0,0,17.9
2026-07-01,2026-09-29,1160.0,CE,0,0,0,219.25
2026-07-01,2026-09-29,1160.0,PE,0,0,0,25.85
2026-07-01,2026-09-29,1200.0,CE,0,0,0,190.0
2026-07-01,2026-09-29,1200.0,PE,0,0,0,35.95
2026-07-01,2026-09-29,1240.0,CE,0,0,0,163.0
2026-07-01,2026-09-29,1240.0,PE,0,0,0,48.4
2026-07-01,2026-09-29,1280.0,CE,0,0,0,138.65
2026-07-01,2026-09-29,1280.0,PE,0,0,0,63.4
2026-07-01,2026-09-29,1320.0,CE,0,0,0,116.85
2026-07-01,2026-09-29,1320.0,PE,0,0,0,81.0
2026-07-01,2026-09-29,1360.0,CE,0,0,0,97.6
2026-07-01,2026-09-29,1360.0,PE,0,0,0,101.15
2026-07-01,2026-09-29,1400.0,CE,0,0,0,80.8
2026-07-01,2026-09-29,1400.0,PE,0,0,0,123.7
2026-07-01,2026-09-29,1440.0,CE,0,0,0,66.3
2026-07-01,2026-09-29,1440.0,PE,0,0,0,148.65
2026-07-01,2026-09-29,1480.0,CE,0,0,0,54.0
2026-07-01,2026-09-29,1480.0,PE,0,0,0,175.7
2026-07-01,2026-09-29,1520.0,CE,0,0,0,43.7
2026-07-01,2026-09-29,1520.0,PE,0,0,0,204.75
2026-07-01,2026-09-29,1600.0,CE,0,0,0,27.85
2026-07-01,2026-09-29,1600.0,PE,0,0,0,267.75
2026-07-02,2026-07-28,1080.0,PE,54400,4250,127,0.7
2026-07-02,2026-07-28,1120.0,CE,2125,2125,10,228.35
2026-07-02,2026-07-28,1120.0,PE,0,0,0,2.55
2026-07-02,2026-07-28,1160.0,CE,2125,2125,8,190.1
2026-07-02,2026-07-28,1160.0,PE,21250,-3400,57,2.2
2026-07-02,2026-07-28,1200.0,CE,850,0,0,153.5
2026-07-02,2026-07-28,1200.0,PE,178925,-27625,304,4.15
2026-07-02,2026-07-28,1220.0,CE,0,0,0,374.5
2026-07-02,2026-07-28,1220.0,PE,41225,8925,51,5.7
2026-07-02,2026-07-28,1240.0,CE,6375,-425,5,117.15
2026-07-02,2026-07-28,1240.0,PE,141100,-9775,194,8.2
2026-07-02,2026-07-28,1260.0,CE,0,0,0,337.1
2026-07-02,2026-07-28,1260.0,PE,33575,5525,139,11.55
2026-07-02,2026-07-28,1280.0,CE,850,0,0,77.9
2026-07-02,2026-07-28,1280.0,PE,118150,-6375,190,16.05
2026-07-02,2026-07-28,1300.0,CE,87550,850,79,71.85
2026-07-02,2026-07-28,1300.0,PE,158950,5100,356,21.5
2026-07-02,2026-07-28,1320.0,CE,93500,7225,79,58.9
2026-07-02,2026-07-28,1320.0,PE,142375,-1275,209,28.75
2026-07-02,2026-07-28,1340.0,CE,233750,1275,537,48.2
2026-07-02,2026-07-28,1340.0,PE,159375,7650,363,37.45
2026-07-02,2026-07-28,1360.0,CE,201875,19125,720,38.35
2026-07-02,2026-07-28,1360.0,PE,149175,-1700,254,47.65
2026-07-02,2026-07-28,1380.0,CE,177225,16150,672,30.7
2026-07-02,2026-07-28,1380.0,PE,86700,2125,84,59.45
2026-07-02,2026-07-28,1400.0,CE,659600,46325,1162,23.8
2026-07-02,2026-07-28,1400.0,PE,235875,5525,143,72.85
2026-07-02,2026-07-28,1420.0,CE,127925,14875,317,18.45
2026-07-02,2026-07-28,1420.0,PE,14875,425,3,85.25
2026-07-02,2026-07-28,1440.0,CE,107100,-1275,340,14.35
2026-07-02,2026-07-28,1440.0,PE,30600,425,5,100.85
2026-07-02,2026-07-28,1460.0,CE,177225,2125,350,10.65
2026-07-02,2026-07-28,1460.0,PE,9775,0,0,135.05
2026-07-02,2026-07-28,1480.0,CE,112200,10200,92,8.55
2026-07-02,2026-07-28,1480.0,PE,71825,425,3,139.1
2026-07-02,2026-07-28,1500.0,CE,581400,39950,676,6.7
2026-07-02,2026-07-28,1500.0,PE,217600,0,2,152.3
2026-07-02,2026-07-28,1520.0,CE,175950,12750,126,5.25
2026-07-02,2026-07-28,1520.0,PE,23800,425,3,172.15
2026-07-02,2026-07-28,1540.0,CE,105400,-2125,88,4.05
2026-07-02,2026-07-28,1540.0,PE,9350,0,0,204.35
2026-07-02,2026-07-28,1560.0,CE,63325,5525,40,3.4
2026-07-02,2026-07-28,1560.0,PE,5950,425,4,218.55
2026-07-02,2026-07-28,1580.0,CE,19550,-1700,16,2.55
2026-07-02,2026-07-28,1580.0,PE,1700,0,0,116.3
2026-07-02,2026-07-28,1600.0,CE,261800,4675,113,2.25
2026-07-02,2026-07-28,1600.0,PE,34000,-1700,5,248.85
2026-07-02,2026-07-28,1620.0,CE,8075,-425,3,1.25
2026-07-02,2026-07-28,1620.0,PE,2550,0,0,279.0
2026-07-02,2026-07-28,1640.0,PE,4250,0,0,153.0
2026-07-02,2026-07-28,1660.0,CE,8925,0,1,1.35
2026-07-02,2026-07-28,1660.0,PE,850,0,0,181.5
2026-07-02,2026-07-28,1680.0,CE,12325,0,9,1.05
2026-07-02,2026-07-28,1680.0,PE,1700,1275,3,327.5
2026-07-02,2026-07-28,1700.0,CE,133025,-11475,152,0.9
2026-07-02,2026-07-28,1700.0,PE,4675,0,0,361.0
2026-07-02,2026-07-28,1720.0,CE,28475,-425,18,0.85
2026-07-02,2026-07-28,1720.0,PE,425,0,0,168.4
2026-07-02,2026-07-28,1740.0,CE,31025,425,116,0.65
2026-07-02,2026-07-28,1740.0,PE,2550,0,0,220.0
2026-07-02,2026-07-28,1760.0,CE,29750,0,7,0.55
2026-07-02,2026-07-28,1760.0,PE,425,0,0,202.35
2026-07-02,2026-07-28,1800.0,CE,38250,850,10,0.3
2026-07-02,2026-07-28,1800.0,PE,9350,0,0,231.0
2026-07-02,2026-07-28,1840.0,CE,1700,-425,2,0.15
2026-07-02,2026-07-28,1840.0,PE,1700,0,0,500.3
2026-07-02,2026-08-25,1120.0,CE,0,0,0,477.55
2026-07-02,2026-08-25,1120.0,PE,0,0,0,2.2
2026-07-02,2026-08-25,1160.0,CE,0,0,0,439.6
2026-07-02,2026-08-25,1160.0,PE,0,0,0,3.65
2026-07-02,2026-08-25,1200.0,CE,0,0,0,402.4
2026-07-02,2026-08-25,1200.0,PE,0,0,0,5.85
2026-07-02,2026-08-25,1220.0,CE,0,0,0,154.5
2026-07-02,2026-08-25,1220.0,PE,0,0,0,27.35
2026-07-02,2026-08-25,1240.0,CE,0,0,0,366.1
2026-07-02,2026-08-25,1240.0,PE,0,0,0,9.0
2026-07-02,2026-08-25,1260.0,CE,0,0,0,127.0
2026-07-02,2026-08-25,1260.0,PE,0,0,0,39.5
2026-07-02,2026-08-25,1280.0,CE,0,0,0,331.0
2026-07-02,2026-08-25,1280.0,PE,0,0,0,13.3
2026-07-02,2026-08-25,1300.0,CE,0,0,0,102.8
2026-07-02,2026-08-25,1300.0,PE,0,0,0,54.9
2026-07-02,2026-08-25,1320.0,CE,0,0,0,297.3
2026-07-02,2026-08-25,1320.0,PE,0,0,0,19.0
2026-07-02,2026-08-25,1340.0,CE,0,0,0,81.85
2026-07-02,2026-08-25,1340.0,PE,0,0,0,73.55
2026-07-02,2026-08-25,1360.0,CE,0,0,0,265.2
2026-07-02,2026-08-25,1360.0,PE,0,0,0,26.3
2026-07-02,2026-08-25,1380.0,CE,0,0,0,64.1
2026-07-02,2026-08-25,1380.0,PE,0,0,0,95.45
2026-07-02,2026-08-25,1400.0,CE,0,0,0,234.95
2026-07-02,2026-08-25,1400.0,PE,2550,0,0,114.95
2026-07-02,2026-08-25,1420.0,CE,0,0,0,49.4
2026-07-02,2026-08-25,1420.0,PE,0,0,0,120.35
2026-07-02,2026-08-25,1440.0,CE,0,0,0,206.65
2026-07-02,2026-08-25,1440.0,PE,0,0,0,46.6
2026-07-02,2026-08-25,1460.0,CE,0,0,0,37.5
2026-07-02,2026-08-25,1460.0,PE,0,0,0,148.05
2026-07-02,2026-08-25,1480.0,CE,0,0,0,180.45
2026-07-02,2026-08-25,1480.0,PE,0,0,0,59.75
2026-07-02,2026-08-25,1500.0,CE,0,0,0,28.1
2026-07-02,2026-08-25,1500.0,PE,0,0,0,178.3
2026-07-02,2026-08-25,1520.0,CE,0,0,0,156.5
2026-07-02,2026-08-25,1520.0,PE,1275,0,1,190.0
2026-07-02,2026-08-25,1560.0,CE,0,0,0,134.75
2026-07-02,2026-08-25,1560.0,PE,0,0,0,92.9
2026-07-02,2026-08-25,1600.0,CE,425,425,2,9.0
2026-07-02,2026-08-25,1600.0,PE,0,0,0,112.8
2026-07-02,2026-09-29,1120.0,CE,0,0,0,250.7
2026-07-02,2026-09-29,1120.0,PE,0,0,0,17.9
2026-07-02,2026-09-29,1200.0,CE,0,0,0,190.0
2026-07-02,2026-09-29,1200.0,PE,0,0,0,35.95
2026-07-02,2026-09-29,1240.0,CE,0,0,0,163.0
2026-07-02,2026-09-29,1240.0,PE,0,0,0,48.4
2026-07-02,2026-09-29,1280.0,CE,0,0,0,138.65
2026-07-02,2026-09-29,1280.0,PE,0,0,0,63.4
2026-07-02,2026-09-29,1320.0,CE,0,0,0,116.85
2026-07-02,2026-09-29,1320.0,PE,0,0,0,81.0
2026-07-02,2026-09-29,1360.0,CE,0,0,0,97.6
2026-07-02,2026-09-29,1360.0,PE,0,0,0,101.15
2026-07-02,2026-09-29,1400.0,CE,425,425,1,60.0
2026-07-02,2026-09-29,1400.0,PE,0,0,0,123.7
2026-07-02,2026-09-29,1440.0,CE,0,0,0,66.3
2026-07-02,2026-09-29,1440.0,PE,0,0,0,148.65
2026-07-02,2026-09-29,1480.0,CE,0,0,0,54.0
2026-07-02,2026-09-29,1480.0,PE,0,0,0,175.7
2026-07-02,2026-09-29,1520.0,CE,0,0,0,43.7
2026-07-02,2026-09-29,1520.0,PE,0,0,0,204.75
2026-07-02,2026-09-29,1600.0,CE,0,0,0,27.85
2026-07-02,2026-09-29,1600.0,PE,0,0,0,267.75
2026-07-03,2026-07-28,1080.0,PE,54825,425,67,0.4
2026-07-03,2026-07-28,1120.0,CE,2125,0,0,228.35
2026-07-03,2026-07-28,1120.0,PE,0,0,0,2.55
2026-07-03,2026-07-28,1160.0,CE,2125,0,0,190.1
2026-07-03,2026-07-28,1160.0,PE,19975,-1275,29,0.8
2026-07-03,2026-07-28,1200.0,CE,850,0,0,153.5
2026-07-03,2026-07-28,1200.0,PE,170000,-8925,212,3.35
2026-07-03,2026-07-28,1220.0,CE,0,0,0,374.5
2026-07-03,2026-07-28,1220.0,PE,39950,-1275,108,4.85
2026-07-03,2026-07-28,1240.0,CE,6375,0,0,117.15
2026-07-03,2026-07-28,1240.0,PE,158100,17000,348,6.8
2026-07-03,2026-07-28,1260.0,CE,0,0,0,337.1
2026-07-03,2026-07-28,1260.0,PE,54825,21250,309,9.65
2026-07-03,2026-07-28,1280.0,CE,850,0,0,77.9
2026-07-03,2026-07-28,1280.0,PE,122825,4675,360,13.35
2026-07-03,2026-07-28,1300.0,CE,91375,3825,96,84.9
2026-07-03,2026-07-28,1300.0,PE,242675,83725,901,18.0
2026-07-03,2026-07-28,1320.0,CE,90950,-2550,25,71.2
2026-07-03,2026-07-28,1320.0,PE,196350,53975,366,24.4
2026-07-03,2026-07-28,1340.0,CE,247775,14025,1122,58.6
2026-07-03,2026-07-28,1340.0,PE,170425,11050,509,31.7
2026-07-03,2026-07-28,1360.0,CE,329375,127500,2009,48.05
2026-07-03,2026-07-28,1360.0,PE,192525,43350,455,40.75
2026-07-03,2026-07-28,1380.0,CE,218025,40800,1388,38.3
2026-07-03,2026-07-28,1380.0,PE,102000,15300,211,50.85
2026-07-03,2026-07-28,1400.0,CE,613700,-45900,2927,30.85
2026-07-03,2026-07-28,1400.0,PE,254150,18275,240,61.5
2026-07-03,2026-07-28,1420.0,CE,113050,-14875,655,23.75
2026-07-03,2026-07-28,1420.0,PE,12750,-2125,13,76.0
2026-07-03,2026-07-28,1440.0,CE,97325,-9775,537,18.65
2026-07-03,2026-07-28,1440.0,PE,31450,850,41,91.35
2026-07-03,2026-07-28,1460.0,CE,131750,-45475,660,14.4
2026-07-03,2026-07-28,1460.0,PE,9775,0,15,105.15
2026-07-03,2026-07-28,1480.0,CE,115175,2975,260,11.45
2026-07-03,2026-07-28,1480.0,PE,71825,0,1,115.0
2026-07-03,2026-07-28,1500.0,CE,542300,-39100,1350,8.75
2026-07-03,2026-07-28,1500.0,PE,222700,5100,34,141.15
2026-07-03,2026-07-28,1520.0,CE,159800,-16150,196,6.5
2026-07-03,2026-07-28,1520.0,PE,31025,7225,29,158.95
2026-07-03,2026-07-28,1540.0,CE,112200,6800,181,5.1
2026-07-03,2026-07-28,1540.0,PE,9350,0,0,204.35
2026-07-03,2026-07-28,1560.0,CE,67150,3825,82,3.95
2026-07-03,2026-07-28,1560.0,PE,5950,0,0,218.55
2026-07-03,2026-07-28,1580.0,CE,19125,-425,13,3.15
2026-07-03,2026-07-28,1580.0,PE,1700,0,0,116.3
2026-07-03,2026-07-28,1600.0,CE,267325,5525,236,2.6
2026-07-03,2026-07-28,1600.0,PE,34000,0,0,248.85
2026-07-03,2026-07-28,1620.0,CE,8925,850,9,1.95
2026-07-03,2026-07-28,1620.0,PE,2550,0,0,279.0
2026-07-03,2026-07-28,1640.0,PE,4250,0,0,153.0
2026-07-03,2026-07-28,1660.0,CE,8925,0,0,1.35
2026-07-03,2026-07-28,1660.0,PE,850,0,0,181.5
2026-07-03,2026-07-28,1680.0,CE,12325,0,0,1.05
2026-07-03,2026-07-28,1680.0,PE,2550,850,3,321.35
2026-07-03,2026-07-28,1700.0,CE,130475,-2550,67,1.0
2026-07-03,2026-07-28,1700.0,PE,4675,0,0,361.0
2026-07-03,2026-07-28,1720.0,CE,29750,1275,29,0.65
2026-07-03,2026-07-28,1720.0,PE,425,0,0,168.4
2026-07-03,2026-07-28,1740.0,CE,31875,850,75,0.55
2026-07-03,2026-07-28,1740.0,PE,2550,0,6,376.4
2026-07-03,2026-07-28,1760.0,CE,29750,0,21,0.5
2026-07-03,2026-07-28,1760.0,PE,425,0,0,202.35
2026-07-03,2026-07-28,1800.0,CE,37825,-425,6,0.55
2026-07-03,2026-07-28,1800.0,PE,9350,0,0,231.0
2026-07-03,2026-07-28,1840.0,CE,1700,0,0,0.15
2026-07-03,2026-07-28,1840.0,PE,1700,0,0,500.3
2026-07-03,2026-08-25,1120.0,CE,0,0,0,477.55
2026-07-03,2026-08-25,1120.0,PE,0,0,0,2.2
2026-07-03,2026-08-25,1160.0,CE,0,0,0,439.6
2026-07-03,2026-08-25,1160.0,PE,0,0,0,3.65
2026-07-03,2026-08-25,1200.0,CE,0,0,0,402.4
2026-07-03,2026-08-25,1200.0,PE,0,0,0,5.85
2026-07-03,2026-08-25,1220.0,CE,0,0,0,154.5
2026-07-03,2026-08-25,1220.0,PE,0,0,0,27.35
2026-07-03,2026-08-25,1240.0,CE,0,0,0,366.1
2026-07-03,2026-08-25,1240.0,PE,0,0,0,9.0
2026-07-03,2026-08-25,1260.0,CE,0,0,0,127.0
2026-07-03,2026-08-25,1260.0,PE,0,0,0,39.5
2026-07-03,2026-08-25,1280.0,CE,0,0,0,331.0
2026-07-03,2026-08-25,1280.0,PE,0,0,0,13.3
2026-07-03,2026-08-25,1300.0,CE,425,425,1,76.3
2026-07-03,2026-08-25,1300.0,PE,425,425,1,32.0
2026-07-03,2026-08-25,1320.0,CE,0,0,0,297.3
2026-07-03,2026-08-25,1320.0,PE,0,0,0,19.0
2026-07-03,2026-08-25,1340.0,CE,0,0,0,81.85
2026-07-03,2026-08-25,1340.0,PE,0,0,0,73.55
2026-07-03,2026-08-25,1360.0,CE,0,0,0,265.2
2026-07-03,2026-08-25,1360.0,PE,0,0,0,26.3
2026-07-03,2026-08-25,1380.0,CE,0,0,0,64.1
2026-07-03,2026-08-25,1380.0,PE,425,425,1,95.45
2026-07-03,2026-08-25,1400.0,CE,0,0,0,234.95
2026-07-03,2026-08-25,1400.0,PE,2125,-425,8,92.7
2026-07-03,2026-08-25,1420.0,CE,0,0,0,49.4
2026-07-03,2026-08-25,1420.0,PE,0,0,0,120.35
2026-07-03,2026-08-25,1440.0,CE,0,0,0,206.65
2026-07-03,2026-08-25,1440.0,PE,0,0,0,46.6
2026-07-03,2026-08-25,1460.0,CE,0,0,0,37.5
2026-07-03,2026-08-25,1460.0,PE,0,0,0,148.05
2026-07-03,2026-08-25,1480.0,CE,0,0,0,180.45
2026-07-03,2026-08-25,1480.0,PE,0,0,0,59.75
2026-07-03,2026-08-25,1500.0,CE,1700,1700,4,15.4
2026-07-03,2026-08-25,1500.0,PE,0,0,0,178.3
2026-07-03,2026-08-25,1520.0,CE,2550,2550,6,15.2
2026-07-03,2026-08-25,1520.0,PE,1275,0,1,182.1
2026-07-03,2026-08-25,1560.0,CE,0,0,0,134.75
2026-07-03,2026-08-25,1560.0,PE,0,0,0,92.9
2026-07-03,2026-08-25,1600.0,CE,425,0,1,9.0
2026-07-03,2026-08-25,1600.0,PE,0,0,0,112.8
2026-07-03,2026-09-29,1120.0,CE,0,0,0,250.7
2026-07-03,2026-09-29,1120.0,PE,0,0,0,17.9
2026-07-03,2026-09-29,1200.0,CE,0,0,0,190.0
2026-07-03,2026-09-29,1200.0,PE,0,0,0,35.95
2026-07-03,2026-09-29,1240.0,CE,0,0,0,163.0
2026-07-03,2026-09-29,1240.0,PE,0,0,0,48.4
2026-07-03,2026-09-29,1280.0,CE,0,0,0,138.65
2026-07-03,2026-09-29,1280.0,PE,0,0,0,63.4
2026-07-03,2026-09-29,1320.0,CE,0,0,0,116.85
2026-07-03,2026-09-29,1320.0,PE,0,0,0,81.0
2026-07-03,2026-09-29,1360.0,CE,0,0,0,97.6
2026-07-03,2026-09-29,1360.0,PE,0,0,0,101.15
2026-07-03,2026-09-29,1400.0,CE,850,425,3,50.0
2026-07-03,2026-09-29,1400.0,PE,0,0,0,123.7
2026-07-03,2026-09-29,1440.0,CE,0,0,0,66.3
2026-07-03,2026-09-29,1440.0,PE,0,0,0,148.65
2026-07-03,2026-09-29,1480.0,CE,0,0,0,54.0
2026-07-03,2026-09-29,1480.0,PE,0,0,0,175.7
2026-07-03,2026-09-29,1520.0,CE,0,0,0,43.7
2026-07-03,2026-09-29,1520.0,PE,0,0,0,204.75
2026-07-03,2026-09-29,1600.0,CE,0,0,0,27.85
2026-07-03,2026-09-29,1600.0,PE,0,0,0,267.75
