date,expiry,strike,opt_type,oi,chg_oi,volume,close
2026-06-05,2026-06-30,820.0,CE,2000,0,0,165.0
2026-06-05,2026-06-30,820.0,PE,0,0,0,43.7
2026-06-05,2026-06-30,840.0,CE,3000,0,0,128.95
2026-06-05,2026-06-30,840.0,PE,73000,-2000,10,1.05
2026-06-05,2026-06-30,860.0,CE,0,0,0,61.1
2026-06-05,2026-06-30,860.0,PE,129000,11000,39,1.9
2026-06-05,2026-06-30,870.0,CE,0,0,0,172.05
2026-06-05,2026-06-30,870.0,PE,5000,0,0,4.05
2026-06-05,2026-06-30,880.0,CE,0,0,0,52.55
2026-06-05,2026-06-30,880.0,PE,68000,-5000,87,3.2
2026-06-05,2026-06-30,890.0,CE,0,0,0,155.75
2026-06-05,2026-06-30,890.0,PE,28000,7000,18,5.0
2026-06-05,2026-06-30,900.0,CE,52000,-3000,6,88.0
2026-06-05,2026-06-30,900.0,PE,229000,-21000,355,5.3
2026-06-05,2026-06-30,910.0,CE,0,0,0,140.2
2026-06-05,2026-06-30,910.0,PE,72000,0,33,6.75
2026-06-05,2026-06-30,920.0,CE,3000,0,0,60.0
2026-06-05,2026-06-30,920.0,PE,157000,35000,144,8.85
2026-06-05,2026-06-30,930.0,CE,0,0,0,125.55
2026-06-05,2026-06-30,930.0,PE,58000,0,25,10.8
2026-06-05,2026-06-30,940.0,CE,60000,19000,102,49.15
2026-06-05,2026-06-30,940.0,PE,142000,-20000,117,13.25
2026-06-05,2026-06-30,950.0,CE,143000,1000,201,41.8
2026-06-05,2026-06-30,950.0,PE,316000,-4000,220,16.4
2026-06-05,2026-06-30,960.0,CE,251000,-2000,638,36.1
2026-06-05,2026-06-30,960.0,PE,274000,24000,443,20.45
2026-06-05,2026-06-30,970.0,CE,255000,99000,694,30.6
2026-06-05,2026-06-30,970.0,PE,256000,16000,456,25.0
2026-06-05,2026-06-30,980.0,CE,527000,36000,781,25.7
2026-06-05,2026-06-30,980.0,PE,407000,89000,445,29.3
2026-06-05,2026-06-30,990.0,CE,129000,21000,166,21.35
2026-06-05,2026-06-30,990.0,PE,137000,0,3,35.5
2026-06-05,2026-06-30,1000.0,CE,697000,27000,1283,17.6
2026-06-05,2026-06-30,1000.0,PE,339000,21000,65,41.3
2026-06-05,2026-06-30,1010.0,CE,206000,-58000,288,14.25
2026-06-05,2026-06-30,1010.0,PE,104000,0,0,51.1
2026-06-05,2026-06-30,1020.0,CE,276000,-31000,323,11.65
2026-06-05,2026-06-30,1020.0,PE,286000,-7000,13,48.05
2026-06-05,2026-06-30,1030.0,CE,147000,-19000,161,9.4
2026-06-05,2026-06-30,1030.0,PE,124000,0,0,56.0
2026-06-05,2026-06-30,1040.0,CE,163000,14000,155,7.55
2026-06-05,2026-06-30,1040.0,PE,23000,0,0,61.8
2026-06-05,2026-06-30,1050.0,CE,241000,47000,380,6.15
2026-06-05,2026-06-30,1050.0,PE,48000,0,0,80.8
2026-06-05,2026-06-30,1060.0,CE,202000,94000,294,4.95
2026-06-05,2026-06-30,1060.0,PE,8000,0,0,64.8
2026-06-05,2026-06-30,1070.0,CE,122000,51000,143,4.0
2026-06-05,2026-06-30,1070.0,PE,17000,0,0,89.8
2026-06-05,2026-06-30,1080.0,CE,163000,-5000,42,3.3
2026-06-05,2026-06-30,1080.0,PE,4000,0,0,80.0
2026-06-05,2026-06-30,1090.0,CE,30000,1000,23,2.5
2026-06-05,2026-06-30,1090.0,PE,0,0,0,98.4
2026-06-05,2026-06-30,1100.0,CE,491000,-28000,292,2.25
2026-06-05,2026-06-30,1100.0,PE,45000,0,1,128.0
2026-06-05,2026-06-30,1120.0,CE,152000,0,59,1.55
2026-06-05,2026-06-30,1120.0,PE,9000,0,3,147.3
2026-06-05,2026-06-30,1130.0,CE,14000,0,4,1.75
2026-06-05,2026-06-30,1140.0,CE,89000,1000,7,1.7
2026-06-05,2026-06-30,1140.0,PE,0,0,0,126.0
2026-06-05,2026-06-30,1160.0,CE,74000,-1000,1,0.55
2026-06-05,2026-06-30,1160.0,PE,3000,0,0,132.4
2026-06-05,2026-06-30,1200.0,CE,67000,14000,17,0.65
2026-06-05,2026-06-30,1200.0,PE,0,-1000,1,225.0
2026-06-05,2026-07-28,820.0,CE,0,0,0,223.65
2026-06-05,2026-07-28,820.0,PE,1000,1000,1,5.0
2026-06-05,2026-07-28,840.0,CE,0,0,0,206.7
2026-06-05,2026-07-28,840.0,PE,0,0,0,11.85
2026-06-05,2026-07-28,860.0,CE,0,0,0,190.4
2026-06-05,2026-07-28,860.0,PE,1000,0,0,6.4
2026-06-05,2026-07-28,870.0,CE,0,0,0,161.9
2026-06-05,2026-07-28,870.0,PE,0,0,0,11.2
2026-06-05,2026-07-28,880.0,CE,0,0,0,174.7
2026-06-05,2026-07-28,880.0,PE,0,0,0,19.25
2026-06-05,2026-07-28,890.0,CE,0,0,0,145.8
2026-06-05,2026-07-28,890.0,PE,0,0,0,14.9
2026-06-05,2026-07-28,900.0,CE,0,0,0,159.7
2026-06-05,2026-07-28,900.0,PE,0,0,0,24.0
2026-06-05,2026-07-28,910.0,CE,0,0,0,130.55
2026-06-05,2026-07-28,910.0,PE,0,0,0,19.4
2026-06-05,2026-07-28,920.0,CE,0,0,0,145.45
2026-06-05,2026-07-28,920.0,PE,0,0,0,29.45
2026-06-05,2026-07-28,930.0,CE,0,0,0,116.2
2026-06-05,2026-07-28,930.0,PE,0,0,0,24.85
2026-06-05,2026-07-28,940.0,CE,0,0,0,131.9
2026-06-05,2026-07-28,940.0,PE,0,0,0,35.6
2026-06-05,2026-07-28,950.0,CE,0,0,0,102.7
2026-06-05,2026-07-28,950.0,PE,2000,0,0,29.0
2026-06-05,2026-07-28,960.0,CE,0,0,0,119.2
2026-06-05,2026-07-28,960.0,PE,1000,0,0,37.0
2026-06-05,2026-07-28,970.0,CE,0,0,0,90.25
2026-06-05,2026-07-28,970.0,PE,0,0,0,38.5
2026-06-05,2026-07-28,980.0,CE,0,0,0,107.35
2026-06-05,2026-07-28,980.0,PE,0,0,0,50.5
2026-06-05,2026-07-28,990.0,CE,0,0,0,78.85
2026-06-05,2026-07-28,990.0,PE,0,0,0,46.9
2026-06-05,2026-07-28,1000.0,CE,26000,1000,3,39.0
2026-06-05,2026-07-28,1000.0,PE,3000,1000,1,53.0
2026-06-05,2026-07-28,1010.0,CE,0,0,0,68.45
2026-06-05,2026-07-28,1010.0,PE,0,0,0,56.3
2026-06-05,2026-07-28,1020.0,CE,0,0,0,86.1
2026-06-05,2026-07-28,1020.0,PE,0,0,0,68.65
2026-06-05,2026-07-28,1030.0,CE,0,0,0,59.05
2026-06-05,2026-07-28,1030.0,PE,0,0,0,66.65
2026-06-05,2026-07-28,1040.0,CE,0,0,0,76.65
2026-06-05,2026-07-28,1040.0,PE,0,0,0,78.95
2026-06-05,2026-07-28,1050.0,CE,0,0,0,50.6
2026-06-05,2026-07-28,1050.0,PE,0,0,0,78.05
2026-06-05,2026-07-28,1060.0,CE,0,0,0,68.05
2026-06-05,2026-07-28,1060.0,PE,0,0,0,90.0
2026-06-05,2026-07-28,1070.0,CE,0,0,0,43.15
2026-06-05,2026-07-28,1070.0,PE,0,0,0,90.35
2026-06-05,2026-07-28,1080.0,CE,0,0,0,60.15
2026-06-05,2026-07-28,1080.0,PE,0,0,0,101.85
2026-06-05,2026-07-28,1090.0,CE,0,0,0,36.55
2026-06-05,2026-07-28,1090.0,PE,0,0,0,103.55
2026-06-05,2026-07-28,1100.0,CE,2000,1000,3,9.45
2026-06-05,2026-07-28,1100.0,PE,0,0,0,114.45
2026-06-05,2026-07-28,1120.0,CE,0,0,0,46.6
2026-06-05,2026-07-28,1120.0,PE,0,0,0,127.7
2026-06-05,2026-07-28,1140.0,CE,1000,0,2,6.8
2026-06-05,2026-07-28,1140.0,PE,0,0,0,141.65
2026-06-05,2026-08-25,840.0,CE,0,0,0,196.45
2026-06-05,2026-08-25,840.0,PE,0,0,0,12.25
2026-06-05,2026-08-25,880.0,CE,0,0,0,164.75
2026-06-05,2026-08-25,880.0,PE,0,0,0,19.95
2026-06-05,2026-08-25,900.0,CE,0,0,0,150.0
2026-06-05,2026-08-25,900.0,PE,0,0,0,24.9
2026-06-05,2026-08-25,920.0,CE,0,0,0,135.95
2026-06-05,2026-08-25,920.0,PE,0,0,0,30.55
2026-06-05,2026-08-25,940.0,CE,0,0,0,122.75
2026-06-05,2026-08-25,940.0,PE,0,0,0,37.05
2026-06-05,2026-08-25,960.0,CE,0,0,0,110.35
2026-06-05,2026-08-25,960.0,PE,0,0,0,44.4
2026-06-05,2026-08-25,980.0,CE,0,0,0,98.85
2026-06-05,2026-08-25,980.0,PE,0,0,0,52.55
2026-06-05,2026-08-25,1000.0,CE,0,0,0,88.2
2026-06-05,2026-08-25,1000.0,PE,0,0,0,61.6
2026-06-05,2026-08-25,1020.0,CE,0,0,0,78.35
2026-06-05,2026-08-25,1020.0,PE,0,0,0,71.5
2026-06-05,2026-08-25,1040.0,CE,0,0,0,69.35
2026-06-05,2026-08-25,1040.0,PE,0,0,0,82.2
2026-06-05,2026-08-25,1060.0,CE,0,0,0,61.15
2026-06-05,2026-08-25,1060.0,PE,0,0,0,93.7
2026-06-05,2026-08-25,1080.0,CE,0,0,0,53.75
2026-06-05,2026-08-25,1080.0,PE,0,0,0,105.95
2026-06-05,2026-08-25,1120.0,CE,0,0,0,41.0
2026-06-05,2026-08-25,1120.0,PE,0,0,0,132.7
2026-06-08,2026-06-30,820.0,CE,2000,0,0,165.0
2026-06-08,2026-06-30,820.0,PE,0,0,0,43.7
2026-06-08,2026-06-30,840.0,CE,3000,0,0,128.95
2026-06-08,2026-06-30,840.0,PE,96000,23000,103,1.8
2026-06-08,2026-06-30,860.0,CE,0,0,0,61.1
2026-06-08,2026-06-30,860.0,PE,136000,7000,72,2.95
2026-06-08,2026-06-30,870.0,CE,0,0,0,172.05
2026-06-08,2026-06-30,870.0,PE,6000,1000,1,4.05
2026-06-08,2026-06-30,880.0,CE,0,0,0,52.55
2026-06-08,2026-06-30,880.0,PE,67000,-1000,5,5.25
2026-06-08,2026-06-30,890.0,CE,5000,5000,5,76.65
2026-06-08,2026-06-30,890.0,PE,29000,1000,24,6.3
2026-06-08,2026-06-30,900.0,CE,52000,0,0,88.0
2026-06-08,2026-06-30,900.0,PE,252000,23000,329,8.0
2026-06-08,2026-06-30,910.0,CE,0,0,0,140.2
2026-06-08,2026-06-30,910.0,PE,74000,2000,30,10.2
2026-06-08,2026-06-30,920.0,CE,3000,0,0,60.0
2026-06-08,2026-06-30,920.0,PE,172000,15000,66,12.45
2026-06-08,2026-06-30,930.0,CE,0,0,0,125.55
2026-06-08,2026-06-30,930.0,PE,58000,0,81,15.15
2026-06-08,2026-06-30,940.0,CE,77000,17000,47,37.5
2026-06-08,2026-06-30,940.0,PE,166000,24000,187,19.4
2026-06-08,2026-06-30,950.0,CE,255000,112000,148,32.3
2026-06-08,2026-06-30,950.0,PE,319000,3000,233,22.9
2026-06-08,2026-06-30,960.0,CE,336000,85000,671,27.8
2026-06-08,2026-06-30,960.0,PE,318000,44000,473,27.35
2026-06-08,2026-06-30,970.0,CE,343000,88000,462,23.0
2026-06-08,2026-06-30,970.0,PE,296000,40000,180,33.1
2026-06-08,2026-06-30,980.0,CE,581000,54000,528,18.6
2026-06-08,2026-06-30,980.0,PE,469000,62000,214,39.35
2026-06-08,2026-06-30,990.0,CE,133000,4000,85,16.0
2026-06-08,2026-06-30,990.0,PE,138000,1000,21,46.75
2026-06-08,2026-06-30,1000.0,CE,756000,59000,693,12.5
2026-06-08,2026-06-30,1000.0,PE,341000,2000,35,53.6
2026-06-08,2026-06-30,1010.0,CE,209000,3000,57,10.15
2026-06-08,2026-06-30,1010.0,PE,104000,0,0,51.1
2026-06-08,2026-06-30,1020.0,CE,298000,22000,269,8.1
2026-06-08,2026-06-30,1020.0,PE,286000,0,0,48.05
2026-06-08,2026-06-30,1030.0,CE,158000,11000,33,6.9
2026-06-08,2026-06-30,1030.0,PE,123000,-1000,11,70.05
2026-06-08,2026-06-30,1040.0,CE,202000,39000,112,5.5
2026-06-08,2026-06-30,1040.0,PE,23000,0,0,61.8
2026-06-08,2026-06-30,1050.0,CE,233000,-8000,323,4.5
2026-06-08,2026-06-30,1050.0,PE,48000,0,0,80.8
2026-06-08,2026-06-30,1060.0,CE,229000,27000,88,3.55
2026-06-08,2026-06-30,1060.0,PE,8000,0,0,64.8
2026-06-08,2026-06-30,1070.0,CE,101000,-21000,62,2.5
2026-06-08,2026-06-30,1070.0,PE,17000,0,0,89.8
2026-06-08,2026-06-30,1080.0,CE,143000,-20000,61,2.4
2026-06-08,2026-06-30,1080.0,PE,4000,0,0,80.0
2026-06-08,2026-06-30,1090.0,CE,30000,0,1,2.5
2026-06-08,2026-06-30,1090.0,PE,0,0,0,98.4
2026-06-08,2026-06-30,1100.0,CE,506000,15000,65,1.75
2026-06-08,2026-06-30,1100.0,PE,45000,0,0,128.0
2026-06-08,2026-06-30,1120.0,CE,153000,1000,15,1.25
2026-06-08,2026-06-30,1120.0,PE,9000,0,0,147.3
2026-06-08,2026-06-30,1130.0,CE,13000,-1000,1,1.1
2026-06-08,2026-06-30,1140.0,CE,92000,3000,10,0.9
2026-06-08,2026-06-30,1140.0,PE,0,0,0,126.0
2026-06-08,2026-06-30,1160.0,CE,71000,-3000,5,0.6
2026-06-08,2026-06-30,1160.0,PE,3000,0,0,132.4
2026-06-08,2026-06-30,1200.0,CE,56000,-11000,13,0.35
2026-06-08,2026-06-30,1200.0,PE,0,0,0,225.0
2026-06-08,2026-07-28,820.0,CE,0,0,0,223.65
2026-06-08,2026-07-28,820.0,PE,1000,0,0,5.0
2026-06-08,2026-07-28,840.0,CE,0,0,0,206.7
2026-06-08,2026-07-28,840.0,PE,0,0,0,11.85
2026-06-08,2026-07-28,860.0,CE,0,0,0,190.4
2026-06-08,2026-07-28,860.0,PE,1000,0,0,6.4
2026-06-08,2026-07-28,870.0,CE,0,0,0,161.9
2026-06-08,2026-07-28,870.0,PE,0,0,0,11.2
2026-06-08,2026-07-28,880.0,CE,0,0,0,174.7
2026-06-08,2026-07-28,880.0,PE,0,0,0,19.25
2026-06-08,2026-07-28,890.0,CE,0,0,0,145.8
2026-06-08,2026-07-28,890.0,PE,0,0,0,14.9
2026-06-08,2026-07-28,900.0,CE,0,0,0,159.7
2026-06-08,2026-07-28,900.0,PE,0,0,0,24.0
2026-06-08,2026-07-28,910.0,CE,0,0,0,130.55
2026-06-08,2026-07-28,910.0,PE,0,0,0,19.4
2026-06-08,2026-07-28,920.0,CE,0,0,0,145.45
2026-06-08,2026-07-28,920.0,PE,0,0,0,29.45
2026-06-08,2026-07-28,930.0,CE,0,0,0,116.2
2026-06-08,2026-07-28,930.0,PE,0,0,0,24.85
2026-06-08,2026-07-28,940.0,CE,0,0,0,131.9
2026-06-08,2026-07-28,940.0,PE,0,0,0,35.6
2026-06-08,2026-07-28,950.0,CE,0,0,0,102.7
2026-06-08,2026-07-28,950.0,PE,2000,0,0,29.0
2026-06-08,2026-07-28,960.0,CE,0,0,0,119.2
2026-06-08,2026-07-28,960.0,PE,1000,0,0,37.0
2026-06-08,2026-07-28,970.0,CE,0,0,0,90.25
2026-06-08,2026-07-28,970.0,PE,0,0,0,38.5
2026-06-08,2026-07-28,980.0,CE,0,0,0,107.35
2026-06-08,2026-07-28,980.0,PE,0,0,0,50.5
2026-06-08,2026-07-28,990.0,CE,0,0,0,78.85
2026-06-08,2026-07-28,990.0,PE,0,0,0,46.9
2026-06-08,2026-07-28,1000.0,CE,26000,0,3,31.0
2026-06-08,2026-07-28,1000.0,PE,3000,0,0,53.0
2026-06-08,2026-07-28,1010.0,CE,0,0,0,68.45
2026-06-08,2026-07-28,1010.0,PE,0,0,0,56.3
2026-06-08,2026-07-28,1020.0,CE,0,0,0,86.1
2026-06-08,2026-07-28,1020.0,PE,0,0,0,68.65
2026-06-08,2026-07-28,1030.0,CE,0,0,0,59.05
2026-06-08,2026-07-28,1030.0,PE,8000,8000,8,78.5
2026-06-08,2026-07-28,1040.0,CE,0,0,0,76.65
2026-06-08,2026-07-28,1040.0,PE,0,0,0,78.95
2026-06-08,2026-07-28,1050.0,CE,0,0,0,50.6
2026-06-08,2026-07-28,1050.0,PE,0,0,0,78.05
2026-06-08,2026-07-28,1060.0,CE,0,0,0,68.05
2026-06-08,2026-07-28,1060.0,PE,0,0,0,90.0
2026-06-08,2026-07-28,1070.0,CE,0,0,0,43.15
2026-06-08,2026-07-28,1070.0,PE,0,0,0,90.35
2026-06-08,2026-07-28,1080.0,CE,0,0,0,60.15
2026-06-08,2026-07-28,1080.0,PE,0,0,0,101.85
2026-06-08,2026-07-28,1090.0,CE,0,0,0,36.55
2026-06-08,2026-07-28,1090.0,PE,0,0,0,103.55
2026-06-08,2026-07-28,1100.0,CE,2000,0,0,9.45
2026-06-08,2026-07-28,1100.0,PE,0,0,0,114.45
2026-06-08,2026-07-28,1120.0,CE,0,0,0,46.6
2026-06-08,2026-07-28,1120.0,PE,0,0,0,127.7
2026-06-08,2026-07-28,1140.0,CE,2000,1000,1,6.8
2026-06-08,2026-07-28,1140.0,PE,0,0,0,141.65
2026-06-08,2026-08-25,840.0,CE,0,0,0,196.45
2026-06-08,2026-08-25,840.0,PE,0,0,0,12.25
2026-06-08,2026-08-25,880.0,CE,0,0,0,164.75
2026-06-08,2026-08-25,880.0,PE,0,0,0,19.95
2026-06-08,2026-08-25,900.0,CE,0,0,0,150.0
2026-06-08,2026-08-25,900.0,PE,0,0,0,24.9
2026-06-08,2026-08-25,920.0,CE,0,0,0,135.95
2026-06-08,2026-08-25,920.0,PE,0,0,0,30.55
2026-06-08,2026-08-25,940.0,CE,0,0,0,122.75
2026-06-08,2026-08-25,940.0,PE,0,0,0,37.05
2026-06-08,2026-08-25,960.0,CE,0,0,0,110.35
2026-06-08,2026-08-25,960.0,PE,0,0,0,44.4
2026-06-08,2026-08-25,980.0,CE,0,0,0,98.85
2026-06-08,2026-08-25,980.0,PE,0,0,0,52.55
2026-06-08,2026-08-25,1000.0,CE,0,0,0,88.2
2026-06-08,2026-08-25,1000.0,PE,0,0,0,61.6
2026-06-08,2026-08-25,1020.0,CE,0,0,0,78.35
2026-06-08,2026-08-25,1020.0,PE,0,0,0,71.5
2026-06-08,2026-08-25,1040.0,CE,0,0,0,69.35
2026-06-08,2026-08-25,1040.0,PE,0,0,0,82.2
2026-06-08,2026-08-25,1060.0,CE,0,0,0,61.15
2026-06-08,2026-08-25,1060.0,PE,0,0,0,93.7
2026-06-08,2026-08-25,1080.0,CE,0,0,0,53.75
2026-06-08,2026-08-25,1080.0,PE,0,0,0,105.95
2026-06-08,2026-08-25,1120.0,CE,0,0,0,41.0
2026-06-08,2026-08-25,1120.0,PE,0,0,0,132.7
2026-06-09,2026-06-30,820.0,CE,2000,0,0,165.0
2026-06-09,2026-06-30,820.0,PE,0,0,0,43.7
2026-06-09,2026-06-30,840.0,CE,3000,0,0,128.95
2026-06-09,2026-06-30,840.0,PE,98000,2000,36,1.0
2026-06-09,2026-06-30,860.0,CE,0,0,0,61.1
2026-06-09,2026-06-30,860.0,PE,127000,-9000,31,1.7
2026-06-09,2026-06-30,870.0,CE,0,0,0,172.05
2026-06-09,2026-06-30,870.0,PE,6000,0,0,4.05
2026-06-09,2026-06-30,880.0,CE,0,0,0,52.55
2026-06-09,2026-06-30,880.0,PE,82000,15000,38,2.7
2026-06-09,2026-06-30,890.0,CE,4000,-1000,3,95.4
2026-06-09,2026-06-30,890.0,PE,23000,-6000,32,3.4
2026-06-09,2026-06-30,900.0,CE,52000,0,0,88.0
2026-06-09,2026-06-30,900.0,PE,224000,-28000,166,4.3
2026-06-09,2026-06-30,910.0,CE,0,0,0,140.2
2026-06-09,2026-06-30,910.0,PE,106000,32000,62,5.35
2026-06-09,2026-06-30,920.0,CE,3000,0,0,60.0
2026-06-09,2026-06-30,920.0,PE,174000,2000,84,6.85
2026-06-09,2026-06-30,930.0,CE,0,0,0,125.55
2026-06-09,2026-06-30,930.0,PE,64000,6000,73,8.6
2026-06-09,2026-06-30,940.0,CE,61000,-16000,44,53.1
2026-06-09,2026-06-30,940.0,PE,158000,-8000,56,10.65
2026-06-09,2026-06-30,950.0,CE,265000,10000,157,45.75
2026-06-09,2026-06-30,950.0,PE,319000,0,166,13.2
2026-06-09,2026-06-30,960.0,CE,334000,-2000,363,38.95
2026-06-09,2026-06-30,960.0,PE,292000,-26000,292,16.2
2026-06-09,2026-06-30,970.0,CE,228000,-115000,517,32.75
2026-06-09,2026-06-30,970.0,PE,309000,13000,363,19.85
2026-06-09,2026-06-30,980.0,CE,630000,49000,1253,27.15
2026-06-09,2026-06-30,980.0,PE,480000,11000,217,24.2
2026-06-09,2026-06-30,990.0,CE,134000,1000,137,22.05
2026-06-09,2026-06-30,990.0,PE,129000,-9000,35,29.3
2026-06-09,2026-06-30,1000.0,CE,710000,-46000,931,17.95
2026-06-09,2026-06-30,1000.0,PE,341000,0,62,34.75
2026-06-09,2026-06-30,1010.0,CE,205000,-4000,87,14.25
2026-06-09,2026-06-30,1010.0,PE,104000,0,13,41.35
2026-06-09,2026-06-30,1020.0,CE,257000,-41000,303,11.3
2026-06-09,2026-06-30,1020.0,PE,288000,2000,43,48.6
2026-06-09,2026-06-30,1030.0,CE,158000,0,81,8.85
2026-06-09,2026-06-30,1030.0,PE,123000,0,0,70.05
2026-06-09,2026-06-30,1040.0,CE,219000,17000,98,7.05
2026-06-09,2026-06-30,1040.0,PE,23000,0,0,61.8
2026-06-09,2026-06-30,1050.0,CE,220000,-13000,241,5.45
2026-06-09,2026-06-30,1050.0,PE,48000,0,0,80.8
2026-06-09,2026-06-30,1060.0,CE,288000,59000,183,4.35
2026-06-09,2026-06-30,1060.0,PE,8000,0,0,64.8
2026-06-09,2026-06-30,1070.0,CE,85000,-16000,74,3.4
2026-06-09,2026-06-30,1070.0,PE,17000,0,0,89.8
2026-06-09,2026-06-30,1080.0,CE,136000,-7000,52,2.8
2026-06-09,2026-06-30,1080.0,PE,4000,0,0,80.0
2026-06-09,2026-06-30,1090.0,CE,30000,0,5,2.85
2026-06-09,2026-06-30,1090.0,PE,0,0,0,98.4
2026-06-09,2026-06-30,1100.0,CE,499000,-7000,126,1.95
2026-06-09,2026-06-30,1100.0,PE,45000,0,3,118.85
2026-06-09,2026-06-30,1120.0,CE,152000,-1000,15,1.15
2026-06-09,2026-06-30,1120.0,PE,6000,-3000,3,138.6
2026-06-09,2026-06-30,1130.0,CE,12000,-1000,1,1.1
2026-06-09,2026-06-30,1140.0,CE,93000,1000,4,0.9
2026-06-09,2026-06-30,1140.0,PE,0,0,0,126.0
2026-06-09,2026-06-30,1160.0,CE,55000,-16000,19,0.65
2026-06-09,2026-06-30,1160.0,PE,3000,0,0,132.4
2026-06-09,2026-06-30,1200.0,CE,56000,0,9,0.35
2026-06-09,2026-06-30,1200.0,PE,0,0,0,225.0
2026-06-09,2026-07-28,820.0,CE,0,0,0,223.65
2026-06-09,2026-07-28,820.0,PE,1000,0,0,5.0
2026-06-09,2026-07-28,840.0,CE,0,0,0,206.7
2026-06-09,2026-07-28,840.0,PE,0,0,0,11.85
2026-06-09,2026-07-28,860.0,CE,0,0,0,190.4
2026-06-09,2026-07-28,860.0,PE,1000,0,0,6.4
2026-06-09,2026-07-28,870.0,CE,0,0,0,161.9
2026-06-09,2026-07-28,870.0,PE,0,0,0,11.2
2026-06-09,2026-07-28,880.0,CE,0,0,0,174.7
2026-06-09,2026-07-28,880.0,PE,0,0,0,19.25
2026-06-09,2026-07-28,890.0,CE,0,0,0,145.8
2026-06-09,2026-07-28,890.0,PE,0,0,0,14.9
2026-06-09,2026-07-28,900.0,CE,0,0,0,159.7
2026-06-09,2026-07-28,900.0,PE,0,0,0,24.0
2026-06-09,2026-07-28,910.0,CE,0,0,0,130.55
2026-06-09,2026-07-28,910.0,PE,0,0,0,19.4
2026-06-09,2026-07-28,920.0,CE,0,0,0,145.45
2026-06-09,2026-07-28,920.0,PE,0,0,0,29.45
2026-06-09,2026-07-28,930.0,CE,0,0,0,116.2
2026-06-09,2026-07-28,930.0,PE,0,0,0,24.85
2026-06-09,2026-07-28,940.0,CE,0,0,0,131.9
2026-06-09,2026-07-28,940.0,PE,0,0,0,35.6
2026-06-09,2026-07-28,950.0,CE,0,0,0,102.7
2026-06-09,2026-07-28,950.0,PE,2000,0,0,29.0
2026-06-09,2026-07-28,960.0,CE,0,0,0,119.2
2026-06-09,2026-07-28,960.0,PE,1000,0,0,37.0
2026-06-09,2026-07-28,970.0,CE,1000,1000,1,49.95
2026-06-09,2026-07-28,970.0,PE,0,0,0,38.5
2026-06-09,2026-07-28,980.0,CE,0,0,0,107.35
2026-06-09,2026-07-28,980.0,PE,0,0,0,50.5
2026-06-09,2026-07-28,990.0,CE,0,0,0,78.85
2026-06-09,2026-07-28,990.0,PE,0,0,0,46.9
2026-06-09,2026-07-28,1000.0,CE,26000,0,0,31.0
2026-06-09,2026-07-28,1000.0,PE,4000,1000,1,50.0
2026-06-09,2026-07-28,1010.0,CE,0,0,0,68.45
2026-06-09,2026-07-28,1010.0,PE,0,0,0,56.3
2026-06-09,2026-07-28,1020.0,CE,0,0,0,86.1
2026-06-09,2026-07-28,1020.0,PE,0,0,0,68.65
2026-06-09,2026-07-28,1030.0,CE,0,0,0,59.05
2026-06-09,2026-07-28,1030.0,PE,8000,0,0,78.5
2026-06-09,2026-07-28,1040.0,CE,0,0,0,76.65
2026-06-09,2026-07-28,1040.0,PE,0,0,0,78.95
2026-06-09,2026-07-28,1050.0,CE,0,0,0,50.6
2026-06-09,2026-07-28,1050.0,PE,0,0,0,78.05
2026-06-09,2026-07-28,1060.0,CE,0,0,0,68.05
2026-06-09,2026-07-28,1060.0,PE,0,0,0,90.0
2026-06-09,2026-07-28,1070.0,CE,0,0,0,43.15
2026-06-09,2026-07-28,1070.0,PE,0,0,0,90.35
2026-06-09,2026-07-28,1080.0,CE,0,0,0,60.15
2026-06-09,2026-07-28,1080.0,PE,0,0,0,101.85
2026-06-09,2026-07-28,1090.0,CE,0,0,0,36.55
2026-06-09,2026-07-28,1090.0,PE,0,0,0,103.55
2026-06-09,2026-07-28,1100.0,CE,3000,1000,1,9.45
2026-06-09,2026-07-28,1100.0,PE,0,0,0,114.45
2026-06-09,2026-07-28,1120.0,CE,0,0,0,46.6
2026-06-09,2026-07-28,1120.0,PE,0,0,0,127.7
2026-06-09,2026-07-28,1140.0,CE,2000,0,0,6.8
2026-06-09,2026-07-28,1140.0,PE,0,0,0,141.65
2026-06-09,2026-08-25,840.0,CE,0,0,0,196.45
2026-06-09,2026-08-25,840.0,PE,0,0,0,12.25
2026-06-09,2026-08-25,880.0,CE,0,0,0,164.75
2026-06-09,2026-08-25,880.0,PE,0,0,0,19.95
2026-06-09,2026-08-25,900.0,CE,0,0,0,150.0
2026-06-09,2026-08-25,900.0,PE,0,0,0,24.9
2026-06-09,2026-08-25,920.0,CE,0,0,0,135.95
2026-06-09,2026-08-25,920.0,PE,0,0,0,30.55
2026-06-09,2026-08-25,940.0,CE,0,0,0,122.75
2026-06-09,2026-08-25,940.0,PE,0,0,0,37.05
2026-06-09,2026-08-25,960.0,CE,0,0,0,110.35
2026-06-09,2026-08-25,960.0,PE,0,0,0,44.4
2026-06-09,2026-08-25,980.0,CE,0,0,0,98.85
2026-06-09,2026-08-25,980.0,PE,0,0,0,52.55
2026-06-09,2026-08-25,1000.0,CE,0,0,0,88.2
2026-06-09,2026-08-25,1000.0,PE,0,0,0,61.6
2026-06-09,2026-08-25,1020.0,CE,0,0,0,78.35
2026-06-09,2026-08-25,1020.0,PE,0,0,0,71.5
2026-06-09,2026-08-25,1040.0,CE,0,0,0,69.35
2026-06-09,2026-08-25,1040.0,PE,0,0,0,82.2
2026-06-09,2026-08-25,1060.0,CE,0,0,0,61.15
2026-06-09,2026-08-25,1060.0,PE,0,0,0,93.7
2026-06-09,2026-08-25,1080.0,CE,0,0,0,53.75
2026-06-09,2026-08-25,1080.0,PE,0,0,0,105.95
2026-06-09,2026-08-25,1120.0,CE,0,0,0,41.0
2026-06-09,2026-08-25,1120.0,PE,0,0,0,132.7
2026-06-10,2026-06-30,820.0,CE,2000,0,0,165.0
2026-06-10,2026-06-30,820.0,PE,0,0,0,43.7
2026-06-10,2026-06-30,840.0,CE,3000,0,0,128.95
2026-06-10,2026-06-30,840.0,PE,110000,12000,47,1.25
2026-06-10,2026-06-30,860.0,CE,0,0,0,61.1
2026-06-10,2026-06-30,860.0,PE,135000,8000,36,2.15
2026-06-10,2026-06-30,870.0,CE,0,0,0,172.05
2026-06-10,2026-06-30,870.0,PE,6000,0,0,4.05
2026-06-10,2026-06-30,880.0,CE,0,0,0,52.55
2026-06-10,2026-06-30,880.0,PE,66000,-16000,88,3.8
2026-06-10,2026-06-30,890.0,CE,4000,0,0,95.4
2026-06-10,2026-06-30,890.0,PE,23000,0,0,3.4
2026-06-10,2026-06-30,900.0,CE,52000,0,0,88.0
2026-06-10,2026-06-30,900.0,PE,235000,11000,167,6.25
2026-06-10,2026-06-30,910.0,CE,0,0,0,140.2
2026-06-10,2026-06-30,910.0,PE,107000,1000,16,8.0
2026-06-10,2026-06-30,920.0,CE,3000,0,0,60.0
2026-06-10,2026-06-30,920.0,PE,155000,-19000,75,10.05
2026-06-10,2026-06-30,930.0,CE,0,0,0,125.55
2026-06-10,2026-06-30,930.0,PE,58000,-6000,47,12.55
2026-06-10,2026-06-30,940.0,CE,69000,8000,43,37.2
2026-06-10,2026-06-30,940.0,PE,152000,-6000,95,15.9
2026-06-10,2026-06-30,950.0,CE,261000,-4000,92,31.3
2026-06-10,2026-06-30,950.0,PE,344000,25000,196,19.5
2026-06-10,2026-06-30,960.0,CE,352000,18000,264,25.85
2026-06-10,2026-06-30,960.0,PE,281000,-11000,225,23.9
2026-06-10,2026-06-30,970.0,CE,271000,43000,385,21.1
2026-06-10,2026-06-30,970.0,PE,250000,-59000,310,29.1
2026-06-10,2026-06-30,980.0,CE,733000,103000,1261,16.9
2026-06-10,2026-06-30,980.0,PE,470000,-10000,403,34.9
2026-06-10,2026-06-30,990.0,CE,136000,2000,180,13.4
2026-06-10,2026-06-30,990.0,PE,125000,-4000,20,41.4
2026-06-10,2026-06-30,1000.0,CE,906000,196000,1278,10.65
2026-06-10,2026-06-30,1000.0,PE,349000,8000,60,49.2
2026-06-10,2026-06-30,1010.0,CE,216000,11000,167,8.35
2026-06-10,2026-06-30,1010.0,PE,105000,1000,24,57.0
2026-06-10,2026-06-30,1020.0,CE,294000,37000,262,6.6
2026-06-10,2026-06-30,1020.0,PE,275000,-13000,25,63.45
2026-06-10,2026-06-30,1030.0,CE,174000,16000,127,5.2
2026-06-10,2026-06-30,1030.0,PE,123000,0,0,70.05
2026-06-10,2026-06-30,1040.0,CE,212000,-7000,108,4.05
2026-06-10,2026-06-30,1040.0,PE,23000,0,0,61.8
2026-06-10,2026-06-30,1050.0,CE,228000,8000,231,3.15
2026-06-10,2026-06-30,1050.0,PE,47000,-1000,6,90.05
2026-06-10,2026-06-30,1060.0,CE,282000,-6000,84,2.5
2026-06-10,2026-06-30,1060.0,PE,8000,0,0,64.8
2026-06-10,2026-06-30,1070.0,CE,82000,-3000,110,2.0
2026-06-10,2026-06-30,1070.0,PE,17000,0,0,89.8
2026-06-10,2026-06-30,1080.0,CE,133000,-3000,37,1.7
2026-06-10,2026-06-30,1080.0,PE,4000,0,0,80.0
2026-06-10,2026-06-30,1090.0,CE,30000,0,1,2.0
2026-06-10,2026-06-30,1090.0,PE,0,0,0,98.4
2026-06-10,2026-06-30,1100.0,CE,516000,17000,133,1.25
2026-06-10,2026-06-30,1100.0,PE,45000,0,0,118.85
2026-06-10,2026-06-30,1120.0,CE,155000,3000,31,0.6
2026-06-10,2026-06-30,1120.0,PE,6000,0,0,138.6
2026-06-10,2026-06-30,1130.0,CE,12000,0,1,1.1
2026-06-10,2026-06-30,1140.0,CE,92000,-1000,4,0.9
2026-06-10,2026-06-30,1140.0,PE,0,0,0,126.0
2026-06-10,2026-06-30,1160.0,CE,55000,0,4,0.5
2026-06-10,2026-06-30,1160.0,PE,3000,0,0,132.4
2026-06-10,2026-06-30,1200.0,CE,52000,-4000,7,0.25
2026-06-10,2026-06-30,1200.0,PE,0,0,0,225.0
2026-06-10,2026-07-28,820.0,CE,0,0,0,223.65
2026-06-10,2026-07-28,820.0,PE,1000,0,0,5.0
2026-06-10,2026-07-28,840.0,CE,0,0,0,206.7
2026-06-10,2026-07-28,840.0,PE,0,0,0,11.85
2026-06-10,2026-07-28,860.0,CE,0,0,0,190.4
2026-06-10,2026-07-28,860.0,PE,2000,1000,1,7.9
2026-06-10,2026-07-28,870.0,CE,0,0,0,161.9
2026-06-10,2026-07-28,870.0,PE,0,0,0,11.2
2026-06-10,2026-07-28,880.0,CE,0,0,0,174.7
2026-06-10,2026-07-28,880.0,PE,0,0,0,19.25
2026-06-10,2026-07-28,890.0,CE,0,0,0,145.8
2026-06-10,2026-07-28,890.0,PE,0,0,0,14.9
2026-06-10,2026-07-28,900.0,CE,0,0,0,159.7
2026-06-10,2026-07-28,900.0,PE,0,0,0,24.0
2026-06-10,2026-07-28,910.0,CE,0,0,0,130.55
2026-06-10,2026-07-28,910.0,PE,0,0,0,19.4
2026-06-10,2026-07-28,920.0,CE,0,0,0,145.45
2026-06-10,2026-07-28,920.0,PE,0,0,0,29.45
2026-06-10,2026-07-28,930.0,CE,0,0,0,116.2
2026-06-10,2026-07-28,930.0,PE,0,0,0,24.85
2026-06-10,2026-07-28,940.0,CE,0,0,0,131.9
2026-06-10,2026-07-28,940.0,PE,0,0,0,35.6
2026-06-10,2026-07-28,950.0,CE,0,0,0,102.7
2026-06-10,2026-07-28,950.0,PE,2000,0,0,29.0
2026-06-10,2026-07-28,960.0,CE,0,0,0,119.2
2026-06-10,2026-07-28,960.0,PE,2000,1000,1,38.0
2026-06-10,2026-07-28,970.0,CE,3000,2000,2,41.0
2026-06-10,2026-07-28,970.0,PE,0,0,0,38.5
2026-06-10,2026-07-28,980.0,CE,0,0,0,107.35
2026-06-10,2026-07-28,980.0,PE,3000,3000,3,42.0
2026-06-10,2026-07-28,990.0,CE,0,0,0,78.85
2026-06-10,2026-07-28,990.0,PE,0,0,0,46.9
2026-06-10,2026-07-28,1000.0,CE,32000,6000,11,27.1
2026-06-10,2026-07-28,1000.0,PE,4000,0,0,50.0
2026-06-10,2026-07-28,1010.0,CE,0,0,0,68.45
2026-06-10,2026-07-28,1010.0,PE,0,0,0,56.3
2026-06-10,2026-07-28,1020.0,CE,0,0,0,86.1
2026-06-10,2026-07-28,1020.0,PE,0,0,0,68.65
2026-06-10,2026-07-28,1030.0,CE,0,0,0,59.05
2026-06-10,2026-07-28,1030.0,PE,8000,0,0,78.5
2026-06-10,2026-07-28,1040.0,CE,0,0,0,76.65
2026-06-10,2026-07-28,1040.0,PE,0,0,0,78.95
2026-06-10,2026-07-28,1050.0,CE,0,0,0,50.6
2026-06-10,2026-07-28,1050.0,PE,0,0,0,78.05
2026-06-10,2026-07-28,1060.0,CE,1000,1000,1,16.8
2026-06-10,2026-07-28,1060.0,PE,0,0,0,90.0
2026-06-10,2026-07-28,1070.0,CE,0,0,0,43.15
2026-06-10,2026-07-28,1070.0,PE,0,0,0,90.35
2026-06-10,2026-07-28,1080.0,CE,0,0,0,60.15
2026-06-10,2026-07-28,1080.0,PE,0,0,0,101.85
2026-06-10,2026-07-28,1090.0,CE,0,0,0,36.55
2026-06-10,2026-07-28,1090.0,PE,0,0,0,103.55
2026-06-10,2026-07-28,1100.0,CE,5000,2000,2,7.6
2026-06-10,2026-07-28,1100.0,PE,0,0,0,114.45
2026-06-10,2026-07-28,1120.0,CE,0,0,0,46.6
2026-06-10,2026-07-28,1120.0,PE,0,0,0,127.7
2026-06-10,2026-07-28,1140.0,CE,2000,0,0,6.8
2026-06-10,2026-07-28,1140.0,PE,0,0,0,141.65
2026-06-10,2026-08-25,840.0,CE,0,0,0,196.45
2026-06-10,2026-08-25,840.0,PE,0,0,0,12.25
2026-06-10,2026-08-25,880.0,CE,0,0,0,164.75
2026-06-10,2026-08-25,880.0,PE,0,0,0,19.95
2026-06-10,2026-08-25,900.0,CE,0,0,0,150.0
2026-06-10,2026-08-25,900.0,PE,0,0,0,24.9
2026-06-10,2026-08-25,920.0,CE,0,0,0,135.95
2026-06-10,2026-08-25,920.0,PE,0,0,0,30.55
2026-06-10,2026-08-25,940.0,CE,0,0,0,122.75
2026-06-10,2026-08-25,940.0,PE,0,0,0,37.05
2026-06-10,2026-08-25,960.0,CE,0,0,0,110.35
2026-06-10,2026-08-25,960.0,PE,0,0,0,44.4
2026-06-10,2026-08-25,980.0,CE,0,0,0,98.85
2026-06-10,2026-08-25,980.0,PE,0,0,0,52.55
2026-06-10,2026-08-25,1000.0,CE,0,0,0,88.2
2026-06-10,2026-08-25,1000.0,PE,0,0,0,61.6
2026-06-10,2026-08-25,1020.0,CE,0,0,0,78.35
2026-06-10,2026-08-25,1020.0,PE,0,0,0,71.5
2026-06-10,2026-08-25,1040.0,CE,0,0,0,69.35
2026-06-10,2026-08-25,1040.0,PE,0,0,0,82.2
2026-06-10,2026-08-25,1060.0,CE,0,0,0,61.15
2026-06-10,2026-08-25,1060.0,PE,0,0,0,93.7
2026-06-10,2026-08-25,1080.0,CE,0,0,0,53.75
2026-06-10,2026-08-25,1080.0,PE,0,0,0,105.95
2026-06-10,2026-08-25,1120.0,CE,0,0,0,41.0
2026-06-10,2026-08-25,1120.0,PE,0,0,0,132.7
2026-06-11,2026-06-30,820.0,CE,2000,0,0,165.0
2026-06-11,2026-06-30,820.0,PE,1000,1000,1,0.85
2026-06-11,2026-06-30,840.0,CE,3000,0,0,128.95
2026-06-11,2026-06-30,840.0,PE,110000,0,5,1.05
2026-06-11,2026-06-30,860.0,CE,0,0,0,61.1
2026-06-11,2026-06-30,860.0,PE,137000,2000,21,1.6
2026-06-11,2026-06-30,870.0,CE,0,0,0,172.05
2026-06-11,2026-06-30,870.0,PE,6000,0,0,4.05
2026-06-11,2026-06-30,880.0,CE,0,0,0,52.55
2026-06-11,2026-06-30,880.0,PE,85000,19000,47,2.75
2026-06-11,2026-06-30,890.0,CE,4000,0,0,95.4
2026-06-11,2026-06-30,890.0,PE,23000,0,4,3.75
2026-06-11,2026-06-30,900.0,CE,53000,1000,3,70.75
2026-06-11,2026-06-30,900.0,PE,284000,49000,241,5.05
2026-06-11,2026-06-30,910.0,CE,3000,3000,9,66.1
2026-06-11,2026-06-30,910.0,PE,109000,2000,20,6.5
2026-06-11,2026-06-30,920.0,CE,3000,0,0,60.0
2026-06-11,2026-06-30,920.0,PE,162000,7000,75,8.65
2026-06-11,2026-06-30,930.0,CE,0,0,0,125.55
2026-06-11,2026-06-30,930.0,PE,61000,3000,108,10.55
2026-06-11,2026-06-30,940.0,CE,79000,10000,65,41.45
2026-06-11,2026-06-30,940.0,PE,172000,20000,93,12.95
2026-06-11,2026-06-30,950.0,CE,247000,-14000,177,33.1
2026-06-11,2026-06-30,950.0,PE,327000,-17000,211,16.0
2026-06-11,2026-06-30,960.0,CE,374000,22000,500,27.35
2026-06-11,2026-06-30,960.0,PE,269000,-12000,395,20.4
2026-06-11,2026-06-30,970.0,CE,279000,8000,531,22.7
2026-06-11,2026-06-30,970.0,PE,268000,18000,250,25.45
2026-06-11,2026-06-30,980.0,CE,731000,-2000,621,17.7
2026-06-11,2026-06-30,980.0,PE,452000,-18000,151,30.1
2026-06-11,2026-06-30,990.0,CE,142000,6000,136,14.4
2026-06-11,2026-06-30,990.0,PE,130000,5000,11,35.0
2026-06-11,2026-06-30,1000.0,CE,878000,-28000,855,10.65
2026-06-11,2026-06-30,1000.0,PE,355000,6000,52,43.7
2026-06-11,2026-06-30,1010.0,CE,214000,-2000,83,8.15
2026-06-11,2026-06-30,1010.0,PE,105000,0,0,57.0
2026-06-11,2026-06-30,1020.0,CE,281000,-13000,144,6.25
2026-06-11,2026-06-30,1020.0,PE,275000,0,0,63.45
2026-06-11,2026-06-30,1030.0,CE,228000,54000,181,4.95
2026-06-11,2026-06-30,1030.0,PE,123000,0,0,70.05
2026-06-11,2026-06-30,1040.0,CE,263000,51000,187,3.85
2026-06-11,2026-06-30,1040.0,PE,24000,1000,18,74.1
2026-06-11,2026-06-30,1050.0,CE,257000,29000,208,2.85
2026-06-11,2026-06-30,1050.0,PE,47000,0,0,90.05
2026-06-11,2026-06-30,1060.0,CE,281000,-1000,68,2.05
2026-06-11,2026-06-30,1060.0,PE,9000,1000,6,89.25
2026-06-11,2026-06-30,1070.0,CE,92000,10000,36,1.75
2026-06-11,2026-06-30,1070.0,PE,17000,0,0,89.8
2026-06-11,2026-06-30,1080.0,CE,125000,-8000,16,1.5
2026-06-11,2026-06-30,1080.0,PE,4000,0,0,80.0
2026-06-11,2026-06-30,1090.0,CE,31000,1000,4,1.2
2026-06-11,2026-06-30,1090.0,PE,0,0,0,98.4
2026-06-11,2026-06-30,1100.0,CE,504000,-12000,166,1.15
2026-06-11,2026-06-30,1100.0,PE,45000,0,0,118.85
2026-06-11,2026-06-30,1120.0,CE,155000,0,59,0.75
2026-06-11,2026-06-30,1120.0,PE,6000,0,0,138.6
2026-06-11,2026-06-30,1130.0,CE,12000,0,0,1.1
2026-06-11,2026-06-30,1140.0,CE,91000,-1000,4,0.7
2026-06-11,2026-06-30,1140.0,PE,0,0,0,126.0
2026-06-11,2026-06-30,1160.0,CE,55000,0,1,0.45
2026-06-11,2026-06-30,1160.0,PE,3000,0,0,132.4
2026-06-11,2026-06-30,1200.0,CE,52000,0,5,0.3
2026-06-11,2026-06-30,1200.0,PE,0,0,0,225.0
2026-06-11,2026-07-28,820.0,CE,0,0,0,223.65
2026-06-11,2026-07-28,820.0,PE,1000,0,0,5.0
2026-06-11,2026-07-28,840.0,CE,0,0,0,206.7
2026-06-11,2026-07-28,840.0,PE,2000,2000,2,6.75
2026-06-11,2026-07-28,860.0,CE,0,0,0,190.4
2026-06-11,2026-07-28,860.0,PE,2000,0,0,7.9
2026-06-11,2026-07-28,870.0,CE,0,0,0,161.9
2026-06-11,2026-07-28,870.0,PE,0,0,0,11.2
2026-06-11,2026-07-28,880.0,CE,0,0,0,174.7
2026-06-11,2026-07-28,880.0,PE,0,0,0,19.25
2026-06-11,2026-07-28,890.0,CE,0,0,0,145.8
2026-06-11,2026-07-28,890.0,PE,0,0,0,14.9
2026-06-11,2026-07-28,900.0,CE,0,0,0,159.7
2026-06-11,2026-07-28,900.0,PE,1000,1000,1,14.0
2026-06-11,2026-07-28,910.0,CE,0,0,0,130.55
2026-06-11,2026-07-28,910.0,PE,0,0,0,19.4
2026-06-11,2026-07-28,920.0,CE,0,0,0,145.45
2026-06-11,2026-07-28,920.0,PE,0,0,0,29.45
2026-06-11,2026-07-28,930.0,CE,0,0,0,116.2
2026-06-11,2026-07-28,930.0,PE,0,0,0,24.85
2026-06-11,2026-07-28,940.0,CE,0,0,0,131.9
2026-06-11,2026-07-28,940.0,PE,0,0,0,35.6
2026-06-11,2026-07-28,950.0,CE,0,0,0,102.7
2026-06-11,2026-07-28,950.0,PE,2000,0,0,29.0
2026-06-11,2026-07-28,960.0,CE,0,0,0,119.2
2026-06-11,2026-07-28,960.0,PE,4000,2000,2,34.0
2026-06-11,2026-07-28,970.0,CE,3000,0,0,41.0
2026-06-11,2026-07-28,970.0,PE,0,0,0,38.5
2026-06-11,2026-07-28,980.0,CE,0,0,0,107.35
2026-06-11,2026-07-28,980.0,PE,3000,0,0,42.0
2026-06-11,2026-07-28,990.0,CE,0,0,0,78.85
2026-06-11,2026-07-28,990.0,PE,0,0,0,46.9
2026-06-11,2026-07-28,1000.0,CE,48000,16000,18,28.05
2026-06-11,2026-07-28,1000.0,PE,4000,0,0,50.0
2026-06-11,2026-07-28,1010.0,CE,0,0,0,68.45
2026-06-11,2026-07-28,1010.0,PE,0,0,0,56.3
2026-06-11,2026-07-28,1020.0,CE,0,0,0,86.1
2026-06-11,2026-07-28,1020.0,PE,0,0,0,68.65
2026-06-11,2026-07-28,1030.0,CE,0,0,0,59.05
2026-06-11,2026-07-28,1030.0,PE,8000,0,0,78.5
2026-06-11,2026-07-28,1040.0,CE,0,0,0,76.65
2026-06-11,2026-07-28,1040.0,PE,0,0,0,78.95
2026-06-11,2026-07-28,1050.0,CE,1000,1000,1,14.0
2026-06-11,2026-07-28,1050.0,PE,0,0,0,78.05
2026-06-11,2026-07-28,1060.0,CE,1000,0,0,16.8
2026-06-11,2026-07-28,1060.0,PE,0,0,0,90.0
2026-06-11,2026-07-28,1070.0,CE,0,0,0,43.15
2026-06-11,2026-07-28,1070.0,PE,0,0,0,90.35
2026-06-11,2026-07-28,1080.0,CE,0,0,0,60.15
2026-06-11,2026-07-28,1080.0,PE,0,0,0,101.85
2026-06-11,2026-07-28,1090.0,CE,0,0,0,36.55
2026-06-11,2026-07-28,1090.0,PE,0,0,0,103.55
2026-06-11,2026-07-28,1100.0,CE,9000,4000,4,7.6
2026-06-11,2026-07-28,1100.0,PE,0,0,0,114.45
2026-06-11,2026-07-28,1120.0,CE,0,0,0,46.6
2026-06-11,2026-07-28,1120.0,PE,0,0,0,127.7
2026-06-11,2026-07-28,1140.0,CE,2000,0,0,6.8
2026-06-11,2026-07-28,1140.0,PE,0,0,0,141.65
2026-06-11,2026-08-25,840.0,CE,0,0,0,196.45
2026-06-11,2026-08-25,840.0,PE,0,0,0,12.25
2026-06-11,2026-08-25,880.0,CE,0,0,0,164.75
2026-06-11,2026-08-25,880.0,PE,0,0,0,19.95
2026-06-11,2026-08-25,900.0,CE,0,0,0,150.0
2026-06-11,2026-08-25,900.0,PE,0,0,0,24.9
2026-06-11,2026-08-25,920.0,CE,0,0,0,135.95
2026-06-11,2026-08-25,920.0,PE,0,0,0,30.55
2026-06-11,2026-08-25,940.0,CE,0,0,0,122.75
2026-06-11,2026-08-25,940.0,PE,0,0,0,37.05
2026-06-11,2026-08-25,960.0,CE,0,0,0,110.35
2026-06-11,2026-08-25,960.0,PE,0,0,0,44.4
2026-06-11,2026-08-25,980.0,CE,0,0,0,98.85
2026-06-11,2026-08-25,980.0,PE,0,0,0,52.55
2026-06-11,2026-08-25,1000.0,CE,0,0,0,88.2
2026-06-11,2026-08-25,1000.0,PE,0,0,0,61.6
2026-06-11,2026-08-25,1020.0,CE,0,0,0,78.35
2026-06-11,2026-08-25,1020.0,PE,0,0,0,71.5
2026-06-11,2026-08-25,1040.0,CE,0,0,0,69.35
2026-06-11,2026-08-25,1040.0,PE,0,0,0,82.2
2026-06-11,2026-08-25,1060.0,CE,0,0,0,61.15
2026-06-11,2026-08-25,1060.0,PE,0,0,0,93.7
2026-06-11,2026-08-25,1080.0,CE,0,0,0,53.75
2026-06-11,2026-08-25,1080.0,PE,0,0,0,105.95
2026-06-11,2026-08-25,1120.0,CE,0,0,0,41.0
2026-06-11,2026-08-25,1120.0,PE,0,0,0,132.7
2026-06-12,2026-06-30,820.0,CE,2000,0,0,165.0
2026-06-12,2026-06-30,820.0,PE,7000,6000,33,0.3
2026-06-12,2026-06-30,840.0,CE,3000,0,0,128.95
2026-06-12,2026-06-30,840.0,PE,104000,-6000,43,0.4
2026-06-12,2026-06-30,860.0,CE,0,0,0,61.1
2026-06-12,2026-06-30,860.0,PE,107000,-30000,87,0.65
2026-06-12,2026-06-30,870.0,CE,0,0,0,172.05
2026-06-12,2026-06-30,870.0,PE,6000,0,3,0.85
2026-06-12,2026-06-30,880.0,CE,0,0,0,52.55
2026-06-12,2026-06-30,880.0,PE,62000,-23000,139,1.0
2026-06-12,2026-06-30,890.0,CE,4000,0,0,95.4
2026-06-12,2026-06-30,890.0,PE,19000,-4000,30,1.25
2026-06-12,2026-06-30,900.0,CE,53000,0,0,70.75
2026-06-12,2026-06-30,900.0,PE,302000,18000,479,1.65
2026-06-12,2026-06-30,910.0,CE,11000,8000,35,100.75
2026-06-12,2026-06-30,910.0,PE,59000,-50000,277,1.95
2026-06-12,2026-06-30,920.0,CE,7000,4000,15,91.6
2026-06-12,2026-06-30,920.0,PE,183000,21000,302,2.45
2026-06-12,2026-06-30,930.0,CE,0,0,0,125.55
2026-06-12,2026-06-30,930.0,PE,187000,126000,473,3.05
2026-06-12,2026-06-30,940.0,CE,73000,-6000,92,82.75
2026-06-12,2026-06-30,940.0,PE,304000,132000,612,3.8
2026-06-12,2026-06-30,950.0,CE,209000,-38000,128,74.45
2026-06-12,2026-06-30,950.0,PE,411000,84000,1032,4.9
2026-06-12,2026-06-30,960.0,CE,371000,-3000,715,64.85
2026-06-12,2026-06-30,960.0,PE,322000,53000,950,6.3
2026-06-12,2026-06-30,970.0,CE,200000,-79000,877,56.75
2026-06-12,2026-06-30,970.0,PE,335000,67000,868,8.35
2026-06-12,2026-06-30,980.0,CE,503000,-228000,2125,48.75
2026-06-12,2026-06-30,980.0,PE,425000,-27000,1115,10.3
2026-06-12,2026-06-30,990.0,CE,144000,2000,882,40.65
2026-06-12,2026-06-30,990.0,PE,143000,13000,444,13.15
2026-06-12,2026-06-30,1000.0,CE,566000,-312000,3914,33.7
2026-06-12,2026-06-30,1000.0,PE,553000,198000,1044,16.3
2026-06-12,2026-06-30,1010.0,CE,172000,-42000,1069,28.7
2026-06-12,2026-06-30,1010.0,PE,146000,41000,208,20.45
2026-06-12,2026-06-30,1020.0,CE,400000,119000,2227,23.6
2026-06-12,2026-06-30,1020.0,PE,384000,109000,380,24.95
2026-06-12,2026-06-30,1030.0,CE,202000,-26000,1013,19.05
2026-06-12,2026-06-30,1030.0,PE,152000,29000,156,30.05
2026-06-12,2026-06-30,1040.0,CE,220000,-43000,1133,15.25
2026-06-12,2026-06-30,1040.0,PE,34000,10000,66,35.95
2026-06-12,2026-06-30,1050.0,CE,578000,321000,1960,11.7
2026-06-12,2026-06-30,1050.0,PE,39000,-8000,37,42.6
2026-06-12,2026-06-30,1060.0,CE,425000,144000,881,9.45
2026-06-12,2026-06-30,1060.0,PE,9000,0,0,89.25
2026-06-12,2026-06-30,1070.0,CE,199000,107000,516,7.55
2026-06-12,2026-06-30,1070.0,PE,16000,-1000,6,57.85
2026-06-12,2026-06-30,1080.0,CE,164000,39000,284,5.65
2026-06-12,2026-06-30,1080.0,PE,4000,0,0,80.0
2026-06-12,2026-06-30,1090.0,CE,86000,55000,210,4.65
2026-06-12,2026-06-30,1090.0,PE,0,0,0,98.4
2026-06-12,2026-06-30,1100.0,CE,761000,257000,1829,3.7
2026-06-12,2026-06-30,1100.0,PE,45000,0,0,118.85
2026-06-12,2026-06-30,1110.0,CE,0,0,0,35.75
2026-06-12,2026-06-30,1110.0,PE,0,0,0,111.9
2026-06-12,2026-06-30,1120.0,CE,161000,6000,123,2.25
2026-06-12,2026-06-30,1120.0,PE,5000,-1000,3,106.45
2026-06-12,2026-06-30,1130.0,CE,13000,1000,14,1.8
2026-06-12,2026-06-30,1130.0,PE,0,0,0,126.2
2026-06-12,2026-06-30,1140.0,CE,91000,0,35,1.6
2026-06-12,2026-06-30,1140.0,PE,0,0,0,126.0
2026-06-12,2026-06-30,1150.0,CE,0,0,0,25.5
2026-06-12,2026-06-30,1150.0,PE,0,0,0,141.25
2026-06-12,2026-06-30,1160.0,CE,51000,-4000,31,1.1
2026-06-12,2026-06-30,1160.0,PE,3000,0,0,132.4
2026-06-12,2026-06-30,1200.0,CE,85000,33000,108,0.7
2026-06-12,2026-06-30,1200.0,PE,0,0,0,225.0
2026-06-12,2026-07-28,820.0,CE,0,0,0,223.65
2026-06-12,2026-07-28,820.0,PE,1000,0,0,5.0
2026-06-12,2026-07-28,840.0,CE,0,0,0,206.7
2026-06-12,2026-07-28,840.0,PE,2000,0,0,6.75
2026-06-12,2026-07-28,860.0,CE,0,0,0,190.4
2026-06-12,2026-07-28,860.0,PE,2000,0,0,7.9
2026-06-12,2026-07-28,870.0,CE,0,0,0,161.9
2026-06-12,2026-07-28,870.0,PE,0,0,0,11.2
2026-06-12,2026-07-28,880.0,CE,0,0,0,174.7
2026-06-12,2026-07-28,880.0,PE,0,0,0,19.25
2026-06-12,2026-07-28,890.0,CE,0,0,0,145.8
2026-06-12,2026-07-28,890.0,PE,0,0,0,14.9
2026-06-12,2026-07-28,900.0,CE,0,0,0,159.7
2026-06-12,2026-07-28,900.0,PE,18000,17000,38,7.65
2026-06-12,2026-07-28,910.0,CE,0,0,0,130.55
2026-06-12,2026-07-28,910.0,PE,0,0,0,19.4
2026-06-12,2026-07-28,920.0,CE,0,0,0,145.45
2026-06-12,2026-07-28,920.0,PE,1000,1000,1,10.0
2026-06-12,2026-07-28,930.0,CE,0,0,0,116.2
2026-06-12,2026-07-28,930.0,PE,0,0,0,24.85
2026-06-12,2026-07-28,940.0,CE,0,0,0,131.9
2026-06-12,2026-07-28,940.0,PE,0,0,0,35.6
2026-06-12,2026-07-28,950.0,CE,1000,1000,1,92.9
2026-06-12,2026-07-28,950.0,PE,3000,1000,1,32.0
2026-06-12,2026-07-28,960.0,CE,0,0,0,119.2
2026-06-12,2026-07-28,960.0,PE,5000,1000,1,30.0
2026-06-12,2026-07-28,970.0,CE,3000,0,0,41.0
2026-06-12,2026-07-28,970.0,PE,1000,1000,1,38.35
2026-06-12,2026-07-28,980.0,CE,0,0,0,107.35
2026-06-12,2026-07-28,980.0,PE,5000,2000,3,25.4
2026-06-12,2026-07-28,990.0,CE,0,0,0,78.85
2026-06-12,2026-07-28,990.0,PE,0,0,0,46.9
2026-06-12,2026-07-28,1000.0,CE,75000,27000,58,55.0
2026-06-12,2026-07-28,1000.0,PE,7000,3000,12,32.65
2026-06-12,2026-07-28,1010.0,CE,0,0,0,68.45
2026-06-12,2026-07-28,1010.0,PE,0,0,0,56.3
2026-06-12,2026-07-28,1020.0,CE,0,0,0,86.1
2026-06-12,2026-07-28,1020.0,PE,0,0,0,68.65
2026-06-12,2026-07-28,1030.0,CE,0,0,0,59.05
2026-06-12,2026-07-28,1030.0,PE,9000,1000,1,48.0
2026-06-12,2026-07-28,1040.0,CE,0,0,0,76.65
2026-06-12,2026-07-28,1040.0,PE,0,0,0,78.95
2026-06-12,2026-07-28,1050.0,CE,15000,14000,26,31.05
2026-06-12,2026-07-28,1050.0,PE,0,0,0,78.05
2026-06-12,2026-07-28,1060.0,CE,2000,1000,2,16.95
2026-06-12,2026-07-28,1060.0,PE,0,0,0,90.0
2026-06-12,2026-07-28,1070.0,CE,3000,3000,3,23.95
2026-06-12,2026-07-28,1070.0,PE,0,0,0,90.35
2026-06-12,2026-07-28,1080.0,CE,12000,12000,13,21.0
2026-06-12,2026-07-28,1080.0,PE,0,0,0,101.85
2026-06-12,2026-07-28,1090.0,CE,0,0,0,36.55
2026-06-12,2026-07-28,1090.0,PE,0,0,0,103.55
2026-06-12,2026-07-28,1100.0,CE,39000,30000,47,16.7
2026-06-12,2026-07-28,1100.0,PE,0,0,0,114.45
2026-06-12,2026-07-28,1110.0,CE,0,0,0,30.75
2026-06-12,2026-07-28,1110.0,PE,0,0,0,117.6
2026-06-12,2026-07-28,1120.0,CE,0,0,0,46.6
2026-06-12,2026-07-28,1120.0,PE,0,0,0,127.7
2026-06-12,2026-07-28,1130.0,CE,0,0,0,25.8
2026-06-12,2026-07-28,1130.0,PE,0,0,0,132.45
2026-06-12,2026-07-28,1140.0,CE,2000,0,0,6.8
2026-06-12,2026-07-28,1140.0,PE,0,0,0,141.65
2026-06-12,2026-07-28,1150.0,CE,0,0,0,21.5
2026-06-12,2026-07-28,1150.0,PE,0,0,0,147.9
2026-06-12,2026-08-25,840.0,CE,0,0,0,196.45
2026-06-12,2026-08-25,840.0,PE,0,0,0,12.25
2026-06-12,2026-08-25,880.0,CE,0,0,0,164.75
2026-06-12,2026-08-25,880.0,PE,0,0,0,19.95
2026-06-12,2026-08-25,900.0,CE,0,0,0,150.0
2026-06-12,2026-08-25,900.0,PE,0,0,0,24.9
2026-06-12,2026-08-25,920.0,CE,0,0,0,135.95
2026-06-12,2026-08-25,920.0,PE,0,0,0,30.55
2026-06-12,2026-08-25,940.0,CE,0,0,0,122.75
2026-06-12,2026-08-25,940.0,PE,0,0,0,37.05
2026-06-12,2026-08-25,960.0,CE,0,0,0,110.35
2026-06-12,2026-08-25,960.0,PE,0,0,0,44.4
2026-06-12,2026-08-25,980.0,CE,0,0,0,98.85
2026-06-12,2026-08-25,980.0,PE,0,0,0,52.55
2026-06-12,2026-08-25,1000.0,CE,0,0,0,88.2
2026-06-12,2026-08-25,1000.0,PE,0,0,0,61.6
2026-06-12,2026-08-25,1020.0,CE,0,0,0,78.35
2026-06-12,2026-08-25,1020.0,PE,0,0,0,71.5
2026-06-12,2026-08-25,1040.0,CE,0,0,0,69.35
2026-06-12,2026-08-25,1040.0,PE,0,0,0,82.2
2026-06-12,2026-08-25,1060.0,CE,0,0,0,61.15
2026-06-12,2026-08-25,1060.0,PE,0,0,0,93.7
2026-06-12,2026-08-25,1080.0,CE,0,0,0,53.75
2026-06-12,2026-08-25,1080.0,PE,0,0,0,105.95
2026-06-12,2026-08-25,1100.0,CE,0,0,0,47.05
2026-06-12,2026-08-25,1100.0,PE,0,0,0,119.0
2026-06-12,2026-08-25,1120.0,CE,0,0,0,41.0
2026-06-12,2026-08-25,1120.0,PE,0,0,0,132.7
2026-06-12,2026-08-25,1140.0,CE,0,0,0,35.65
2026-06-12,2026-08-25,1140.0,PE,0,0,0,147.0
2026-06-15,2026-06-30,820.0,CE,2000,0,0,165.0
2026-06-15,2026-06-30,820.0,PE,6000,-1000,4,0.2
2026-06-15,2026-06-30,840.0,CE,3000,0,0,128.95
2026-06-15,2026-06-30,840.0,PE,81000,-23000,93,0.35
2026-06-15,2026-06-30,860.0,CE,0,0,0,61.1
2026-06-15,2026-06-30,860.0,PE,108000,1000,64,0.45
2026-06-15,2026-06-30,870.0,CE,0,0,0,172.05
2026-06-15,2026-06-30,870.0,PE,5000,-1000,2,0.5
2026-06-15,2026-06-30,880.0,CE,0,0,0,52.55
2026-06-15,2026-06-30,880.0,PE,44000,-18000,56,0.7
2026-06-15,2026-06-30,890.0,CE,4000,0,0,95.4
2026-06-15,2026-06-30,890.0,PE,17000,-2000,19,0.6
2026-06-15,2026-06-30,900.0,CE,53000,0,0,70.75
2026-06-15,2026-06-30,900.0,PE,325000,23000,177,0.95
2026-06-15,2026-06-30,910.0,CE,11000,0,0,100.75
2026-06-15,2026-06-30,910.0,PE,31000,-28000,114,0.95
2026-06-15,2026-06-30,920.0,CE,7000,0,0,91.6
2026-06-15,2026-06-30,920.0,PE,184000,1000,150,1.15
2026-06-15,2026-06-30,930.0,CE,0,0,0,125.55
2026-06-15,2026-06-30,930.0,PE,184000,-3000,170,1.35
2026-06-15,2026-06-30,940.0,CE,73000,0,0,82.75
2026-06-15,2026-06-30,940.0,PE,274000,-30000,186,1.7
2026-06-15,2026-06-30,950.0,CE,205000,-4000,19,87.25
2026-06-15,2026-06-30,950.0,PE,386000,-25000,376,2.05
2026-06-15,2026-06-30,960.0,CE,334000,-37000,100,78.7
2026-06-15,2026-06-30,960.0,PE,337000,15000,401,2.65
2026-06-15,2026-06-30,970.0,CE,183000,-17000,39,69.55
2026-06-15,2026-06-30,970.0,PE,325000,-10000,299,3.4
2026-06-15,2026-06-30,980.0,CE,470000,-33000,87,61.05
2026-06-15,2026-06-30,980.0,PE,519000,94000,629,4.6
2026-06-15,2026-06-30,990.0,CE,133000,-11000,42,52.5
2026-06-15,2026-06-30,990.0,PE,255000,112000,524,6.05
2026-06-15,2026-06-30,1000.0,CE,526000,-40000,310,44.15
2026-06-15,2026-06-30,1000.0,PE,610000,57000,1077,8.2
2026-06-15,2026-06-30,1010.0,CE,157000,-15000,142,36.8
2026-06-15,2026-06-30,1010.0,PE,189000,43000,344,10.8
2026-06-15,2026-06-30,1020.0,CE,243000,-157000,823,30.5
2026-06-15,2026-06-30,1020.0,PE,449000,65000,899,14.3
2026-06-15,2026-06-30,1030.0,CE,229000,27000,915,24.75
2026-06-15,2026-06-30,1030.0,PE,235000,83000,537,18.7
2026-06-15,2026-06-30,1040.0,CE,383000,163000,1230,20.05
2026-06-15,2026-06-30,1040.0,PE,140000,106000,513,23.4
2026-06-15,2026-06-30,1050.0,CE,573000,-5000,2122,15.95
2026-06-15,2026-06-30,1050.0,PE,83000,44000,211,29.2
2026-06-15,2026-06-30,1060.0,CE,328000,-97000,1306,12.45
2026-06-15,2026-06-30,1060.0,PE,9000,0,0,89.25
2026-06-15,2026-06-30,1070.0,CE,200000,1000,549,9.55
2026-06-15,2026-06-30,1070.0,PE,31000,15000,26,42.45
2026-06-15,2026-06-30,1080.0,CE,287000,123000,603,7.35
2026-06-15,2026-06-30,1080.0,PE,7000,3000,11,52.75
2026-06-15,2026-06-30,1090.0,CE,240000,154000,387,5.6
2026-06-15,2026-06-30,1090.0,PE,0,0,0,98.4
2026-06-15,2026-06-30,1100.0,CE,569000,-192000,2346,4.45
2026-06-15,2026-06-30,1100.0,PE,45000,0,0,118.85
2026-06-15,2026-06-30,1110.0,CE,4000,4000,6,3.3
2026-06-15,2026-06-30,1110.0,PE,0,0,0,111.9
2026-06-15,2026-06-30,1120.0,CE,195000,34000,241,2.65
2026-06-15,2026-06-30,1120.0,PE,5000,0,0,106.45
2026-06-15,2026-06-30,1130.0,CE,27000,14000,56,1.85
2026-06-15,2026-06-30,1130.0,PE,0,0,0,126.2
2026-06-15,2026-06-30,1140.0,CE,97000,6000,48,1.65
2026-06-15,2026-06-30,1140.0,PE,0,0,0,126.0
2026-06-15,2026-06-30,1150.0,CE,0,0,0,25.5
2026-06-15,2026-06-30,1150.0,PE,0,0,0,141.25
2026-06-15,2026-06-30,1160.0,CE,76000,25000,47,1.2
2026-06-15,2026-06-30,1160.0,PE,3000,0,0,132.4
2026-06-15,2026-06-30,1200.0,CE,86000,1000,58,0.65
2026-06-15,2026-06-30,1200.0,PE,0,0,0,225.0
2026-06-15,2026-07-28,820.0,CE,0,0,0,223.65
2026-06-15,2026-07-28,820.0,PE,1000,0,0,5.0
2026-06-15,2026-07-28,840.0,CE,0,0,0,206.7
2026-06-15,2026-07-28,840.0,PE,2000,0,0,6.75
2026-06-15,2026-07-28,860.0,CE,0,0,0,190.4
2026-06-15,2026-07-28,860.0,PE,2000,0,0,7.9
2026-06-15,2026-07-28,870.0,CE,0,0,0,161.9
2026-06-15,2026-07-28,870.0,PE,0,0,0,11.2
2026-06-15,2026-07-28,880.0,CE,0,0,0,174.7
2026-06-15,2026-07-28,880.0,PE,1000,1000,1,3.0
2026-06-15,2026-07-28,890.0,CE,0,0,0,145.8
2026-06-15,2026-07-28,890.0,PE,0,0,0,14.9
2026-06-15,2026-07-28,900.0,CE,0,0,0,159.7
2026-06-15,2026-07-28,900.0,PE,23000,5000,12,4.75
2026-06-15,2026-07-28,910.0,CE,0,0,0,130.55
2026-06-15,2026-07-28,910.0,PE,0,0,0,19.4
2026-06-15,2026-07-28,920.0,CE,0,0,0,145.45
2026-06-15,2026-07-28,920.0,PE,5000,4000,4,6.25
2026-06-15,2026-07-28,930.0,CE,0,0,0,116.2
2026-06-15,2026-07-28,930.0,PE,0,0,0,24.85
2026-06-15,2026-07-28,940.0,CE,0,0,0,131.9
2026-06-15,2026-07-28,940.0,PE,0,0,0,35.6
2026-06-15,2026-07-28,950.0,CE,2000,1000,1,101.0
2026-06-15,2026-07-28,950.0,PE,3000,0,0,32.0
2026-06-15,2026-07-28,960.0,CE,0,0,0,119.2
2026-06-15,2026-07-28,960.0,PE,16000,11000,51,12.45
2026-06-15,2026-07-28,970.0,CE,3000,0,1,74.4
2026-06-15,2026-07-28,970.0,PE,1000,0,0,38.35
2026-06-15,2026-07-28,980.0,CE,0,0,0,107.35
2026-06-15,2026-07-28,980.0,PE,5000,0,0,25.4
2026-06-15,2026-07-28,990.0,CE,0,0,0,78.85
2026-06-15,2026-07-28,990.0,PE,0,0,0,46.9
2026-06-15,2026-07-28,1000.0,CE,75000,0,4,63.55
2026-06-15,2026-07-28,1000.0,PE,20000,13000,25,22.75
2026-06-15,2026-07-28,1010.0,CE,0,0,0,68.45
2026-06-15,2026-07-28,1010.0,PE,0,0,0,56.3
2026-06-15,2026-07-28,1020.0,CE,0,0,0,86.1
2026-06-15,2026-07-28,1020.0,PE,0,0,0,68.65
2026-06-15,2026-07-28,1030.0,CE,0,0,0,59.05
2026-06-15,2026-07-28,1030.0,PE,9000,0,0,48.0
2026-06-15,2026-07-28,1040.0,CE,6000,6000,7,42.9
2026-06-15,2026-07-28,1040.0,PE,5000,5000,6,40.0
2026-06-15,2026-07-28,1050.0,CE,30000,15000,31,38.05
2026-06-15,2026-07-28,1050.0,PE,0,0,0,78.05
2026-06-15,2026-07-28,1060.0,CE,2000,0,0,16.95
2026-06-15,2026-07-28,1060.0,PE,1000,1000,1,51.3
2026-06-15,2026-07-28,1070.0,CE,3000,0,0,23.95
2026-06-15,2026-07-28,1070.0,PE,0,0,0,90.35
2026-06-15,2026-07-28,1080.0,CE,20000,8000,11,26.5
2026-06-15,2026-07-28,1080.0,PE,4000,4000,4,68.2
2026-06-15,2026-07-28,1090.0,CE,0,0,0,36.55
2026-06-15,2026-07-28,1090.0,PE,0,0,0,103.55
2026-06-15,2026-07-28,1100.0,CE,78000,39000,57,20.8
2026-06-15,2026-07-28,1100.0,PE,0,0,0,114.45
2026-06-15,2026-07-28,1110.0,CE,0,0,0,30.75
2026-06-15,2026-07-28,1110.0,PE,0,0,0,117.6
2026-06-15,2026-07-28,1120.0,CE,0,0,0,46.6
2026-06-15,2026-07-28,1120.0,PE,0,0,0,127.7
2026-06-15,2026-07-28,1130.0,CE,0,0,0,25.8
2026-06-15,2026-07-28,1130.0,PE,0,0,0,132.45
2026-06-15,2026-07-28,1140.0,CE,2000,0,0,6.8
2026-06-15,2026-07-28,1140.0,PE,0,0,0,141.65
2026-06-15,2026-07-28,1150.0,CE,0,0,0,21.5
2026-06-15,2026-07-28,1150.0,PE,1000,1000,1,117.0
2026-06-15,2026-07-28,1160.0,CE,1000,1000,2,8.85
2026-06-15,2026-07-28,1160.0,PE,0,0,0,156.2
2026-06-15,2026-08-25,840.0,CE,0,0,0,196.45
2026-06-15,2026-08-25,840.0,PE,0,0,0,12.25
2026-06-15,2026-08-25,880.0,CE,0,0,0,164.75
2026-06-15,2026-08-25,880.0,PE,0,0,0,19.95
2026-06-15,2026-08-25,900.0,CE,0,0,0,150.0
2026-06-15,2026-08-25,900.0,PE,0,0,0,24.9
2026-06-15,2026-08-25,920.0,CE,0,0,0,135.95
2026-06-15,2026-08-25,920.0,PE,0,0,0,30.55
2026-06-15,2026-08-25,940.0,CE,0,0,0,122.75
2026-06-15,2026-08-25,940.0,PE,0,0,0,37.05
2026-06-15,2026-08-25,960.0,CE,0,0,0,110.35
2026-06-15,2026-08-25,960.0,PE,0,0,0,44.4
2026-06-15,2026-08-25,980.0,CE,0,0,0,98.85
2026-06-15,2026-08-25,980.0,PE,0,0,0,52.55
2026-06-15,2026-08-25,1000.0,CE,0,0,0,88.2
2026-06-15,2026-08-25,1000.0,PE,0,0,0,61.6
2026-06-15,2026-08-25,1020.0,CE,0,0,0,78.35
2026-06-15,2026-08-25,1020.0,PE,0,0,0,71.5
2026-06-15,2026-08-25,1040.0,CE,0,0,0,69.35
2026-06-15,2026-08-25,1040.0,PE,0,0,0,82.2
2026-06-15,2026-08-25,1060.0,CE,0,0,0,61.15
2026-06-15,2026-08-25,1060.0,PE,0,0,0,93.7
2026-06-15,2026-08-25,1080.0,CE,0,0,0,53.75
2026-06-15,2026-08-25,1080.0,PE,0,0,0,105.95
2026-06-15,2026-08-25,1100.0,CE,0,0,0,47.05
2026-06-15,2026-08-25,1100.0,PE,0,0,0,119.0
2026-06-15,2026-08-25,1120.0,CE,0,0,0,41.0
2026-06-15,2026-08-25,1120.0,PE,0,0,0,132.7
2026-06-15,2026-08-25,1140.0,CE,0,0,0,35.65
2026-06-15,2026-08-25,1140.0,PE,0,0,0,147.0
2026-06-16,2026-06-30,820.0,CE,2000,0,0,165.0
2026-06-16,2026-06-30,820.0,PE,6000,0,0,0.2
2026-06-16,2026-06-30,840.0,CE,3000,0,0,128.95
2026-06-16,2026-06-30,840.0,PE,80000,-1000,3,0.25
2026-06-16,2026-06-30,860.0,CE,0,0,0,61.1
2026-06-16,2026-06-30,860.0,PE,88000,-20000,25,0.45
2026-06-16,2026-06-30,870.0,CE,0,0,0,172.05
2026-06-16,2026-06-30,870.0,PE,5000,0,0,0.5
2026-06-16,2026-06-30,880.0,CE,0,0,0,52.55
2026-06-16,2026-06-30,880.0,PE,43000,-1000,2,0.7
2026-06-16,2026-06-30,890.0,CE,4000,0,0,95.4
2026-06-16,2026-06-30,890.0,PE,15000,-2000,2,0.75
2026-06-16,2026-06-30,900.0,CE,53000,0,0,70.75
2026-06-16,2026-06-30,900.0,PE,339000,14000,101,0.9
2026-06-16,2026-06-30,910.0,CE,11000,0,0,100.75
2026-06-16,2026-06-30,910.0,PE,30000,-1000,5,0.8
2026-06-16,2026-06-30,920.0,CE,7000,0,0,91.6
2026-06-16,2026-06-30,920.0,PE,179000,-5000,40,0.9
2026-06-16,2026-06-30,930.0,CE,0,0,0,125.55
2026-06-16,2026-06-30,930.0,PE,170000,-14000,35,1.2
2026-06-16,2026-06-30,940.0,CE,73000,0,0,82.75
2026-06-16,2026-06-30,940.0,PE,232000,-42000,263,1.5
2026-06-16,2026-06-30,950.0,CE,202000,-3000,6,77.75
2026-06-16,2026-06-30,950.0,PE,376000,-10000,196,1.95
2026-06-16,2026-06-30,960.0,CE,330000,-4000,13,65.35
2026-06-16,2026-06-30,960.0,PE,365000,28000,230,2.65
2026-06-16,2026-06-30,970.0,CE,174000,-9000,13,56.55
2026-06-16,2026-06-30,970.0,PE,357000,32000,406,3.65
2026-06-16,2026-06-30,980.0,CE,444000,-26000,58,50.85
2026-06-16,2026-06-30,980.0,PE,505000,-14000,411,5.05
2026-06-16,2026-06-30,990.0,CE,127000,-6000,26,42.9
2026-06-16,2026-06-30,990.0,PE,101000,-154000,424,7.05
2026-06-16,2026-06-30,1000.0,CE,538000,12000,180,35.4
2026-06-16,2026-06-30,1000.0,PE,542000,-68000,829,9.6
2026-06-16,2026-06-30,1010.0,CE,165000,8000,146,28.5
2026-06-16,2026-06-30,1010.0,PE,193000,4000,380,13.05
2026-06-16,2026-06-30,1020.0,CE,378000,135000,1043,22.95
2026-06-16,2026-06-30,1020.0,PE,444000,-5000,691,17.15
2026-06-16,2026-06-30,1030.0,CE,315000,86000,654,18.1
2026-06-16,2026-06-30,1030.0,PE,216000,-19000,273,22.2
2026-06-16,2026-06-30,1040.0,CE,370000,-13000,534,14.0
2026-06-16,2026-06-30,1040.0,PE,126000,-14000,128,28.0
2026-06-16,2026-06-30,1050.0,CE,611000,38000,852,10.55
2026-06-16,2026-06-30,1050.0,PE,77000,-6000,37,34.5
2026-06-16,2026-06-30,1060.0,CE,353000,25000,1456,7.75
2026-06-16,2026-06-30,1060.0,PE,9000,0,0,89.25
2026-06-16,2026-06-30,1070.0,CE,324000,124000,351,5.9
2026-06-16,2026-06-30,1070.0,PE,39000,8000,26,50.0
2026-06-16,2026-06-30,1080.0,CE,402000,115000,361,4.45
2026-06-16,2026-06-30,1080.0,PE,11000,4000,7,59.85
2026-06-16,2026-06-30,1090.0,CE,229000,-11000,112,3.3
2026-06-16,2026-06-30,1090.0,PE,0,0,0,98.4
2026-06-16,2026-06-30,1100.0,CE,533000,-36000,523,2.55
2026-06-16,2026-06-30,1100.0,PE,45000,0,0,118.85
2026-06-16,2026-06-30,1110.0,CE,3000,-1000,11,2.0
2026-06-16,2026-06-30,1110.0,PE,0,0,0,111.9
2026-06-16,2026-06-30,1120.0,CE,180000,-15000,158,1.5
2026-06-16,2026-06-30,1120.0,PE,5000,0,0,106.45
2026-06-16,2026-06-30,1130.0,CE,27000,0,17,0.95
2026-06-16,2026-06-30,1130.0,PE,0,0,0,126.2
2026-06-16,2026-06-30,1140.0,CE,98000,1000,19,0.95
2026-06-16,2026-06-30,1140.0,PE,0,0,0,126.0
2026-06-16,2026-06-30,1150.0,CE,0,0,0,25.5
2026-06-16,2026-06-30,1150.0,PE,0,0,0,141.25
2026-06-16,2026-06-30,1160.0,CE,74000,-2000,8,0.65
2026-06-16,2026-06-30,1160.0,PE,3000,0,0,132.4
2026-06-16,2026-06-30,1180.0,CE,0,0,0,16.4
2026-06-16,2026-06-30,1180.0,PE,0,0,0,211.75
2026-06-16,2026-06-30,1200.0,CE,81000,-5000,21,0.4
2026-06-16,2026-06-30,1200.0,PE,0,0,0,225.0
2026-06-16,2026-07-28,820.0,CE,0,0,0,223.65
2026-06-16,2026-07-28,820.0,PE,1000,0,0,5.0
2026-06-16,2026-07-28,840.0,CE,0,0,0,206.7
2026-06-16,2026-07-28,840.0,PE,2000,0,0,6.75
2026-06-16,2026-07-28,860.0,CE,0,0,0,190.4
2026-06-16,2026-07-28,860.0,PE,3000,1000,1,2.0
2026-06-16,2026-07-28,870.0,CE,0,0,0,161.9
2026-06-16,2026-07-28,870.0,PE,0,0,0,11.2
2026-06-16,2026-07-28,880.0,CE,0,0,0,174.7
2026-06-16,2026-07-28,880.0,PE,9000,8000,8,3.3
2026-06-16,2026-07-28,890.0,CE,0,0,0,145.8
2026-06-16,2026-07-28,890.0,PE,0,0,0,14.9
2026-06-16,2026-07-28,900.0,CE,0,0,0,159.7
2026-06-16,2026-07-28,900.0,PE,31000,8000,36,4.85
2026-06-16,2026-07-28,910.0,CE,0,0,0,130.55
2026-06-16,2026-07-28,910.0,PE,0,0,0,19.4
2026-06-16,2026-07-28,920.0,CE,0,0,0,145.45
2026-06-16,2026-07-28,920.0,PE,8000,3000,4,6.15
2026-06-16,2026-07-28,930.0,CE,0,0,0,116.2
2026-06-16,2026-07-28,930.0,PE,0,0,0,24.85
2026-06-16,2026-07-28,940.0,CE,0,0,0,131.9
2026-06-16,2026-07-28,940.0,PE,0,0,0,35.6
2026-06-16,2026-07-28,950.0,CE,2000,0,0,101.0
2026-06-16,2026-07-28,950.0,PE,3000,0,0,32.0
2026-06-16,2026-07-28,960.0,CE,0,0,0,119.2
2026-06-16,2026-07-28,960.0,PE,30000,14000,36,13.2
2026-06-16,2026-07-28,970.0,CE,3000,0,0,74.4
2026-06-16,2026-07-28,970.0,PE,1000,0,0,38.35
2026-06-16,2026-07-28,980.0,CE,0,0,0,107.35
2026-06-16,2026-07-28,980.0,PE,5000,0,0,25.4
2026-06-16,2026-07-28,990.0,CE,0,0,0,78.85
2026-06-16,2026-07-28,990.0,PE,0,0,0,46.9
2026-06-16,2026-07-28,1000.0,CE,78000,3000,12,54.2
2026-06-16,2026-07-28,1000.0,PE,32000,12000,41,26.2
2026-06-16,2026-07-28,1010.0,CE,0,0,0,68.45
2026-06-16,2026-07-28,1010.0,PE,0,0,0,56.3
2026-06-16,2026-07-28,1020.0,CE,0,0,0,86.1
2026-06-16,2026-07-28,1020.0,PE,2000,2000,2,35.5
2026-06-16,2026-07-28,1030.0,CE,3000,3000,3,40.0
2026-06-16,2026-07-28,1030.0,PE,9000,0,0,48.0
2026-06-16,2026-07-28,1040.0,CE,8000,2000,4,36.4
2026-06-16,2026-07-28,1040.0,PE,5000,0,0,40.0
2026-06-16,2026-07-28,1050.0,CE,35000,5000,22,32.05
2026-06-16,2026-07-28,1050.0,PE,0,0,0,78.05
2026-06-16,2026-07-28,1060.0,CE,2000,0,0,16.95
2026-06-16,2026-07-28,1060.0,PE,1000,0,0,51.3
2026-06-16,2026-07-28,1070.0,CE,3000,0,0,23.95
2026-06-16,2026-07-28,1070.0,PE,0,0,0,90.35
2026-06-16,2026-07-28,1080.0,CE,22000,2000,19,19.2
2026-06-16,2026-07-28,1080.0,PE,4000,0,0,68.2
2026-06-16,2026-07-28,1090.0,CE,0,0,0,36.55
2026-06-16,2026-07-28,1090.0,PE,0,0,0,103.55
2026-06-16,2026-07-28,1100.0,CE,100000,22000,45,15.6
2026-06-16,2026-07-28,1100.0,PE,2000,2000,2,87.5
2026-06-16,2026-07-28,1110.0,CE,1000,1000,1,11.9
2026-06-16,2026-07-28,1110.0,PE,0,0,0,117.6
2026-06-16,2026-07-28,1120.0,CE,0,0,0,46.6
2026-06-16,2026-07-28,1120.0,PE,0,0,0,127.7
2026-06-16,2026-07-28,1130.0,CE,0,0,0,25.8
2026-06-16,2026-07-28,1130.0,PE,0,0,0,132.45
2026-06-16,2026-07-28,1140.0,CE,2000,0,0,6.8
2026-06-16,2026-07-28,1140.0,PE,0,0,0,141.65
2026-06-16,2026-07-28,1150.0,CE,0,0,0,21.5
2026-06-16,2026-07-28,1150.0,PE,1000,0,0,117.0
2026-06-16,2026-07-28,1160.0,CE,1000,0,0,8.85
2026-06-16,2026-07-28,1160.0,PE,0,0,0,156.2
2026-06-16,2026-07-28,1180.0,CE,0,0,0,31.05
2026-06-16,2026-07-28,1180.0,PE,0,0,0,171.3
2026-06-16,2026-08-25,840.0,CE,0,0,0,196.45
2026-06-16,2026-08-25,840.0,PE,0,0,0,12.25
2026-06-16,2026-08-25,880.0,CE,0,0,0,164.75
2026-06-16,2026-08-25,880.0,PE,0,0,0,19.95
2026-06-16,2026-08-25,900.0,CE,0,0,0,150.0
2026-06-16,2026-08-25,900.0,PE,0,0,0,24.9
2026-06-16,2026-08-25,920.0,CE,0,0,0,135.95
2026-06-16,2026-08-25,920.0,PE,0,0,0,30.55
2026-06-16,2026-08-25,940.0,CE,0,0,0,122.75
2026-06-16,2026-08-25,940.0,PE,0,0,0,37.05
2026-06-16,2026-08-25,960.0,CE,0,0,0,110.35
2026-06-16,2026-08-25,960.0,PE,0,0,0,44.4
2026-06-16,2026-08-25,980.0,CE,0,0,0,98.85
2026-06-16,2026-08-25,980.0,PE,0,0,0,52.55
2026-06-16,2026-08-25,1000.0,CE,0,0,0,88.2
2026-06-16,2026-08-25,1000.0,PE,0,0,0,61.6
2026-06-16,2026-08-25,1020.0,CE,0,0,0,78.35
2026-06-16,2026-08-25,1020.0,PE,0,0,0,71.5
2026-06-16,2026-08-25,1040.0,CE,0,0,0,69.35
2026-06-16,2026-08-25,1040.0,PE,0,0,0,82.2
2026-06-16,2026-08-25,1060.0,CE,0,0,0,61.15
2026-06-16,2026-08-25,1060.0,PE,0,0,0,93.7
2026-06-16,2026-08-25,1080.0,CE,0,0,0,53.75
2026-06-16,2026-08-25,1080.0,PE,0,0,0,105.95
2026-06-16,2026-08-25,1100.0,CE,0,0,0,47.05
2026-06-16,2026-08-25,1100.0,PE,0,0,0,119.0
2026-06-16,2026-08-25,1120.0,CE,0,0,0,41.0
2026-06-16,2026-08-25,1120.0,PE,0,0,0,132.7
2026-06-16,2026-08-25,1140.0,CE,0,0,0,35.65
2026-06-16,2026-08-25,1140.0,PE,0,0,0,147.0
2026-06-16,2026-08-25,1160.0,CE,0,0,0,30.95
2026-06-16,2026-08-25,1160.0,PE,0,0,0,162.0
2026-06-17,2026-06-30,820.0,CE,2000,0,0,165.0
2026-06-17,2026-06-30,820.0,PE,4000,-2000,2,0.2
2026-06-17,2026-06-30,840.0,CE,3000,0,0,128.95
2026-06-17,2026-06-30,840.0,PE,79000,-1000,1,0.25
2026-06-17,2026-06-30,860.0,CE,0,0,0,61.1
2026-06-17,2026-06-30,860.0,PE,79000,-9000,20,0.3
2026-06-17,2026-06-30,870.0,CE,0,0,0,172.05
2026-06-17,2026-06-30,870.0,PE,5000,0,0,0.5
2026-06-17,2026-06-30,880.0,CE,0,0,0,52.55
2026-06-17,2026-06-30,880.0,PE,41000,-2000,8,0.55
2026-06-17,2026-06-30,890.0,CE,4000,0,0,95.4
2026-06-17,2026-06-30,890.0,PE,15000,0,0,0.75
2026-06-17,2026-06-30,900.0,CE,50000,-3000,12,124.65
2026-06-17,2026-06-30,900.0,PE,349000,10000,33,0.7
2026-06-17,2026-06-30,910.0,CE,11000,0,0,100.75
2026-06-17,2026-06-30,910.0,PE,30000,0,0,0.8
2026-06-17,2026-06-30,920.0,CE,7000,0,0,91.6
2026-06-17,2026-06-30,920.0,PE,152000,-27000,89,0.75
2026-06-17,2026-06-30,930.0,CE,0,0,0,125.55
2026-06-17,2026-06-30,930.0,PE,85000,-85000,144,0.95
2026-06-17,2026-06-30,940.0,CE,73000,0,0,82.75
2026-06-17,2026-06-30,940.0,PE,230000,-2000,74,1.15
2026-06-17,2026-06-30,950.0,CE,202000,0,0,77.75
2026-06-17,2026-06-30,950.0,PE,343000,-33000,159,1.55
2026-06-17,2026-06-30,960.0,CE,311000,-19000,52,66.0
2026-06-17,2026-06-30,960.0,PE,367000,2000,109,2.15
2026-06-17,2026-06-30,970.0,CE,169000,-5000,11,58.2
2026-06-17,2026-06-30,970.0,PE,345000,-12000,162,3.1
2026-06-17,2026-06-30,980.0,CE,448000,4000,38,49.0
2026-06-17,2026-06-30,980.0,PE,542000,37000,180,4.55
2026-06-17,2026-06-30,990.0,CE,124000,-3000,18,41.45
2026-06-17,2026-06-30,990.0,PE,138000,37000,207,6.4
2026-06-17,2026-06-30,1000.0,CE,527000,-11000,165,33.55
2026-06-17,2026-06-30,1000.0,PE,572000,30000,372,8.9
2026-06-17,2026-06-30,1010.0,CE,163000,-2000,129,27.1
2026-06-17,2026-06-30,1010.0,PE,225000,32000,248,12.35
2026-06-17,2026-06-30,1020.0,CE,501000,123000,1022,21.3
2026-06-17,2026-06-30,1020.0,PE,484000,40000,357,16.5
2026-06-17,2026-06-30,1030.0,CE,311000,-4000,507,16.5
2026-06-17,2026-06-30,1030.0,PE,219000,3000,93,21.8
2026-06-17,2026-06-30,1040.0,CE,355000,-15000,467,12.55
2026-06-17,2026-06-30,1040.0,PE,115000,-11000,59,28.8
2026-06-17,2026-06-30,1050.0,CE,671000,60000,495,9.55
2026-06-17,2026-06-30,1050.0,PE,75000,-2000,8,35.4
2026-06-17,2026-06-30,1060.0,CE,318000,-35000,398,6.95
2026-06-17,2026-06-30,1060.0,PE,9000,0,0,89.25
2026-06-17,2026-06-30,1070.0,CE,324000,0,123,5.05
2026-06-17,2026-06-30,1070.0,PE,39000,0,0,50.0
2026-06-17,2026-06-30,1080.0,CE,410000,8000,102,3.75
2026-06-17,2026-06-30,1080.0,PE,12000,1000,5,60.0
2026-06-17,2026-06-30,1090.0,CE,229000,0,50,2.75
2026-06-17,2026-06-30,1090.0,PE,0,0,0,98.4
2026-06-17,2026-06-30,1100.0,CE,560000,27000,237,2.1
2026-06-17,2026-06-30,1100.0,PE,45000,0,0,118.85
2026-06-17,2026-06-30,1110.0,CE,6000,3000,6,1.5
2026-06-17,2026-06-30,1110.0,PE,0,0,0,111.9
2026-06-17,2026-06-30,1120.0,CE,197000,17000,117,1.25
2026-06-17,2026-06-30,1120.0,PE,5000,0,0,106.45
2026-06-17,2026-06-30,1130.0,CE,27000,0,0,0.95
2026-06-17,2026-06-30,1130.0,PE,0,0,0,126.2
2026-06-17,2026-06-30,1140.0,CE,100000,2000,7,0.9
2026-06-17,2026-06-30,1140.0,PE,0,0,0,126.0
2026-06-17,2026-06-30,1150.0,CE,0,0,0,25.5
2026-06-17,2026-06-30,1150.0,PE,0,0,0,141.25
2026-06-17,2026-06-30,1160.0,CE,75000,1000,16,0.6
2026-06-17,2026-06-30,1160.0,PE,3000,0,0,132.4
2026-06-17,2026-06-30,1180.0,CE,0,0,0,16.4
2026-06-17,2026-06-30,1180.0,PE,0,0,0,211.75
2026-06-17,2026-06-30,1200.0,CE,79000,-2000,8,0.3
2026-06-17,2026-06-30,1200.0,PE,0,0,0,225.0
2026-06-17,2026-07-28,820.0,CE,0,0,0,223.65
2026-06-17,2026-07-28,820.0,PE,1000,0,0,5.0
2026-06-17,2026-07-28,840.0,CE,0,0,0,206.7
2026-06-17,2026-07-28,840.0,PE,2000,0,0,6.75
2026-06-17,2026-07-28,860.0,CE,0,0,0,190.4
2026-06-17,2026-07-28,860.0,PE,2000,-1000,1,2.55
2026-06-17,2026-07-28,870.0,CE,0,0,0,161.9
2026-06-17,2026-07-28,870.0,PE,0,0,0,11.2
2026-06-17,2026-07-28,880.0,CE,0,0,0,174.7
2026-06-17,2026-07-28,880.0,PE,11000,2000,2,3.3
2026-06-17,2026-07-28,890.0,CE,0,0,0,145.8
2026-06-17,2026-07-28,890.0,PE,0,0,0,14.9
2026-06-17,2026-07-28,900.0,CE,0,0,0,159.7
2026-06-17,2026-07-28,900.0,PE,29000,-2000,10,4.5
2026-06-17,2026-07-28,910.0,CE,0,0,0,130.55
2026-06-17,2026-07-28,910.0,PE,0,0,0,19.4
2026-06-17,2026-07-28,920.0,CE,0,0,0,145.45
2026-06-17,2026-07-28,920.0,PE,8000,0,0,6.15
2026-06-17,2026-07-28,930.0,CE,0,0,0,116.2
2026-06-17,2026-07-28,930.0,PE,0,0,0,24.85
2026-06-17,2026-07-28,940.0,CE,0,0,0,131.9
2026-06-17,2026-07-28,940.0,PE,0,0,0,35.6
2026-06-17,2026-07-28,950.0,CE,2000,0,0,101.0
2026-06-17,2026-07-28,950.0,PE,3000,0,0,32.0
2026-06-17,2026-07-28,960.0,CE,0,0,0,119.2
2026-06-17,2026-07-28,960.0,PE,26000,-4000,17,13.25
2026-06-17,2026-07-28,970.0,CE,3000,0,0,74.4
2026-06-17,2026-07-28,970.0,PE,1000,0,0,38.35
2026-06-17,2026-07-28,980.0,CE,0,0,0,107.35
2026-06-17,2026-07-28,980.0,PE,5000,0,0,25.4
2026-06-17,2026-07-28,990.0,CE,0,0,0,78.85
2026-06-17,2026-07-28,990.0,PE,0,0,0,46.9
2026-06-17,2026-07-28,1000.0,CE,104000,26000,53,55.35
2026-06-17,2026-07-28,1000.0,PE,57000,25000,38,24.0
2026-06-17,2026-07-28,1010.0,CE,0,0,0,68.45
2026-06-17,2026-07-28,1010.0,PE,0,0,0,56.3
2026-06-17,2026-07-28,1020.0,CE,0,0,0,86.1
2026-06-17,2026-07-28,1020.0,PE,2000,0,0,35.5
2026-06-17,2026-07-28,1030.0,CE,4000,1000,2,40.0
2026-06-17,2026-07-28,1030.0,PE,9000,0,0,48.0
2026-06-17,2026-07-28,1040.0,CE,8000,0,0,36.4
2026-06-17,2026-07-28,1040.0,PE,5000,0,1,44.0
2026-06-17,2026-07-28,1050.0,CE,35000,0,14,29.75
2026-06-17,2026-07-28,1050.0,PE,0,0,0,78.05
2026-06-17,2026-07-28,1060.0,CE,2000,0,0,16.95
2026-06-17,2026-07-28,1060.0,PE,1000,0,0,51.3
2026-06-17,2026-07-28,1070.0,CE,3000,0,0,23.95
2026-06-17,2026-07-28,1070.0,PE,0,0,0,90.35
2026-06-17,2026-07-28,1080.0,CE,21000,-1000,7,19.25
2026-06-17,2026-07-28,1080.0,PE,4000,0,0,68.2
2026-06-17,2026-07-28,1090.0,CE,0,0,0,36.55
2026-06-17,2026-07-28,1090.0,PE,0,0,0,103.55
2026-06-17,2026-07-28,1100.0,CE,92000,-8000,16,14.45
2026-06-17,2026-07-28,1100.0,PE,2000,0,0,87.5
2026-06-17,2026-07-28,1110.0,CE,1000,0,0,11.9
2026-06-17,2026-07-28,1110.0,PE,0,0,0,117.6
2026-06-17,2026-07-28,1120.0,CE,0,0,0,46.6
2026-06-17,2026-07-28,1120.0,PE,0,0,0,127.7
2026-06-17,2026-07-28,1130.0,CE,0,0,0,25.8
2026-06-17,2026-07-28,1130.0,PE,0,0,0,132.45
2026-06-17,2026-07-28,1140.0,CE,2000,0,0,6.8
2026-06-17,2026-07-28,1140.0,PE,0,0,0,141.65
2026-06-17,2026-07-28,1150.0,CE,0,0,0,21.5
2026-06-17,2026-07-28,1150.0,PE,1000,0,0,117.0
2026-06-17,2026-07-28,1160.0,CE,1000,0,0,8.85
2026-06-17,2026-07-28,1160.0,PE,0,0,0,156.2
2026-06-17,2026-07-28,1180.0,CE,0,0,0,31.05
2026-06-17,2026-07-28,1180.0,PE,0,0,0,171.3
2026-06-17,2026-08-25,840.0,CE,0,0,0,196.45
2026-06-17,2026-08-25,840.0,PE,0,0,0,12.25
2026-06-17,2026-08-25,880.0,CE,0,0,0,164.75
2026-06-17,2026-08-25,880.0,PE,0,0,0,19.95
2026-06-17,2026-08-25,900.0,CE,0,0,0,150.0
2026-06-17,2026-08-25,900.0,PE,0,0,0,24.9
2026-06-17,2026-08-25,920.0,CE,0,0,0,135.95
2026-06-17,2026-08-25,920.0,PE,0,0,0,30.55
2026-06-17,2026-08-25,940.0,CE,0,0,0,122.75
2026-06-17,2026-08-25,940.0,PE,0,0,0,37.05
2026-06-17,2026-08-25,960.0,CE,0,0,0,110.35
2026-06-17,2026-08-25,960.0,PE,0,0,0,44.4
2026-06-17,2026-08-25,980.0,CE,0,0,0,98.85
2026-06-17,2026-08-25,980.0,PE,0,0,0,52.55
2026-06-17,2026-08-25,1000.0,CE,0,0,0,88.2
2026-06-17,2026-08-25,1000.0,PE,0,0,0,61.6
2026-06-17,2026-08-25,1020.0,CE,0,0,0,78.35
2026-06-17,2026-08-25,1020.0,PE,0,0,0,71.5
2026-06-17,2026-08-25,1040.0,CE,0,0,0,69.35
2026-06-17,2026-08-25,1040.0,PE,0,0,0,82.2
2026-06-17,2026-08-25,1060.0,CE,0,0,0,61.15
2026-06-17,2026-08-25,1060.0,PE,0,0,0,93.7
2026-06-17,2026-08-25,1080.0,CE,0,0,0,53.75
2026-06-17,2026-08-25,1080.0,PE,0,0,0,105.95
2026-06-17,2026-08-25,1100.0,CE,0,0,0,47.05
2026-06-17,2026-08-25,1100.0,PE,0,0,0,119.0
2026-06-17,2026-08-25,1120.0,CE,0,0,0,41.0
2026-06-17,2026-08-25,1120.0,PE,0,0,0,132.7
2026-06-17,2026-08-25,1140.0,CE,0,0,0,35.65
2026-06-17,2026-08-25,1140.0,PE,0,0,0,147.0
2026-06-17,2026-08-25,1160.0,CE,0,0,0,30.95
2026-06-17,2026-08-25,1160.0,PE,0,0,0,162.0
2026-06-18,2026-06-30,820.0,CE,2000,0,0,165.0
2026-06-18,2026-06-30,820.0,PE,4000,0,0,0.2
2026-06-18,2026-06-30,840.0,CE,3000,0,0,128.95
2026-06-18,2026-06-30,840.0,PE,78000,-1000,4,0.25
2026-06-18,2026-06-30,860.0,CE,0,0,0,61.1
2026-06-18,2026-06-30,860.0,PE,76000,-3000,9,0.3
2026-06-18,2026-06-30,870.0,CE,0,0,0,172.05
2026-06-18,2026-06-30,870.0,PE,5000,0,1,0.45
2026-06-18,2026-06-30,880.0,CE,0,0,0,52.55
2026-06-18,2026-06-30,880.0,PE,40000,-1000,1,0.5
2026-06-18,2026-06-30,890.0,CE,4000,0,0,95.4
2026-06-18,2026-06-30,890.0,PE,15000,0,0,0.75
2026-06-18,2026-06-30,900.0,CE,50000,0,0,124.65
2026-06-18,2026-06-30,900.0,PE,367000,18000,43,0.65
2026-06-18,2026-06-30,910.0,CE,11000,0,0,100.75
2026-06-18,2026-06-30,910.0,PE,30000,0,0,0.8
2026-06-18,2026-06-30,920.0,CE,7000,0,0,91.6
2026-06-18,2026-06-30,920.0,PE,136000,-16000,52,0.7
2026-06-18,2026-06-30,930.0,CE,0,0,0,125.55
2026-06-18,2026-06-30,930.0,PE,70000,-15000,21,0.85
2026-06-18,2026-06-30,940.0,CE,73000,0,0,82.75
2026-06-18,2026-06-30,940.0,PE,228000,-2000,10,1.0
2026-06-18,2026-06-30,950.0,CE,202000,0,0,77.75
2026-06-18,2026-06-30,950.0,PE,321000,-22000,79,1.3
2026-06-18,2026-06-30,960.0,CE,300000,-11000,22,68.55
2026-06-18,2026-06-30,960.0,PE,339000,-28000,72,1.75
2026-06-18,2026-06-30,970.0,CE,169000,0,0,58.2
2026-06-18,2026-06-30,970.0,PE,333000,-12000,140,2.45
2026-06-18,2026-06-30,980.0,CE,438000,-10000,27,50.75
2026-06-18,2026-06-30,980.0,PE,516000,-26000,108,3.65
2026-06-18,2026-06-30,990.0,CE,121000,-3000,40,42.1
2026-06-18,2026-06-30,990.0,PE,115000,-23000,120,5.2
2026-06-18,2026-06-30,1000.0,CE,532000,5000,201,34.25
2026-06-18,2026-06-30,1000.0,PE,578000,6000,390,7.35
2026-06-18,2026-06-30,1010.0,CE,170000,7000,119,27.25
2026-06-18,2026-06-30,1010.0,PE,216000,-9000,192,10.4
2026-06-18,2026-06-30,1020.0,CE,685000,184000,1234,21.55
2026-06-18,2026-06-30,1020.0,PE,534000,50000,471,14.35
2026-06-18,2026-06-30,1030.0,CE,520000,209000,862,16.45
2026-06-18,2026-06-30,1030.0,PE,251000,32000,220,19.2
2026-06-18,2026-06-30,1040.0,CE,369000,14000,733,12.2
2026-06-18,2026-06-30,1040.0,PE,119000,4000,21,25.15
2026-06-18,2026-06-30,1050.0,CE,697000,26000,947,9.05
2026-06-18,2026-06-30,1050.0,PE,74000,-1000,16,31.9
2026-06-18,2026-06-30,1060.0,CE,306000,-12000,351,6.55
2026-06-18,2026-06-30,1060.0,PE,9000,0,0,89.25
2026-06-18,2026-06-30,1070.0,CE,326000,2000,181,4.7
2026-06-18,2026-06-30,1070.0,PE,46000,7000,11,47.45
2026-06-18,2026-06-30,1080.0,CE,411000,1000,69,3.4
2026-06-18,2026-06-30,1080.0,PE,13000,1000,15,56.45
2026-06-18,2026-06-30,1090.0,CE,222000,-7000,108,2.55
2026-06-18,2026-06-30,1090.0,PE,0,0,0,98.4
2026-06-18,2026-06-30,1100.0,CE,562000,2000,243,1.9
2026-06-18,2026-06-30,1100.0,PE,44000,-1000,3,75.4
2026-06-18,2026-06-30,1110.0,CE,8000,2000,2,1.7
2026-06-18,2026-06-30,1110.0,PE,0,0,0,111.9
2026-06-18,2026-06-30,1120.0,CE,193000,-4000,28,1.15
2026-06-18,2026-06-30,1120.0,PE,5000,0,3,96.7
2026-06-18,2026-06-30,1130.0,CE,41000,14000,26,1.05
2026-06-18,2026-06-30,1130.0,PE,0,0,0,126.2
2026-06-18,2026-06-30,1140.0,CE,87000,-13000,65,0.7
2026-06-18,2026-06-30,1140.0,PE,0,0,0,126.0
2026-06-18,2026-06-30,1150.0,CE,0,0,0,25.5
2026-06-18,2026-06-30,1150.0,PE,0,0,0,141.25
2026-06-18,2026-06-30,1160.0,CE,76000,1000,2,0.6
2026-06-18,2026-06-30,1160.0,PE,3000,0,0,132.4
2026-06-18,2026-06-30,1180.0,CE,0,0,0,16.4
2026-06-18,2026-06-30,1180.0,PE,0,0,0,211.75
2026-06-18,2026-06-30,1200.0,CE,79000,0,0,0.3
2026-06-18,2026-06-30,1200.0,PE,0,0,0,225.0
2026-06-18,2026-07-28,820.0,CE,0,0,0,223.65
2026-06-18,2026-07-28,820.0,PE,1000,0,0,5.0
2026-06-18,2026-07-28,840.0,CE,0,0,0,206.7
2026-06-18,2026-07-28,840.0,PE,2000,0,0,6.75
2026-06-18,2026-07-28,860.0,CE,0,0,0,190.4
2026-06-18,2026-07-28,860.0,PE,2000,0,0,2.55
2026-06-18,2026-07-28,870.0,CE,0,0,0,161.9
2026-06-18,2026-07-28,870.0,PE,0,0,0,11.2
2026-06-18,2026-07-28,880.0,CE,0,0,0,174.7
2026-06-18,2026-07-28,880.0,PE,11000,0,0,3.3
2026-06-18,2026-07-28,890.0,CE,0,0,0,145.8
2026-06-18,2026-07-28,890.0,PE,0,0,0,14.9
2026-06-18,2026-07-28,900.0,CE,0,0,0,159.7
2026-06-18,2026-07-28,900.0,PE,30000,1000,13,4.35
2026-06-18,2026-07-28,910.0,CE,0,0,0,130.55
2026-06-18,2026-07-28,910.0,PE,0,0,0,19.4
2026-06-18,2026-07-28,920.0,CE,0,0,0,145.45
2026-06-18,2026-07-28,920.0,PE,8000,0,0,6.15
2026-06-18,2026-07-28,930.0,CE,0,0,0,116.2
2026-06-18,2026-07-28,930.0,PE,0,0,0,24.85
2026-06-18,2026-07-28,940.0,CE,0,0,0,131.9
2026-06-18,2026-07-28,940.0,PE,0,0,0,35.6
2026-06-18,2026-07-28,950.0,CE,2000,0,0,101.0
2026-06-18,2026-07-28,950.0,PE,3000,0,0,32.0
2026-06-18,2026-07-28,960.0,CE,0,0,0,119.2
2026-06-18,2026-07-28,960.0,PE,27000,1000,8,12.05
2026-06-18,2026-07-28,970.0,CE,3000,0,0,74.4
2026-06-18,2026-07-28,970.0,PE,1000,0,0,38.35
2026-06-18,2026-07-28,980.0,CE,0,0,0,107.35
2026-06-18,2026-07-28,980.0,PE,5000,0,0,25.4
2026-06-18,2026-07-28,990.0,CE,0,0,0,78.85
2026-06-18,2026-07-28,990.0,PE,0,0,0,46.9
2026-06-18,2026-07-28,1000.0,CE,105000,1000,15,55.55
2026-06-18,2026-07-28,1000.0,PE,63000,6000,24,23.1
2026-06-18,2026-07-28,1010.0,CE,0,0,0,68.45
2026-06-18,2026-07-28,1010.0,PE,0,0,0,56.3
2026-06-18,2026-07-28,1020.0,CE,4000,4000,4,41.5
2026-06-18,2026-07-28,1020.0,PE,4000,2000,4,33.25
2026-06-18,2026-07-28,1030.0,CE,4000,0,0,40.0
2026-06-18,2026-07-28,1030.0,PE,9000,0,0,48.0
2026-06-18,2026-07-28,1040.0,CE,8000,0,0,36.4
2026-06-18,2026-07-28,1040.0,PE,5000,0,1,42.0
2026-06-18,2026-07-28,1050.0,CE,34000,-1000,9,30.4
2026-06-18,2026-07-28,1050.0,PE,0,0,0,78.05
2026-06-18,2026-07-28,1060.0,CE,2000,0,0,16.95
2026-06-18,2026-07-28,1060.0,PE,1000,0,0,51.3
2026-06-18,2026-07-28,1070.0,CE,3000,0,0,23.95
2026-06-18,2026-07-28,1070.0,PE,0,0,0,90.35
2026-06-18,2026-07-28,1080.0,CE,20000,-1000,2,19.45
2026-06-18,2026-07-28,1080.0,PE,4000,0,0,68.2
2026-06-18,2026-07-28,1090.0,CE,0,0,0,36.55
2026-06-18,2026-07-28,1090.0,PE,0,0,0,103.55
2026-06-18,2026-07-28,1100.0,CE,100000,8000,24,15.0
2026-06-18,2026-07-28,1100.0,PE,2000,0,0,87.5
2026-06-18,2026-07-28,1110.0,CE,1000,0,0,11.9
2026-06-18,2026-07-28,1110.0,PE,0,0,0,117.6
2026-06-18,2026-07-28,1120.0,CE,0,0,0,46.6
2026-06-18,2026-07-28,1120.0,PE,0,0,0,127.7
2026-06-18,2026-07-28,1130.0,CE,0,0,0,25.8
2026-06-18,2026-07-28,1130.0,PE,0,0,0,132.45
2026-06-18,2026-07-28,1140.0,CE,2000,0,0,6.8
2026-06-18,2026-07-28,1140.0,PE,0,0,0,141.65
2026-06-18,2026-07-28,1150.0,CE,0,0,0,21.5
2026-06-18,2026-07-28,1150.0,PE,1000,0,0,117.0
2026-06-18,2026-07-28,1160.0,CE,1000,0,0,8.85
2026-06-18,2026-07-28,1160.0,PE,0,0,0,156.2
2026-06-18,2026-07-28,1180.0,CE,0,0,0,31.05
2026-06-18,2026-07-28,1180.0,PE,0,0,0,171.3
2026-06-18,2026-08-25,840.0,CE,0,0,0,196.45
2026-06-18,2026-08-25,840.0,PE,0,0,0,12.25
2026-06-18,2026-08-25,880.0,CE,0,0,0,164.75
2026-06-18,2026-08-25,880.0,PE,0,0,0,19.95
2026-06-18,2026-08-25,900.0,CE,0,0,0,150.0
2026-06-18,2026-08-25,900.0,PE,0,0,0,24.9
2026-06-18,2026-08-25,920.0,CE,0,0,0,135.95
2026-06-18,2026-08-25,920.0,PE,0,0,0,30.55
2026-06-18,2026-08-25,940.0,CE,0,0,0,122.75
2026-06-18,2026-08-25,940.0,PE,0,0,0,37.05
2026-06-18,2026-08-25,960.0,CE,0,0,0,110.35
2026-06-18,2026-08-25,960.0,PE,0,0,0,44.4
2026-06-18,2026-08-25,980.0,CE,0,0,0,98.85
2026-06-18,2026-08-25,980.0,PE,0,0,0,52.55
2026-06-18,2026-08-25,1000.0,CE,0,0,0,88.2
2026-06-18,2026-08-25,1000.0,PE,0,0,0,61.6
2026-06-18,2026-08-25,1020.0,CE,0,0,0,78.35
2026-06-18,2026-08-25,1020.0,PE,0,0,0,71.5
2026-06-18,2026-08-25,1040.0,CE,0,0,0,69.35
2026-06-18,2026-08-25,1040.0,PE,0,0,0,82.2
2026-06-18,2026-08-25,1060.0,CE,0,0,0,61.15
2026-06-18,2026-08-25,1060.0,PE,0,0,0,93.7
2026-06-18,2026-08-25,1080.0,CE,0,0,0,53.75
2026-06-18,2026-08-25,1080.0,PE,0,0,0,105.95
2026-06-18,2026-08-25,1100.0,CE,0,0,0,47.05
2026-06-18,2026-08-25,1100.0,PE,0,0,0,119.0
2026-06-18,2026-08-25,1120.0,CE,0,0,0,41.0
2026-06-18,2026-08-25,1120.0,PE,0,0,0,132.7
2026-06-18,2026-08-25,1140.0,CE,0,0,0,35.65
2026-06-18,2026-08-25,1140.0,PE,0,0,0,147.0
2026-06-18,2026-08-25,1160.0,CE,0,0,0,30.95
2026-06-18,2026-08-25,1160.0,PE,0,0,0,162.0
2026-06-19,2026-06-30,820.0,CE,2000,0,0,165.0
2026-06-19,2026-06-30,820.0,PE,4000,0,0,0.2
2026-06-19,2026-06-30,840.0,CE,3000,0,0,128.95
2026-06-19,2026-06-30,840.0,PE,78000,0,1,0.15
2026-06-19,2026-06-30,860.0,CE,0,0,0,61.1
2026-06-19,2026-06-30,860.0,PE,74000,-2000,31,0.15
2026-06-19,2026-06-30,870.0,CE,0,0,0,172.05
2026-06-19,2026-06-30,870.0,PE,5000,0,0,0.45
2026-06-19,2026-06-30,880.0,CE,0,0,0,52.55
2026-06-19,2026-06-30,880.0,PE,40000,0,4,0.5
2026-06-19,2026-06-30,890.0,CE,4000,0,0,95.4
2026-06-19,2026-06-30,890.0,PE,15000,0,0,0.75
2026-06-19,2026-06-30,900.0,CE,50000,0,0,124.65
2026-06-19,2026-06-30,900.0,PE,350000,-17000,73,0.6
2026-06-19,2026-06-30,910.0,CE,11000,0,0,100.75
2026-06-19,2026-06-30,910.0,PE,30000,0,0,0.8
2026-06-19,2026-06-30,920.0,CE,7000,0,0,91.6
2026-06-19,2026-06-30,920.0,PE,132000,-4000,14,0.65
2026-06-19,2026-06-30,930.0,CE,0,0,0,125.55
2026-06-19,2026-06-30,930.0,PE,57000,-13000,52,0.75
2026-06-19,2026-06-30,940.0,CE,73000,0,0,82.75
2026-06-19,2026-06-30,940.0,PE,185000,-43000,126,0.85
2026-06-19,2026-06-30,950.0,CE,202000,0,0,77.75
2026-06-19,2026-06-30,950.0,PE,260000,-61000,159,1.05
2026-06-19,2026-06-30,960.0,CE,300000,0,0,68.55
2026-06-19,2026-06-30,960.0,PE,262000,-77000,189,1.3
2026-06-19,2026-06-30,970.0,CE,165000,-4000,4,67.0
2026-06-19,2026-06-30,970.0,PE,306000,-27000,202,1.7
2026-06-19,2026-06-30,980.0,CE,411000,-27000,43,57.15
2026-06-19,2026-06-30,980.0,PE,426000,-90000,403,2.35
2026-06-19,2026-06-30,990.0,CE,115000,-6000,17,48.9
2026-06-19,2026-06-30,990.0,PE,121000,6000,148,3.5
2026-06-19,2026-06-30,1000.0,CE,512000,-20000,219,39.6
2026-06-19,2026-06-30,1000.0,PE,521000,-57000,466,4.95
2026-06-19,2026-06-30,1010.0,CE,159000,-11000,91,31.95
2026-06-19,2026-06-30,1010.0,PE,227000,11000,229,7.3
2026-06-19,2026-06-30,1020.0,CE,565000,-120000,990,25.5
2026-06-19,2026-06-30,1020.0,PE,471000,-63000,854,10.3
2026-06-19,2026-06-30,1030.0,CE,344000,-176000,2759,19.75
2026-06-19,2026-06-30,1030.0,PE,238000,-13000,502,14.45
2026-06-19,2026-06-30,1040.0,CE,586000,217000,1929,14.7
2026-06-19,2026-06-30,1040.0,PE,136000,17000,332,19.45
2026-06-19,2026-06-30,1050.0,CE,820000,123000,2227,10.65
2026-06-19,2026-06-30,1050.0,PE,65000,-9000,96,25.45
2026-06-19,2026-06-30,1060.0,CE,256000,-50000,696,7.45
2026-06-19,2026-06-30,1060.0,PE,9000,0,20,32.45
2026-06-19,2026-06-30,1070.0,CE,459000,133000,541,5.45
2026-06-19,2026-06-30,1070.0,PE,46000,0,0,47.45
2026-06-19,2026-06-30,1080.0,CE,421000,10000,308,3.85
2026-06-19,2026-06-30,1080.0,PE,13000,0,0,56.45
2026-06-19,2026-06-30,1090.0,CE,252000,30000,142,2.7
2026-06-19,2026-06-30,1090.0,PE,0,0,0,98.4
2026-06-19,2026-06-30,1100.0,CE,567000,5000,262,2.15
2026-06-19,2026-06-30,1100.0,PE,44000,0,0,75.4
2026-06-19,2026-06-30,1110.0,CE,9000,1000,7,1.6
2026-06-19,2026-06-30,1110.0,PE,0,0,0,111.9
2026-06-19,2026-06-30,1120.0,CE,200000,7000,72,1.1
2026-06-19,2026-06-30,1120.0,PE,2000,-3000,4,84.35
2026-06-19,2026-06-30,1130.0,CE,40000,-1000,4,0.95
2026-06-19,2026-06-30,1130.0,PE,0,0,0,126.2
2026-06-19,2026-06-30,1140.0,CE,91000,4000,68,0.7
2026-06-19,2026-06-30,1140.0,PE,0,0,0,126.0
2026-06-19,2026-06-30,1150.0,CE,0,0,0,25.5
2026-06-19,2026-06-30,1150.0,PE,0,0,0,141.25
2026-06-19,2026-06-30,1160.0,CE,80000,4000,8,0.5
2026-06-19,2026-06-30,1160.0,PE,3000,0,0,132.4
2026-06-19,2026-06-30,1180.0,CE,0,0,0,16.4
2026-06-19,2026-06-30,1180.0,PE,0,0,0,211.75
2026-06-19,2026-06-30,1200.0,CE,76000,-3000,11,0.2
2026-06-19,2026-06-30,1200.0,PE,0,0,0,225.0
2026-06-19,2026-07-28,820.0,CE,0,0,0,223.65
2026-06-19,2026-07-28,820.0,PE,1000,0,0,5.0
2026-06-19,2026-07-28,840.0,CE,0,0,0,206.7
2026-06-19,2026-07-28,840.0,PE,2000,0,0,6.75
2026-06-19,2026-07-28,860.0,CE,0,0,0,190.4
2026-06-19,2026-07-28,860.0,PE,2000,0,0,2.55
2026-06-19,2026-07-28,870.0,CE,0,0,0,161.9
2026-06-19,2026-07-28,870.0,PE,0,0,0,11.2
2026-06-19,2026-07-28,880.0,CE,0,0,0,174.7
2026-06-19,2026-07-28,880.0,PE,11000,0,0,3.3
2026-06-19,2026-07-28,890.0,CE,0,0,0,145.8
2026-06-19,2026-07-28,890.0,PE,0,0,0,14.9
2026-06-19,2026-07-28,900.0,CE,0,0,0,159.7
2026-06-19,2026-07-28,900.0,PE,31000,1000,21,3.45
2026-06-19,2026-07-28,910.0,CE,0,0,0,130.55
2026-06-19,2026-07-28,910.0,PE,0,0,0,19.4
2026-06-19,2026-07-28,920.0,CE,0,0,0,145.45
2026-06-19,2026-07-28,920.0,PE,8000,0,0,6.15
2026-06-19,2026-07-28,930.0,CE,0,0,0,116.2
2026-06-19,2026-07-28,930.0,PE,0,0,0,24.85
2026-06-19,2026-07-28,940.0,CE,0,0,0,131.9
2026-06-19,2026-07-28,940.0,PE,0,0,0,35.6
2026-06-19,2026-07-28,950.0,CE,2000,0,0,101.0
2026-06-19,2026-07-28,950.0,PE,3000,0,0,32.0
2026-06-19,2026-07-28,960.0,CE,0,0,0,119.2
2026-06-19,2026-07-28,960.0,PE,26000,-1000,16,10.25
2026-06-19,2026-07-28,970.0,CE,3000,0,0,74.4
2026-06-19,2026-07-28,970.0,PE,1000,0,0,38.35
2026-06-19,2026-07-28,980.0,CE,0,0,0,107.35
2026-06-19,2026-07-28,980.0,PE,5000,0,0,25.4
2026-06-19,2026-07-28,990.0,CE,0,0,0,78.85
2026-06-19,2026-07-28,990.0,PE,0,0,0,46.9
2026-06-19,2026-07-28,1000.0,CE,114000,9000,107,60.5
2026-06-19,2026-07-28,1000.0,PE,104000,41000,80,20.0
2026-06-19,2026-07-28,1010.0,CE,0,0,0,68.45
2026-06-19,2026-07-28,1010.0,PE,0,0,0,56.3
2026-06-19,2026-07-28,1020.0,CE,4000,0,2,42.65
2026-06-19,2026-07-28,1020.0,PE,4000,0,0,33.25
2026-06-19,2026-07-28,1030.0,CE,10000,6000,10,42.65
2026-06-19,2026-07-28,1030.0,PE,9000,0,0,48.0
2026-06-19,2026-07-28,1040.0,CE,12000,4000,7,37.5
2026-06-19,2026-07-28,1040.0,PE,9000,4000,6,34.25
2026-06-19,2026-07-28,1050.0,CE,42000,8000,25,33.1
2026-06-19,2026-07-28,1050.0,PE,0,0,0,78.05
2026-06-19,2026-07-28,1060.0,CE,2000,0,0,16.95
2026-06-19,2026-07-28,1060.0,PE,1000,0,0,51.3
2026-06-19,2026-07-28,1070.0,CE,3000,0,0,23.95
2026-06-19,2026-07-28,1070.0,PE,0,0,0,90.35
2026-06-19,2026-07-28,1080.0,CE,21000,1000,2,20.0
2026-06-19,2026-07-28,1080.0,PE,13000,9000,10,60.0
2026-06-19,2026-07-28,1090.0,CE,0,0,0,36.55
2026-06-19,2026-07-28,1090.0,PE,0,0,0,103.55
2026-06-19,2026-07-28,1100.0,CE,120000,20000,56,16.45
2026-06-19,2026-07-28,1100.0,PE,4000,2000,2,78.2
2026-06-19,2026-07-28,1110.0,CE,1000,0,0,11.9
2026-06-19,2026-07-28,1110.0,PE,0,0,0,117.6
2026-06-19,2026-07-28,1120.0,CE,0,0,0,46.6
2026-06-19,2026-07-28,1120.0,PE,0,0,0,127.7
2026-06-19,2026-07-28,1130.0,CE,0,0,0,25.8
2026-06-19,2026-07-28,1130.0,PE,0,0,0,132.45
2026-06-19,2026-07-28,1140.0,CE,2000,0,0,6.8
2026-06-19,2026-07-28,1140.0,PE,0,0,0,141.65
2026-06-19,2026-07-28,1150.0,CE,0,0,0,21.5
2026-06-19,2026-07-28,1150.0,PE,1000,0,0,117.0
2026-06-19,2026-07-28,1160.0,CE,1000,0,0,8.85
2026-06-19,2026-07-28,1160.0,PE,0,0,0,156.2
2026-06-19,2026-07-28,1180.0,CE,0,0,0,31.05
2026-06-19,2026-07-28,1180.0,PE,0,0,0,171.3
2026-06-19,2026-08-25,840.0,CE,0,0,0,196.45
2026-06-19,2026-08-25,840.0,PE,0,0,0,12.25
2026-06-19,2026-08-25,880.0,CE,0,0,0,164.75
2026-06-19,2026-08-25,880.0,PE,0,0,0,19.95
2026-06-19,2026-08-25,900.0,CE,0,0,0,150.0
2026-06-19,2026-08-25,900.0,PE,0,0,0,24.9
2026-06-19,2026-08-25,920.0,CE,0,0,0,135.95
2026-06-19,2026-08-25,920.0,PE,0,0,0,30.55
2026-06-19,2026-08-25,940.0,CE,0,0,0,122.75
2026-06-19,2026-08-25,940.0,PE,0,0,0,37.05
2026-06-19,2026-08-25,960.0,CE,0,0,0,110.35
2026-06-19,2026-08-25,960.0,PE,0,0,0,44.4
2026-06-19,2026-08-25,980.0,CE,0,0,0,98.85
2026-06-19,2026-08-25,980.0,PE,0,0,0,52.55
2026-06-19,2026-08-25,1000.0,CE,0,0,0,88.2
2026-06-19,2026-08-25,1000.0,PE,0,0,0,61.6
2026-06-19,2026-08-25,1020.0,CE,0,0,0,78.35
2026-06-19,2026-08-25,1020.0,PE,0,0,0,71.5
2026-06-19,2026-08-25,1040.0,CE,0,0,0,69.35
2026-06-19,2026-08-25,1040.0,PE,0,0,0,82.2
2026-06-19,2026-08-25,1060.0,CE,0,0,0,61.15
2026-06-19,2026-08-25,1060.0,PE,0,0,0,93.7
2026-06-19,2026-08-25,1080.0,CE,0,0,0,53.75
2026-06-19,2026-08-25,1080.0,PE,0,0,0,105.95
2026-06-19,2026-08-25,1100.0,CE,0,0,0,47.05
2026-06-19,2026-08-25,1100.0,PE,0,0,0,119.0
2026-06-19,2026-08-25,1120.0,CE,0,0,0,41.0
2026-06-19,2026-08-25,1120.0,PE,0,0,0,132.7
2026-06-19,2026-08-25,1140.0,CE,0,0,0,35.65
2026-06-19,2026-08-25,1140.0,PE,0,0,0,147.0
2026-06-19,2026-08-25,1160.0,CE,0,0,0,30.95
2026-06-19,2026-08-25,1160.0,PE,0,0,0,162.0
2026-06-22,2026-06-30,820.0,CE,2000,0,0,165.0
2026-06-22,2026-06-30,820.0,PE,4000,0,0,0.2
2026-06-22,2026-06-30,840.0,CE,3000,0,0,128.95
2026-06-22,2026-06-30,840.0,PE,76000,-2000,2,0.3
2026-06-22,2026-06-30,860.0,CE,0,0,0,61.1
2026-06-22,2026-06-30,860.0,PE,73000,-1000,11,0.1
2026-06-22,2026-06-30,870.0,CE,0,0,0,172.05
2026-06-22,2026-06-30,870.0,PE,5000,0,0,0.45
2026-06-22,2026-06-30,880.0,CE,0,0,0,52.55
2026-06-22,2026-06-30,880.0,PE,36000,-4000,9,0.3
2026-06-22,2026-06-30,890.0,CE,4000,0,0,95.4
2026-06-22,2026-06-30,890.0,PE,15000,0,0,0.75
2026-06-22,2026-06-30,900.0,CE,45000,-5000,11,144.0
2026-06-22,2026-06-30,900.0,PE,331000,-19000,55,0.45
2026-06-22,2026-06-30,910.0,CE,11000,0,0,100.75
2026-06-22,2026-06-30,910.0,PE,30000,0,0,0.8
2026-06-22,2026-06-30,920.0,CE,7000,0,0,91.6
2026-06-22,2026-06-30,920.0,PE,130000,-2000,35,0.55
2026-06-22,2026-06-30,930.0,CE,0,0,0,125.55
2026-06-22,2026-06-30,930.0,PE,58000,1000,4,0.55
2026-06-22,2026-06-30,940.0,CE,73000,0,0,82.75
2026-06-22,2026-06-30,940.0,PE,184000,-1000,17,0.8
2026-06-22,2026-06-30,950.0,CE,202000,0,0,77.75
2026-06-22,2026-06-30,950.0,PE,264000,4000,28,1.0
2026-06-22,2026-06-30,960.0,CE,299000,-1000,1,78.0
2026-06-22,2026-06-30,960.0,PE,260000,-2000,60,1.05
2026-06-22,2026-06-30,970.0,CE,157000,-8000,13,69.65
2026-06-22,2026-06-30,970.0,PE,299000,-7000,39,1.05
2026-06-22,2026-06-30,980.0,CE,339000,-72000,177,60.65
2026-06-22,2026-06-30,980.0,PE,397000,-29000,133,1.6
2026-06-22,2026-06-30,990.0,CE,109000,-6000,16,56.55
2026-06-22,2026-06-30,990.0,PE,142000,21000,152,2.05
2026-06-22,2026-06-30,1000.0,CE,482000,-30000,176,47.55
2026-06-22,2026-06-30,1000.0,PE,491000,-30000,384,2.95
2026-06-22,2026-06-30,1010.0,CE,154000,-5000,56,36.75
2026-06-22,2026-06-30,1010.0,PE,258000,31000,278,4.6
2026-06-22,2026-06-30,1020.0,CE,537000,-28000,1694,29.65
2026-06-22,2026-06-30,1020.0,PE,495000,24000,722,6.75
2026-06-22,2026-06-30,1030.0,CE,320000,-24000,1446,23.05
2026-06-22,2026-06-30,1030.0,PE,277000,39000,714,9.4
2026-06-22,2026-06-30,1040.0,CE,618000,32000,2605,17.05
2026-06-22,2026-06-30,1040.0,PE,207000,71000,469,12.8
2026-06-22,2026-06-30,1050.0,CE,721000,-99000,1619,12.25
2026-06-22,2026-06-30,1050.0,PE,85000,20000,115,17.55
2026-06-22,2026-06-30,1060.0,CE,270000,14000,675,8.75
2026-06-22,2026-06-30,1060.0,PE,9000,0,2,23.9
2026-06-22,2026-06-30,1070.0,CE,495000,36000,383,5.65
2026-06-22,2026-06-30,1070.0,PE,51000,5000,70,32.95
2026-06-22,2026-06-30,1080.0,CE,434000,13000,333,3.85
2026-06-22,2026-06-30,1080.0,PE,13000,0,0,56.45
2026-06-22,2026-06-30,1090.0,CE,265000,13000,81,2.5
2026-06-22,2026-06-30,1090.0,PE,0,0,0,98.4
2026-06-22,2026-06-30,1100.0,CE,550000,-17000,312,1.95
2026-06-22,2026-06-30,1100.0,PE,44000,0,7,55.6
2026-06-22,2026-06-30,1110.0,CE,18000,9000,17,1.15
2026-06-22,2026-06-30,1110.0,PE,0,0,0,111.9
2026-06-22,2026-06-30,1120.0,CE,163000,-37000,84,1.0
2026-06-22,2026-06-30,1120.0,PE,2000,0,0,84.35
2026-06-22,2026-06-30,1130.0,CE,39000,-1000,4,0.9
2026-06-22,2026-06-30,1130.0,PE,0,0,0,126.2
2026-06-22,2026-06-30,1140.0,CE,95000,4000,46,0.65
2026-06-22,2026-06-30,1140.0,PE,0,0,0,126.0
2026-06-22,2026-06-30,1150.0,CE,0,0,0,25.5
2026-06-22,2026-06-30,1150.0,PE,3000,3000,6,111.4
2026-06-22,2026-06-30,1160.0,CE,77000,-3000,7,0.35
2026-06-22,2026-06-30,1160.0,PE,3000,0,0,132.4
2026-06-22,2026-06-30,1180.0,CE,0,0,0,16.4
2026-06-22,2026-06-30,1180.0,PE,3000,3000,3,141.0
2026-06-22,2026-06-30,1200.0,CE,66000,-10000,16,0.2
2026-06-22,2026-06-30,1200.0,PE,0,0,0,225.0
2026-06-22,2026-07-28,820.0,CE,0,0,0,223.65
2026-06-22,2026-07-28,820.0,PE,1000,0,0,5.0
2026-06-22,2026-07-28,840.0,CE,0,0,0,206.7
2026-06-22,2026-07-28,840.0,PE,2000,0,0,6.75
2026-06-22,2026-07-28,860.0,CE,0,0,0,190.4
2026-06-22,2026-07-28,860.0,PE,2000,0,0,2.55
2026-06-22,2026-07-28,870.0,CE,0,0,0,161.9
2026-06-22,2026-07-28,870.0,PE,0,0,0,11.2
2026-06-22,2026-07-28,880.0,CE,0,0,0,174.7
2026-06-22,2026-07-28,880.0,PE,11000,0,0,3.3
2026-06-22,2026-07-28,890.0,CE,0,0,0,145.8
2026-06-22,2026-07-28,890.0,PE,0,0,0,14.9
2026-06-22,2026-07-28,900.0,CE,0,0,0,159.7
2026-06-22,2026-07-28,900.0,PE,31000,0,43,3.1
2026-06-22,2026-07-28,910.0,CE,0,0,0,130.55
2026-06-22,2026-07-28,910.0,PE,0,0,0,19.4
2026-06-22,2026-07-28,920.0,CE,0,0,0,145.45
2026-06-22,2026-07-28,920.0,PE,8000,0,3,4.9
2026-06-22,2026-07-28,930.0,CE,0,0,0,116.2
2026-06-22,2026-07-28,930.0,PE,0,0,0,24.85
2026-06-22,2026-07-28,940.0,CE,0,0,0,131.9
2026-06-22,2026-07-28,940.0,PE,0,0,0,35.6
2026-06-22,2026-07-28,950.0,CE,2000,0,0,101.0
2026-06-22,2026-07-28,950.0,PE,11000,8000,12,7.0
2026-06-22,2026-07-28,960.0,CE,0,0,0,119.2
2026-06-22,2026-07-28,960.0,PE,28000,2000,6,10.0
2026-06-22,2026-07-28,970.0,CE,3000,0,0,74.4
2026-06-22,2026-07-28,970.0,PE,4000,3000,5,12.2
2026-06-22,2026-07-28,980.0,CE,0,0,0,107.35
2026-06-22,2026-07-28,980.0,PE,9000,4000,4,13.3
2026-06-22,2026-07-28,990.0,CE,0,0,0,78.85
2026-06-22,2026-07-28,990.0,PE,0,0,0,46.9
2026-06-22,2026-07-28,1000.0,CE,152000,38000,144,65.75
2026-06-22,2026-07-28,1000.0,PE,107000,3000,78,17.9
2026-06-22,2026-07-28,1010.0,CE,2000,2000,2,55.95
2026-06-22,2026-07-28,1010.0,PE,1000,1000,1,25.55
2026-06-22,2026-07-28,1020.0,CE,5000,1000,1,47.75
2026-06-22,2026-07-28,1020.0,PE,4000,0,0,33.25
2026-06-22,2026-07-28,1030.0,CE,19000,9000,12,45.5
2026-06-22,2026-07-28,1030.0,PE,12000,3000,17,29.45
2026-06-22,2026-07-28,1040.0,CE,14000,2000,19,41.0
2026-06-22,2026-07-28,1040.0,PE,10000,1000,3,34.0
2026-06-22,2026-07-28,1050.0,CE,64000,22000,72,37.75
2026-06-22,2026-07-28,1050.0,PE,0,0,0,78.05
2026-06-22,2026-07-28,1060.0,CE,2000,0,0,16.95
2026-06-22,2026-07-28,1060.0,PE,1000,0,0,51.3
2026-06-22,2026-07-28,1070.0,CE,3000,0,0,23.95
2026-06-22,2026-07-28,1070.0,PE,1000,1000,1,54.0
2026-06-22,2026-07-28,1080.0,CE,35000,14000,34,24.65
2026-06-22,2026-07-28,1080.0,PE,16000,3000,18,56.0
2026-06-22,2026-07-28,1090.0,CE,0,0,0,36.55
2026-06-22,2026-07-28,1090.0,PE,0,0,0,103.55
2026-06-22,2026-07-28,1100.0,CE,137000,17000,89,19.1
2026-06-22,2026-07-28,1100.0,PE,4000,0,0,78.2
2026-06-22,2026-07-28,1110.0,CE,10000,9000,12,12.8
2026-06-22,2026-07-28,1110.0,PE,0,0,0,117.6
2026-06-22,2026-07-28,1120.0,CE,0,0,0,46.6
2026-06-22,2026-07-28,1120.0,PE,0,0,0,127.7
2026-06-22,2026-07-28,1130.0,CE,1000,1000,1,10.65
2026-06-22,2026-07-28,1130.0,PE,0,0,0,132.45
2026-06-22,2026-07-28,1140.0,CE,2000,0,2,9.75
2026-06-22,2026-07-28,1140.0,PE,0,0,0,141.65
2026-06-22,2026-07-28,1150.0,CE,0,0,0,21.5
2026-06-22,2026-07-28,1150.0,PE,1000,0,0,117.0
2026-06-22,2026-07-28,1160.0,CE,10000,9000,14,6.85
2026-06-22,2026-07-28,1160.0,PE,0,0,0,156.2
2026-06-22,2026-07-28,1180.0,CE,4000,4000,8,5.2
2026-06-22,2026-07-28,1180.0,PE,0,0,0,171.3
2026-06-22,2026-08-25,840.0,CE,0,0,0,196.45
2026-06-22,2026-08-25,840.0,PE,0,0,0,12.25
2026-06-22,2026-08-25,880.0,CE,0,0,0,164.75
2026-06-22,2026-08-25,880.0,PE,0,0,0,19.95
2026-06-22,2026-08-25,900.0,CE,0,0,0,150.0
2026-06-22,2026-08-25,900.0,PE,0,0,0,24.9
2026-06-22,2026-08-25,920.0,CE,0,0,0,135.95
2026-06-22,2026-08-25,920.0,PE,0,0,0,30.55
2026-06-22,2026-08-25,940.0,CE,0,0,0,122.75
2026-06-22,2026-08-25,940.0,PE,0,0,0,37.05
2026-06-22,2026-08-25,960.0,CE,0,0,0,110.35
2026-06-22,2026-08-25,960.0,PE,0,0,0,44.4
2026-06-22,2026-08-25,980.0,CE,0,0,0,98.85
2026-06-22,2026-08-25,980.0,PE,0,0,0,52.55
2026-06-22,2026-08-25,1000.0,CE,0,0,0,88.2
2026-06-22,2026-08-25,1000.0,PE,0,0,0,61.6
2026-06-22,2026-08-25,1020.0,CE,0,0,0,78.35
2026-06-22,2026-08-25,1020.0,PE,0,0,0,71.5
2026-06-22,2026-08-25,1040.0,CE,0,0,0,69.35
2026-06-22,2026-08-25,1040.0,PE,0,0,0,82.2
2026-06-22,2026-08-25,1060.0,CE,0,0,0,61.15
2026-06-22,2026-08-25,1060.0,PE,0,0,0,93.7
2026-06-22,2026-08-25,1080.0,CE,0,0,0,53.75
2026-06-22,2026-08-25,1080.0,PE,0,0,0,105.95
2026-06-22,2026-08-25,1100.0,CE,0,0,0,47.05
2026-06-22,2026-08-25,1100.0,PE,0,0,0,119.0
2026-06-22,2026-08-25,1120.0,CE,0,0,0,41.0
2026-06-22,2026-08-25,1120.0,PE,0,0,0,132.7
2026-06-22,2026-08-25,1140.0,CE,0,0,0,35.65
2026-06-22,2026-08-25,1140.0,PE,0,0,0,147.0
2026-06-22,2026-08-25,1160.0,CE,0,0,0,30.95
2026-06-22,2026-08-25,1160.0,PE,0,0,0,162.0
2026-06-23,2026-06-30,820.0,CE,2000,0,0,165.0
2026-06-23,2026-06-30,820.0,PE,4000,0,0,0.2
2026-06-23,2026-06-30,840.0,CE,3000,0,0,128.95
2026-06-23,2026-06-30,840.0,PE,76000,0,0,0.3
2026-06-23,2026-06-30,860.0,CE,0,0,0,61.1
2026-06-23,2026-06-30,860.0,PE,73000,0,2,0.1
2026-06-23,2026-06-30,870.0,CE,0,0,0,172.05
2026-06-23,2026-06-30,870.0,PE,5000,0,0,0.45
2026-06-23,2026-06-30,880.0,CE,0,0,0,52.55
2026-06-23,2026-06-30,880.0,PE,34000,-2000,2,0.4
2026-06-23,2026-06-30,890.0,CE,4000,0,0,95.4
2026-06-23,2026-06-30,890.0,PE,11000,-4000,5,0.3
2026-06-23,2026-06-30,900.0,CE,45000,0,0,144.0
2026-06-23,2026-06-30,900.0,PE,325000,-6000,89,0.4
2026-06-23,2026-06-30,910.0,CE,11000,0,0,100.75
2026-06-23,2026-06-30,910.0,PE,28000,-2000,2,0.55
2026-06-23,2026-06-30,920.0,CE,6000,-1000,1,120.0
2026-06-23,2026-06-30,920.0,PE,110000,-20000,48,0.45
2026-06-23,2026-06-30,930.0,CE,0,0,0,125.55
2026-06-23,2026-06-30,930.0,PE,55000,-3000,36,0.5
2026-06-23,2026-06-30,940.0,CE,72000,-1000,1,100.0
2026-06-23,2026-06-30,940.0,PE,179000,-5000,29,0.7
2026-06-23,2026-06-30,950.0,CE,198000,-4000,4,77.95
2026-06-23,2026-06-30,950.0,PE,252000,-12000,33,0.7
2026-06-23,2026-06-30,960.0,CE,299000,0,3,67.95
2026-06-23,2026-06-30,960.0,PE,251000,-9000,24,0.8
2026-06-23,2026-06-30,970.0,CE,142000,-15000,24,57.4
2026-06-23,2026-06-30,970.0,PE,278000,-21000,59,1.05
2026-06-23,2026-06-30,980.0,CE,332000,-7000,8,52.8
2026-06-23,2026-06-30,980.0,PE,380000,-17000,93,1.45
2026-06-23,2026-06-30,990.0,CE,95000,-14000,28,40.05
2026-06-23,2026-06-30,990.0,PE,129000,-13000,83,2.3
2026-06-23,2026-06-30,1000.0,CE,428000,-54000,106,32.45
2026-06-23,2026-06-30,1000.0,PE,457000,-34000,429,3.5
2026-06-23,2026-06-30,1010.0,CE,137000,-17000,47,24.95
2026-06-23,2026-06-30,1010.0,PE,228000,-30000,326,5.8
2026-06-23,2026-06-30,1020.0,CE,450000,-87000,475,17.55
2026-06-23,2026-06-30,1020.0,PE,536000,41000,739,8.85
2026-06-23,2026-06-30,1030.0,CE,280000,-40000,754,12.0
2026-06-23,2026-06-30,1030.0,PE,239000,-38000,780,13.4
2026-06-23,2026-06-30,1040.0,CE,631000,13000,1449,8.15
2026-06-23,2026-06-30,1040.0,PE,216000,9000,556,19.1
2026-06-23,2026-06-30,1050.0,CE,800000,79000,1203,5.25
2026-06-23,2026-06-30,1050.0,PE,76000,-9000,77,27.65
2026-06-23,2026-06-30,1060.0,CE,241000,-29000,595,3.35
2026-06-23,2026-06-30,1060.0,PE,7000,-2000,7,33.2
2026-06-23,2026-06-30,1070.0,CE,381000,-114000,421,2.3
2026-06-23,2026-06-30,1070.0,PE,51000,0,0,32.95
2026-06-23,2026-06-30,1080.0,CE,431000,-3000,285,1.55
2026-06-23,2026-06-30,1080.0,PE,15000,2000,9,49.8
2026-06-23,2026-06-30,1090.0,CE,244000,-21000,95,1.2
2026-06-23,2026-06-30,1090.0,PE,0,0,0,98.4
2026-06-23,2026-06-30,1100.0,CE,519000,-31000,163,0.85
2026-06-23,2026-06-30,1100.0,PE,44000,0,3,64.9
2026-06-23,2026-06-30,1110.0,CE,18000,0,5,0.7
2026-06-23,2026-06-30,1110.0,PE,0,0,0,111.9
2026-06-23,2026-06-30,1120.0,CE,159000,-4000,21,0.55
2026-06-23,2026-06-30,1120.0,PE,2000,0,0,84.35
2026-06-23,2026-06-30,1130.0,CE,36000,-3000,3,0.35
2026-06-23,2026-06-30,1130.0,PE,0,0,0,126.2
2026-06-23,2026-06-30,1140.0,CE,82000,-13000,22,0.3
2026-06-23,2026-06-30,1140.0,PE,0,0,0,126.0
2026-06-23,2026-06-30,1150.0,CE,0,0,0,25.5
2026-06-23,2026-06-30,1150.0,PE,3000,0,0,111.4
2026-06-23,2026-06-30,1160.0,CE,69000,-8000,12,0.25
2026-06-23,2026-06-30,1160.0,PE,3000,0,0,132.4
2026-06-23,2026-06-30,1180.0,CE,0,0,0,16.4
2026-06-23,2026-06-30,1180.0,PE,3000,0,0,141.0
2026-06-23,2026-06-30,1200.0,CE,66000,0,0,0.2
2026-06-23,2026-06-30,1200.0,PE,0,0,0,225.0
2026-06-23,2026-07-28,820.0,CE,0,0,0,223.65
2026-06-23,2026-07-28,820.0,PE,1000,0,0,5.0
2026-06-23,2026-07-28,840.0,CE,0,0,0,206.7
2026-06-23,2026-07-28,840.0,PE,2000,0,0,6.75
2026-06-23,2026-07-28,860.0,CE,0,0,0,190.4
2026-06-23,2026-07-28,860.0,PE,2000,0,0,2.55
2026-06-23,2026-07-28,870.0,CE,0,0,0,161.9
2026-06-23,2026-07-28,870.0,PE,0,0,0,11.2
2026-06-23,2026-07-28,880.0,CE,0,0,0,174.7
2026-06-23,2026-07-28,880.0,PE,11000,0,0,3.3
2026-06-23,2026-07-28,890.0,CE,0,0,0,145.8
2026-06-23,2026-07-28,890.0,PE,0,0,0,14.9
2026-06-23,2026-07-28,900.0,CE,0,0,0,159.7
2026-06-23,2026-07-28,900.0,PE,45000,14000,49,3.2
2026-06-23,2026-07-28,910.0,CE,0,0,0,130.55
2026-06-23,2026-07-28,910.0,PE,0,0,0,19.4
2026-06-23,2026-07-28,920.0,CE,0,0,0,145.45
2026-06-23,2026-07-28,920.0,PE,12000,4000,9,4.75
2026-06-23,2026-07-28,930.0,CE,0,0,0,116.2
2026-06-23,2026-07-28,930.0,PE,0,0,0,24.85
2026-06-23,2026-07-28,940.0,CE,0,0,0,131.9
2026-06-23,2026-07-28,940.0,PE,0,0,0,35.6
2026-06-23,2026-07-28,950.0,CE,1000,-1000,1,97.5
2026-06-23,2026-07-28,950.0,PE,14000,3000,6,8.5
2026-06-23,2026-07-28,960.0,CE,1000,1000,1,92.5
2026-06-23,2026-07-28,960.0,PE,43000,15000,33,10.85
2026-06-23,2026-07-28,970.0,CE,2000,-1000,1,85.45
2026-06-23,2026-07-28,970.0,PE,4000,0,0,12.2
2026-06-23,2026-07-28,980.0,CE,1000,1000,1,66.85
2026-06-23,2026-07-28,980.0,PE,11000,2000,5,14.65
2026-06-23,2026-07-28,990.0,CE,0,0,0,78.85
2026-06-23,2026-07-28,990.0,PE,0,0,0,46.9
2026-06-23,2026-07-28,1000.0,CE,137000,-15000,66,55.7
2026-06-23,2026-07-28,1000.0,PE,134000,27000,64,22.0
2026-06-23,2026-07-28,1010.0,CE,3000,1000,1,45.25
2026-06-23,2026-07-28,1010.0,PE,1000,0,0,25.55
2026-06-23,2026-07-28,1020.0,CE,9000,4000,5,43.0
2026-06-23,2026-07-28,1020.0,PE,12000,8000,9,27.2
2026-06-23,2026-07-28,1030.0,CE,31000,12000,17,37.5
2026-06-23,2026-07-28,1030.0,PE,32000,20000,38,34.35
2026-06-23,2026-07-28,1040.0,CE,20000,6000,23,32.35
2026-06-23,2026-07-28,1040.0,PE,10000,0,2,33.5
2026-06-23,2026-07-28,1050.0,CE,89000,25000,73,28.55
2026-06-23,2026-07-28,1050.0,PE,1000,1000,1,45.0
2026-06-23,2026-07-28,1060.0,CE,3000,1000,1,26.9
2026-06-23,2026-07-28,1060.0,PE,1000,0,0,51.3
2026-06-23,2026-07-28,1070.0,CE,3000,0,0,23.95
2026-06-23,2026-07-28,1070.0,PE,1000,0,1,55.0
2026-06-23,2026-07-28,1080.0,CE,39000,4000,11,19.95
2026-06-23,2026-07-28,1080.0,PE,14000,-2000,7,62.0
2026-06-23,2026-07-28,1090.0,CE,0,0,0,36.55
2026-06-23,2026-07-28,1090.0,PE,0,0,0,103.55
2026-06-23,2026-07-28,1100.0,CE,172000,35000,90,13.55
2026-06-23,2026-07-28,1100.0,PE,5000,1000,1,77.0
2026-06-23,2026-07-28,1110.0,CE,10000,0,0,12.8
2026-06-23,2026-07-28,1110.0,PE,0,0,0,117.6
2026-06-23,2026-07-28,1120.0,CE,0,0,0,46.6
2026-06-23,2026-07-28,1120.0,PE,0,0,0,127.7
2026-06-23,2026-07-28,1130.0,CE,1000,0,0,10.65
2026-06-23,2026-07-28,1130.0,PE,0,0,0,132.45
2026-06-23,2026-07-28,1140.0,CE,2000,0,0,9.75
2026-06-23,2026-07-28,1140.0,PE,0,0,0,141.65
2026-06-23,2026-07-28,1150.0,CE,0,0,0,21.5
2026-06-23,2026-07-28,1150.0,PE,1000,0,0,117.0
2026-06-23,2026-07-28,1160.0,CE,10000,0,0,6.85
2026-06-23,2026-07-28,1160.0,PE,0,0,0,156.2
2026-06-23,2026-07-28,1180.0,CE,6000,2000,3,4.3
2026-06-23,2026-07-28,1180.0,PE,0,0,0,171.3
2026-06-23,2026-08-25,840.0,CE,0,0,0,196.45
2026-06-23,2026-08-25,840.0,PE,0,0,0,12.25
2026-06-23,2026-08-25,880.0,CE,0,0,0,164.75
2026-06-23,2026-08-25,880.0,PE,0,0,0,19.95
2026-06-23,2026-08-25,900.0,CE,0,0,0,150.0
2026-06-23,2026-08-25,900.0,PE,0,0,0,24.9
2026-06-23,2026-08-25,920.0,CE,0,0,0,135.95
2026-06-23,2026-08-25,920.0,PE,0,0,0,30.55
2026-06-23,2026-08-25,940.0,CE,0,0,0,122.75
2026-06-23,2026-08-25,940.0,PE,0,0,0,37.05
2026-06-23,2026-08-25,960.0,CE,0,0,0,110.35
2026-06-23,2026-08-25,960.0,PE,0,0,0,44.4
2026-06-23,2026-08-25,980.0,CE,0,0,0,98.85
2026-06-23,2026-08-25,980.0,PE,0,0,0,52.55
2026-06-23,2026-08-25,1000.0,CE,0,0,0,88.2
2026-06-23,2026-08-25,1000.0,PE,0,0,0,61.6
2026-06-23,2026-08-25,1020.0,CE,0,0,0,78.35
2026-06-23,2026-08-25,1020.0,PE,0,0,0,71.5
2026-06-23,2026-08-25,1040.0,CE,0,0,0,69.35
2026-06-23,2026-08-25,1040.0,PE,0,0,0,82.2
2026-06-23,2026-08-25,1060.0,CE,0,0,0,61.15
2026-06-23,2026-08-25,1060.0,PE,0,0,0,93.7
2026-06-23,2026-08-25,1080.0,CE,0,0,0,53.75
2026-06-23,2026-08-25,1080.0,PE,0,0,0,105.95
2026-06-23,2026-08-25,1100.0,CE,0,0,0,47.05
2026-06-23,2026-08-25,1100.0,PE,0,0,0,119.0
2026-06-23,2026-08-25,1120.0,CE,0,0,0,41.0
2026-06-23,2026-08-25,1120.0,PE,0,0,0,132.7
2026-06-23,2026-08-25,1140.0,CE,0,0,0,35.65
2026-06-23,2026-08-25,1140.0,PE,0,0,0,147.0
2026-06-23,2026-08-25,1160.0,CE,0,0,0,30.95
2026-06-23,2026-08-25,1160.0,PE,0,0,0,162.0
2026-06-24,2026-06-30,820.0,CE,0,-2000,2,221.0
2026-06-24,2026-06-30,820.0,PE,4000,0,0,0.2
2026-06-24,2026-06-30,840.0,CE,3000,0,0,128.95
2026-06-24,2026-06-30,840.0,PE,71000,-5000,6,0.15
2026-06-24,2026-06-30,860.0,CE,0,0,0,61.1
2026-06-24,2026-06-30,860.0,PE,62000,-11000,13,0.15
2026-06-24,2026-06-30,870.0,CE,0,0,0,172.05
2026-06-24,2026-06-30,870.0,PE,5000,0,0,0.45
2026-06-24,2026-06-30,880.0,CE,0,0,0,52.55
2026-06-24,2026-06-30,880.0,PE,27000,-7000,22,0.3
2026-06-24,2026-06-30,890.0,CE,4000,0,0,95.4
2026-06-24,2026-06-30,890.0,PE,10000,-1000,1,0.3
2026-06-24,2026-06-30,900.0,CE,37000,-8000,10,142.5
2026-06-24,2026-06-30,900.0,PE,260000,-65000,122,0.25
2026-06-24,2026-06-30,910.0,CE,11000,0,0,100.75
2026-06-24,2026-06-30,910.0,PE,27000,-1000,24,0.35
2026-06-24,2026-06-30,920.0,CE,6000,0,0,120.0
2026-06-24,2026-06-30,920.0,PE,100000,-10000,12,0.3
2026-06-24,2026-06-30,930.0,CE,0,0,0,125.55
2026-06-24,2026-06-30,930.0,PE,52000,-3000,3,0.3
2026-06-24,2026-06-30,940.0,CE,72000,0,0,100.0
2026-06-24,2026-06-30,940.0,PE,131000,-48000,104,0.4
2026-06-24,2026-06-30,950.0,CE,183000,-15000,16,113.05
2026-06-24,2026-06-30,950.0,PE,221000,-31000,144,0.45
2026-06-24,2026-06-30,960.0,CE,287000,-12000,30,102.4
2026-06-24,2026-06-30,960.0,PE,231000,-20000,143,0.55
2026-06-24,2026-06-30,970.0,CE,129000,-13000,27,99.9
2026-06-24,2026-06-30,970.0,PE,225000,-53000,279,0.7
2026-06-24,2026-06-30,980.0,CE,307000,-25000,53,87.8
2026-06-24,2026-06-30,980.0,PE,361000,-19000,182,0.85
2026-06-24,2026-06-30,990.0,CE,82000,-13000,25,77.75
2026-06-24,2026-06-30,990.0,PE,171000,42000,150,0.95
2026-06-24,2026-06-30,1000.0,CE,367000,-61000,165,66.1
2026-06-24,2026-06-30,1000.0,PE,417000,-40000,745,1.05
2026-06-24,2026-06-30,1010.0,CE,125000,-12000,48,56.95
2026-06-24,2026-06-30,1010.0,PE,304000,76000,795,1.3
2026-06-24,2026-06-30,1020.0,CE,252000,-198000,508,47.9
2026-06-24,2026-06-30,1020.0,PE,656000,120000,1493,1.65
2026-06-24,2026-06-30,1030.0,CE,204000,-76000,499,40.15
2026-06-24,2026-06-30,1030.0,PE,387000,148000,1553,2.5
2026-06-24,2026-06-30,1040.0,CE,321000,-310000,3439,30.15
2026-06-24,2026-06-30,1040.0,PE,418000,202000,1888,3.9
2026-06-24,2026-06-30,1050.0,CE,524000,-276000,5075,23.1
2026-06-24,2026-06-30,1050.0,PE,363000,287000,2304,5.95
2026-06-24,2026-06-30,1060.0,CE,310000,69000,4992,16.05
2026-06-24,2026-06-30,1060.0,PE,319000,312000,1261,9.45
2026-06-24,2026-06-30,1070.0,CE,377000,-4000,4444,11.05
2026-06-24,2026-06-30,1070.0,PE,163000,112000,446,12.9
2026-06-24,2026-06-30,1080.0,CE,464000,33000,3917,7.25
2026-06-24,2026-06-30,1080.0,PE,48000,33000,98,18.95
2026-06-24,2026-06-30,1090.0,CE,366000,122000,1246,4.6
2026-06-24,2026-06-30,1090.0,PE,0,0,0,98.4
2026-06-24,2026-06-30,1100.0,CE,650000,131000,3567,2.95
2026-06-24,2026-06-30,1100.0,PE,44000,0,0,64.9
2026-06-24,2026-06-30,1110.0,CE,144000,126000,324,1.95
2026-06-24,2026-06-30,1110.0,PE,0,0,0,111.9
2026-06-24,2026-06-30,1120.0,CE,136000,-23000,476,1.35
2026-06-24,2026-06-30,1120.0,PE,2000,0,0,84.35
2026-06-24,2026-06-30,1130.0,CE,36000,0,0,0.35
2026-06-24,2026-06-30,1130.0,PE,0,0,0,126.2
2026-06-24,2026-06-30,1140.0,CE,120000,38000,217,0.7
2026-06-24,2026-06-30,1140.0,PE,0,0,0,126.0
2026-06-24,2026-06-30,1150.0,CE,1000,1000,1,0.9
2026-06-24,2026-06-30,1150.0,PE,3000,0,0,111.4
2026-06-24,2026-06-30,1160.0,CE,72000,3000,22,0.35
2026-06-24,2026-06-30,1160.0,PE,3000,0,0,132.4
2026-06-24,2026-06-30,1180.0,CE,0,0,0,16.4
2026-06-24,2026-06-30,1180.0,PE,3000,0,3,120.8
2026-06-24,2026-06-30,1200.0,CE,61000,-5000,26,0.25
2026-06-24,2026-06-30,1200.0,PE,0,0,0,225.0
2026-06-24,2026-07-28,820.0,CE,2000,2000,2,226.5
2026-06-24,2026-07-28,820.0,PE,1000,0,0,5.0
2026-06-24,2026-07-28,840.0,CE,0,0,0,206.7
2026-06-24,2026-07-28,840.0,PE,2000,0,0,6.75
2026-06-24,2026-07-28,860.0,CE,0,0,0,190.4
2026-06-24,2026-07-28,860.0,PE,2000,0,0,2.55
2026-06-24,2026-07-28,870.0,CE,0,0,0,161.9
2026-06-24,2026-07-28,870.0,PE,0,0,0,11.2
2026-06-24,2026-07-28,880.0,CE,0,0,0,174.7
2026-06-24,2026-07-28,880.0,PE,11000,0,0,3.3
2026-06-24,2026-07-28,890.0,CE,0,0,0,145.8
2026-06-24,2026-07-28,890.0,PE,0,0,0,14.9
2026-06-24,2026-07-28,900.0,CE,10000,10000,10,154.0
2026-06-24,2026-07-28,900.0,PE,72000,27000,53,2.45
2026-06-24,2026-07-28,910.0,CE,0,0,0,130.55
2026-06-24,2026-07-28,910.0,PE,0,0,0,19.4
2026-06-24,2026-07-28,920.0,CE,1000,1000,1,128.0
2026-06-24,2026-07-28,920.0,PE,28000,16000,54,3.05
2026-06-24,2026-07-28,930.0,CE,0,0,0,116.2
2026-06-24,2026-07-28,930.0,PE,0,0,0,24.85
2026-06-24,2026-07-28,940.0,CE,1000,1000,1,124.0
2026-06-24,2026-07-28,940.0,PE,0,0,0,35.6
2026-06-24,2026-07-28,950.0,CE,1000,0,0,97.5
2026-06-24,2026-07-28,950.0,PE,41000,27000,51,4.8
2026-06-24,2026-07-28,960.0,CE,1000,0,0,92.5
2026-06-24,2026-07-28,960.0,PE,50000,7000,34,5.6
2026-06-24,2026-07-28,970.0,CE,2000,0,0,85.45
2026-06-24,2026-07-28,970.0,PE,4000,0,0,12.2
2026-06-24,2026-07-28,980.0,CE,1000,0,0,66.85
2026-06-24,2026-07-28,980.0,PE,36000,25000,57,7.7
2026-06-24,2026-07-28,990.0,CE,0,0,0,78.85
2026-06-24,2026-07-28,990.0,PE,0,0,0,46.9
2026-06-24,2026-07-28,1000.0,CE,217000,80000,216,80.5
2026-06-24,2026-07-28,1000.0,PE,159000,25000,153,11.15
2026-06-24,2026-07-28,1010.0,CE,3000,0,0,45.25
2026-06-24,2026-07-28,1010.0,PE,7000,6000,15,14.65
2026-06-24,2026-07-28,1020.0,CE,9000,0,0,43.0
2026-06-24,2026-07-28,1020.0,PE,38000,26000,37,16.9
2026-06-24,2026-07-28,1030.0,CE,31000,0,14,62.0
2026-06-24,2026-07-28,1030.0,PE,58000,26000,51,18.85
2026-06-24,2026-07-28,1040.0,CE,32000,12000,127,55.85
2026-06-24,2026-07-28,1040.0,PE,19000,9000,28,22.8
2026-06-24,2026-07-28,1050.0,CE,157000,68000,527,48.05
2026-06-24,2026-07-28,1050.0,PE,75000,74000,143,27.4
2026-06-24,2026-07-28,1060.0,CE,62000,59000,202,43.3
2026-06-24,2026-07-28,1060.0,PE,66000,65000,91,30.85
2026-06-24,2026-07-28,1070.0,CE,83000,80000,145,38.1
2026-06-24,2026-07-28,1070.0,PE,91000,90000,122,35.7
2026-06-24,2026-07-28,1080.0,CE,77000,38000,138,33.6
2026-06-24,2026-07-28,1080.0,PE,49000,35000,71,41.0
2026-06-24,2026-07-28,1090.0,CE,0,0,0,36.55
2026-06-24,2026-07-28,1090.0,PE,0,0,0,103.55
2026-06-24,2026-07-28,1100.0,CE,316000,144000,918,25.2
2026-06-24,2026-07-28,1100.0,PE,9000,4000,6,51.9
2026-06-24,2026-07-28,1110.0,CE,13000,3000,19,20.8
2026-06-24,2026-07-28,1110.0,PE,0,0,0,117.6
2026-06-24,2026-07-28,1120.0,CE,0,0,0,46.6
2026-06-24,2026-07-28,1120.0,PE,0,0,0,127.7
2026-06-24,2026-07-28,1130.0,CE,5000,4000,14,14.9
2026-06-24,2026-07-28,1130.0,PE,0,0,0,132.45
2026-06-24,2026-07-28,1140.0,CE,2000,0,0,9.75
2026-06-24,2026-07-28,1140.0,PE,0,0,0,141.65
2026-06-24,2026-07-28,1150.0,CE,0,0,0,21.5
2026-06-24,2026-07-28,1150.0,PE,1000,0,0,117.0
2026-06-24,2026-07-28,1160.0,CE,37000,27000,65,9.85
2026-06-24,2026-07-28,1160.0,PE,0,0,0,156.2
2026-06-24,2026-07-28,1180.0,CE,72000,66000,109,6.9
2026-06-24,2026-07-28,1180.0,PE,0,0,0,171.3
2026-06-24,2026-08-25,840.0,CE,0,0,0,196.45
2026-06-24,2026-08-25,840.0,PE,0,0,0,12.25
2026-06-24,2026-08-25,880.0,CE,0,0,0,164.75
2026-06-24,2026-08-25,880.0,PE,0,0,0,19.95
2026-06-24,2026-08-25,900.0,CE,0,0,0,150.0
2026-06-24,2026-08-25,900.0,PE,0,0,0,24.9
2026-06-24,2026-08-25,920.0,CE,0,0,0,135.95
2026-06-24,2026-08-25,920.0,PE,0,0,0,30.55
2026-06-24,2026-08-25,940.0,CE,0,0,0,122.75
2026-06-24,2026-08-25,940.0,PE,0,0,0,37.05
2026-06-24,2026-08-25,960.0,CE,0,0,0,110.35
2026-06-24,2026-08-25,960.0,PE,0,0,0,44.4
2026-06-24,2026-08-25,980.0,CE,0,0,0,98.85
2026-06-24,2026-08-25,980.0,PE,0,0,0,52.55
2026-06-24,2026-08-25,1000.0,CE,0,0,0,88.2
2026-06-24,2026-08-25,1000.0,PE,0,0,0,61.6
2026-06-24,2026-08-25,1020.0,CE,0,0,0,78.35
2026-06-24,2026-08-25,1020.0,PE,0,0,0,71.5
2026-06-24,2026-08-25,1040.0,CE,0,0,0,69.35
2026-06-24,2026-08-25,1040.0,PE,0,0,0,82.2
2026-06-24,2026-08-25,1060.0,CE,1000,1000,1,61.15
2026-06-24,2026-08-25,1060.0,PE,0,0,0,93.7
2026-06-24,2026-08-25,1080.0,CE,0,0,0,53.75
2026-06-24,2026-08-25,1080.0,PE,0,0,0,105.95
2026-06-24,2026-08-25,1100.0,CE,0,0,0,47.05
2026-06-24,2026-08-25,1100.0,PE,0,0,0,119.0
2026-06-24,2026-08-25,1120.0,CE,0,0,0,41.0
2026-06-24,2026-08-25,1120.0,PE,0,0,0,132.7
2026-06-24,2026-08-25,1140.0,CE,0,0,0,35.65
2026-06-24,2026-08-25,1140.0,PE,0,0,0,147.0
2026-06-24,2026-08-25,1160.0,CE,0,0,0,30.95
2026-06-24,2026-08-25,1160.0,PE,0,0,0,162.0
2026-06-25,2026-06-30,820.0,CE,0,0,0,221.0
2026-06-25,2026-06-30,820.0,PE,4000,0,0,0.2
2026-06-25,2026-06-30,840.0,CE,3000,0,0,128.95
2026-06-25,2026-06-30,840.0,PE,70000,-1000,1,0.15
2026-06-25,2026-06-30,860.0,CE,0,0,0,61.1
2026-06-25,2026-06-30,860.0,PE,62000,0,8,0.05
2026-06-25,2026-06-30,870.0,CE,0,0,0,172.05
2026-06-25,2026-06-30,870.0,PE,5000,0,0,0.45
2026-06-25,2026-06-30,880.0,CE,0,0,0,52.55
2026-06-25,2026-06-30,880.0,PE,25000,-2000,2,0.15
2026-06-25,2026-06-30,890.0,CE,4000,0,0,95.4
2026-06-25,2026-06-30,890.0,PE,10000,0,4,0.15
2026-06-25,2026-06-30,900.0,CE,38000,1000,21,139.2
2026-06-25,2026-06-30,900.0,PE,244000,-16000,67,0.25
2026-06-25,2026-06-30,910.0,CE,11000,0,0,100.75
2026-06-25,2026-06-30,910.0,PE,26000,-1000,1,0.45
2026-06-25,2026-06-30,920.0,CE,6000,0,0,120.0
2026-06-25,2026-06-30,920.0,PE,97000,-3000,69,0.35
2026-06-25,2026-06-30,930.0,CE,0,0,0,125.55
2026-06-25,2026-06-30,930.0,PE,50000,-2000,3,0.3
2026-06-25,2026-06-30,940.0,CE,72000,0,0,100.0
2026-06-25,2026-06-30,940.0,PE,127000,-4000,20,0.3
2026-06-25,2026-06-30,950.0,CE,174000,-9000,14,87.85
2026-06-25,2026-06-30,950.0,PE,212000,-9000,38,0.45
2026-06-25,2026-06-30,960.0,CE,288000,1000,22,76.7
2026-06-25,2026-06-30,960.0,PE,246000,15000,89,0.45
2026-06-25,2026-06-30,970.0,CE,121000,-8000,13,66.8
2026-06-25,2026-06-30,970.0,PE,201000,-24000,55,0.6
2026-06-25,2026-06-30,980.0,CE,302000,-5000,47,56.3
2026-06-25,2026-06-30,980.0,PE,322000,-39000,131,0.65
2026-06-25,2026-06-30,990.0,CE,83000,1000,20,45.5
2026-06-25,2026-06-30,990.0,PE,163000,-8000,58,0.95
2026-06-25,2026-06-30,1000.0,CE,318000,-49000,75,36.4
2026-06-25,2026-06-30,1000.0,PE,383000,-34000,389,1.05
2026-06-25,2026-06-30,1010.0,CE,115000,-10000,19,27.5
2026-06-25,2026-06-30,1010.0,PE,378000,74000,511,1.55
2026-06-25,2026-06-30,1020.0,CE,194000,-58000,120,18.9
2026-06-25,2026-06-30,1020.0,PE,412000,-244000,1901,3.2
2026-06-25,2026-06-30,1030.0,CE,143000,-61000,222,11.8
2026-06-25,2026-06-30,1030.0,PE,235000,-152000,2068,6.25
2026-06-25,2026-06-30,1040.0,CE,335000,14000,1472,6.85
2026-06-25,2026-06-30,1040.0,PE,251000,-167000,2705,11.45
2026-06-25,2026-06-30,1050.0,CE,494000,-30000,3033,3.9
2026-06-25,2026-06-30,1050.0,PE,197000,-166000,1881,18.15
2026-06-25,2026-06-30,1060.0,CE,558000,248000,3271,2.3
2026-06-25,2026-06-30,1060.0,PE,206000,-113000,1082,26.55
2026-06-25,2026-06-30,1070.0,CE,537000,160000,2764,1.55
2026-06-25,2026-06-30,1070.0,PE,126000,-37000,461,35.55
2026-06-25,2026-06-30,1080.0,CE,875000,411000,4232,1.2
2026-06-25,2026-06-30,1080.0,PE,31000,-17000,104,43.2
2026-06-25,2026-06-30,1090.0,CE,275000,-91000,1020,0.8
2026-06-25,2026-06-30,1090.0,PE,4000,4000,4,21.8
2026-06-25,2026-06-30,1100.0,CE,497000,-153000,1522,0.55
2026-06-25,2026-06-30,1100.0,PE,29000,-15000,15,53.0
2026-06-25,2026-06-30,1110.0,CE,132000,-12000,237,0.4
2026-06-25,2026-06-30,1110.0,PE,0,0,0,111.9
2026-06-25,2026-06-30,1120.0,CE,113000,-23000,216,0.35
2026-06-25,2026-06-30,1120.0,PE,2000,0,0,84.35
2026-06-25,2026-06-30,1130.0,CE,34000,-2000,3,0.15
2026-06-25,2026-06-30,1130.0,PE,0,0,0,126.2
2026-06-25,2026-06-30,1140.0,CE,73000,-47000,85,0.25
2026-06-25,2026-06-30,1140.0,PE,0,0,0,126.0
2026-06-25,2026-06-30,1150.0,CE,1000,0,0,0.9
2026-06-25,2026-06-30,1150.0,PE,3000,0,0,111.4
2026-06-25,2026-06-30,1160.0,CE,71000,-1000,20,0.1
2026-06-25,2026-06-30,1160.0,PE,3000,0,0,132.4
2026-06-25,2026-06-30,1180.0,CE,0,0,0,16.4
2026-06-25,2026-06-30,1180.0,PE,3000,0,0,120.8
2026-06-25,2026-06-30,1200.0,CE,61000,0,5,0.2
2026-06-25,2026-06-30,1200.0,PE,0,0,0,225.0
2026-06-25,2026-07-28,820.0,CE,2000,0,0,226.5
2026-06-25,2026-07-28,820.0,PE,1000,0,0,5.0
2026-06-25,2026-07-28,840.0,CE,0,0,0,206.7
2026-06-25,2026-07-28,840.0,PE,2000,0,0,6.75
2026-06-25,2026-07-28,860.0,CE,0,0,0,190.4
2026-06-25,2026-07-28,860.0,PE,2000,0,0,2.55
2026-06-25,2026-07-28,870.0,CE,0,0,0,161.9
2026-06-25,2026-07-28,870.0,PE,0,0,0,11.2
2026-06-25,2026-07-28,880.0,CE,0,0,0,174.7
2026-06-25,2026-07-28,880.0,PE,11000,0,0,3.3
2026-06-25,2026-07-28,890.0,CE,0,0,0,145.8
2026-06-25,2026-07-28,890.0,PE,2000,2000,2,3.6
2026-06-25,2026-07-28,900.0,CE,10000,0,0,154.0
2026-06-25,2026-07-28,900.0,PE,77000,5000,83,3.45
2026-06-25,2026-07-28,910.0,CE,0,0,0,130.55
2026-06-25,2026-07-28,910.0,PE,0,0,0,19.4
2026-06-25,2026-07-28,920.0,CE,1000,0,0,128.0
2026-06-25,2026-07-28,920.0,PE,32000,4000,8,4.85
2026-06-25,2026-07-28,930.0,CE,0,0,0,116.2
2026-06-25,2026-07-28,930.0,PE,0,0,0,24.85
2026-06-25,2026-07-28,940.0,CE,1000,0,0,124.0
2026-06-25,2026-07-28,940.0,PE,12000,12000,25,7.0
2026-06-25,2026-07-28,950.0,CE,5000,4000,4,98.1
2026-06-25,2026-07-28,950.0,PE,51000,10000,51,8.25
2026-06-25,2026-07-28,960.0,CE,3000,2000,2,97.3
2026-06-25,2026-07-28,960.0,PE,55000,5000,70,10.0
2026-06-25,2026-07-28,970.0,CE,3000,1000,2,88.45
2026-06-25,2026-07-28,970.0,PE,5000,1000,6,11.9
2026-06-25,2026-07-28,980.0,CE,1000,0,0,66.85
2026-06-25,2026-07-28,980.0,PE,52000,16000,129,13.9
2026-06-25,2026-07-28,990.0,CE,0,0,0,78.85
2026-06-25,2026-07-28,990.0,PE,16000,16000,16,16.85
2026-06-25,2026-07-28,1000.0,CE,224000,7000,105,61.3
2026-06-25,2026-07-28,1000.0,PE,213000,54000,315,19.85
2026-06-25,2026-07-28,1010.0,CE,3000,0,0,45.25
2026-06-25,2026-07-28,1010.0,PE,28000,21000,41,23.35
2026-06-25,2026-07-28,1020.0,CE,13000,4000,15,48.0
2026-06-25,2026-07-28,1020.0,PE,48000,10000,58,27.5
2026-06-25,2026-07-28,1030.0,CE,83000,52000,78,43.75
2026-06-25,2026-07-28,1030.0,PE,83000,25000,116,31.7
2026-06-25,2026-07-28,1040.0,CE,91000,59000,166,38.3
2026-06-25,2026-07-28,1040.0,PE,42000,23000,90,37.05
2026-06-25,2026-07-28,1050.0,CE,196000,39000,565,33.15
2026-06-25,2026-07-28,1050.0,PE,62000,-13000,147,41.65
2026-06-25,2026-07-28,1060.0,CE,182000,120000,250,29.45
2026-06-25,2026-07-28,1060.0,PE,58000,-8000,72,46.8
2026-06-25,2026-07-28,1070.0,CE,155000,72000,231,25.4
2026-06-25,2026-07-28,1070.0,PE,165000,74000,273,53.45
2026-06-25,2026-07-28,1080.0,CE,154000,77000,236,22.05
2026-06-25,2026-07-28,1080.0,PE,48000,-1000,91,56.0
2026-06-25,2026-07-28,1090.0,CE,21000,21000,37,19.2
2026-06-25,2026-07-28,1090.0,PE,0,0,0,103.55
2026-06-25,2026-07-28,1100.0,CE,518000,202000,1012,16.0
2026-06-25,2026-07-28,1100.0,PE,49000,40000,66,70.0
2026-06-25,2026-07-28,1110.0,CE,28000,15000,18,17.5
2026-06-25,2026-07-28,1110.0,PE,0,0,0,117.6
2026-06-25,2026-07-28,1120.0,CE,40000,40000,61,11.45
2026-06-25,2026-07-28,1120.0,PE,0,0,0,127.7
2026-06-25,2026-07-28,1130.0,CE,26000,21000,51,9.8
2026-06-25,2026-07-28,1130.0,PE,0,0,0,132.45
2026-06-25,2026-07-28,1140.0,CE,2000,0,0,9.75
2026-06-25,2026-07-28,1140.0,PE,0,0,0,141.65
2026-06-25,2026-07-28,1150.0,CE,80000,80000,209,6.85
2026-06-25,2026-07-28,1150.0,PE,1000,0,0,117.0
2026-06-25,2026-07-28,1160.0,CE,55000,18000,110,5.9
2026-06-25,2026-07-28,1160.0,PE,0,0,0,156.2
2026-06-25,2026-07-28,1180.0,CE,131000,59000,142,4.25
2026-06-25,2026-07-28,1180.0,PE,0,0,0,171.3
2026-06-25,2026-07-28,1200.0,CE,0,0,0,26.95
2026-06-25,2026-07-28,1200.0,PE,0,0,0,186.9
2026-06-25,2026-08-25,840.0,CE,0,0,0,196.45
2026-06-25,2026-08-25,840.0,PE,0,0,0,12.25
2026-06-25,2026-08-25,880.0,CE,0,0,0,164.75
2026-06-25,2026-08-25,880.0,PE,0,0,0,19.95
2026-06-25,2026-08-25,900.0,CE,0,0,0,150.0
2026-06-25,2026-08-25,900.0,PE,0,0,0,24.9
2026-06-25,2026-08-25,920.0,CE,0,0,0,135.95
2026-06-25,2026-08-25,920.0,PE,0,0,0,30.55
2026-06-25,2026-08-25,940.0,CE,0,0,0,122.75
2026-06-25,2026-08-25,940.0,PE,0,0,0,37.05
2026-06-25,2026-08-25,960.0,CE,0,0,0,110.35
2026-06-25,2026-08-25,960.0,PE,0,0,0,44.4
2026-06-25,2026-08-25,980.0,CE,0,0,0,98.85
2026-06-25,2026-08-25,980.0,PE,0,0,0,52.55
2026-06-25,2026-08-25,1000.0,CE,0,0,0,88.2
2026-06-25,2026-08-25,1000.0,PE,0,0,0,61.6
2026-06-25,2026-08-25,1020.0,CE,0,0,0,78.35
2026-06-25,2026-08-25,1020.0,PE,0,0,0,71.5
2026-06-25,2026-08-25,1040.0,CE,0,0,0,69.35
2026-06-25,2026-08-25,1040.0,PE,0,0,0,82.2
2026-06-25,2026-08-25,1060.0,CE,1000,0,0,61.15
2026-06-25,2026-08-25,1060.0,PE,0,0,0,93.7
2026-06-25,2026-08-25,1080.0,CE,0,0,0,53.75
2026-06-25,2026-08-25,1080.0,PE,0,0,0,105.95
2026-06-25,2026-08-25,1100.0,CE,0,0,0,47.05
2026-06-25,2026-08-25,1100.0,PE,0,0,0,119.0
2026-06-25,2026-08-25,1120.0,CE,0,0,0,41.0
2026-06-25,2026-08-25,1120.0,PE,0,0,0,132.7
2026-06-25,2026-08-25,1140.0,CE,0,0,0,35.65
2026-06-25,2026-08-25,1140.0,PE,0,0,0,147.0
2026-06-25,2026-08-25,1160.0,CE,0,0,0,30.95
2026-06-25,2026-08-25,1160.0,PE,0,0,0,162.0
2026-06-25,2026-08-25,1200.0,CE,0,0,0,23.0
2026-06-25,2026-08-25,1200.0,PE,0,0,0,193.45
2026-06-29,2026-06-30,820.0,CE,0,0,0,221.0
2026-06-29,2026-06-30,820.0,PE,4000,0,0,0.2
2026-06-29,2026-06-30,840.0,CE,3000,0,0,128.95
2026-06-29,2026-06-30,840.0,PE,63000,-7000,7,0.05
2026-06-29,2026-06-30,860.0,CE,0,0,0,61.1
2026-06-29,2026-06-30,860.0,PE,60000,-2000,4,0.05
2026-06-29,2026-06-30,870.0,CE,0,0,0,172.05
2026-06-29,2026-06-30,870.0,PE,3000,-2000,3,0.1
2026-06-29,2026-06-30,880.0,CE,0,0,0,52.55
2026-06-29,2026-06-30,880.0,PE,16000,-9000,9,0.05
2026-06-29,2026-06-30,890.0,CE,3000,-1000,2,145.45
2026-06-29,2026-06-30,890.0,PE,8000,-2000,3,0.15
2026-06-29,2026-06-30,900.0,CE,37000,-1000,11,123.85
2026-06-29,2026-06-30,900.0,PE,172000,-72000,205,0.1
2026-06-29,2026-06-30,910.0,CE,11000,0,0,100.75
2026-06-29,2026-06-30,910.0,PE,23000,-3000,6,0.15
2026-06-29,2026-06-30,920.0,CE,7000,1000,2,111.4
2026-06-29,2026-06-30,920.0,PE,91000,-6000,22,0.05
2026-06-29,2026-06-30,930.0,CE,0,0,0,125.55
2026-06-29,2026-06-30,930.0,PE,43000,-7000,11,0.05
2026-06-29,2026-06-30,940.0,CE,72000,0,0,100.0
2026-06-29,2026-06-30,940.0,PE,112000,-15000,37,0.1
2026-06-29,2026-06-30,950.0,CE,151000,-23000,31,69.0
2026-06-29,2026-06-30,950.0,PE,186000,-26000,84,0.1
2026-06-29,2026-06-30,960.0,CE,262000,-26000,32,73.0
2026-06-29,2026-06-30,960.0,PE,213000,-33000,126,0.1
2026-06-29,2026-06-30,970.0,CE,121000,0,11,67.8
2026-06-29,2026-06-30,970.0,PE,166000,-35000,92,0.1
2026-06-29,2026-06-30,980.0,CE,299000,-3000,16,63.95
2026-06-29,2026-06-30,980.0,PE,274000,-48000,98,0.15
2026-06-29,2026-06-30,990.0,CE,80000,-3000,15,34.5
2026-06-29,2026-06-30,990.0,PE,152000,-11000,230,0.15
2026-06-29,2026-06-30,1000.0,CE,174000,-144000,203,38.95
2026-06-29,2026-06-30,1000.0,PE,324000,-59000,601,0.25
2026-06-29,2026-06-30,1010.0,CE,107000,-8000,38,25.0
2026-06-29,2026-06-30,1010.0,PE,179000,-199000,1010,0.55
2026-06-29,2026-06-30,1020.0,CE,135000,-59000,538,18.1
2026-06-29,2026-06-30,1020.0,PE,219000,-193000,2048,1.4
2026-06-29,2026-06-30,1030.0,CE,162000,19000,1613,9.05
2026-06-29,2026-06-30,1030.0,PE,213000,-22000,779,2.6
2026-06-29,2026-06-30,1040.0,CE,261000,-74000,1900,4.3
2026-06-29,2026-06-30,1040.0,PE,199000,-52000,336,6.55
2026-06-29,2026-06-30,1050.0,CE,382000,-112000,1840,1.55
2026-06-29,2026-06-30,1050.0,PE,146000,-51000,163,15.2
2026-06-29,2026-06-30,1060.0,CE,368000,-190000,1427,0.75
2026-06-29,2026-06-30,1060.0,PE,175000,-31000,91,28.4
2026-06-29,2026-06-30,1070.0,CE,374000,-163000,691,0.4
2026-06-29,2026-06-30,1070.0,PE,115000,-11000,27,33.4
2026-06-29,2026-06-30,1080.0,CE,640000,-235000,1260,0.3
2026-06-29,2026-06-30,1080.0,PE,31000,0,0,43.2
2026-06-29,2026-06-30,1090.0,CE,244000,-31000,173,0.15
2026-06-29,2026-06-30,1090.0,PE,7000,3000,3,57.9
2026-06-29,2026-06-30,1100.0,CE,340000,-157000,463,0.1
2026-06-29,2026-06-30,1100.0,PE,23000,-6000,30,68.3
2026-06-29,2026-06-30,1110.0,CE,108000,-24000,104,0.1
2026-06-29,2026-06-30,1110.0,PE,0,0,0,111.9
2026-06-29,2026-06-30,1120.0,CE,82000,-31000,63,0.1
2026-06-29,2026-06-30,1120.0,PE,2000,0,0,84.35
2026-06-29,2026-06-30,1130.0,CE,32000,-2000,3,0.1
2026-06-29,2026-06-30,1130.0,PE,0,0,0,126.2
2026-06-29,2026-06-30,1140.0,CE,61000,-12000,15,0.1
2026-06-29,2026-06-30,1140.0,PE,0,0,0,126.0
2026-06-29,2026-06-30,1150.0,CE,1000,0,0,0.9
2026-06-29,2026-06-30,1150.0,PE,3000,0,0,111.4
2026-06-29,2026-06-30,1160.0,CE,55000,-16000,37,0.05
2026-06-29,2026-06-30,1160.0,PE,3000,0,0,132.4
2026-06-29,2026-06-30,1180.0,CE,0,0,0,16.4
2026-06-29,2026-06-30,1180.0,PE,3000,0,0,120.8
2026-06-29,2026-06-30,1200.0,CE,49000,-12000,16,0.1
2026-06-29,2026-06-30,1200.0,PE,0,0,0,225.0
2026-06-29,2026-07-28,820.0,CE,2000,0,0,226.5
2026-06-29,2026-07-28,820.0,PE,1000,0,0,5.0
2026-06-29,2026-07-28,840.0,CE,0,0,0,206.7
2026-06-29,2026-07-28,840.0,PE,2000,0,0,6.75
2026-06-29,2026-07-28,860.0,CE,0,0,0,190.4
2026-06-29,2026-07-28,860.0,PE,2000,0,2,1.55
2026-06-29,2026-07-28,870.0,CE,0,0,0,161.9
2026-06-29,2026-07-28,870.0,PE,0,0,0,11.2
2026-06-29,2026-07-28,880.0,CE,0,0,0,174.7
2026-06-29,2026-07-28,880.0,PE,9000,-2000,33,2.0
2026-06-29,2026-07-28,890.0,CE,0,0,0,145.8
2026-06-29,2026-07-28,890.0,PE,2000,0,0,3.6
2026-06-29,2026-07-28,900.0,CE,11000,1000,3,141.2
2026-06-29,2026-07-28,900.0,PE,94000,17000,128,2.75
2026-06-29,2026-07-28,910.0,CE,0,0,0,130.55
2026-06-29,2026-07-28,910.0,PE,0,0,0,19.4
2026-06-29,2026-07-28,920.0,CE,2000,1000,1,120.0
2026-06-29,2026-07-28,920.0,PE,61000,29000,46,4.2
2026-06-29,2026-07-28,930.0,CE,1000,1000,1,113.45
2026-06-29,2026-07-28,930.0,PE,0,0,0,24.85
2026-06-29,2026-07-28,940.0,CE,6000,5000,6,104.1
2026-06-29,2026-07-28,940.0,PE,24000,12000,48,6.65
2026-06-29,2026-07-28,950.0,CE,9000,4000,4,96.6
2026-06-29,2026-07-28,950.0,PE,70000,19000,72,7.45
2026-06-29,2026-07-28,960.0,CE,8000,5000,6,93.9
2026-06-29,2026-07-28,960.0,PE,62000,7000,103,9.0
2026-06-29,2026-07-28,970.0,CE,3000,0,0,88.45
2026-06-29,2026-07-28,970.0,PE,33000,28000,44,11.75
2026-06-29,2026-07-28,980.0,CE,24000,23000,40,72.25
2026-06-29,2026-07-28,980.0,PE,67000,15000,73,14.45
2026-06-29,2026-07-28,990.0,CE,3000,3000,5,62.95
2026-06-29,2026-07-28,990.0,PE,19000,3000,29,16.5
2026-06-29,2026-07-28,1000.0,CE,324000,100000,266,57.6
2026-06-29,2026-07-28,1000.0,PE,249000,36000,322,19.45
2026-06-29,2026-07-28,1010.0,CE,59000,56000,68,51.4
2026-06-29,2026-07-28,1010.0,PE,48000,20000,61,23.2
2026-06-29,2026-07-28,1020.0,CE,80000,67000,184,45.95
2026-06-29,2026-07-28,1020.0,PE,88000,40000,133,27.6
2026-06-29,2026-07-28,1030.0,CE,108000,25000,364,41.9
2026-06-29,2026-07-28,1030.0,PE,163000,80000,187,30.7
2026-06-29,2026-07-28,1040.0,CE,149000,58000,250,36.9
2026-06-29,2026-07-28,1040.0,PE,72000,30000,73,36.05
2026-06-29,2026-07-28,1050.0,CE,257000,61000,219,31.8
2026-06-29,2026-07-28,1050.0,PE,153000,91000,220,42.35
2026-06-29,2026-07-28,1060.0,CE,237000,55000,227,27.85
2026-06-29,2026-07-28,1060.0,PE,63000,5000,10,48.25
2026-06-29,2026-07-28,1070.0,CE,156000,1000,104,23.9
2026-06-29,2026-07-28,1070.0,PE,165000,0,3,54.85
2026-06-29,2026-07-28,1080.0,CE,220000,66000,199,20.8
2026-06-29,2026-07-28,1080.0,PE,78000,30000,79,61.6
2026-06-29,2026-07-28,1090.0,CE,36000,15000,34,18.1
2026-06-29,2026-07-28,1090.0,PE,6000,6000,30,70.35
2026-06-29,2026-07-28,1100.0,CE,560000,42000,599,15.55
2026-06-29,2026-07-28,1100.0,PE,80000,31000,38,74.3
2026-06-29,2026-07-28,1110.0,CE,43000,15000,39,12.4
2026-06-29,2026-07-28,1110.0,PE,2000,2000,2,86.0
2026-06-29,2026-07-28,1120.0,CE,67000,27000,88,10.95
2026-06-29,2026-07-28,1120.0,PE,0,0,0,127.7
2026-06-29,2026-07-28,1130.0,CE,49000,23000,81,9.15
2026-06-29,2026-07-28,1130.0,PE,0,0,0,132.45
2026-06-29,2026-07-28,1140.0,CE,10000,8000,18,7.2
2026-06-29,2026-07-28,1140.0,PE,3000,3000,3,112.3
2026-06-29,2026-07-28,1150.0,CE,76000,-4000,121,6.25
2026-06-29,2026-07-28,1150.0,PE,1000,0,0,117.0
2026-06-29,2026-07-28,1160.0,CE,64000,9000,36,5.6
2026-06-29,2026-07-28,1160.0,PE,1000,1000,1,128.3
2026-06-29,2026-07-28,1180.0,CE,98000,-33000,184,3.95
2026-06-29,2026-07-28,1180.0,PE,2000,2000,2,149.4
2026-06-29,2026-07-28,1200.0,CE,83000,83000,130,2.9
2026-06-29,2026-07-28,1200.0,PE,0,0,0,186.9
2026-06-29,2026-08-25,840.0,CE,0,0,0,196.45
2026-06-29,2026-08-25,840.0,PE,0,0,0,12.25
2026-06-29,2026-08-25,880.0,CE,0,0,0,164.75
2026-06-29,2026-08-25,880.0,PE,0,0,0,19.95
2026-06-29,2026-08-25,900.0,CE,0,0,0,150.0
2026-06-29,2026-08-25,900.0,PE,0,0,0,24.9
2026-06-29,2026-08-25,920.0,CE,0,0,0,135.95
2026-06-29,2026-08-25,920.0,PE,0,0,0,30.55
2026-06-29,2026-08-25,940.0,CE,0,0,0,122.75
2026-06-29,2026-08-25,940.0,PE,0,0,0,37.05
2026-06-29,2026-08-25,960.0,CE,0,0,0,110.35
2026-06-29,2026-08-25,960.0,PE,0,0,0,44.4
2026-06-29,2026-08-25,980.0,CE,0,0,0,98.85
2026-06-29,2026-08-25,980.0,PE,0,0,0,52.55
2026-06-29,2026-08-25,1000.0,CE,0,0,0,88.2
2026-06-29,2026-08-25,1000.0,PE,0,0,0,61.6
2026-06-29,2026-08-25,1020.0,CE,0,0,0,78.35
2026-06-29,2026-08-25,1020.0,PE,0,0,0,71.5
2026-06-29,2026-08-25,1040.0,CE,0,0,0,69.35
2026-06-29,2026-08-25,1040.0,PE,0,0,0,82.2
2026-06-29,2026-08-25,1060.0,CE,1000,0,0,61.15
2026-06-29,2026-08-25,1060.0,PE,0,0,0,93.7
2026-06-29,2026-08-25,1080.0,CE,0,0,0,53.75
2026-06-29,2026-08-25,1080.0,PE,0,0,0,105.95
2026-06-29,2026-08-25,1100.0,CE,0,0,0,47.05
2026-06-29,2026-08-25,1100.0,PE,0,0,0,119.0
2026-06-29,2026-08-25,1120.0,CE,0,0,0,41.0
2026-06-29,2026-08-25,1120.0,PE,0,0,0,132.7
2026-06-29,2026-08-25,1140.0,CE,0,0,0,35.65
2026-06-29,2026-08-25,1140.0,PE,0,0,0,147.0
2026-06-29,2026-08-25,1160.0,CE,0,0,0,30.95
2026-06-29,2026-08-25,1160.0,PE,0,0,0,162.0
2026-06-29,2026-08-25,1200.0,CE,4000,4000,4,10.0
2026-06-29,2026-08-25,1200.0,PE,0,0,0,193.45
2026-06-30,2026-06-30,820.0,CE,0,0,0,221.0
2026-06-30,2026-06-30,820.0,PE,4000,0,0,0.2
2026-06-30,2026-06-30,840.0,CE,3000,0,0,128.95
2026-06-30,2026-06-30,840.0,PE,62000,-1000,1,0.05
2026-06-30,2026-06-30,860.0,CE,0,0,0,61.1
2026-06-30,2026-06-30,860.0,PE,60000,0,0,0.05
2026-06-30,2026-06-30,870.0,CE,0,0,0,172.05
2026-06-30,2026-06-30,870.0,PE,3000,0,0,0.1
2026-06-30,2026-06-30,880.0,CE,0,0,0,52.55
2026-06-30,2026-06-30,880.0,PE,11000,-5000,8,0.05
2026-06-30,2026-06-30,890.0,CE,3000,0,0,145.45
2026-06-30,2026-06-30,890.0,PE,7000,-1000,2,0.05
2026-06-30,2026-06-30,900.0,CE,37000,0,0,123.85
2026-06-30,2026-06-30,900.0,PE,156000,-16000,81,0.05
2026-06-30,2026-06-30,910.0,CE,11000,0,0,100.75
2026-06-30,2026-06-30,910.0,PE,22000,-1000,1,0.05
2026-06-30,2026-06-30,920.0,CE,7000,0,0,111.4
2026-06-30,2026-06-30,920.0,PE,82000,-9000,10,0.05
2026-06-30,2026-06-30,930.0,CE,0,0,0,125.55
2026-06-30,2026-06-30,930.0,PE,41000,-2000,2,0.05
2026-06-30,2026-06-30,940.0,CE,63000,-9000,9,94.95
2026-06-30,2026-06-30,940.0,PE,104000,-8000,19,0.05
2026-06-30,2026-06-30,950.0,CE,150000,-1000,2,88.6
2026-06-30,2026-06-30,950.0,PE,167000,-19000,33,0.05
2026-06-30,2026-06-30,960.0,CE,261000,-1000,11,74.15
2026-06-30,2026-06-30,960.0,PE,177000,-36000,43,0.05
2026-06-30,2026-06-30,970.0,CE,109000,-12000,19,71.1
2026-06-30,2026-06-30,970.0,PE,159000,-7000,14,0.05
2026-06-30,2026-06-30,980.0,CE,296000,-3000,42,59.55
2026-06-30,2026-06-30,980.0,PE,270000,-4000,56,0.1
2026-06-30,2026-06-30,990.0,CE,72000,-8000,48,53.0
2026-06-30,2026-06-30,990.0,PE,147000,-5000,13,0.05
2026-06-30,2026-06-30,1000.0,CE,140000,-34000,91,43.55
2026-06-30,2026-06-30,1000.0,PE,285000,-39000,104,0.05
2026-06-30,2026-06-30,1010.0,CE,107000,0,10,30.7
2026-06-30,2026-06-30,1010.0,PE,139000,-40000,84,0.05
2026-06-30,2026-06-30,1020.0,CE,107000,-28000,106,20.35
2026-06-30,2026-06-30,1020.0,PE,147000,-72000,398,0.25
2026-06-30,2026-06-30,1030.0,CE,93000,-69000,260,8.75
2026-06-30,2026-06-30,1030.0,PE,97000,-116000,575,0.65
2026-06-30,2026-06-30,1040.0,CE,130000,-131000,511,2.5
2026-06-30,2026-06-30,1040.0,PE,146000,-53000,170,1.65
2026-06-30,2026-06-30,1050.0,CE,229000,-153000,800,0.3
2026-06-30,2026-06-30,1050.0,PE,115000,-31000,74,11.25
2026-06-30,2026-06-30,1060.0,CE,276000,-92000,406,0.05
2026-06-30,2026-06-30,1060.0,PE,144000,-31000,100,17.45
2026-06-30,2026-06-30,1070.0,CE,320000,-54000,182,0.05
2026-06-30,2026-06-30,1070.0,PE,110000,-5000,8,29.0
2026-06-30,2026-06-30,1080.0,CE,382000,-258000,382,0.05
2026-06-30,2026-06-30,1080.0,PE,32000,1000,5,44.0
2026-06-30,2026-06-30,1090.0,CE,242000,-2000,19,0.05
2026-06-30,2026-06-30,1090.0,PE,7000,0,0,57.9
2026-06-30,2026-06-30,1100.0,CE,320000,-20000,30,0.05
2026-06-30,2026-06-30,1100.0,PE,23000,0,1,67.15
2026-06-30,2026-06-30,1110.0,CE,102000,-6000,17,0.05
2026-06-30,2026-06-30,1110.0,PE,0,0,0,111.9
2026-06-30,2026-06-30,1120.0,CE,73000,-9000,16,0.05
2026-06-30,2026-06-30,1120.0,PE,2000,0,0,84.35
2026-06-30,2026-06-30,1130.0,CE,27000,-5000,7,0.05
2026-06-30,2026-06-30,1130.0,PE,0,0,0,126.2
2026-06-30,2026-06-30,1140.0,CE,60000,-1000,2,0.05
2026-06-30,2026-06-30,1140.0,PE,0,0,0,126.0
2026-06-30,2026-06-30,1150.0,CE,1000,0,0,0.9
2026-06-30,2026-06-30,1150.0,PE,3000,0,0,111.4
2026-06-30,2026-06-30,1160.0,CE,53000,-2000,2,0.05
2026-06-30,2026-06-30,1160.0,PE,3000,0,0,132.4
2026-06-30,2026-06-30,1180.0,CE,0,0,0,16.4
2026-06-30,2026-06-30,1180.0,PE,3000,0,0,120.8
2026-06-30,2026-06-30,1200.0,CE,48000,-1000,1,0.05
2026-06-30,2026-06-30,1200.0,PE,0,0,0,225.0
2026-06-30,2026-07-28,820.0,CE,2000,0,0,226.5
2026-06-30,2026-07-28,820.0,PE,1000,0,0,5.0
2026-06-30,2026-07-28,840.0,CE,0,0,0,206.7
2026-06-30,2026-07-28,840.0,PE,15000,13000,1051,1.2
2026-06-30,2026-07-28,860.0,CE,0,0,0,190.4
2026-06-30,2026-07-28,860.0,PE,5000,3000,6,2.0
2026-06-30,2026-07-28,870.0,CE,0,0,0,161.9
2026-06-30,2026-07-28,870.0,PE,0,0,0,11.2
2026-06-30,2026-07-28,880.0,CE,0,0,0,174.7
2026-06-30,2026-07-28,880.0,PE,9000,0,0,2.0
2026-06-30,2026-07-28,890.0,CE,0,0,0,145.8
2026-06-30,2026-07-28,890.0,PE,2000,0,0,3.6
2026-06-30,2026-07-28,900.0,CE,11000,0,0,141.2
2026-06-30,2026-07-28,900.0,PE,105000,11000,87,2.6
2026-06-30,2026-07-28,910.0,CE,0,0,0,130.55
2026-06-30,2026-07-28,910.0,PE,0,0,0,19.4
2026-06-30,2026-07-28,920.0,CE,2000,0,0,120.0
2026-06-30,2026-07-28,920.0,PE,63000,2000,5,3.8
2026-06-30,2026-07-28,930.0,CE,1000,0,0,113.45
2026-06-30,2026-07-28,930.0,PE,0,0,0,24.85
2026-06-30,2026-07-28,940.0,CE,6000,0,0,104.1
2026-06-30,2026-07-28,940.0,PE,38000,14000,34,5.35
2026-06-30,2026-07-28,950.0,CE,9000,0,0,96.6
2026-06-30,2026-07-28,950.0,PE,83000,13000,65,6.5
2026-06-30,2026-07-28,960.0,CE,8000,0,0,93.9
2026-06-30,2026-07-28,960.0,PE,134000,72000,102,7.7
2026-06-30,2026-07-28,970.0,CE,3000,0,0,88.45
2026-06-30,2026-07-28,970.0,PE,50000,17000,28,9.6
2026-06-30,2026-07-28,980.0,CE,28000,4000,11,77.0
2026-06-30,2026-07-28,980.0,PE,81000,14000,39,11.55
2026-06-30,2026-07-28,990.0,CE,15000,12000,16,71.1
2026-06-30,2026-07-28,990.0,PE,30000,11000,28,14.5
2026-06-30,2026-07-28,1000.0,CE,343000,19000,112,61.5
2026-06-30,2026-07-28,1000.0,PE,257000,8000,187,16.55
2026-06-30,2026-07-28,1010.0,CE,59000,0,0,51.4
2026-06-30,2026-07-28,1010.0,PE,73000,25000,77,19.55
2026-06-30,2026-07-28,1020.0,CE,83000,3000,32,46.9
2026-06-30,2026-07-28,1020.0,PE,87000,-1000,70,22.7
2026-06-30,2026-07-28,1030.0,CE,108000,0,126,41.95
2026-06-30,2026-07-28,1030.0,PE,245000,82000,267,26.65
2026-06-30,2026-07-28,1040.0,CE,185000,36000,275,37.15
2026-06-30,2026-07-28,1040.0,PE,104000,32000,121,32.0
2026-06-30,2026-07-28,1050.0,CE,278000,21000,273,32.15
2026-06-30,2026-07-28,1050.0,PE,165000,12000,64,37.45
2026-06-30,2026-07-28,1060.0,CE,262000,25000,102,27.95
2026-06-30,2026-07-28,1060.0,PE,72000,9000,19,42.4
2026-06-30,2026-07-28,1070.0,CE,155000,-1000,84,23.85
2026-06-30,2026-07-28,1070.0,PE,165000,0,0,54.85
2026-06-30,2026-07-28,1080.0,CE,224000,4000,121,20.95
2026-06-30,2026-07-28,1080.0,PE,84000,6000,20,53.0
2026-06-30,2026-07-28,1090.0,CE,36000,0,43,18.0
2026-06-30,2026-07-28,1090.0,PE,6000,0,0,70.35
2026-06-30,2026-07-28,1100.0,CE,589000,29000,447,14.85
2026-06-30,2026-07-28,1100.0,PE,81000,1000,13,69.0
2026-06-30,2026-07-28,1110.0,CE,64000,21000,35,12.5
2026-06-30,2026-07-28,1110.0,PE,2000,0,0,86.0
2026-06-30,2026-07-28,1120.0,CE,77000,10000,56,10.9
2026-06-30,2026-07-28,1120.0,PE,0,0,0,127.7
2026-06-30,2026-07-28,1130.0,CE,60000,11000,26,8.45
2026-06-30,2026-07-28,1130.0,PE,0,0,0,132.45
2026-06-30,2026-07-28,1140.0,CE,20000,10000,23,7.35
2026-06-30,2026-07-28,1140.0,PE,3000,0,0,112.3
2026-06-30,2026-07-28,1150.0,CE,95000,19000,46,5.85
2026-06-30,2026-07-28,1150.0,PE,1000,0,0,117.0
2026-06-30,2026-07-28,1160.0,CE,75000,11000,26,5.15
2026-06-30,2026-07-28,1160.0,PE,1000,0,0,128.3
2026-06-30,2026-07-28,1180.0,CE,88000,-10000,34,3.25
2026-06-30,2026-07-28,1180.0,PE,2000,0,0,149.4
2026-06-30,2026-07-28,1200.0,CE,88000,5000,83,2.4
2026-06-30,2026-07-28,1200.0,PE,0,0,0,186.9
2026-06-30,2026-08-25,840.0,CE,0,0,0,196.45
2026-06-30,2026-08-25,840.0,PE,0,0,0,12.25
2026-06-30,2026-08-25,880.0,CE,0,0,0,164.75
2026-06-30,2026-08-25,880.0,PE,0,0,0,19.95
2026-06-30,2026-08-25,900.0,CE,0,0,0,150.0
2026-06-30,2026-08-25,900.0,PE,0,0,0,24.9
2026-06-30,2026-08-25,920.0,CE,0,0,0,135.95
2026-06-30,2026-08-25,920.0,PE,0,0,0,30.55
2026-06-30,2026-08-25,940.0,CE,0,0,0,122.75
2026-06-30,2026-08-25,940.0,PE,0,0,0,37.05
2026-06-30,2026-08-25,960.0,CE,0,0,0,110.35
2026-06-30,2026-08-25,960.0,PE,0,0,0,44.4
2026-06-30,2026-08-25,980.0,CE,0,0,0,98.85
2026-06-30,2026-08-25,980.0,PE,0,0,0,52.55
2026-06-30,2026-08-25,1000.0,CE,0,0,0,88.2
2026-06-30,2026-08-25,1000.0,PE,0,0,0,61.6
2026-06-30,2026-08-25,1020.0,CE,0,0,0,78.35
2026-06-30,2026-08-25,1020.0,PE,0,0,0,71.5
2026-06-30,2026-08-25,1040.0,CE,0,0,0,69.35
2026-06-30,2026-08-25,1040.0,PE,0,0,0,82.2
2026-06-30,2026-08-25,1060.0,CE,1000,0,0,61.15
2026-06-30,2026-08-25,1060.0,PE,0,0,0,93.7
2026-06-30,2026-08-25,1080.0,CE,0,0,0,53.75
2026-06-30,2026-08-25,1080.0,PE,0,0,0,105.95
2026-06-30,2026-08-25,1100.0,CE,0,0,0,47.05
2026-06-30,2026-08-25,1100.0,PE,0,0,0,119.0
2026-06-30,2026-08-25,1120.0,CE,0,0,0,41.0
2026-06-30,2026-08-25,1120.0,PE,0,0,0,132.7
2026-06-30,2026-08-25,1140.0,CE,0,0,0,35.65
2026-06-30,2026-08-25,1140.0,PE,0,0,0,147.0
2026-06-30,2026-08-25,1160.0,CE,0,0,0,30.95
2026-06-30,2026-08-25,1160.0,PE,0,0,0,162.0
2026-06-30,2026-08-25,1200.0,CE,4000,0,0,10.0
2026-06-30,2026-08-25,1200.0,PE,0,0,0,193.45
2026-07-01,2026-07-28,820.0,CE,2000,0,0,226.5
2026-07-01,2026-07-28,820.0,PE,1000,0,0,5.0
2026-07-01,2026-07-28,840.0,CE,0,0,0,206.7
2026-07-01,2026-07-28,840.0,PE,11000,-4000,33,0.7
2026-07-01,2026-07-28,860.0,CE,0,0,0,190.4
2026-07-01,2026-07-28,860.0,PE,11000,6000,295,0.95
2026-07-01,2026-07-28,870.0,CE,0,0,0,161.9
2026-07-01,2026-07-28,870.0,PE,0,0,0,11.2
2026-07-01,2026-07-28,880.0,CE,0,0,0,174.7
2026-07-01,2026-07-28,880.0,PE,38000,29000,106,1.3
2026-07-01,2026-07-28,890.0,CE,0,0,0,145.8
2026-07-01,2026-07-28,890.0,PE,2000,0,0,3.6
2026-07-01,2026-07-28,900.0,CE,11000,0,0,141.2
2026-07-01,2026-07-28,900.0,PE,97000,-8000,102,1.95
2026-07-01,2026-07-28,910.0,CE,0,0,0,130.55
2026-07-01,2026-07-28,910.0,PE,0,0,0,19.4
2026-07-01,2026-07-28,920.0,CE,2000,0,0,120.0
2026-07-01,2026-07-28,920.0,PE,66000,3000,36,2.9
2026-07-01,2026-07-28,930.0,CE,1000,0,0,113.45
2026-07-01,2026-07-28,930.0,PE,21000,21000,26,3.45
2026-07-01,2026-07-28,940.0,CE,5000,-1000,1,110.0
2026-07-01,2026-07-28,940.0,PE,54000,16000,43,4.4
2026-07-01,2026-07-28,950.0,CE,9000,0,0,96.6
2026-07-01,2026-07-28,950.0,PE,102000,19000,97,5.35
2026-07-01,2026-07-28,960.0,CE,8000,0,0,93.9
2026-07-01,2026-07-28,960.0,PE,140000,6000,51,6.3
2026-07-01,2026-07-28,970.0,CE,3000,0,0,88.45
2026-07-01,2026-07-28,970.0,PE,57000,7000,41,8.2
2026-07-01,2026-07-28,980.0,CE,30000,2000,15,80.0
2026-07-01,2026-07-28,980.0,PE,77000,-4000,67,9.65
2026-07-01,2026-07-28,990.0,CE,15000,0,0,71.1
2026-07-01,2026-07-28,990.0,PE,30000,0,0,14.5
2026-07-01,2026-07-28,1000.0,CE,344000,1000,205,67.15
2026-07-01,2026-07-28,1000.0,PE,269000,12000,248,14.3
2026-07-01,2026-07-28,1010.0,CE,59000,0,2,57.0
2026-07-01,2026-07-28,1010.0,PE,80000,7000,89,17.0
2026-07-01,2026-07-28,1020.0,CE,80000,-3000,39,53.3
2026-07-01,2026-07-28,1020.0,PE,90000,3000,137,20.1
2026-07-01,2026-07-28,1030.0,CE,87000,-21000,178,46.4
2026-07-01,2026-07-28,1030.0,PE,293000,48000,263,23.85
2026-07-01,2026-07-28,1040.0,CE,251000,66000,672,41.55
2026-07-01,2026-07-28,1040.0,PE,119000,15000,262,28.05
2026-07-01,2026-07-28,1050.0,CE,306000,28000,731,36.4
2026-07-01,2026-07-28,1050.0,PE,207000,42000,239,32.85
2026-07-01,2026-07-28,1060.0,CE,269000,7000,286,31.5
2026-07-01,2026-07-28,1060.0,PE,117000,45000,87,37.6
2026-07-01,2026-07-28,1070.0,CE,152000,-3000,109,27.15
2026-07-01,2026-07-28,1070.0,PE,150000,-15000,109,42.65
2026-07-01,2026-07-28,1080.0,CE,217000,-7000,288,23.0
2026-07-01,2026-07-28,1080.0,PE,84000,0,7,48.4
2026-07-01,2026-07-28,1090.0,CE,55000,19000,72,19.55
2026-07-01,2026-07-28,1090.0,PE,6000,0,0,70.35
2026-07-01,2026-07-28,1100.0,CE,669000,80000,908,16.45
2026-07-01,2026-07-28,1100.0,PE,81000,0,10,63.1
2026-07-01,2026-07-28,1110.0,CE,67000,3000,74,13.85
2026-07-01,2026-07-28,1110.0,PE,2000,0,0,86.0
2026-07-01,2026-07-28,1120.0,CE,106000,29000,100,11.5
2026-07-01,2026-07-28,1120.0,PE,0,0,0,127.7
2026-07-01,2026-07-28,1130.0,CE,76000,16000,84,9.45
2026-07-01,2026-07-28,1130.0,PE,0,0,0,132.45
2026-07-01,2026-07-28,1140.0,CE,57000,37000,72,7.85
2026-07-01,2026-07-28,1140.0,PE,3000,0,0,112.3
2026-07-01,2026-07-28,1150.0,CE,164000,69000,210,6.45
2026-07-01,2026-07-28,1150.0,PE,1000,0,0,117.0
2026-07-01,2026-07-28,1160.0,CE,76000,1000,59,5.15
2026-07-01,2026-07-28,1160.0,PE,1000,0,0,128.3
2026-07-01,2026-07-28,1180.0,CE,82000,-6000,50,3.35
2026-07-01,2026-07-28,1180.0,PE,3000,1000,1,127.5
2026-07-01,2026-07-28,1200.0,CE,314000,226000,364,2.2
2026-07-01,2026-07-28,1200.0,PE,0,0,0,186.9
2026-07-01,2026-08-25,840.0,CE,0,0,0,196.45
2026-07-01,2026-08-25,840.0,PE,0,0,0,12.25
2026-07-01,2026-08-25,880.0,CE,0,0,0,164.75
2026-07-01,2026-08-25,880.0,PE,0,0,0,19.95
2026-07-01,2026-08-25,900.0,CE,0,0,0,150.0
2026-07-01,2026-08-25,900.0,PE,0,0,0,24.9
2026-07-01,2026-08-25,920.0,CE,0,0,0,135.95
2026-07-01,2026-08-25,920.0,PE,0,0,0,30.55
2026-07-01,2026-08-25,940.0,CE,0,0,0,122.75
2026-07-01,2026-08-25,940.0,PE,0,0,0,37.05
2026-07-01,2026-08-25,960.0,CE,0,0,0,110.35
2026-07-01,2026-08-25,960.0,PE,1000,1000,1,8.0
2026-07-01,2026-08-25,980.0,CE,0,0,0,98.85
2026-07-01,2026-08-25,980.0,PE,0,0,0,52.55
2026-07-01,2026-08-25,1000.0,CE,0,0,0,88.2
2026-07-01,2026-08-25,1000.0,PE,0,0,0,61.6
2026-07-01,2026-08-25,1020.0,CE,0,0,0,78.35
2026-07-01,2026-08-25,1020.0,PE,0,0,0,71.5
2026-07-01,2026-08-25,1040.0,CE,0,0,0,69.35
2026-07-01,2026-08-25,1040.0,PE,0,0,0,82.2
2026-07-01,2026-08-25,1060.0,CE,1000,0,0,61.15
2026-07-01,2026-08-25,1060.0,PE,0,0,0,93.7
2026-07-01,2026-08-25,1080.0,CE,0,0,0,53.75
2026-07-01,2026-08-25,1080.0,PE,0,0,0,105.95
2026-07-01,2026-08-25,1100.0,CE,0,0,0,47.05
2026-07-01,2026-08-25,1100.0,PE,0,0,0,119.0
2026-07-01,2026-08-25,1120.0,CE,0,0,0,41.0
2026-07-01,2026-08-25,1120.0,PE,0,0,0,132.7
2026-07-01,2026-08-25,1140.0,CE,0,0,0,35.65
2026-07-01,2026-08-25,1140.0,PE,0,0,0,147.0
2026-07-01,2026-08-25,1160.0,CE,0,0,0,30.95
2026-07-01,2026-08-25,1160.0,PE,0,0,0,162.0
2026-07-01,2026-08-25,1200.0,CE,4000,0,0,10.0
2026-07-01,2026-08-25,1200.0,PE,0,0,0,193.45
2026-07-01,2026-09-29,880.0,CE,0,0,0,186.5
2026-07-01,2026-09-29,880.0,PE,0,0,0,15.95
2026-07-01,2026-09-29,920.0,CE,0,0,0,156.15
2026-07-01,2026-09-29,920.0,PE,0,0,0,25.0
2026-07-01,2026-09-29,960.0,CE,0,0,0,128.65
2026-07-01,2026-09-29,960.0,PE,0,0,0,36.9
2026-07-01,2026-09-29,1000.0,CE,0,0,0,104.45
2026-07-01,2026-09-29,1000.0,PE,0,0,0,52.05
2026-07-01,2026-09-29,1040.0,CE,0,0,0,83.55
2026-07-01,2026-09-29,1040.0,PE,0,0,0,70.55
2026-07-01,2026-09-29,1080.0,CE,0,0,0,65.85
2026-07-01,2026-09-29,1080.0,PE,0,0,0,92.25
2026-07-01,2026-09-29,1120.0,CE,0,0,0,51.15
2026-07-01,2026-09-29,1120.0,PE,0,0,0,116.95
2026-07-01,2026-09-29,1160.0,CE,0,0,0,39.25
2026-07-01,2026-09-29,1160.0,PE,0,0,0,144.4
2026-07-01,2026-09-29,1200.0,CE,0,0,0,29.75
2026-07-01,2026-09-29,1200.0,PE,0,0,0,174.3
2026-07-02,2026-07-28,820.0,CE,5000,3000,3,237.6
2026-07-02,2026-07-28,820.0,PE,1000,0,2,0.6
2026-07-02,2026-07-28,840.0,PE,11000,0,0,0.7
2026-07-02,2026-07-28,860.0,PE,10000,-1000,12,0.75
2026-07-02,2026-07-28,880.0,CE,0,0,0,174.7
2026-07-02,2026-07-28,880.0,PE,41000,3000,7,1.0
2026-07-02,2026-07-28,890.0,PE,2000,0,0,3.6
2026-07-02,2026-07-28,900.0,CE,11000,0,0,141.2
2026-07-02,2026-07-28,900.0,PE,111000,14000,53,1.3
2026-07-02,2026-07-28,920.0,CE,2000,0,0,120.0
2026-07-02,2026-07-28,920.0,PE,58000,-8000,64,2.05
2026-07-02,2026-07-28,930.0,CE,1000,0,0,113.45
2026-07-02,2026-07-28,930.0,PE,21000,0,0,3.45
2026-07-02,2026-07-28,940.0,CE,10000,5000,7,125.3
2026-07-02,2026-07-28,940.0,PE,64000,10000,64,3.15
2026-07-02,2026-07-28,950.0,CE,9000,0,0,96.6
2026-07-02,2026-07-28,950.0,PE,104000,2000,71,3.8
2026-07-02,2026-07-28,960.0,CE,8000,0,0,93.9
2026-07-02,2026-07-28,960.0,PE,182000,42000,139,4.8
2026-07-02,2026-07-28,970.0,CE,3000,0,0,88.45
2026-07-02,2026-07-28,970.0,PE,70000,13000,49,5.9
2026-07-02,2026-07-28,980.0,CE,31000,1000,3,90.0
2026-07-02,2026-07-28,980.0,PE,107000,30000,111,7.4
2026-07-02,2026-07-28,990.0,CE,18000,3000,14,80.65
2026-07-02,2026-07-28,990.0,PE,31000,1000,32,9.8
2026-07-02,2026-07-28,1000.0,CE,333000,-11000,119,73.6
2026-07-02,2026-07-28,1000.0,PE,335000,66000,360,11.25
2026-07-02,2026-07-28,1010.0,CE,59000,0,5,65.2
2026-07-02,2026-07-28,1010.0,PE,88000,8000,106,13.6
2026-07-02,2026-07-28,1020.0,CE,75000,-5000,31,58.5
2026-07-02,2026-07-28,1020.0,PE,108000,18000,157,16.55
2026-07-02,2026-07-28,1030.0,CE,86000,-1000,29,51.95
2026-07-02,2026-07-28,1030.0,PE,375000,82000,362,19.65
2026-07-02,2026-07-28,1040.0,CE,255000,4000,199,45.45
2026-07-02,2026-07-28,1040.0,PE,154000,35000,197,23.45
2026-07-02,2026-07-28,1050.0,CE,321000,15000,599,39.95
2026-07-02,2026-07-28,1050.0,PE,239000,32000,512,27.75
2026-07-02,2026-07-28,1060.0,CE,303000,34000,640,34.85
2026-07-02,2026-07-28,1060.0,PE,187000,70000,396,32.2
2026-07-02,2026-07-28,1070.0,CE,185000,33000,473,30.05
2026-07-02,2026-07-28,1070.0,PE,158000,8000,290,37.1
2026-07-02,2026-07-28,1080.0,CE,288000,71000,356,25.8
2026-07-02,2026-07-28,1080.0,PE,103000,19000,100,43.15
2026-07-02,2026-07-28,1090.0,CE,86000,31000,121,21.85
2026-07-02,2026-07-28,1090.0,PE,26000,20000,25,51.1
2026-07-02,2026-07-28,1100.0,CE,590000,-79000,1042,18.4
2026-07-02,2026-07-28,1100.0,PE,96000,15000,46,55.65
2026-07-02,2026-07-28,1110.0,CE,82000,15000,98,15.45
2026-07-02,2026-07-28,1110.0,PE,2000,0,0,86.0
2026-07-02,2026-07-28,1120.0,CE,128000,22000,170,12.95
2026-07-02,2026-07-28,1120.0,PE,0,0,0,127.7
2026-07-02,2026-07-28,1130.0,CE,79000,3000,49,10.6
2026-07-02,2026-07-28,1140.0,CE,78000,21000,129,8.85
2026-07-02,2026-07-28,1140.0,PE,3000,0,0,112.3
2026-07-02,2026-07-28,1150.0,CE,150000,-14000,171,7.2
2026-07-02,2026-07-28,1150.0,PE,1000,0,0,117.0
2026-07-02,2026-07-28,1160.0,CE,85000,9000,71,5.8
2026-07-02,2026-07-28,1160.0,PE,1000,0,0,128.3
2026-07-02,2026-07-28,1180.0,CE,117000,35000,113,3.95
2026-07-02,2026-07-28,1180.0,PE,3000,0,0,127.5
2026-07-02,2026-07-28,1200.0,CE,318000,4000,256,2.7
2026-07-02,2026-07-28,1200.0,PE,0,0,0,186.9
2026-07-02,2026-08-25,880.0,CE,0,0,0,164.75
2026-07-02,2026-08-25,880.0,PE,0,0,0,19.95
2026-07-02,2026-08-25,920.0,CE,0,0,0,135.95
2026-07-02,2026-08-25,920.0,PE,10000,10000,10,5.0
2026-07-02,2026-08-25,960.0,CE,0,0,0,110.35
2026-07-02,2026-08-25,960.0,PE,2000,1000,1,8.0
2026-07-02,2026-08-25,980.0,CE,0,0,0,98.85
2026-07-02,2026-08-25,980.0,PE,0,0,0,52.55
2026-07-02,2026-08-25,1000.0,CE,0,0,0,88.2
2026-07-02,2026-08-25,1000.0,PE,0,0,0,61.6
2026-07-02,2026-08-25,1020.0,CE,0,0,0,78.35
2026-07-02,2026-08-25,1020.0,PE,0,0,0,71.5
2026-07-02,2026-08-25,1040.0,CE,0,0,0,69.35
2026-07-02,2026-08-25,1040.0,PE,0,0,0,82.2
2026-07-02,2026-08-25,1060.0,CE,1000,0,0,61.15
2026-07-02,2026-08-25,1060.0,PE,0,0,0,93.7
2026-07-02,2026-08-25,1080.0,CE,0,0,0,53.75
2026-07-02,2026-08-25,1080.0,PE,0,0,0,105.95
2026-07-02,2026-08-25,1100.0,CE,0,0,0,47.05
2026-07-02,2026-08-25,1100.0,PE,0,0,0,119.0
2026-07-02,2026-08-25,1120.0,CE,0,0,0,41.0
2026-07-02,2026-08-25,1120.0,PE,0,0,0,132.7
2026-07-02,2026-08-25,1140.0,CE,0,0,0,35.65
2026-07-02,2026-08-25,1140.0,PE,0,0,0,147.0
2026-07-02,2026-08-25,1160.0,CE,0,0,0,30.95
2026-07-02,2026-08-25,1160.0,PE,0,0,0,162.0
2026-07-02,2026-08-25,1200.0,CE,4000,0,0,10.0
2026-07-02,2026-08-25,1200.0,PE,0,0,0,193.45
2026-07-02,2026-09-29,880.0,CE,0,0,0,186.5
2026-07-02,2026-09-29,880.0,PE,0,0,0,15.95
2026-07-02,2026-09-29,920.0,CE,0,0,0,156.15
2026-07-02,2026-09-29,920.0,PE,0,0,0,25.0
2026-07-02,2026-09-29,960.0,CE,0,0,0,128.65
2026-07-02,2026-09-29,960.0,PE,0,0,0,36.9
2026-07-02,2026-09-29,1000.0,CE,0,0,0,104.45
2026-07-02,2026-09-29,1000.0,PE,0,0,0,52.05
2026-07-02,2026-09-29,1040.0,CE,0,0,0,83.55
2026-07-02,2026-09-29,1040.0,PE,0,0,0,70.55
2026-07-02,2026-09-29,1080.0,CE,0,0,0,65.85
2026-07-02,2026-09-29,1080.0,PE,0,0,0,92.25
2026-07-02,2026-09-29,1120.0,CE,0,0,0,51.15
2026-07-02,2026-09-29,1120.0,PE,0,0,0,116.95
2026-07-02,2026-09-29,1160.0,CE,0,0,0,39.25
2026-07-02,2026-09-29,1160.0,PE,0,0,0,144.4
2026-07-02,2026-09-29,1200.0,CE,0,0,0,29.75
2026-07-02,2026-09-29,1200.0,PE,0,0,0,174.3
2026-07-03,2026-07-28,820.0,CE,5000,0,0,237.6
2026-07-03,2026-07-28,820.0,PE,1000,0,0,0.6
2026-07-03,2026-07-28,840.0,PE,10000,-1000,3,0.5
2026-07-03,2026-07-28,860.0,PE,3000,-7000,13,0.75
2026-07-03,2026-07-28,880.0,CE,3000,3000,3,185.9
2026-07-03,2026-07-28,880.0,PE,19000,-22000,47,1.0
2026-07-03,2026-07-28,890.0,PE,2000,0,0,3.6
2026-07-03,2026-07-28,900.0,CE,11000,0,0,141.2
2026-07-03,2026-07-28,900.0,PE,100000,-11000,30,1.55
2026-07-03,2026-07-28,920.0,CE,2000,0,0,120.0
2026-07-03,2026-07-28,920.0,PE,67000,9000,30,2.15
2026-07-03,2026-07-28,930.0,CE,1000,0,0,113.45
2026-07-03,2026-07-28,930.0,PE,22000,1000,10,2.15
2026-07-03,2026-07-28,940.0,CE,10000,0,0,125.3
2026-07-03,2026-07-28,940.0,PE,73000,9000,12,3.0
2026-07-03,2026-07-28,950.0,CE,9000,0,0,96.6
2026-07-03,2026-07-28,950.0,PE,117000,13000,65,3.8
2026-07-03,2026-07-28,960.0,CE,9000,1000,2,106.4
2026-07-03,2026-07-28,960.0,PE,203000,21000,87,4.55
2026-07-03,2026-07-28,970.0,CE,3000,0,0,88.45
2026-07-03,2026-07-28,970.0,PE,81000,11000,41,5.65
2026-07-03,2026-07-28,980.0,CE,31000,0,0,90.0
2026-07-03,2026-07-28,980.0,PE,90000,-17000,113,7.0
2026-07-03,2026-07-28,990.0,CE,18000,0,0,80.65
2026-07-03,2026-07-28,990.0,PE,25000,-6000,32,8.45
2026-07-03,2026-07-28,1000.0,CE,334000,1000,1,72.0
2026-07-03,2026-07-28,1000.0,PE,371000,36000,262,10.75
2026-07-03,2026-07-28,1010.0,CE,69000,10000,25,62.15
2026-07-03,2026-07-28,1010.0,PE,103000,15000,140,13.05
2026-07-03,2026-07-28,1020.0,CE,75000,0,25,56.0
2026-07-03,2026-07-28,1020.0,PE,138000,30000,177,15.5
2026-07-03,2026-07-28,1030.0,CE,79000,-7000,26,49.4
2026-07-03,2026-07-28,1030.0,PE,366000,-9000,199,18.85
2026-07-03,2026-07-28,1040.0,CE,183000,-72000,286,43.85
2026-07-03,2026-07-28,1040.0,PE,211000,57000,353,22.65
2026-07-03,2026-07-28,1050.0,CE,333000,12000,357,38.2
2026-07-03,2026-07-28,1050.0,PE,331000,92000,694,26.85
2026-07-03,2026-07-28,1060.0,CE,491000,188000,980,32.85
2026-07-03,2026-07-28,1060.0,PE,209000,22000,568,31.55
2026-07-03,2026-07-28,1070.0,CE,348000,163000,716,28.25
2026-07-03,2026-07-28,1070.0,PE,167000,9000,378,36.85
2026-07-03,2026-07-28,1080.0,CE,349000,61000,744,24.2
2026-07-03,2026-07-28,1080.0,PE,99000,-4000,147,42.9
2026-07-03,2026-07-28,1090.0,CE,205000,119000,315,20.5
2026-07-03,2026-07-28,1090.0,PE,32000,6000,73,48.8
2026-07-03,2026-07-28,1100.0,CE,639000,49000,857,17.1
2026-07-03,2026-07-28,1100.0,PE,125000,29000,65,58.8
2026-07-03,2026-07-28,1110.0,CE,87000,5000,170,14.45
2026-07-03,2026-07-28,1110.0,PE,2000,0,0,86.0
2026-07-03,2026-07-28,1120.0,CE,136000,8000,123,12.0
2026-07-03,2026-07-28,1120.0,PE,0,0,0,127.7
2026-07-03,2026-07-28,1130.0,CE,90000,11000,39,9.85
2026-07-03,2026-07-28,1140.0,CE,75000,-3000,115,8.2
2026-07-03,2026-07-28,1140.0,PE,3000,0,0,112.3
2026-07-03,2026-07-28,1150.0,CE,139000,-11000,239,6.85
2026-07-03,2026-07-28,1150.0,PE,1000,0,0,117.0
2026-07-03,2026-07-28,1160.0,CE,84000,-1000,71,5.6
2026-07-03,2026-07-28,1160.0,PE,1000,0,0,128.3
2026-07-03,2026-07-28,1180.0,CE,125000,8000,76,3.8
2026-07-03,2026-07-28,1180.0,PE,3000,0,0,127.5
2026-07-03,2026-07-28,1200.0,CE,284000,-34000,203,2.65
2026-07-03,2026-07-28,1200.0,PE,0,0,0,186.9
2026-07-03,2026-08-25,880.0,CE,0,0,0,164.75
2026-07-03,2026-08-25,880.0,PE,0,0,0,19.95
2026-07-03,2026-08-25,920.0,CE,0,0,0,135.95
2026-07-03,2026-08-25,920.0,PE,10000,0,0,5.0
2026-07-03,2026-08-25,960.0,CE,0,0,0,110.35
2026-07-03,2026-08-25,960.0,PE,2000,0,0,8.0
2026-07-03,2026-08-25,980.0,CE,0,0,0,98.85
2026-07-03,2026-08-25,980.0,PE,0,0,0,52.55
2026-07-03,2026-08-25,1000.0,CE,0,0,0,88.2
2026-07-03,2026-08-25,1000.0,PE,0,0,0,61.6
2026-07-03,2026-08-25,1020.0,CE,0,0,0,78.35
2026-07-03,2026-08-25,1020.0,PE,0,0,0,71.5
2026-07-03,2026-08-25,1040.0,CE,0,0,0,69.35
2026-07-03,2026-08-25,1040.0,PE,0,0,0,82.2
2026-07-03,2026-08-25,1060.0,CE,3000,2000,5,45.85
2026-07-03,2026-08-25,1060.0,PE,0,0,0,93.7
2026-07-03,2026-08-25,1080.0,CE,0,0,0,53.75
2026-07-03,2026-08-25,1080.0,PE,0,0,0,105.95
2026-07-03,2026-08-25,1100.0,CE,0,0,0,47.05
2026-07-03,2026-08-25,1100.0,PE,0,0,0,119.0
2026-07-03,2026-08-25,1120.0,CE,0,0,0,41.0
2026-07-03,2026-08-25,1120.0,PE,0,0,0,132.7
2026-07-03,2026-08-25,1140.0,CE,0,0,0,35.65
2026-07-03,2026-08-25,1140.0,PE,0,0,0,147.0
2026-07-03,2026-08-25,1160.0,CE,0,0,0,30.95
2026-07-03,2026-08-25,1160.0,PE,0,0,0,162.0
2026-07-03,2026-08-25,1200.0,CE,42000,38000,44,9.7
2026-07-03,2026-08-25,1200.0,PE,0,0,0,193.45
2026-07-03,2026-09-29,880.0,CE,0,0,0,186.5
2026-07-03,2026-09-29,880.0,PE,0,0,0,15.95
2026-07-03,2026-09-29,920.0,CE,0,0,0,156.15
2026-07-03,2026-09-29,920.0,PE,0,0,0,25.0
2026-07-03,2026-09-29,960.0,CE,0,0,0,128.65
2026-07-03,2026-09-29,960.0,PE,0,0,0,36.9
2026-07-03,2026-09-29,1000.0,CE,0,0,0,104.45
2026-07-03,2026-09-29,1000.0,PE,0,0,0,52.05
2026-07-03,2026-09-29,1040.0,CE,0,0,0,83.55
2026-07-03,2026-09-29,1040.0,PE,0,0,0,70.55
2026-07-03,2026-09-29,1080.0,CE,0,0,0,65.85
2026-07-03,2026-09-29,1080.0,PE,0,0,0,92.25
2026-07-03,2026-09-29,1120.0,CE,0,0,0,51.15
2026-07-03,2026-09-29,1120.0,PE,0,0,0,116.95
2026-07-03,2026-09-29,1160.0,CE,0,0,0,39.25
2026-07-03,2026-09-29,1160.0,PE,0,0,0,144.4
2026-07-03,2026-09-29,1200.0,CE,0,0,0,29.75
2026-07-03,2026-09-29,1200.0,PE,0,0,0,174.3
