date,expiry,strike,opt_type,oi,chg_oi,volume,close
2026-06-11,2026-06-30,1000.0,CE,2250,0,0,434.8
2026-06-11,2026-06-30,1000.0,PE,21375,-3000,113,0.4
2026-06-11,2026-06-30,1040.0,CE,10125,0,0,395.65
2026-06-11,2026-06-30,1040.0,PE,33375,6000,929,0.6
2026-06-11,2026-06-30,1060.0,PE,1875,0,0,1.35
2026-06-11,2026-06-30,1100.0,CE,26625,0,0,336.6
2026-06-11,2026-06-30,1100.0,PE,43875,-3000,39,1.0
2026-06-11,2026-06-30,1120.0,CE,4500,0,0,293.55
2026-06-11,2026-06-30,1120.0,PE,15750,-1875,24,1.2
2026-06-11,2026-06-30,1140.0,PE,21750,0,0,5.0
2026-06-11,2026-06-30,1160.0,CE,6375,0,0,283.25
2026-06-11,2026-06-30,1160.0,PE,25125,-375,4,1.45
2026-06-11,2026-06-30,1180.0,PE,25125,-63000,282,3.15
2026-06-11,2026-06-30,1200.0,CE,21000,0,0,203.95
2026-06-11,2026-06-30,1200.0,PE,111375,9000,227,3.75
2026-06-11,2026-06-30,1220.0,CE,375,0,0,215.1
2026-06-11,2026-06-30,1220.0,PE,31500,3375,63,5.0
2026-06-11,2026-06-30,1240.0,CE,3375,0,0,191.2
2026-06-11,2026-06-30,1240.0,PE,70125,5625,110,6.0
2026-06-11,2026-06-30,1260.0,CE,15750,0,0,163.9
2026-06-11,2026-06-30,1260.0,PE,73500,9750,142,8.1
2026-06-11,2026-06-30,1280.0,CE,10875,-1500,4,124.0
2026-06-11,2026-06-30,1280.0,PE,71250,13500,821,11.0
2026-06-11,2026-06-30,1300.0,CE,84000,-1500,27,105.35
2026-06-11,2026-06-30,1300.0,PE,372750,48000,1272,14.6
2026-06-11,2026-06-30,1320.0,CE,25125,375,21,90.15
2026-06-11,2026-06-30,1320.0,PE,471750,31500,466,18.95
2026-06-11,2026-06-30,1340.0,CE,29250,19500,166,79.7
2026-06-11,2026-06-30,1340.0,PE,216375,-21375,886,24.75
2026-06-11,2026-06-30,1360.0,CE,133125,5250,531,64.25
2026-06-11,2026-06-30,1360.0,PE,221250,61500,1870,31.7
2026-06-11,2026-06-30,1380.0,CE,239625,95625,1246,54.05
2026-06-11,2026-06-30,1380.0,PE,154125,12750,1008,39.75
2026-06-11,2026-06-30,1400.0,CE,1101000,26625,2816,44.2
2026-06-11,2026-06-30,1400.0,PE,519000,-50625,1550,49.65
2026-06-11,2026-06-30,1420.0,CE,737250,-12000,1242,35.3
2026-06-11,2026-06-30,1420.0,PE,274125,-63000,970,60.8
2026-06-11,2026-06-30,1440.0,CE,991125,9375,1557,28.25
2026-06-11,2026-06-30,1440.0,PE,298875,-8250,187,74.5
2026-06-11,2026-06-30,1460.0,CE,591375,-61125,1763,22.6
2026-06-11,2026-06-30,1460.0,PE,214875,-2625,76,87.15
2026-06-11,2026-06-30,1480.0,CE,331875,24750,1080,18.05
2026-06-11,2026-06-30,1480.0,PE,284250,-4875,24,102.85
2026-06-11,2026-06-30,1500.0,CE,1023375,73875,2292,14.05
2026-06-11,2026-06-30,1500.0,PE,188625,-3750,51,117.5
2026-06-11,2026-06-30,1520.0,CE,291000,1875,519,11.3
2026-06-11,2026-06-30,1520.0,PE,94500,0,0,129.4
2026-06-11,2026-06-30,1540.0,CE,384375,-7500,408,8.75
2026-06-11,2026-06-30,1540.0,PE,100500,0,0,127.55
2026-06-11,2026-06-30,1560.0,CE,242250,750,327,7.1
2026-06-11,2026-06-30,1560.0,PE,79500,0,0,162.95
2026-06-11,2026-06-30,1580.0,CE,142500,13875,239,5.85
2026-06-11,2026-06-30,1580.0,PE,13500,0,0,109.1
2026-06-11,2026-06-30,1600.0,CE,588750,13875,611,4.8
2026-06-11,2026-06-30,1600.0,PE,81750,0,0,196.0
2026-06-11,2026-06-30,1620.0,CE,45750,-15000,69,3.9
2026-06-11,2026-06-30,1620.0,PE,1500,0,0,209.5
2026-06-11,2026-06-30,1640.0,CE,87750,6750,134,3.15
2026-06-11,2026-06-30,1640.0,PE,3750,-1125,3,255.3
2026-06-11,2026-06-30,1660.0,CE,29625,-3750,17,3.15
2026-06-11,2026-06-30,1660.0,PE,0,0,0,297.1
2026-06-11,2026-06-30,1680.0,CE,41250,-10125,46,2.35
2026-06-11,2026-06-30,1680.0,PE,1500,0,0,250.55
2026-06-11,2026-06-30,1700.0,CE,159000,-10500,210,2.0
2026-06-11,2026-06-30,1700.0,PE,3375,0,0,294.7
2026-06-11,2026-06-30,1720.0,CE,0,0,0,5.9
2026-06-11,2026-06-30,1720.0,PE,0,0,0,430.3
2026-06-11,2026-06-30,1740.0,CE,84375,7125,62,1.5
2026-06-11,2026-06-30,1740.0,PE,1125,0,0,329.6
2026-06-11,2026-07-28,960.0,PE,475,0,0,16.7
2026-06-11,2026-07-28,1200.0,PE,19475,950,3,19.35
2026-06-11,2026-07-28,1220.0,CE,0,0,0,242.9
2026-06-11,2026-07-28,1220.0,PE,475,0,0,21.0
2026-06-11,2026-07-28,1240.0,CE,0,0,0,96.0
2026-06-11,2026-07-28,1240.0,PE,475,0,0,23.0
2026-06-11,2026-07-28,1260.0,CE,0,0,0,213.25
2026-06-11,2026-07-28,1260.0,PE,0,0,0,37.55
2026-06-11,2026-07-28,1280.0,CE,0,0,0,80.35
2026-06-11,2026-07-28,1280.0,PE,950,0,0,16.5
2026-06-11,2026-07-28,1300.0,CE,475,475,1,147.55
2026-06-11,2026-07-28,1300.0,PE,62225,25650,104,38.5
2026-06-11,2026-07-28,1320.0,CE,0,0,0,66.85
2026-06-11,2026-07-28,1320.0,PE,475,0,0,22.5
2026-06-11,2026-07-28,1340.0,CE,0,0,0,160.55
2026-06-11,2026-07-28,1340.0,PE,60800,59850,203,53.2
2026-06-11,2026-07-28,1360.0,CE,0,0,0,55.25
2026-06-11,2026-07-28,1360.0,PE,475,0,0,55.0
2026-06-11,2026-07-28,1380.0,CE,14725,14250,35,90.0
2026-06-11,2026-07-28,1380.0,PE,475,475,1,76.95
2026-06-11,2026-07-28,1400.0,CE,27075,2375,29,78.45
2026-06-11,2026-07-28,1400.0,PE,44175,0,18,81.2
2026-06-11,2026-07-28,1420.0,CE,1425,475,1,60.2
2026-06-11,2026-07-28,1420.0,PE,0,0,0,99.95
2026-06-11,2026-07-28,1440.0,CE,950,0,0,62.0
2026-06-11,2026-07-28,1440.0,PE,0,0,0,255.6
2026-06-11,2026-07-28,1460.0,CE,0,0,0,99.15
2026-06-11,2026-07-28,1460.0,PE,0,0,0,121.4
2026-06-11,2026-07-28,1480.0,CE,0,0,0,30.2
2026-06-11,2026-07-28,1480.0,PE,4275,0,0,110.0
2026-06-11,2026-07-28,1500.0,CE,125875,24225,147,41.45
2026-06-11,2026-07-28,1500.0,PE,11400,0,0,135.65
2026-06-11,2026-07-28,1520.0,CE,1425,0,0,52.0
2026-06-11,2026-07-28,1520.0,PE,0,0,0,321.7
2026-06-11,2026-07-28,1540.0,CE,0,0,0,69.35
2026-06-11,2026-07-28,1540.0,PE,0,0,0,170.8
2026-06-11,2026-07-28,1560.0,CE,9500,9025,25,29.25
2026-06-11,2026-07-28,1560.0,PE,0,0,0,356.4
2026-06-11,2026-07-28,1580.0,CE,0,0,0,57.45
2026-06-11,2026-07-28,1580.0,PE,0,0,0,198.45
2026-06-11,2026-07-28,1600.0,CE,41325,2375,20,21.1
2026-06-11,2026-07-28,1600.0,PE,1900,0,0,146.0
2026-06-11,2026-07-28,1620.0,CE,475,0,0,28.2
2026-06-11,2026-07-28,1620.0,PE,0,0,0,227.95
2026-06-11,2026-07-28,1640.0,CE,475,0,0,23.0
2026-06-11,2026-07-28,1640.0,PE,0,0,0,360.35
2026-06-11,2026-07-28,1660.0,CE,1425,0,0,19.25
2026-06-11,2026-07-28,1660.0,PE,0,0,0,258.95
2026-06-11,2026-07-28,1680.0,CE,0,0,0,10.05
2026-06-11,2026-07-28,1680.0,PE,3800,0,0,256.0
2026-06-11,2026-07-28,1700.0,CE,43700,1425,26,11.9
2026-06-11,2026-07-28,1700.0,PE,0,0,0,289.85
2026-06-11,2026-07-28,1720.0,CE,0,0,0,26.95
2026-06-11,2026-07-28,1720.0,PE,3800,0,0,290.0
2026-06-11,2026-07-28,1740.0,CE,475,0,0,11.0
2026-06-11,2026-07-28,1740.0,PE,0,0,0,291.6
2026-06-11,2026-08-25,1200.0,CE,0,0,0,276.45
2026-06-11,2026-08-25,1200.0,PE,0,0,0,35.95
2026-06-11,2026-08-25,1240.0,CE,0,0,0,247.7
2026-06-11,2026-08-25,1240.0,PE,0,0,0,46.6
2026-06-11,2026-08-25,1280.0,CE,0,0,0,220.75
2026-06-11,2026-08-25,1280.0,PE,0,0,0,59.05
2026-06-11,2026-08-25,1320.0,CE,0,0,0,195.8
2026-06-11,2026-08-25,1320.0,PE,0,0,0,73.5
2026-06-11,2026-08-25,1360.0,CE,0,0,0,172.85
2026-06-11,2026-08-25,1360.0,PE,0,0,0,89.95
2026-06-11,2026-08-25,1400.0,CE,0,0,0,151.9
2026-06-11,2026-08-25,1400.0,PE,0,0,0,108.4
2026-06-11,2026-08-25,1440.0,CE,0,0,0,132.85
2026-06-11,2026-08-25,1440.0,PE,0,0,0,128.75
2026-06-11,2026-08-25,1480.0,CE,0,0,0,115.7
2026-06-11,2026-08-25,1480.0,PE,0,0,0,151.0
2026-06-11,2026-08-25,1520.0,CE,0,0,0,100.3
2026-06-11,2026-08-25,1520.0,PE,0,0,0,175.05
2026-06-11,2026-08-25,1560.0,CE,0,0,0,86.65
2026-06-11,2026-08-25,1560.0,PE,0,0,0,200.8
2026-06-11,2026-08-25,1600.0,CE,0,0,0,74.55
2026-06-11,2026-08-25,1600.0,PE,0,0,0,228.1
2026-06-11,2026-08-25,1640.0,CE,0,0,0,63.95
2026-06-11,2026-08-25,1640.0,PE,0,0,0,256.9
2026-06-11,2026-08-25,1680.0,CE,0,0,0,54.65
2026-06-11,2026-08-25,1680.0,PE,0,0,0,287.05
2026-06-11,2026-08-25,1720.0,CE,0,0,0,46.55
2026-06-11,2026-08-25,1720.0,PE,0,0,0,318.35
2026-06-12,2026-06-30,1000.0,CE,2250,0,3,372.6
2026-06-12,2026-06-30,1000.0,PE,21375,0,14,0.45
2026-06-12,2026-06-30,1040.0,CE,9375,-750,3,333.65
2026-06-12,2026-06-30,1040.0,PE,10125,-23250,2138,0.6
2026-06-12,2026-06-30,1060.0,PE,1125,-750,2,0.5
2026-06-12,2026-06-30,1100.0,CE,25500,-1125,3,274.2
2026-06-12,2026-06-30,1100.0,PE,43500,-375,24,1.0
2026-06-12,2026-06-30,1120.0,CE,3375,-1125,3,254.5
2026-06-12,2026-06-30,1120.0,PE,16500,750,166,1.2
2026-06-12,2026-06-30,1140.0,PE,21750,0,4,2.0
2026-06-12,2026-06-30,1160.0,CE,6375,0,3,215.1
2026-06-12,2026-06-30,1160.0,PE,17625,-7500,55,2.35
2026-06-12,2026-06-30,1180.0,PE,37125,12000,86,2.95
2026-06-12,2026-06-30,1200.0,CE,21000,0,0,203.95
2026-06-12,2026-06-30,1200.0,PE,111375,0,145,4.1
2026-06-12,2026-06-30,1220.0,CE,375,0,0,215.1
2026-06-12,2026-06-30,1220.0,PE,27000,-4500,70,5.25
2026-06-12,2026-06-30,1240.0,CE,3375,0,0,191.2
2026-06-12,2026-06-30,1240.0,PE,72750,2625,76,7.05
2026-06-12,2026-06-30,1260.0,CE,15750,0,0,163.9
2026-06-12,2026-06-30,1260.0,PE,65625,-7875,205,9.75
2026-06-12,2026-06-30,1280.0,CE,10875,0,0,124.0
2026-06-12,2026-06-30,1280.0,PE,56625,-14625,381,13.0
2026-06-12,2026-06-30,1300.0,CE,84375,375,268,91.5
2026-06-12,2026-06-30,1300.0,PE,358125,-14625,1131,17.4
2026-06-12,2026-06-30,1320.0,CE,25125,0,0,90.15
2026-06-12,2026-06-30,1320.0,PE,479625,7875,717,23.1
2026-06-12,2026-06-30,1340.0,CE,28875,-375,233,64.3
2026-06-12,2026-06-30,1340.0,PE,214500,-1875,1095,30.0
2026-06-12,2026-06-30,1360.0,CE,164625,31500,932,52.85
2026-06-12,2026-06-30,1360.0,PE,195000,-26250,2028,38.85
2026-06-12,2026-06-30,1380.0,CE,249375,9750,2250,43.0
2026-06-12,2026-06-30,1380.0,PE,127500,-26625,2573,48.3
2026-06-12,2026-06-30,1400.0,CE,1108500,7500,5429,34.35
2026-06-12,2026-06-30,1400.0,PE,346500,-172500,2411,60.15
2026-06-12,2026-06-30,1420.0,CE,740625,3375,1990,27.3
2026-06-12,2026-06-30,1420.0,PE,188250,-85875,652,73.45
2026-06-12,2026-06-30,1440.0,CE,989625,-1500,1791,21.7
2026-06-12,2026-06-30,1440.0,PE,219000,-79875,434,87.8
2026-06-12,2026-06-30,1460.0,CE,606750,15375,1535,17.35
2026-06-12,2026-06-30,1460.0,PE,209625,-5250,84,102.7
2026-06-12,2026-06-30,1480.0,CE,384375,52500,1107,13.7
2026-06-12,2026-06-30,1480.0,PE,279375,-4875,38,118.55
2026-06-12,2026-06-30,1500.0,CE,1045125,21750,2136,10.95
2026-06-12,2026-06-30,1500.0,PE,185250,-3375,85,136.2
2026-06-12,2026-06-30,1520.0,CE,316875,25875,609,8.75
2026-06-12,2026-06-30,1520.0,PE,94500,0,0,129.4
2026-06-12,2026-06-30,1540.0,CE,381000,-3375,355,7.0
2026-06-12,2026-06-30,1540.0,PE,100125,-375,7,170.9
2026-06-12,2026-06-30,1560.0,CE,234375,-7875,423,5.75
2026-06-12,2026-06-30,1560.0,PE,79500,0,0,162.95
2026-06-12,2026-06-30,1580.0,CE,97500,-45000,415,4.65
2026-06-12,2026-06-30,1580.0,PE,13500,0,0,109.1
2026-06-12,2026-06-30,1600.0,CE,556125,-32625,614,3.8
2026-06-12,2026-06-30,1600.0,PE,81750,0,1,225.0
2026-06-12,2026-06-30,1620.0,CE,45375,-375,120,3.05
2026-06-12,2026-06-30,1620.0,PE,1500,0,0,209.5
2026-06-12,2026-06-30,1640.0,CE,91500,3750,103,2.6
2026-06-12,2026-06-30,1640.0,PE,2625,-1125,3,239.75
2026-06-12,2026-06-30,1660.0,CE,29250,-375,3,1.7
2026-06-12,2026-06-30,1660.0,PE,0,0,0,297.1
2026-06-12,2026-06-30,1680.0,CE,39375,-1875,16,1.85
2026-06-12,2026-06-30,1680.0,PE,1500,0,0,250.55
2026-06-12,2026-06-30,1700.0,CE,152625,-6375,310,1.5
2026-06-12,2026-06-30,1700.0,PE,3375,0,0,294.7
2026-06-12,2026-06-30,1720.0,CE,0,0,0,5.9
2026-06-12,2026-06-30,1720.0,PE,0,0,0,430.3
2026-06-12,2026-06-30,1740.0,CE,89250,4875,20,1.05
2026-06-12,2026-06-30,1740.0,PE,1125,0,0,329.6
2026-06-12,2026-07-28,960.0,PE,475,0,0,16.7
2026-06-12,2026-07-28,1200.0,PE,19475,0,0,19.35
2026-06-12,2026-07-28,1220.0,CE,0,0,0,242.9
2026-06-12,2026-07-28,1220.0,PE,475,0,0,21.0
2026-06-12,2026-07-28,1240.0,CE,0,0,0,96.0
2026-06-12,2026-07-28,1240.0,PE,2850,2375,5,26.3
2026-06-12,2026-07-28,1260.0,CE,0,0,0,213.25
2026-06-12,2026-07-28,1260.0,PE,0,0,0,37.55
2026-06-12,2026-07-28,1280.0,CE,0,0,0,80.35
2026-06-12,2026-07-28,1280.0,PE,950,0,0,16.5
2026-06-12,2026-07-28,1300.0,CE,475,0,0,147.55
2026-06-12,2026-07-28,1300.0,PE,73150,10925,61,42.5
2026-06-12,2026-07-28,1320.0,CE,0,0,0,66.85
2026-06-12,2026-07-28,1320.0,PE,475,0,0,22.5
2026-06-12,2026-07-28,1340.0,CE,0,0,0,160.55
2026-06-12,2026-07-28,1340.0,PE,61275,475,3,56.8
2026-06-12,2026-07-28,1360.0,CE,0,0,0,55.25
2026-06-12,2026-07-28,1360.0,PE,475,0,0,55.0
2026-06-12,2026-07-28,1380.0,CE,19000,4275,16,77.3
2026-06-12,2026-07-28,1380.0,PE,475,0,0,76.95
2026-06-12,2026-07-28,1400.0,CE,30400,3325,44,67.75
2026-06-12,2026-07-28,1400.0,PE,44650,475,5,89.1
2026-06-12,2026-07-28,1420.0,CE,1425,0,0,60.2
2026-06-12,2026-07-28,1420.0,PE,0,0,0,99.95
2026-06-12,2026-07-28,1440.0,CE,950,0,0,62.0
2026-06-12,2026-07-28,1440.0,PE,0,0,0,255.6
2026-06-12,2026-07-28,1460.0,CE,0,0,0,99.15
2026-06-12,2026-07-28,1460.0,PE,0,0,0,121.4
2026-06-12,2026-07-28,1480.0,CE,0,0,0,30.2
2026-06-12,2026-07-28,1480.0,PE,4275,0,0,110.0
2026-06-12,2026-07-28,1500.0,CE,152000,26125,241,34.15
2026-06-12,2026-07-28,1500.0,PE,11400,0,1,154.0
2026-06-12,2026-07-28,1520.0,CE,1425,0,0,52.0
2026-06-12,2026-07-28,1520.0,PE,0,0,0,321.7
2026-06-12,2026-07-28,1540.0,CE,0,0,0,69.35
2026-06-12,2026-07-28,1540.0,PE,0,0,0,170.8
2026-06-12,2026-07-28,1560.0,CE,13300,3800,19,22.4
2026-06-12,2026-07-28,1560.0,PE,0,0,0,356.4
2026-06-12,2026-07-28,1580.0,CE,0,0,0,57.45
2026-06-12,2026-07-28,1580.0,PE,0,0,0,198.45
2026-06-12,2026-07-28,1600.0,CE,42750,1425,50,17.1
2026-06-12,2026-07-28,1600.0,PE,1900,0,0,146.0
2026-06-12,2026-07-28,1620.0,CE,475,0,0,28.2
2026-06-12,2026-07-28,1620.0,PE,0,0,0,227.95
2026-06-12,2026-07-28,1640.0,CE,475,0,0,23.0
2026-06-12,2026-07-28,1640.0,PE,0,0,0,360.35
2026-06-12,2026-07-28,1660.0,CE,1425,0,0,19.25
2026-06-12,2026-07-28,1660.0,PE,0,0,0,258.95
2026-06-12,2026-07-28,1680.0,CE,0,0,0,10.05
2026-06-12,2026-07-28,1680.0,PE,3800,0,0,256.0
2026-06-12,2026-07-28,1700.0,CE,44650,950,38,8.3
2026-06-12,2026-07-28,1700.0,PE,0,0,0,289.85
2026-06-12,2026-07-28,1720.0,CE,0,0,0,26.95
2026-06-12,2026-07-28,1720.0,PE,3800,0,6,346.35
2026-06-12,2026-07-28,1740.0,CE,475,0,0,11.0
2026-06-12,2026-07-28,1740.0,PE,0,0,0,291.6
2026-06-12,2026-08-25,1200.0,CE,0,0,0,276.45
2026-06-12,2026-08-25,1200.0,PE,0,0,0,35.95
2026-06-12,2026-08-25,1240.0,CE,0,0,0,247.7
2026-06-12,2026-08-25,1240.0,PE,0,0,0,46.6
2026-06-12,2026-08-25,1280.0,CE,0,0,0,220.75
2026-06-12,2026-08-25,1280.0,PE,0,0,0,59.05
2026-06-12,2026-08-25,1320.0,CE,0,0,0,195.8
2026-06-12,2026-08-25,1320.0,PE,0,0,0,73.5
2026-06-12,2026-08-25,1360.0,CE,0,0,0,172.85
2026-06-12,2026-08-25,1360.0,PE,0,0,0,89.95
2026-06-12,2026-08-25,1400.0,CE,0,0,0,151.9
2026-06-12,2026-08-25,1400.0,PE,0,0,0,108.4
2026-06-12,2026-08-25,1440.0,CE,0,0,0,132.85
2026-06-12,2026-08-25,1440.0,PE,0,0,0,128.75
2026-06-12,2026-08-25,1480.0,CE,0,0,0,115.7
2026-06-12,2026-08-25,1480.0,PE,0,0,0,151.0
2026-06-12,2026-08-25,1520.0,CE,0,0,0,100.3
2026-06-12,2026-08-25,1520.0,PE,0,0,0,175.05
2026-06-12,2026-08-25,1560.0,CE,0,0,0,86.65
2026-06-12,2026-08-25,1560.0,PE,0,0,0,200.8
2026-06-12,2026-08-25,1600.0,CE,0,0,0,74.55
2026-06-12,2026-08-25,1600.0,PE,0,0,0,228.1
2026-06-12,2026-08-25,1640.0,CE,0,0,0,63.95
2026-06-12,2026-08-25,1640.0,PE,0,0,0,256.9
2026-06-12,2026-08-25,1680.0,CE,0,0,0,54.65
2026-06-12,2026-08-25,1680.0,PE,0,0,0,287.05
2026-06-12,2026-08-25,1720.0,CE,0,0,0,46.55
2026-06-12,2026-08-25,1720.0,PE,0,0,0,318.35
2026-06-15,2026-06-30,1000.0,CE,2250,0,0,372.6
2026-06-15,2026-06-30,1000.0,PE,21375,0,53,0.55
2026-06-15,2026-06-30,1040.0,CE,7125,-2250,12,373.95
2026-06-15,2026-06-30,1040.0,PE,13875,3750,130,0.5
2026-06-15,2026-06-30,1060.0,PE,1125,0,0,0.5
2026-06-15,2026-06-30,1100.0,CE,24750,-750,5,313.75
2026-06-15,2026-06-30,1100.0,PE,40875,-2625,45,0.7
2026-06-15,2026-06-30,1120.0,CE,2250,-1125,3,293.7
2026-06-15,2026-06-30,1120.0,PE,16125,-375,18,0.75
2026-06-15,2026-06-30,1140.0,PE,18000,-3750,19,1.05
2026-06-15,2026-06-30,1160.0,CE,6375,0,0,215.1
2026-06-15,2026-06-30,1160.0,PE,17625,0,8,1.25
2026-06-15,2026-06-30,1180.0,PE,37125,0,0,2.95
2026-06-15,2026-06-30,1200.0,CE,21000,0,0,203.95
2026-06-15,2026-06-30,1200.0,PE,133875,22500,189,2.4
2026-06-15,2026-06-30,1220.0,CE,375,0,0,215.1
2026-06-15,2026-06-30,1220.0,PE,27750,750,39,2.8
2026-06-15,2026-06-30,1240.0,CE,3375,0,0,191.2
2026-06-15,2026-06-30,1240.0,PE,65625,-7125,57,3.95
2026-06-15,2026-06-30,1260.0,CE,15750,0,0,163.9
2026-06-15,2026-06-30,1260.0,PE,65250,-375,362,5.2
2026-06-15,2026-06-30,1280.0,CE,10125,-750,12,136.05
2026-06-15,2026-06-30,1280.0,PE,59625,3000,138,6.85
2026-06-15,2026-06-30,1300.0,CE,78000,-6375,161,117.6
2026-06-15,2026-06-30,1300.0,PE,353625,-4500,741,9.55
2026-06-15,2026-06-30,1320.0,CE,25125,0,0,90.15
2026-06-15,2026-06-30,1320.0,PE,472125,-7500,547,13.15
2026-06-15,2026-06-30,1340.0,CE,23625,-5250,121,86.1
2026-06-15,2026-06-30,1340.0,PE,229500,15000,787,17.45
2026-06-15,2026-06-30,1360.0,CE,141000,-23625,648,71.45
2026-06-15,2026-06-30,1360.0,PE,174375,-20625,1413,23.15
2026-06-15,2026-06-30,1380.0,CE,197625,-51750,1430,58.25
2026-06-15,2026-06-30,1380.0,PE,155250,27750,911,29.8
2026-06-15,2026-06-30,1400.0,CE,1110375,1875,5278,47.3
2026-06-15,2026-06-30,1400.0,PE,400500,54000,1649,38.7
2026-06-15,2026-06-30,1420.0,CE,765750,25125,4007,37.7
2026-06-15,2026-06-30,1420.0,PE,205875,17625,698,49.5
2026-06-15,2026-06-30,1440.0,CE,980250,-9375,2381,29.75
2026-06-15,2026-06-30,1440.0,PE,206250,-12750,367,60.75
2026-06-15,2026-06-30,1460.0,CE,524625,-82125,1359,23.15
2026-06-15,2026-06-30,1460.0,PE,201750,-7875,119,74.15
2026-06-15,2026-06-30,1480.0,CE,357000,-27375,919,18.0
2026-06-15,2026-06-30,1480.0,PE,276750,-2625,13,88.65
2026-06-15,2026-06-30,1500.0,CE,1012500,-32625,2756,13.85
2026-06-15,2026-06-30,1500.0,PE,181500,-3750,49,106.6
2026-06-15,2026-06-30,1520.0,CE,299625,-17250,639,10.7
2026-06-15,2026-06-30,1520.0,PE,94875,375,8,121.8
2026-06-15,2026-06-30,1540.0,CE,366375,-14625,468,8.25
2026-06-15,2026-06-30,1540.0,PE,100125,0,0,170.9
2026-06-15,2026-06-30,1560.0,CE,243750,9375,521,6.65
2026-06-15,2026-06-30,1560.0,PE,79500,0,0,162.95
2026-06-15,2026-06-30,1580.0,CE,96000,-1500,121,5.15
2026-06-15,2026-06-30,1580.0,PE,13500,0,0,109.1
2026-06-15,2026-06-30,1600.0,CE,580125,24000,664,4.25
2026-06-15,2026-06-30,1600.0,PE,78750,-3000,15,191.0
2026-06-15,2026-06-30,1620.0,CE,49875,4500,92,3.45
2026-06-15,2026-06-30,1620.0,PE,1500,0,0,209.5
2026-06-15,2026-06-30,1640.0,CE,91125,-375,127,2.75
2026-06-15,2026-06-30,1640.0,PE,2625,0,0,239.75
2026-06-15,2026-06-30,1660.0,CE,29250,0,0,1.7
2026-06-15,2026-06-30,1660.0,PE,0,0,0,297.1
2026-06-15,2026-06-30,1680.0,CE,38250,-1125,5,2.0
2026-06-15,2026-06-30,1680.0,PE,1500,0,0,250.55
2026-06-15,2026-06-30,1700.0,CE,183750,31125,383,1.65
2026-06-15,2026-06-30,1700.0,PE,3750,375,1,291.1
2026-06-15,2026-06-30,1720.0,CE,7875,7875,66,1.25
2026-06-15,2026-06-30,1720.0,PE,0,0,0,430.3
2026-06-15,2026-06-30,1740.0,CE,93000,3750,350,1.1
2026-06-15,2026-06-30,1740.0,PE,1125,0,0,329.6
2026-06-15,2026-07-28,960.0,PE,475,0,0,16.7
2026-06-15,2026-07-28,1200.0,CE,0,0,0,113.9
2026-06-15,2026-07-28,1200.0,PE,23275,3800,20,12.0
2026-06-15,2026-07-28,1220.0,CE,0,0,0,242.9
2026-06-15,2026-07-28,1220.0,PE,475,0,0,21.0
2026-06-15,2026-07-28,1240.0,CE,0,0,0,96.0
2026-06-15,2026-07-28,1240.0,PE,2850,0,0,26.3
2026-06-15,2026-07-28,1260.0,CE,0,0,0,213.25
2026-06-15,2026-07-28,1260.0,PE,0,0,0,37.55
2026-06-15,2026-07-28,1280.0,CE,0,0,0,80.35
2026-06-15,2026-07-28,1280.0,PE,950,0,0,16.5
2026-06-15,2026-07-28,1300.0,CE,20425,19950,46,140.45
2026-06-15,2026-07-28,1300.0,PE,81700,8550,65,30.2
2026-06-15,2026-07-28,1320.0,CE,0,0,0,66.85
2026-06-15,2026-07-28,1320.0,PE,475,0,0,22.5
2026-06-15,2026-07-28,1340.0,CE,0,0,0,160.55
2026-06-15,2026-07-28,1340.0,PE,60800,-475,1,56.0
2026-06-15,2026-07-28,1360.0,CE,0,0,0,55.25
2026-06-15,2026-07-28,1360.0,PE,475,0,0,55.0
2026-06-15,2026-07-28,1380.0,CE,13300,-5700,21,98.0
2026-06-15,2026-07-28,1380.0,PE,475,0,0,76.95
2026-06-15,2026-07-28,1400.0,CE,28025,-2375,28,83.0
2026-06-15,2026-07-28,1400.0,PE,43225,-1425,42,69.1
2026-06-15,2026-07-28,1420.0,CE,1425,0,0,60.2
2026-06-15,2026-07-28,1420.0,PE,0,0,0,99.95
2026-06-15,2026-07-28,1440.0,CE,950,0,0,62.0
2026-06-15,2026-07-28,1440.0,PE,0,0,0,255.6
2026-06-15,2026-07-28,1460.0,CE,475,475,1,68.55
2026-06-15,2026-07-28,1460.0,PE,0,0,0,121.4
2026-06-15,2026-07-28,1480.0,CE,0,0,0,30.2
2026-06-15,2026-07-28,1480.0,PE,4275,0,0,110.0
2026-06-15,2026-07-28,1500.0,CE,142025,-9975,155,41.7
2026-06-15,2026-07-28,1500.0,PE,12825,1425,3,125.55
2026-06-15,2026-07-28,1520.0,CE,1425,0,0,52.0
2026-06-15,2026-07-28,1520.0,PE,950,950,2,139.0
2026-06-15,2026-07-28,1540.0,CE,0,0,0,69.35
2026-06-15,2026-07-28,1540.0,PE,0,0,0,170.8
2026-06-15,2026-07-28,1560.0,CE,13300,0,21,26.15
2026-06-15,2026-07-28,1560.0,PE,0,0,0,356.4
2026-06-15,2026-07-28,1580.0,CE,0,0,0,57.45
2026-06-15,2026-07-28,1580.0,PE,0,0,0,198.45
2026-06-15,2026-07-28,1600.0,CE,47975,5225,52,20.5
2026-06-15,2026-07-28,1600.0,PE,6650,4750,11,201.7
2026-06-15,2026-07-28,1620.0,CE,475,0,0,28.2
2026-06-15,2026-07-28,1620.0,PE,0,0,0,227.95
2026-06-15,2026-07-28,1640.0,CE,475,0,0,23.0
2026-06-15,2026-07-28,1640.0,PE,0,0,0,360.35
2026-06-15,2026-07-28,1660.0,CE,7600,6175,17,14.95
2026-06-15,2026-07-28,1660.0,PE,0,0,0,258.95
2026-06-15,2026-07-28,1680.0,CE,0,0,0,10.05
2026-06-15,2026-07-28,1680.0,PE,3800,0,0,256.0
2026-06-15,2026-07-28,1700.0,CE,58900,14250,43,10.5
2026-06-15,2026-07-28,1700.0,PE,0,0,0,289.85
2026-06-15,2026-07-28,1720.0,CE,0,0,0,26.95
2026-06-15,2026-07-28,1720.0,PE,3800,0,2,308.0
2026-06-15,2026-07-28,1740.0,CE,475,0,0,11.0
2026-06-15,2026-07-28,1740.0,PE,0,0,0,291.6
2026-06-15,2026-08-25,1200.0,CE,0,0,0,276.45
2026-06-15,2026-08-25,1200.0,PE,0,0,0,35.95
2026-06-15,2026-08-25,1240.0,CE,0,0,0,247.7
2026-06-15,2026-08-25,1240.0,PE,0,0,0,46.6
2026-06-15,2026-08-25,1280.0,CE,0,0,0,220.75
2026-06-15,2026-08-25,1280.0,PE,0,0,0,59.05
2026-06-15,2026-08-25,1320.0,CE,0,0,0,195.8
2026-06-15,2026-08-25,1320.0,PE,0,0,0,73.5
2026-06-15,2026-08-25,1360.0,CE,0,0,0,172.85
2026-06-15,2026-08-25,1360.0,PE,0,0,0,89.95
2026-06-15,2026-08-25,1400.0,CE,0,0,0,151.9
2026-06-15,2026-08-25,1400.0,PE,0,0,0,108.4
2026-06-15,2026-08-25,1440.0,CE,0,0,0,132.85
2026-06-15,2026-08-25,1440.0,PE,0,0,0,128.75
2026-06-15,2026-08-25,1480.0,CE,0,0,0,115.7
2026-06-15,2026-08-25,1480.0,PE,0,0,0,151.0
2026-06-15,2026-08-25,1520.0,CE,0,0,0,100.3
2026-06-15,2026-08-25,1520.0,PE,0,0,0,175.05
2026-06-15,2026-08-25,1560.0,CE,0,0,0,86.65
2026-06-15,2026-08-25,1560.0,PE,0,0,0,200.8
2026-06-15,2026-08-25,1600.0,CE,0,0,0,74.55
2026-06-15,2026-08-25,1600.0,PE,0,0,0,228.1
2026-06-15,2026-08-25,1640.0,CE,0,0,0,63.95
2026-06-15,2026-08-25,1640.0,PE,0,0,0,256.9
2026-06-15,2026-08-25,1680.0,CE,0,0,0,54.65
2026-06-15,2026-08-25,1680.0,PE,0,0,0,287.05
2026-06-15,2026-08-25,1720.0,CE,0,0,0,46.55
2026-06-15,2026-08-25,1720.0,PE,0,0,0,318.35
2026-06-16,2026-06-30,1000.0,CE,2250,0,6,434.35
2026-06-16,2026-06-30,1000.0,PE,21750,375,4,0.35
2026-06-16,2026-06-30,1040.0,CE,3750,-3375,15,395.85
2026-06-16,2026-06-30,1040.0,PE,12000,-1875,17,0.3
2026-06-16,2026-06-30,1060.0,PE,1125,0,1,0.3
2026-06-16,2026-06-30,1100.0,CE,24750,0,2,358.0
2026-06-16,2026-06-30,1100.0,PE,40875,0,188,0.35
2026-06-16,2026-06-30,1120.0,CE,2250,0,0,293.7
2026-06-16,2026-06-30,1120.0,PE,13875,-2250,53,0.35
2026-06-16,2026-06-30,1140.0,PE,16875,-1125,10,0.45
2026-06-16,2026-06-30,1160.0,CE,6375,0,0,215.1
2026-06-16,2026-06-30,1160.0,PE,14250,-3375,45,0.45
2026-06-16,2026-06-30,1180.0,PE,34500,-2625,51,0.5
2026-06-16,2026-06-30,1200.0,CE,19875,-1125,13,232.15
2026-06-16,2026-06-30,1200.0,PE,113625,-20250,234,0.65
2026-06-16,2026-06-30,1220.0,CE,375,0,0,215.1
2026-06-16,2026-06-30,1220.0,PE,18000,-9750,120,0.95
2026-06-16,2026-06-30,1240.0,CE,3375,0,0,191.2
2026-06-16,2026-06-30,1240.0,PE,59625,-6000,201,1.25
2026-06-16,2026-06-30,1260.0,CE,16875,1125,5,195.2
2026-06-16,2026-06-30,1260.0,PE,66750,1500,253,1.75
2026-06-16,2026-06-30,1280.0,CE,10125,0,0,136.05
2026-06-16,2026-06-30,1280.0,PE,43125,-16500,243,2.35
2026-06-16,2026-06-30,1300.0,CE,78375,375,61,174.0
2026-06-16,2026-06-30,1300.0,PE,298875,-54750,1187,3.25
2026-06-16,2026-06-30,1320.0,CE,18375,-6750,78,153.8
2026-06-16,2026-06-30,1320.0,PE,496500,24375,936,4.6
2026-06-16,2026-06-30,1340.0,CE,16500,-7125,83,135.2
2026-06-16,2026-06-30,1340.0,PE,226125,-3375,1867,6.15
2026-06-16,2026-06-30,1360.0,CE,132375,-8625,334,117.65
2026-06-16,2026-06-30,1360.0,PE,241875,67500,2312,8.6
2026-06-16,2026-06-30,1380.0,CE,161250,-36375,848,100.45
2026-06-16,2026-06-30,1380.0,PE,238125,82875,2097,11.65
2026-06-16,2026-06-30,1400.0,CE,1105500,-4875,5255,84.85
2026-06-16,2026-06-30,1400.0,PE,478500,78000,4191,16.0
2026-06-16,2026-06-30,1420.0,CE,733500,-32250,7793,70.15
2026-06-16,2026-06-30,1420.0,PE,393375,187500,3239,21.85
2026-06-16,2026-06-30,1440.0,CE,990750,10500,18316,57.95
2026-06-16,2026-06-30,1440.0,PE,414750,208500,3883,29.75
2026-06-16,2026-06-30,1460.0,CE,858750,334125,12524,47.1
2026-06-16,2026-06-30,1460.0,PE,297000,95250,1630,38.35
2026-06-16,2026-06-30,1480.0,CE,410625,53625,4647,38.05
2026-06-16,2026-06-30,1480.0,PE,300375,23625,566,48.8
2026-06-16,2026-06-30,1500.0,CE,1050375,37875,16198,29.75
2026-06-16,2026-06-30,1500.0,PE,207375,25875,377,60.6
2026-06-16,2026-06-30,1520.0,CE,336375,36750,3231,23.6
2026-06-16,2026-06-30,1520.0,PE,96375,1500,8,74.1
2026-06-16,2026-06-30,1540.0,CE,516375,150000,2923,18.15
2026-06-16,2026-06-30,1540.0,PE,100875,750,63,88.35
2026-06-16,2026-06-30,1560.0,CE,271875,28125,2110,14.0
2026-06-16,2026-06-30,1560.0,PE,77625,-1875,5,103.8
2026-06-16,2026-06-30,1580.0,CE,106875,10875,852,10.85
2026-06-16,2026-06-30,1580.0,PE,13500,0,0,109.1
2026-06-16,2026-06-30,1600.0,CE,651000,70875,3535,8.5
2026-06-16,2026-06-30,1600.0,PE,77250,-1500,24,139.0
2026-06-16,2026-06-30,1620.0,CE,71250,21375,376,6.7
2026-06-16,2026-06-30,1620.0,PE,1500,0,0,209.5
2026-06-16,2026-06-30,1640.0,CE,91125,0,352,5.2
2026-06-16,2026-06-30,1640.0,PE,2625,0,0,239.75
2026-06-16,2026-06-30,1660.0,CE,52125,22875,167,4.0
2026-06-16,2026-06-30,1660.0,PE,0,0,0,297.1
2026-06-16,2026-06-30,1680.0,CE,33750,-4500,206,3.4
2026-06-16,2026-06-30,1680.0,PE,1500,0,0,250.55
2026-06-16,2026-06-30,1700.0,CE,430500,246750,2061,2.7
2026-06-16,2026-06-30,1700.0,PE,3750,0,0,291.1
2026-06-16,2026-06-30,1720.0,CE,7875,0,0,1.25
2026-06-16,2026-06-30,1720.0,PE,0,0,0,430.3
2026-06-16,2026-06-30,1740.0,CE,98625,5625,108,1.6
2026-06-16,2026-06-30,1740.0,PE,1125,0,0,329.6
2026-06-16,2026-07-28,960.0,PE,475,0,0,16.7
2026-06-16,2026-07-28,1200.0,CE,0,0,0,113.9
2026-06-16,2026-07-28,1200.0,PE,40375,17100,76,7.25
2026-06-16,2026-07-28,1220.0,CE,0,0,0,242.9
2026-06-16,2026-07-28,1220.0,PE,475,0,0,21.0
2026-06-16,2026-07-28,1240.0,CE,0,0,0,96.0
2026-06-16,2026-07-28,1240.0,PE,4750,1900,4,14.9
2026-06-16,2026-07-28,1260.0,CE,0,0,0,213.25
2026-06-16,2026-07-28,1260.0,PE,950,950,2,17.0
2026-06-16,2026-07-28,1280.0,CE,0,0,0,80.35
2026-06-16,2026-07-28,1280.0,PE,1425,475,2,16.0
2026-06-16,2026-07-28,1300.0,CE,19475,-950,18,177.4
2026-06-16,2026-07-28,1300.0,PE,87400,5700,107,18.5
2026-06-16,2026-07-28,1320.0,CE,0,0,0,66.85
2026-06-16,2026-07-28,1320.0,PE,475,0,0,22.5
2026-06-16,2026-07-28,1340.0,CE,0,0,0,160.55
2026-06-16,2026-07-28,1340.0,PE,79325,18525,78,26.5
2026-06-16,2026-07-28,1360.0,CE,0,0,0,55.25
2026-06-16,2026-07-28,1360.0,PE,3325,2850,7,37.25
2026-06-16,2026-07-28,1380.0,CE,13300,0,0,98.0
2026-06-16,2026-07-28,1380.0,PE,1425,950,2,39.9
2026-06-16,2026-07-28,1400.0,CE,51300,23275,196,117.1
2026-06-16,2026-07-28,1400.0,PE,40850,-2375,94,44.3
2026-06-16,2026-07-28,1420.0,CE,1425,0,0,60.2
2026-06-16,2026-07-28,1420.0,PE,0,0,0,99.95
2026-06-16,2026-07-28,1440.0,CE,6650,5700,41,93.4
2026-06-16,2026-07-28,1440.0,PE,10925,10925,27,61.65
2026-06-16,2026-07-28,1460.0,CE,3800,3325,24,85.35
2026-06-16,2026-07-28,1460.0,PE,475,475,2,90.0
2026-06-16,2026-07-28,1480.0,CE,0,0,0,30.2
2026-06-16,2026-07-28,1480.0,PE,4275,0,1,84.0
2026-06-16,2026-07-28,1500.0,CE,170525,28500,305,66.1
2026-06-16,2026-07-28,1500.0,PE,19475,6650,38,90.75
2026-06-16,2026-07-28,1520.0,CE,1425,0,0,52.0
2026-06-16,2026-07-28,1520.0,PE,950,0,0,139.0
2026-06-16,2026-07-28,1540.0,CE,475,475,4,49.0
2026-06-16,2026-07-28,1540.0,PE,0,0,0,170.8
2026-06-16,2026-07-28,1560.0,CE,22325,9025,37,44.8
2026-06-16,2026-07-28,1560.0,PE,0,0,0,356.4
2026-06-16,2026-07-28,1580.0,CE,475,475,3,38.7
2026-06-16,2026-07-28,1580.0,PE,0,0,0,198.45
2026-06-16,2026-07-28,1600.0,CE,53675,5700,167,33.6
2026-06-16,2026-07-28,1600.0,PE,6650,0,2,172.5
2026-06-16,2026-07-28,1620.0,CE,1425,950,9,29.25
2026-06-16,2026-07-28,1620.0,PE,0,0,0,227.95
2026-06-16,2026-07-28,1640.0,CE,475,0,0,23.0
2026-06-16,2026-07-28,1640.0,PE,0,0,0,360.35
2026-06-16,2026-07-28,1660.0,CE,7600,0,0,14.95
2026-06-16,2026-07-28,1660.0,PE,0,0,0,258.95
2026-06-16,2026-07-28,1680.0,CE,475,475,1,17.0
2026-06-16,2026-07-28,1680.0,PE,3800,0,0,256.0
2026-06-16,2026-07-28,1700.0,CE,78850,19950,119,17.0
2026-06-16,2026-07-28,1700.0,PE,0,0,0,289.85
2026-06-16,2026-07-28,1720.0,CE,0,0,0,26.95
2026-06-16,2026-07-28,1720.0,PE,3800,0,0,308.0
2026-06-16,2026-07-28,1740.0,CE,45600,45125,116,12.4
2026-06-16,2026-07-28,1740.0,PE,0,0,0,291.6
2026-06-16,2026-08-25,1200.0,CE,0,0,0,276.45
2026-06-16,2026-08-25,1200.0,PE,0,0,0,35.95
2026-06-16,2026-08-25,1240.0,CE,0,0,0,247.7
2026-06-16,2026-08-25,1240.0,PE,0,0,0,46.6
2026-06-16,2026-08-25,1280.0,CE,0,0,0,220.75
2026-06-16,2026-08-25,1280.0,PE,0,0,0,59.05
2026-06-16,2026-08-25,1320.0,CE,0,0,0,195.8
2026-06-16,2026-08-25,1320.0,PE,0,0,0,73.5
2026-06-16,2026-08-25,1360.0,CE,0,0,0,172.85
2026-06-16,2026-08-25,1360.0,PE,0,0,0,89.95
2026-06-16,2026-08-25,1400.0,CE,0,0,0,151.9
2026-06-16,2026-08-25,1400.0,PE,0,0,0,108.4
2026-06-16,2026-08-25,1440.0,CE,0,0,0,132.85
2026-06-16,2026-08-25,1440.0,PE,0,0,0,128.75
2026-06-16,2026-08-25,1480.0,CE,0,0,0,115.7
2026-06-16,2026-08-25,1480.0,PE,0,0,0,151.0
2026-06-16,2026-08-25,1520.0,CE,0,0,0,100.3
2026-06-16,2026-08-25,1520.0,PE,0,0,0,175.05
2026-06-16,2026-08-25,1560.0,CE,0,0,0,86.65
2026-06-16,2026-08-25,1560.0,PE,0,0,0,200.8
2026-06-16,2026-08-25,1600.0,CE,0,0,0,74.55
2026-06-16,2026-08-25,1600.0,PE,0,0,0,228.1
2026-06-16,2026-08-25,1640.0,CE,0,0,0,63.95
2026-06-16,2026-08-25,1640.0,PE,0,0,0,256.9
2026-06-16,2026-08-25,1680.0,CE,0,0,0,54.65
2026-06-16,2026-08-25,1680.0,PE,0,0,0,287.05
2026-06-16,2026-08-25,1720.0,CE,0,0,0,46.55
2026-06-16,2026-08-25,1720.0,PE,0,0,0,318.35
2026-06-17,2026-06-30,1000.0,CE,5625,3375,9,460.55
2026-06-17,2026-06-30,1000.0,PE,18000,-3750,16,0.35
2026-06-17,2026-06-30,1040.0,CE,4875,1125,3,429.7
2026-06-17,2026-06-30,1040.0,PE,12000,0,1,0.2
2026-06-17,2026-06-30,1060.0,PE,1125,0,0,0.3
2026-06-17,2026-06-30,1100.0,CE,22875,-1875,7,360.5
2026-06-17,2026-06-30,1100.0,PE,36750,-4125,12,0.35
2026-06-17,2026-06-30,1120.0,CE,2250,0,0,293.7
2026-06-17,2026-06-30,1120.0,PE,12750,-1125,80,0.2
2026-06-17,2026-06-30,1140.0,PE,16875,0,2,0.5
2026-06-17,2026-06-30,1160.0,CE,6375,0,0,215.1
2026-06-17,2026-06-30,1160.0,PE,13875,-375,5,0.45
2026-06-17,2026-06-30,1180.0,PE,32250,-2250,12,0.45
2026-06-17,2026-06-30,1200.0,CE,20250,375,6,275.35
2026-06-17,2026-06-30,1200.0,PE,109500,-4125,56,0.75
2026-06-17,2026-06-30,1220.0,CE,375,0,0,215.1
2026-06-17,2026-06-30,1220.0,PE,17625,-375,1,1.05
2026-06-17,2026-06-30,1240.0,CE,3375,0,0,191.2
2026-06-17,2026-06-30,1240.0,PE,53625,-6000,71,1.4
2026-06-17,2026-06-30,1260.0,CE,18750,1875,15,202.0
2026-06-17,2026-06-30,1260.0,PE,61875,-4875,189,1.8
2026-06-17,2026-06-30,1280.0,CE,10125,0,0,136.05
2026-06-17,2026-06-30,1280.0,PE,44250,1125,70,2.4
2026-06-17,2026-06-30,1300.0,CE,92250,13875,56,163.9
2026-06-17,2026-06-30,1300.0,PE,292500,-6375,932,3.15
2026-06-17,2026-06-30,1320.0,CE,12375,-6000,32,147.35
2026-06-17,2026-06-30,1320.0,PE,517875,21375,560,4.5
2026-06-17,2026-06-30,1340.0,CE,15750,-750,19,129.05
2026-06-17,2026-06-30,1340.0,PE,214500,-11625,804,5.9
2026-06-17,2026-06-30,1360.0,CE,120750,-11625,94,111.05
2026-06-17,2026-06-30,1360.0,PE,327750,85875,1168,8.55
2026-06-17,2026-06-30,1380.0,CE,152250,-9000,218,94.1
2026-06-17,2026-06-30,1380.0,PE,259500,21375,1460,11.5
2026-06-17,2026-06-30,1400.0,CE,1090875,-14625,1393,78.35
2026-06-17,2026-06-30,1400.0,PE,574500,96000,4459,16.0
2026-06-17,2026-06-30,1420.0,CE,715125,-18375,1030,64.3
2026-06-17,2026-06-30,1420.0,PE,327750,-65625,2714,22.2
2026-06-17,2026-06-30,1440.0,CE,979875,-10875,3290,52.25
2026-06-17,2026-06-30,1440.0,PE,304500,-110250,3756,29.8
2026-06-17,2026-06-30,1460.0,CE,715125,-143625,9189,42.05
2026-06-17,2026-06-30,1460.0,PE,366375,69375,3713,39.35
2026-06-17,2026-06-30,1480.0,CE,747375,336750,11050,33.3
2026-06-17,2026-06-30,1480.0,PE,423000,122625,3512,50.7
2026-06-17,2026-06-30,1500.0,CE,1758750,708375,18267,26.15
2026-06-17,2026-06-30,1500.0,PE,290625,83250,2247,63.35
2026-06-17,2026-06-30,1520.0,CE,402000,65625,5337,20.2
2026-06-17,2026-06-30,1520.0,PE,109875,13500,313,77.9
2026-06-17,2026-06-30,1540.0,CE,531750,15375,4239,15.55
2026-06-17,2026-06-30,1540.0,PE,104250,3375,193,93.0
2026-06-17,2026-06-30,1560.0,CE,354750,82875,3103,11.9
2026-06-17,2026-06-30,1560.0,PE,83250,5625,162,108.95
2026-06-17,2026-06-30,1580.0,CE,118500,11625,1291,9.05
2026-06-17,2026-06-30,1580.0,PE,13500,0,0,109.1
2026-06-17,2026-06-30,1600.0,CE,726000,75000,3954,6.85
2026-06-17,2026-06-30,1600.0,PE,77250,0,31,144.0
2026-06-17,2026-06-30,1620.0,CE,77625,6375,403,5.15
2026-06-17,2026-06-30,1620.0,PE,2250,750,5,164.0
2026-06-17,2026-06-30,1640.0,CE,91875,750,391,4.0
2026-06-17,2026-06-30,1640.0,PE,2625,0,0,239.75
2026-06-17,2026-06-30,1660.0,CE,82875,30750,408,3.2
2026-06-17,2026-06-30,1660.0,PE,0,0,0,297.1
2026-06-17,2026-06-30,1680.0,CE,43875,10125,224,2.5
2026-06-17,2026-06-30,1680.0,PE,1500,0,0,250.55
2026-06-17,2026-06-30,1700.0,CE,296625,-133875,2049,2.1
2026-06-17,2026-06-30,1700.0,PE,3750,0,0,291.1
2026-06-17,2026-06-30,1720.0,CE,9000,1125,50,1.55
2026-06-17,2026-06-30,1720.0,PE,0,0,0,430.3
2026-06-17,2026-06-30,1740.0,CE,114750,16125,328,1.15
2026-06-17,2026-06-30,1740.0,PE,1125,0,0,329.6
2026-06-17,2026-07-28,960.0,PE,475,0,0,16.7
2026-06-17,2026-07-28,1200.0,CE,0,0,0,113.9
2026-06-17,2026-07-28,1200.0,PE,46075,5700,39,6.95
2026-06-17,2026-07-28,1220.0,CE,0,0,0,242.9
2026-06-17,2026-07-28,1220.0,PE,475,0,0,21.0
2026-06-17,2026-07-28,1240.0,CE,0,0,0,96.0
2026-06-17,2026-07-28,1240.0,PE,8550,3800,11,10.5
2026-06-17,2026-07-28,1260.0,CE,0,0,0,213.25
2026-06-17,2026-07-28,1260.0,PE,5225,4275,13,10.45
2026-06-17,2026-07-28,1280.0,CE,0,0,0,80.35
2026-06-17,2026-07-28,1280.0,PE,8550,7125,26,15.45
2026-06-17,2026-07-28,1300.0,CE,19950,475,1,180.0
2026-06-17,2026-07-28,1300.0,PE,106875,19475,114,18.9
2026-06-17,2026-07-28,1320.0,CE,0,0,0,66.85
2026-06-17,2026-07-28,1320.0,PE,475,0,0,22.5
2026-06-17,2026-07-28,1340.0,CE,0,0,0,160.55
2026-06-17,2026-07-28,1340.0,PE,83600,4275,20,27.5
2026-06-17,2026-07-28,1360.0,CE,0,0,0,55.25
2026-06-17,2026-07-28,1360.0,PE,9975,6650,19,32.0
2026-06-17,2026-07-28,1380.0,CE,13300,0,0,98.0
2026-06-17,2026-07-28,1380.0,PE,3325,1900,13,38.05
2026-06-17,2026-07-28,1400.0,CE,56525,5225,47,114.0
2026-06-17,2026-07-28,1400.0,PE,56050,15200,101,45.3
2026-06-17,2026-07-28,1420.0,CE,1900,475,4,101.0
2026-06-17,2026-07-28,1420.0,PE,0,0,0,99.95
2026-06-17,2026-07-28,1440.0,CE,6175,-475,4,92.45
2026-06-17,2026-07-28,1440.0,PE,16625,5700,34,62.6
2026-06-17,2026-07-28,1460.0,CE,9025,5225,24,80.0
2026-06-17,2026-07-28,1460.0,PE,475,0,0,90.0
2026-06-17,2026-07-28,1480.0,CE,0,0,0,30.2
2026-06-17,2026-07-28,1480.0,PE,4275,0,8,84.0
2026-06-17,2026-07-28,1500.0,CE,235125,64600,659,62.85
2026-06-17,2026-07-28,1500.0,PE,41325,21850,83,94.05
2026-06-17,2026-07-28,1520.0,CE,2375,950,2,57.35
2026-06-17,2026-07-28,1520.0,PE,950,0,0,139.0
2026-06-17,2026-07-28,1540.0,CE,950,475,1,49.0
2026-06-17,2026-07-28,1540.0,PE,475,475,1,105.25
2026-06-17,2026-07-28,1560.0,CE,23750,1425,21,41.3
2026-06-17,2026-07-28,1560.0,PE,0,0,0,356.4
2026-06-17,2026-07-28,1580.0,CE,475,0,0,38.7
2026-06-17,2026-07-28,1580.0,PE,0,0,0,198.45
2026-06-17,2026-07-28,1600.0,CE,85975,32300,299,31.75
2026-06-17,2026-07-28,1600.0,PE,9500,2850,11,164.0
2026-06-17,2026-07-28,1620.0,CE,1425,0,0,29.25
2026-06-17,2026-07-28,1620.0,PE,0,0,0,227.95
2026-06-17,2026-07-28,1640.0,CE,950,475,1,21.0
2026-06-17,2026-07-28,1640.0,PE,0,0,0,360.35
2026-06-17,2026-07-28,1660.0,CE,9975,2375,5,16.0
2026-06-17,2026-07-28,1660.0,PE,0,0,0,258.95
2026-06-17,2026-07-28,1680.0,CE,475,0,0,17.0
2026-06-17,2026-07-28,1680.0,PE,3800,0,0,256.0
2026-06-17,2026-07-28,1700.0,CE,92150,13300,144,15.15
2026-06-17,2026-07-28,1700.0,PE,0,0,0,289.85
2026-06-17,2026-07-28,1720.0,CE,0,0,0,26.95
2026-06-17,2026-07-28,1720.0,PE,3800,0,0,308.0
2026-06-17,2026-07-28,1740.0,CE,71725,26125,88,11.55
2026-06-17,2026-07-28,1740.0,PE,0,0,0,291.6
2026-06-17,2026-08-25,1200.0,CE,0,0,0,276.45
2026-06-17,2026-08-25,1200.0,PE,0,0,0,35.95
2026-06-17,2026-08-25,1240.0,CE,0,0,0,247.7
2026-06-17,2026-08-25,1240.0,PE,0,0,0,46.6
2026-06-17,2026-08-25,1280.0,CE,0,0,0,220.75
2026-06-17,2026-08-25,1280.0,PE,0,0,0,59.05
2026-06-17,2026-08-25,1320.0,CE,0,0,0,195.8
2026-06-17,2026-08-25,1320.0,PE,0,0,0,73.5
2026-06-17,2026-08-25,1360.0,CE,0,0,0,172.85
2026-06-17,2026-08-25,1360.0,PE,0,0,0,89.95
2026-06-17,2026-08-25,1400.0,CE,0,0,0,151.9
2026-06-17,2026-08-25,1400.0,PE,0,0,0,108.4
2026-06-17,2026-08-25,1440.0,CE,0,0,0,132.85
2026-06-17,2026-08-25,1440.0,PE,0,0,0,128.75
2026-06-17,2026-08-25,1480.0,CE,0,0,0,115.7
2026-06-17,2026-08-25,1480.0,PE,0,0,0,151.0
2026-06-17,2026-08-25,1520.0,CE,0,0,0,100.3
2026-06-17,2026-08-25,1520.0,PE,0,0,0,175.05
2026-06-17,2026-08-25,1560.0,CE,0,0,0,86.65
2026-06-17,2026-08-25,1560.0,PE,0,0,0,200.8
2026-06-17,2026-08-25,1600.0,CE,0,0,0,74.55
2026-06-17,2026-08-25,1600.0,PE,0,0,0,228.1
2026-06-17,2026-08-25,1640.0,CE,0,0,0,63.95
2026-06-17,2026-08-25,1640.0,PE,0,0,0,256.9
2026-06-17,2026-08-25,1680.0,CE,0,0,0,54.65
2026-06-17,2026-08-25,1680.0,PE,0,0,0,287.05
2026-06-17,2026-08-25,1720.0,CE,0,0,0,46.55
2026-06-17,2026-08-25,1720.0,PE,0,0,0,318.35
2026-06-18,2026-06-30,1000.0,CE,5625,0,0,460.55
2026-06-18,2026-06-30,1000.0,PE,14250,-3750,89,0.5
2026-06-18,2026-06-30,1040.0,CE,4875,0,0,429.7
2026-06-18,2026-06-30,1040.0,PE,11625,-375,5,0.3
2026-06-18,2026-06-30,1060.0,PE,1125,0,1,0.4
2026-06-18,2026-06-30,1100.0,CE,22875,0,1,375.0
2026-06-18,2026-06-30,1100.0,PE,38250,1500,39,0.4
2026-06-18,2026-06-30,1120.0,CE,2250,0,0,293.7
2026-06-18,2026-06-30,1120.0,PE,12750,0,12,0.25
2026-06-18,2026-06-30,1140.0,PE,15750,-1125,12,0.3
2026-06-18,2026-06-30,1160.0,CE,6375,0,0,215.1
2026-06-18,2026-06-30,1160.0,PE,13875,0,2,0.6
2026-06-18,2026-06-30,1180.0,PE,32250,0,0,0.45
2026-06-18,2026-06-30,1200.0,CE,20250,0,0,275.35
2026-06-18,2026-06-30,1200.0,PE,109875,375,41,0.95
2026-06-18,2026-06-30,1220.0,CE,375,0,0,215.1
2026-06-18,2026-06-30,1220.0,PE,15000,-2625,24,1.2
2026-06-18,2026-06-30,1240.0,CE,3375,0,0,191.2
2026-06-18,2026-06-30,1240.0,PE,41250,-12375,114,1.25
2026-06-18,2026-06-30,1260.0,CE,18750,0,0,202.0
2026-06-18,2026-06-30,1260.0,PE,55125,-6750,165,1.55
2026-06-18,2026-06-30,1280.0,CE,10125,0,0,136.05
2026-06-18,2026-06-30,1280.0,PE,43500,-750,63,1.9
2026-06-18,2026-06-30,1300.0,CE,94500,2250,35,177.8
2026-06-18,2026-06-30,1300.0,PE,270750,-21750,608,2.75
2026-06-18,2026-06-30,1320.0,CE,12375,0,0,147.35
2026-06-18,2026-06-30,1320.0,PE,513750,-4125,135,3.8
2026-06-18,2026-06-30,1340.0,CE,15750,0,0,129.05
2026-06-18,2026-06-30,1340.0,PE,197250,-17250,497,4.55
2026-06-18,2026-06-30,1360.0,CE,115500,-5250,72,120.75
2026-06-18,2026-06-30,1360.0,PE,264375,-63375,1225,6.35
2026-06-18,2026-06-30,1380.0,CE,134250,-18000,309,103.6
2026-06-18,2026-06-30,1380.0,PE,244125,-15375,1290,8.65
2026-06-18,2026-06-30,1400.0,CE,1084500,-6375,1020,86.5
2026-06-18,2026-06-30,1400.0,PE,637500,63000,5349,12.7
2026-06-18,2026-06-30,1420.0,CE,693375,-21750,974,71.95
2026-06-18,2026-06-30,1420.0,PE,384375,56625,2718,17.75
2026-06-18,2026-06-30,1440.0,CE,912750,-67125,3067,58.95
2026-06-18,2026-06-30,1440.0,PE,413250,108750,4209,24.25
2026-06-18,2026-06-30,1460.0,CE,551625,-163500,5629,47.45
2026-06-18,2026-06-30,1460.0,PE,513000,146625,3198,32.5
2026-06-18,2026-06-30,1480.0,CE,674250,-73125,7287,37.25
2026-06-18,2026-06-30,1480.0,PE,613500,190500,2193,41.65
2026-06-18,2026-06-30,1500.0,CE,1490250,-268500,10796,28.95
2026-06-18,2026-06-30,1500.0,PE,318750,28125,1382,52.55
2026-06-18,2026-06-30,1520.0,CE,480750,78750,4233,22.4
2026-06-18,2026-06-30,1520.0,PE,149250,39375,447,64.75
2026-06-18,2026-06-30,1540.0,CE,564375,32625,3330,16.5
2026-06-18,2026-06-30,1540.0,PE,112500,8250,176,79.65
2026-06-18,2026-06-30,1560.0,CE,373125,18375,2106,12.35
2026-06-18,2026-06-30,1560.0,PE,82125,-1125,63,96.75
2026-06-18,2026-06-30,1580.0,CE,120000,1500,896,9.3
2026-06-18,2026-06-30,1580.0,PE,13500,0,0,109.1
2026-06-18,2026-06-30,1600.0,CE,679125,-46875,2439,6.8
2026-06-18,2026-06-30,1600.0,PE,68250,-9000,91,132.0
2026-06-18,2026-06-30,1620.0,CE,89250,11625,304,5.0
2026-06-18,2026-06-30,1620.0,PE,2250,0,24,151.2
2026-06-18,2026-06-30,1640.0,CE,93750,1875,216,3.6
2026-06-18,2026-06-30,1640.0,PE,2625,0,0,239.75
2026-06-18,2026-06-30,1660.0,CE,91875,9000,454,2.9
2026-06-18,2026-06-30,1660.0,PE,0,0,0,297.1
2026-06-18,2026-06-30,1680.0,CE,40875,-3000,45,2.25
2026-06-18,2026-06-30,1680.0,PE,1500,0,0,250.55
2026-06-18,2026-06-30,1700.0,CE,282000,-14625,518,1.8
2026-06-18,2026-06-30,1700.0,PE,3750,0,0,291.1
2026-06-18,2026-06-30,1720.0,CE,11625,2625,25,1.15
2026-06-18,2026-06-30,1720.0,PE,0,0,0,430.3
2026-06-18,2026-06-30,1740.0,CE,111000,-3750,39,1.15
2026-06-18,2026-06-30,1740.0,PE,1125,0,0,329.6
2026-06-18,2026-07-28,960.0,PE,475,0,0,16.7
2026-06-18,2026-07-28,1200.0,CE,0,0,0,113.9
2026-06-18,2026-07-28,1200.0,PE,46075,0,52,7.0
2026-06-18,2026-07-28,1220.0,CE,0,0,0,242.9
2026-06-18,2026-07-28,1220.0,PE,475,0,0,21.0
2026-06-18,2026-07-28,1240.0,CE,0,0,0,96.0
2026-06-18,2026-07-28,1240.0,PE,9500,950,15,9.3
2026-06-18,2026-07-28,1260.0,CE,0,0,0,213.25
2026-06-18,2026-07-28,1260.0,PE,9500,4275,10,10.6
2026-06-18,2026-07-28,1280.0,CE,0,0,0,80.35
2026-06-18,2026-07-28,1280.0,PE,11400,2850,12,15.7
2026-06-18,2026-07-28,1300.0,CE,20900,950,6,195.25
2026-06-18,2026-07-28,1300.0,PE,137750,30875,237,18.9
2026-06-18,2026-07-28,1320.0,CE,475,475,1,182.0
2026-06-18,2026-07-28,1320.0,PE,475,0,0,22.5
2026-06-18,2026-07-28,1340.0,CE,0,0,0,160.55
2026-06-18,2026-07-28,1340.0,PE,73150,-10450,77,26.55
2026-06-18,2026-07-28,1360.0,CE,0,0,0,55.25
2026-06-18,2026-07-28,1360.0,PE,15200,5225,27,31.1
2026-06-18,2026-07-28,1380.0,CE,13300,0,1,144.0
2026-06-18,2026-07-28,1380.0,PE,3800,475,7,38.0
2026-06-18,2026-07-28,1400.0,CE,68875,12350,102,125.95
2026-06-18,2026-07-28,1400.0,PE,90250,34200,232,43.9
2026-06-18,2026-07-28,1420.0,CE,5700,3800,10,116.45
2026-06-18,2026-07-28,1420.0,PE,11400,11400,28,51.1
2026-06-18,2026-07-28,1440.0,CE,19000,12825,47,101.05
2026-06-18,2026-07-28,1440.0,PE,24225,7600,43,61.15
2026-06-18,2026-07-28,1460.0,CE,20425,11400,63,90.5
2026-06-18,2026-07-28,1460.0,PE,475,0,0,90.0
2026-06-18,2026-07-28,1480.0,CE,1425,1425,5,77.25
2026-06-18,2026-07-28,1480.0,PE,8550,4275,16,80.0
2026-06-18,2026-07-28,1500.0,CE,338200,103075,795,69.9
2026-06-18,2026-07-28,1500.0,PE,81225,39900,212,91.5
2026-06-18,2026-07-28,1520.0,CE,9025,6650,20,62.55
2026-06-18,2026-07-28,1520.0,PE,950,0,0,139.0
2026-06-18,2026-07-28,1540.0,CE,7125,6175,18,54.9
2026-06-18,2026-07-28,1540.0,PE,950,475,2,113.4
2026-06-18,2026-07-28,1560.0,CE,28500,4750,29,47.15
2026-06-18,2026-07-28,1560.0,PE,1425,1425,6,122.8
2026-06-18,2026-07-28,1580.0,CE,475,0,0,38.7
2026-06-18,2026-07-28,1580.0,PE,0,0,0,198.45
2026-06-18,2026-07-28,1600.0,CE,85500,-475,295,36.95
2026-06-18,2026-07-28,1600.0,PE,10925,1425,7,152.75
2026-06-18,2026-07-28,1620.0,CE,1425,0,0,29.25
2026-06-18,2026-07-28,1620.0,PE,0,0,0,227.95
2026-06-18,2026-07-28,1640.0,CE,1425,475,1,29.0
2026-06-18,2026-07-28,1640.0,PE,0,0,0,360.35
2026-06-18,2026-07-28,1660.0,CE,22325,12350,59,24.05
2026-06-18,2026-07-28,1660.0,PE,0,0,0,258.95
2026-06-18,2026-07-28,1680.0,CE,475,0,2,20.8
2026-06-18,2026-07-28,1680.0,PE,3800,0,0,256.0
2026-06-18,2026-07-28,1700.0,CE,108300,16150,213,17.7
2026-06-18,2026-07-28,1700.0,PE,0,0,0,289.85
2026-06-18,2026-07-28,1720.0,CE,0,0,0,26.95
2026-06-18,2026-07-28,1720.0,PE,3800,0,0,308.0
2026-06-18,2026-07-28,1740.0,CE,89775,18050,58,13.45
2026-06-18,2026-07-28,1740.0,PE,475,475,1,285.15
2026-06-18,2026-08-25,1200.0,CE,0,0,0,276.45
2026-06-18,2026-08-25,1200.0,PE,0,0,0,35.95
2026-06-18,2026-08-25,1240.0,CE,0,0,0,247.7
2026-06-18,2026-08-25,1240.0,PE,0,0,0,46.6
2026-06-18,2026-08-25,1280.0,CE,0,0,0,220.75
2026-06-18,2026-08-25,1280.0,PE,0,0,0,59.05
2026-06-18,2026-08-25,1320.0,CE,0,0,0,195.8
2026-06-18,2026-08-25,1320.0,PE,0,0,0,73.5
2026-06-18,2026-08-25,1360.0,CE,0,0,0,172.85
2026-06-18,2026-08-25,1360.0,PE,0,0,0,89.95
2026-06-18,2026-08-25,1400.0,CE,0,0,0,151.9
2026-06-18,2026-08-25,1400.0,PE,20425,20425,44,58.0
2026-06-18,2026-08-25,1440.0,CE,0,0,0,132.85
2026-06-18,2026-08-25,1440.0,PE,0,0,0,128.75
2026-06-18,2026-08-25,1480.0,CE,0,0,0,115.7
2026-06-18,2026-08-25,1480.0,PE,0,0,0,151.0
2026-06-18,2026-08-25,1520.0,CE,0,0,0,100.3
2026-06-18,2026-08-25,1520.0,PE,0,0,0,175.05
2026-06-18,2026-08-25,1560.0,CE,0,0,0,86.65
2026-06-18,2026-08-25,1560.0,PE,0,0,0,200.8
2026-06-18,2026-08-25,1600.0,CE,0,0,0,74.55
2026-06-18,2026-08-25,1600.0,PE,0,0,0,228.1
2026-06-18,2026-08-25,1640.0,CE,0,0,0,63.95
2026-06-18,2026-08-25,1640.0,PE,0,0,0,256.9
2026-06-18,2026-08-25,1680.0,CE,0,0,0,54.65
2026-06-18,2026-08-25,1680.0,PE,0,0,0,287.05
2026-06-18,2026-08-25,1720.0,CE,0,0,0,46.55
2026-06-18,2026-08-25,1720.0,PE,0,0,0,318.35
2026-06-19,2026-06-30,1000.0,CE,6000,375,8,417.0
2026-06-19,2026-06-30,1000.0,PE,8625,-5625,26,0.3
2026-06-19,2026-06-30,1040.0,CE,4875,0,0,429.7
2026-06-19,2026-06-30,1040.0,PE,11625,0,15,0.35
2026-06-19,2026-06-30,1060.0,PE,1125,0,0,0.4
2026-06-19,2026-06-30,1100.0,CE,23250,375,2,340.0
2026-06-19,2026-06-30,1100.0,PE,36000,-2250,24,0.4
2026-06-19,2026-06-30,1120.0,CE,2250,0,0,293.7
2026-06-19,2026-06-30,1120.0,PE,12000,-750,2,0.5
2026-06-19,2026-06-30,1140.0,PE,9375,-6375,23,0.4
2026-06-19,2026-06-30,1160.0,CE,6375,0,0,215.1
2026-06-19,2026-06-30,1160.0,PE,13875,0,93,0.75
2026-06-19,2026-06-30,1180.0,PE,27375,-4875,18,0.65
2026-06-19,2026-06-30,1200.0,CE,18000,-2250,23,235.05
2026-06-19,2026-06-30,1200.0,PE,159750,49875,1005,0.75
2026-06-19,2026-06-30,1220.0,CE,375,0,0,215.1
2026-06-19,2026-06-30,1220.0,PE,23625,8625,108,0.85
2026-06-19,2026-06-30,1240.0,CE,3375,0,0,191.2
2026-06-19,2026-06-30,1240.0,PE,52125,10875,557,1.05
2026-06-19,2026-06-30,1260.0,CE,24000,5250,25,184.0
2026-06-19,2026-06-30,1260.0,PE,78750,23625,555,1.45
2026-06-19,2026-06-30,1280.0,CE,10125,0,0,136.05
2026-06-19,2026-06-30,1280.0,PE,56250,12750,409,1.8
2026-06-19,2026-06-30,1300.0,CE,90000,-4500,82,162.15
2026-06-19,2026-06-30,1300.0,PE,380625,109875,2559,2.4
2026-06-19,2026-06-30,1320.0,CE,14625,2250,65,139.6
2026-06-19,2026-06-30,1320.0,PE,537750,24000,2253,3.3
2026-06-19,2026-06-30,1340.0,CE,18375,2625,62,121.05
2026-06-19,2026-06-30,1340.0,PE,181875,-15375,1984,4.4
2026-06-19,2026-06-30,1360.0,CE,127875,12375,734,106.15
2026-06-19,2026-06-30,1360.0,PE,378000,113625,3088,6.05
2026-06-19,2026-06-30,1380.0,CE,171750,37500,1551,87.85
2026-06-19,2026-06-30,1380.0,PE,294375,50250,3054,8.6
2026-06-19,2026-06-30,1400.0,CE,1148250,63750,9541,72.65
2026-06-19,2026-06-30,1400.0,PE,784125,146625,9452,12.55
2026-06-19,2026-06-30,1420.0,CE,742500,49125,9303,58.65
2026-06-19,2026-06-30,1420.0,PE,508125,123750,4756,18.45
2026-06-19,2026-06-30,1440.0,CE,1059375,146625,15011,46.5
2026-06-19,2026-06-30,1440.0,PE,462750,49500,5585,26.2
2026-06-19,2026-06-30,1460.0,CE,727125,175500,10721,36.35
2026-06-19,2026-06-30,1460.0,PE,346875,-166125,3268,35.45
2026-06-19,2026-06-30,1480.0,CE,690000,15750,7123,28.1
2026-06-19,2026-06-30,1480.0,PE,514125,-99375,1012,45.95
2026-06-19,2026-06-30,1500.0,CE,1761750,271500,16288,21.25
2026-06-19,2026-06-30,1500.0,PE,280875,-37875,771,58.05
2026-06-19,2026-06-30,1520.0,CE,538875,58125,4693,15.8
2026-06-19,2026-06-30,1520.0,PE,135750,-13500,254,73.75
2026-06-19,2026-06-30,1540.0,CE,688500,124125,3867,11.8
2026-06-19,2026-06-30,1540.0,PE,109875,-2625,68,93.35
2026-06-19,2026-06-30,1560.0,CE,304875,-68250,2903,9.0
2026-06-19,2026-06-30,1560.0,PE,68250,-13875,64,110.2
2026-06-19,2026-06-30,1580.0,CE,128250,8250,1430,6.75
2026-06-19,2026-06-30,1580.0,PE,9375,-4125,57,125.45
2026-06-19,2026-06-30,1600.0,CE,734625,55500,2830,5.2
2026-06-19,2026-06-30,1600.0,PE,59625,-8625,106,144.9
2026-06-19,2026-06-30,1620.0,CE,93375,4125,351,4.1
2026-06-19,2026-06-30,1620.0,PE,2250,0,0,151.2
2026-06-19,2026-06-30,1640.0,CE,99750,6000,386,3.15
2026-06-19,2026-06-30,1640.0,PE,2625,0,0,239.75
2026-06-19,2026-06-30,1660.0,CE,88875,-3000,283,2.45
2026-06-19,2026-06-30,1660.0,PE,0,0,0,297.1
2026-06-19,2026-06-30,1680.0,CE,41250,375,174,2.0
2026-06-19,2026-06-30,1680.0,PE,1500,0,0,250.55
2026-06-19,2026-06-30,1700.0,CE,275250,-6750,685,1.75
2026-06-19,2026-06-30,1700.0,PE,3750,0,0,291.1
2026-06-19,2026-06-30,1720.0,CE,11250,-375,20,1.35
2026-06-19,2026-06-30,1720.0,PE,0,0,0,430.3
2026-06-19,2026-06-30,1740.0,CE,106875,-4125,83,0.9
2026-06-19,2026-06-30,1740.0,PE,1125,0,0,329.6
2026-06-19,2026-07-28,960.0,PE,475,0,0,16.7
2026-06-19,2026-07-28,1200.0,CE,475,475,1,228.75
2026-06-19,2026-07-28,1200.0,PE,85025,38950,335,8.3
2026-06-19,2026-07-28,1220.0,CE,475,475,1,211.75
2026-06-19,2026-07-28,1220.0,PE,950,475,1,10.2
2026-06-19,2026-07-28,1240.0,CE,0,0,0,96.0
2026-06-19,2026-07-28,1240.0,PE,26125,16625,58,12.55
2026-06-19,2026-07-28,1260.0,CE,475,475,1,179.15
2026-06-19,2026-07-28,1260.0,PE,30875,21375,67,14.7
2026-06-19,2026-07-28,1280.0,CE,475,475,1,161.9
2026-06-19,2026-07-28,1280.0,PE,21850,10450,34,17.8
2026-06-19,2026-07-28,1300.0,CE,25650,4750,13,176.9
2026-06-19,2026-07-28,1300.0,PE,156275,18525,271,22.0
2026-06-19,2026-07-28,1320.0,CE,1425,950,2,135.3
2026-06-19,2026-07-28,1320.0,PE,15675,15200,42,26.0
2026-06-19,2026-07-28,1340.0,CE,1425,1425,3,122.1
2026-06-19,2026-07-28,1340.0,PE,72675,-475,118,29.75
2026-06-19,2026-07-28,1360.0,CE,1425,1425,3,109.75
2026-06-19,2026-07-28,1360.0,PE,36575,21375,96,37.2
2026-06-19,2026-07-28,1380.0,CE,16150,2850,14,117.75
2026-06-19,2026-07-28,1380.0,PE,9500,5700,23,44.1
2026-06-19,2026-07-28,1400.0,CE,219925,151050,1223,113.25
2026-06-19,2026-07-28,1400.0,PE,315400,225150,1289,49.95
2026-06-19,2026-07-28,1420.0,CE,22800,17100,134,102.75
2026-06-19,2026-07-28,1420.0,PE,34200,22800,155,59.8
2026-06-19,2026-07-28,1440.0,CE,55575,36575,386,90.9
2026-06-19,2026-07-28,1440.0,PE,28025,3800,53,65.7
2026-06-19,2026-07-28,1460.0,CE,88825,68400,378,81.9
2026-06-19,2026-07-28,1460.0,PE,1900,1425,4,77.65
2026-06-19,2026-07-28,1480.0,CE,15675,14250,44,72.2
2026-06-19,2026-07-28,1480.0,PE,8075,-475,4,95.0
2026-06-19,2026-07-28,1500.0,CE,598025,259825,2143,63.6
2026-06-19,2026-07-28,1500.0,PE,155800,74575,307,100.15
2026-06-19,2026-07-28,1520.0,CE,13775,4750,43,57.0
2026-06-19,2026-07-28,1520.0,PE,950,0,0,139.0
2026-06-19,2026-07-28,1540.0,CE,8550,1425,51,50.4
2026-06-19,2026-07-28,1540.0,PE,950,0,1,158.1
2026-06-19,2026-07-28,1560.0,CE,50825,22325,185,42.8
2026-06-19,2026-07-28,1560.0,PE,1900,475,1,173.5
2026-06-19,2026-07-28,1580.0,CE,9975,9500,22,31.0
2026-06-19,2026-07-28,1580.0,PE,950,950,2,186.9
2026-06-19,2026-07-28,1600.0,CE,159125,73625,597,32.15
2026-06-19,2026-07-28,1600.0,PE,23275,12350,31,180.0
2026-06-19,2026-07-28,1620.0,CE,2850,1425,4,30.9
2026-06-19,2026-07-28,1620.0,PE,475,475,1,219.9
2026-06-19,2026-07-28,1640.0,CE,4750,3325,48,24.8
2026-06-19,2026-07-28,1640.0,PE,4750,4750,10,237.5
2026-06-19,2026-07-28,1660.0,CE,52725,30400,123,21.35
2026-06-19,2026-07-28,1660.0,PE,950,950,2,254.25
2026-06-19,2026-07-28,1680.0,CE,2375,1900,5,14.5
2026-06-19,2026-07-28,1680.0,PE,4275,475,4,269.1
2026-06-19,2026-07-28,1700.0,CE,147725,39425,245,15.65
2026-06-19,2026-07-28,1700.0,PE,0,0,0,289.85
2026-06-19,2026-07-28,1720.0,CE,13300,13300,33,13.45
2026-06-19,2026-07-28,1720.0,PE,3800,0,0,308.0
2026-06-19,2026-07-28,1740.0,CE,111150,21375,156,11.5
2026-06-19,2026-07-28,1740.0,PE,950,475,1,300.0
2026-06-19,2026-08-25,1200.0,CE,0,0,0,276.45
2026-06-19,2026-08-25,1200.0,PE,0,0,0,35.95
2026-06-19,2026-08-25,1240.0,CE,0,0,0,247.7
2026-06-19,2026-08-25,1240.0,PE,0,0,0,46.6
2026-06-19,2026-08-25,1280.0,CE,0,0,0,220.75
2026-06-19,2026-08-25,1280.0,PE,0,0,0,59.05
2026-06-19,2026-08-25,1320.0,CE,0,0,0,195.8
2026-06-19,2026-08-25,1320.0,PE,0,0,0,73.5
2026-06-19,2026-08-25,1360.0,CE,0,0,0,172.85
2026-06-19,2026-08-25,1360.0,PE,0,0,0,89.95
2026-06-19,2026-08-25,1400.0,CE,0,0,0,151.9
2026-06-19,2026-08-25,1400.0,PE,20425,0,0,58.0
2026-06-19,2026-08-25,1440.0,CE,0,0,0,132.85
2026-06-19,2026-08-25,1440.0,PE,0,0,0,128.75
2026-06-19,2026-08-25,1480.0,CE,0,0,0,115.7
2026-06-19,2026-08-25,1480.0,PE,0,0,0,151.0
2026-06-19,2026-08-25,1520.0,CE,0,0,0,100.3
2026-06-19,2026-08-25,1520.0,PE,0,0,0,175.05
2026-06-19,2026-08-25,1560.0,CE,0,0,0,86.65
2026-06-19,2026-08-25,1560.0,PE,0,0,0,200.8
2026-06-19,2026-08-25,1600.0,CE,0,0,0,74.55
2026-06-19,2026-08-25,1600.0,PE,0,0,0,228.1
2026-06-19,2026-08-25,1640.0,CE,0,0,0,63.95
2026-06-19,2026-08-25,1640.0,PE,0,0,0,256.9
2026-06-19,2026-08-25,1680.0,CE,0,0,0,54.65
2026-06-19,2026-08-25,1680.0,PE,0,0,0,287.05
2026-06-19,2026-08-25,1720.0,CE,0,0,0,46.55
2026-06-19,2026-08-25,1720.0,PE,0,0,0,318.35
2026-06-22,2026-06-30,1000.0,CE,6000,0,0,417.0
2026-06-22,2026-06-30,1000.0,PE,12750,4125,87,0.3
2026-06-22,2026-06-30,1040.0,CE,4875,0,0,429.7
2026-06-22,2026-06-30,1040.0,PE,11250,-375,35,0.3
2026-06-22,2026-06-30,1060.0,PE,1125,0,0,0.4
2026-06-22,2026-06-30,1100.0,CE,22875,-375,2,375.0
2026-06-22,2026-06-30,1100.0,PE,34125,-1875,11,0.45
2026-06-22,2026-06-30,1120.0,CE,2250,0,0,293.7
2026-06-22,2026-06-30,1120.0,PE,12000,0,13,0.25
2026-06-22,2026-06-30,1140.0,PE,9375,0,21,0.2
2026-06-22,2026-06-30,1160.0,CE,6375,0,0,215.1
2026-06-22,2026-06-30,1160.0,PE,13875,0,0,0.75
2026-06-22,2026-06-30,1180.0,PE,27000,-375,1,0.45
2026-06-22,2026-06-30,1200.0,CE,18000,0,1,299.0
2026-06-22,2026-06-30,1200.0,PE,133125,-26625,386,0.6
2026-06-22,2026-06-30,1220.0,CE,375,0,0,215.1
2026-06-22,2026-06-30,1220.0,PE,17625,-6000,372,0.65
2026-06-22,2026-06-30,1240.0,CE,3375,0,0,191.2
2026-06-22,2026-06-30,1240.0,PE,40875,-11250,916,0.8
2026-06-22,2026-06-30,1260.0,CE,24375,375,8,223.85
2026-06-22,2026-06-30,1260.0,PE,57375,-21375,1929,0.9
2026-06-22,2026-06-30,1280.0,CE,10125,0,0,136.05
2026-06-22,2026-06-30,1280.0,PE,40125,-16125,772,0.95
2026-06-22,2026-06-30,1300.0,CE,88125,-1875,24,181.75
2026-06-22,2026-06-30,1300.0,PE,235125,-145500,1313,1.0
2026-06-22,2026-06-30,1320.0,CE,14250,-375,2,163.95
2026-06-22,2026-06-30,1320.0,PE,466875,-70875,664,1.45
2026-06-22,2026-06-30,1340.0,CE,18000,-375,1,150.0
2026-06-22,2026-06-30,1340.0,PE,151125,-30750,425,1.95
2026-06-22,2026-06-30,1360.0,CE,127500,-375,7,126.75
2026-06-22,2026-06-30,1360.0,PE,311625,-66375,1043,2.6
2026-06-22,2026-06-30,1380.0,CE,165000,-6750,58,105.85
2026-06-22,2026-06-30,1380.0,PE,426750,132375,1528,4.0
2026-06-22,2026-06-30,1400.0,CE,1033500,-114750,1432,86.95
2026-06-22,2026-06-30,1400.0,PE,824625,40500,4418,5.95
2026-06-22,2026-06-30,1420.0,CE,714000,-28500,778,70.65
2026-06-22,2026-06-30,1420.0,PE,533250,25125,3852,8.95
2026-06-22,2026-06-30,1440.0,CE,1047375,-12000,1742,55.05
2026-06-22,2026-06-30,1440.0,PE,564375,101625,4382,13.8
2026-06-22,2026-06-30,1460.0,CE,506250,-220875,4067,42.85
2026-06-22,2026-06-30,1460.0,PE,373125,26250,4107,20.95
2026-06-22,2026-06-30,1480.0,CE,604500,-85500,10413,32.4
2026-06-22,2026-06-30,1480.0,PE,503625,-10500,5762,30.65
2026-06-22,2026-06-30,1500.0,CE,2082000,320250,28570,24.45
2026-06-22,2026-06-30,1500.0,PE,430125,149250,5023,42.3
2026-06-22,2026-06-30,1520.0,CE,574875,36000,7509,17.8
2026-06-22,2026-06-30,1520.0,PE,175125,39375,1062,55.9
2026-06-22,2026-06-30,1540.0,CE,676500,-12000,6418,12.6
2026-06-22,2026-06-30,1540.0,PE,119625,9750,414,70.45
2026-06-22,2026-06-30,1560.0,CE,275250,-29625,3699,9.05
2026-06-22,2026-06-30,1560.0,PE,67875,-375,143,87.2
2026-06-22,2026-06-30,1580.0,CE,135375,7125,1626,6.4
2026-06-22,2026-06-30,1580.0,PE,9000,-375,50,95.1
2026-06-22,2026-06-30,1600.0,CE,654750,-79875,3850,4.5
2026-06-22,2026-06-30,1600.0,PE,46125,-13500,65,119.4
2026-06-22,2026-06-30,1620.0,CE,117375,24000,739,3.15
2026-06-22,2026-06-30,1620.0,PE,2250,0,0,151.2
2026-06-22,2026-06-30,1640.0,CE,129000,29250,531,2.2
2026-06-22,2026-06-30,1640.0,PE,2625,0,0,239.75
2026-06-22,2026-06-30,1660.0,CE,109875,21000,535,1.6
2026-06-22,2026-06-30,1660.0,PE,0,0,0,297.1
2026-06-22,2026-06-30,1680.0,CE,39000,-2250,315,1.25
2026-06-22,2026-06-30,1680.0,PE,1500,0,0,250.55
2026-06-22,2026-06-30,1700.0,CE,256125,-19125,1199,1.0
2026-06-22,2026-06-30,1700.0,PE,3750,0,1,204.5
2026-06-22,2026-06-30,1720.0,CE,18750,7500,85,0.6
2026-06-22,2026-06-30,1720.0,PE,0,0,0,430.3
2026-06-22,2026-06-30,1740.0,CE,98625,-8250,65,0.6
2026-06-22,2026-06-30,1740.0,PE,1125,0,0,329.6
2026-06-22,2026-07-28,960.0,PE,475,0,0,16.7
2026-06-22,2026-07-28,1200.0,CE,475,0,0,228.75
2026-06-22,2026-07-28,1200.0,PE,77900,-7125,74,5.65
2026-06-22,2026-07-28,1220.0,CE,475,0,0,211.75
2026-06-22,2026-07-28,1220.0,PE,475,-475,1,7.2
2026-06-22,2026-07-28,1240.0,CE,0,0,0,96.0
2026-06-22,2026-07-28,1240.0,PE,21850,-4275,64,8.9
2026-06-22,2026-07-28,1260.0,CE,475,0,0,179.15
2026-06-22,2026-07-28,1260.0,PE,29450,-1425,86,10.95
2026-06-22,2026-07-28,1280.0,CE,475,0,0,161.9
2026-06-22,2026-07-28,1280.0,PE,19000,-2850,56,14.0
2026-06-22,2026-07-28,1300.0,CE,25175,-475,6,210.0
2026-06-22,2026-07-28,1300.0,PE,164825,8550,152,16.65
2026-06-22,2026-07-28,1320.0,CE,1425,0,0,135.3
2026-06-22,2026-07-28,1320.0,PE,29450,13775,52,20.35
2026-06-22,2026-07-28,1340.0,CE,1425,0,1,164.4
2026-06-22,2026-07-28,1340.0,PE,80275,7600,58,25.0
2026-06-22,2026-07-28,1360.0,CE,1425,0,0,109.75
2026-06-22,2026-07-28,1360.0,PE,41800,5225,68,29.75
2026-06-22,2026-07-28,1380.0,CE,16150,0,0,117.75
2026-06-22,2026-07-28,1380.0,PE,14725,5225,41,35.0
2026-06-22,2026-07-28,1400.0,CE,219450,-475,158,124.05
2026-06-22,2026-07-28,1400.0,PE,334400,19000,283,41.25
2026-06-22,2026-07-28,1420.0,CE,23275,475,30,124.25
2026-06-22,2026-07-28,1420.0,PE,34675,475,19,48.05
2026-06-22,2026-07-28,1440.0,CE,52725,-2850,132,98.0
2026-06-22,2026-07-28,1440.0,PE,32300,4275,30,51.85
2026-06-22,2026-07-28,1460.0,CE,91675,2850,131,87.7
2026-06-22,2026-07-28,1460.0,PE,7600,5700,16,64.9
2026-06-22,2026-07-28,1480.0,CE,31825,16150,138,77.35
2026-06-22,2026-07-28,1480.0,PE,22800,14725,59,74.45
2026-06-22,2026-07-28,1500.0,CE,532000,-66025,1686,68.2
2026-06-22,2026-07-28,1500.0,PE,164825,9025,329,84.95
2026-06-22,2026-07-28,1520.0,CE,19475,5700,47,60.1
2026-06-22,2026-07-28,1520.0,PE,1900,950,4,89.05
2026-06-22,2026-07-28,1540.0,CE,17575,9025,40,52.3
2026-06-22,2026-07-28,1540.0,PE,1425,475,1,99.75
2026-06-22,2026-07-28,1560.0,CE,49400,-1425,169,46.15
2026-06-22,2026-07-28,1560.0,PE,1900,0,0,173.5
2026-06-22,2026-07-28,1580.0,CE,13300,3325,22,40.5
2026-06-22,2026-07-28,1580.0,PE,950,0,0,186.9
2026-06-22,2026-07-28,1600.0,CE,223250,64125,604,34.0
2026-06-22,2026-07-28,1600.0,PE,62225,38950,100,149.65
2026-06-22,2026-07-28,1620.0,CE,9500,6650,46,29.4
2026-06-22,2026-07-28,1620.0,PE,475,0,0,219.9
2026-06-22,2026-07-28,1640.0,CE,12350,7600,38,25.5
2026-06-22,2026-07-28,1640.0,PE,5225,475,1,168.3
2026-06-22,2026-07-28,1660.0,CE,59850,7125,113,21.7
2026-06-22,2026-07-28,1660.0,PE,950,0,0,254.25
2026-06-22,2026-07-28,1680.0,CE,3800,1425,8,18.0
2026-06-22,2026-07-28,1680.0,PE,4750,475,2,206.0
2026-06-22,2026-07-28,1700.0,CE,152475,4750,364,15.75
2026-06-22,2026-07-28,1700.0,PE,475,475,2,228.0
2026-06-22,2026-07-28,1720.0,CE,36575,23275,67,13.5
2026-06-22,2026-07-28,1720.0,PE,3800,0,0,308.0
2026-06-22,2026-07-28,1740.0,CE,136325,25175,119,11.55
2026-06-22,2026-07-28,1740.0,PE,950,0,0,300.0
2026-06-22,2026-08-25,1200.0,CE,0,0,0,276.45
2026-06-22,2026-08-25,1200.0,PE,0,0,0,35.95
2026-06-22,2026-08-25,1240.0,CE,0,0,0,247.7
2026-06-22,2026-08-25,1240.0,PE,0,0,0,46.6
2026-06-22,2026-08-25,1280.0,CE,0,0,0,220.75
2026-06-22,2026-08-25,1280.0,PE,0,0,0,59.05
2026-06-22,2026-08-25,1320.0,CE,0,0,0,195.8
2026-06-22,2026-08-25,1320.0,PE,0,0,0,73.5
2026-06-22,2026-08-25,1360.0,CE,0,0,0,172.85
2026-06-22,2026-08-25,1360.0,PE,0,0,0,89.95
2026-06-22,2026-08-25,1400.0,CE,0,0,0,151.9
2026-06-22,2026-08-25,1400.0,PE,23275,2850,6,57.0
2026-06-22,2026-08-25,1440.0,CE,0,0,0,132.85
2026-06-22,2026-08-25,1440.0,PE,0,0,0,128.75
2026-06-22,2026-08-25,1480.0,CE,0,0,0,115.7
2026-06-22,2026-08-25,1480.0,PE,0,0,0,151.0
2026-06-22,2026-08-25,1520.0,CE,0,0,0,100.3
2026-06-22,2026-08-25,1520.0,PE,0,0,0,175.05
2026-06-22,2026-08-25,1560.0,CE,0,0,0,86.65
2026-06-22,2026-08-25,1560.0,PE,0,0,0,200.8
2026-06-22,2026-08-25,1600.0,CE,0,0,0,74.55
2026-06-22,2026-08-25,1600.0,PE,0,0,0,228.1
2026-06-22,2026-08-25,1640.0,CE,0,0,0,63.95
2026-06-22,2026-08-25,1640.0,PE,0,0,0,256.9
2026-06-22,2026-08-25,1680.0,CE,0,0,0,54.65
2026-06-22,2026-08-25,1680.0,PE,0,0,0,287.05
2026-06-22,2026-08-25,1720.0,CE,0,0,0,46.55
2026-06-22,2026-08-25,1720.0,PE,0,0,0,318.35
2026-06-23,2026-06-30,1000.0,CE,6000,0,0,417.0
2026-06-23,2026-06-30,1000.0,PE,10500,-2250,284,0.15
2026-06-23,2026-06-30,1040.0,CE,4875,0,0,429.7
2026-06-23,2026-06-30,1040.0,PE,11250,0,31,0.15
2026-06-23,2026-06-30,1060.0,PE,1125,0,0,0.4
2026-06-23,2026-06-30,1100.0,CE,22875,0,0,375.0
2026-06-23,2026-06-30,1100.0,PE,34125,0,0,0.45
2026-06-23,2026-06-30,1120.0,CE,2250,0,0,293.7
2026-06-23,2026-06-30,1120.0,PE,13125,1125,154,0.15
2026-06-23,2026-06-30,1140.0,PE,9375,0,0,0.2
2026-06-23,2026-06-30,1160.0,CE,6375,0,0,215.1
2026-06-23,2026-06-30,1160.0,PE,13875,0,0,0.75
2026-06-23,2026-06-30,1180.0,PE,26625,-375,1,0.45
2026-06-23,2026-06-30,1200.0,CE,18000,0,0,299.0
2026-06-23,2026-06-30,1200.0,PE,126000,-7125,75,0.4
2026-06-23,2026-06-30,1220.0,CE,375,0,0,215.1
2026-06-23,2026-06-30,1220.0,PE,11625,-6000,20,0.55
2026-06-23,2026-06-30,1240.0,CE,3375,0,0,191.2
2026-06-23,2026-06-30,1240.0,PE,34125,-6750,34,0.4
2026-06-23,2026-06-30,1260.0,CE,25125,750,7,207.0
2026-06-23,2026-06-30,1260.0,PE,54750,-2625,273,0.5
2026-06-23,2026-06-30,1280.0,CE,10125,0,0,136.05
2026-06-23,2026-06-30,1280.0,PE,34125,-6000,128,0.45
2026-06-23,2026-06-30,1300.0,CE,83625,-4500,37,174.65
2026-06-23,2026-06-30,1300.0,PE,187500,-47625,388,0.6
2026-06-23,2026-06-30,1320.0,CE,12375,-1875,10,147.05
2026-06-23,2026-06-30,1320.0,PE,333000,-133875,976,0.9
2026-06-23,2026-06-30,1340.0,CE,17625,-375,9,127.55
2026-06-23,2026-06-30,1340.0,PE,135375,-15750,237,1.25
2026-06-23,2026-06-30,1360.0,CE,118500,-9000,94,115.75
2026-06-23,2026-06-30,1360.0,PE,289500,-22125,968,1.85
2026-06-23,2026-06-30,1380.0,CE,160500,-4500,101,98.15
2026-06-23,2026-06-30,1380.0,PE,442500,15750,1274,3.25
2026-06-23,2026-06-30,1400.0,CE,1028625,-4875,413,78.8
2026-06-23,2026-06-30,1400.0,PE,990375,165750,3186,5.7
2026-06-23,2026-06-30,1420.0,CE,700875,-13125,558,62.65
2026-06-23,2026-06-30,1420.0,PE,526875,-6375,1534,8.55
2026-06-23,2026-06-30,1440.0,CE,864000,-183375,1730,47.35
2026-06-23,2026-06-30,1440.0,PE,540750,-23625,2062,13.7
2026-06-23,2026-06-30,1460.0,CE,460500,-45750,2465,35.75
2026-06-23,2026-06-30,1460.0,PE,340875,-32250,2862,21.45
2026-06-23,2026-06-30,1480.0,CE,586125,-18375,5925,26.15
2026-06-23,2026-06-30,1480.0,PE,512625,9000,3299,31.8
2026-06-23,2026-06-30,1500.0,CE,1926375,-155625,7258,18.95
2026-06-23,2026-06-30,1500.0,PE,349500,-80625,1778,44.6
2026-06-23,2026-06-30,1520.0,CE,518625,-56250,2691,13.25
2026-06-23,2026-06-30,1520.0,PE,169875,-5250,552,59.1
2026-06-23,2026-06-30,1540.0,CE,671250,-5250,2618,9.2
2026-06-23,2026-06-30,1540.0,PE,127500,7875,180,74.75
2026-06-23,2026-06-30,1560.0,CE,273750,-1500,1102,6.4
2026-06-23,2026-06-30,1560.0,PE,70500,2625,97,89.75
2026-06-23,2026-06-30,1580.0,CE,128250,-7125,662,4.45
2026-06-23,2026-06-30,1580.0,PE,9375,375,24,109.0
2026-06-23,2026-06-30,1600.0,CE,661500,6750,1179,3.25
2026-06-23,2026-06-30,1600.0,PE,44625,-1500,31,128.2
2026-06-23,2026-06-30,1620.0,CE,93375,-24000,258,2.35
2026-06-23,2026-06-30,1620.0,PE,2625,375,8,152.95
2026-06-23,2026-06-30,1640.0,CE,116250,-12750,276,1.7
2026-06-23,2026-06-30,1640.0,PE,2625,0,0,239.75
2026-06-23,2026-06-30,1660.0,CE,112500,2625,291,1.35
2026-06-23,2026-06-30,1660.0,PE,0,0,0,297.1
2026-06-23,2026-06-30,1680.0,CE,34875,-4125,263,1.05
2026-06-23,2026-06-30,1680.0,PE,1500,0,0,250.55
2026-06-23,2026-06-30,1700.0,CE,230625,-25500,706,0.9
2026-06-23,2026-06-30,1700.0,PE,3750,0,0,204.5
2026-06-23,2026-06-30,1720.0,CE,13500,-5250,45,0.7
2026-06-23,2026-06-30,1720.0,PE,0,0,0,430.3
2026-06-23,2026-06-30,1740.0,CE,97875,-750,30,0.4
2026-06-23,2026-06-30,1740.0,PE,1125,0,0,329.6
2026-06-23,2026-07-28,960.0,PE,475,0,0,16.7
2026-06-23,2026-07-28,1200.0,CE,3800,3325,13,284.05
2026-06-23,2026-07-28,1200.0,PE,81225,3325,71,8.25
2026-06-23,2026-07-28,1220.0,CE,475,0,0,211.75
2026-06-23,2026-07-28,1220.0,PE,475,0,1,8.1
2026-06-23,2026-07-28,1240.0,CE,0,0,0,96.0
2026-06-23,2026-07-28,1240.0,PE,31350,9500,38,11.85
2026-06-23,2026-07-28,1260.0,CE,475,0,0,179.15
2026-06-23,2026-07-28,1260.0,PE,30400,950,5,13.4
2026-06-23,2026-07-28,1280.0,CE,475,0,0,161.9
2026-06-23,2026-07-28,1280.0,PE,21850,2850,24,17.6
2026-06-23,2026-07-28,1300.0,CE,24225,-950,3,184.0
2026-06-23,2026-07-28,1300.0,PE,183825,19000,184,20.65
2026-06-23,2026-07-28,1320.0,CE,1425,0,0,135.3
2026-06-23,2026-07-28,1320.0,PE,29925,475,41,23.8
2026-06-23,2026-07-28,1340.0,CE,1425,0,0,164.4
2026-06-23,2026-07-28,1340.0,PE,79800,-475,37,28.8
2026-06-23,2026-07-28,1360.0,CE,1425,0,0,109.75
2026-06-23,2026-07-28,1360.0,PE,38950,-2850,55,34.0
2026-06-23,2026-07-28,1380.0,CE,16150,0,0,117.75
2026-06-23,2026-07-28,1380.0,PE,29925,15200,57,41.3
2026-06-23,2026-07-28,1400.0,CE,220400,950,108,112.25
2026-06-23,2026-07-28,1400.0,PE,362900,28500,360,48.25
2026-06-23,2026-07-28,1420.0,CE,28025,4750,38,98.3
2026-06-23,2026-07-28,1420.0,PE,38950,4275,20,54.9
2026-06-23,2026-07-28,1440.0,CE,52250,-475,16,87.4
2026-06-23,2026-07-28,1440.0,PE,31350,-950,11,65.55
2026-06-23,2026-07-28,1460.0,CE,96900,5225,115,79.85
2026-06-23,2026-07-28,1460.0,PE,15200,7600,80,74.7
2026-06-23,2026-07-28,1480.0,CE,66025,34200,224,70.25
2026-06-23,2026-07-28,1480.0,PE,34200,11400,102,86.15
2026-06-23,2026-07-28,1500.0,CE,581875,49875,768,61.65
2026-06-23,2026-07-28,1500.0,PE,193800,28975,205,96.55
2026-06-23,2026-07-28,1520.0,CE,23275,3800,47,53.9
2026-06-23,2026-07-28,1520.0,PE,3800,1900,9,106.15
2026-06-23,2026-07-28,1540.0,CE,19475,1900,8,48.8
2026-06-23,2026-07-28,1540.0,PE,6175,4750,12,121.9
2026-06-23,2026-07-28,1560.0,CE,55100,5700,154,41.15
2026-06-23,2026-07-28,1560.0,PE,1900,0,1,136.6
2026-06-23,2026-07-28,1580.0,CE,12825,-475,16,33.8
2026-06-23,2026-07-28,1580.0,PE,950,0,0,186.9
2026-06-23,2026-07-28,1600.0,CE,248900,25650,342,30.7
2026-06-23,2026-07-28,1600.0,PE,62225,0,9,161.3
2026-06-23,2026-07-28,1620.0,CE,9500,0,28,26.7
2026-06-23,2026-07-28,1620.0,PE,475,0,0,219.9
2026-06-23,2026-07-28,1640.0,CE,16625,4275,62,22.5
2026-06-23,2026-07-28,1640.0,PE,5225,0,0,168.3
2026-06-23,2026-07-28,1660.0,CE,67925,8075,130,19.65
2026-06-23,2026-07-28,1660.0,PE,950,0,0,254.25
2026-06-23,2026-07-28,1680.0,CE,9975,6175,15,16.75
2026-06-23,2026-07-28,1680.0,PE,4750,0,3,219.2
2026-06-23,2026-07-28,1700.0,CE,164350,11875,173,14.5
2026-06-23,2026-07-28,1700.0,PE,475,0,0,228.0
2026-06-23,2026-07-28,1720.0,CE,51775,15200,38,12.3
2026-06-23,2026-07-28,1720.0,PE,3800,0,0,308.0
2026-06-23,2026-07-28,1740.0,CE,140600,4275,97,10.65
2026-06-23,2026-07-28,1740.0,PE,950,0,0,300.0
2026-06-23,2026-08-25,1200.0,CE,0,0,0,276.45
2026-06-23,2026-08-25,1200.0,PE,0,0,0,35.95
2026-06-23,2026-08-25,1240.0,CE,0,0,0,247.7
2026-06-23,2026-08-25,1240.0,PE,0,0,0,46.6
2026-06-23,2026-08-25,1280.0,CE,0,0,0,220.75
2026-06-23,2026-08-25,1280.0,PE,0,0,0,59.05
2026-06-23,2026-08-25,1320.0,CE,0,0,0,195.8
2026-06-23,2026-08-25,1320.0,PE,0,0,0,73.5
2026-06-23,2026-08-25,1360.0,CE,0,0,0,172.85
2026-06-23,2026-08-25,1360.0,PE,0,0,0,89.95
2026-06-23,2026-08-25,1400.0,CE,0,0,0,151.9
2026-06-23,2026-08-25,1400.0,PE,23275,0,2,55.05
2026-06-23,2026-08-25,1440.0,CE,0,0,0,132.85
2026-06-23,2026-08-25,1440.0,PE,0,0,0,128.75
2026-06-23,2026-08-25,1480.0,CE,0,0,0,115.7
2026-06-23,2026-08-25,1480.0,PE,0,0,0,151.0
2026-06-23,2026-08-25,1520.0,CE,0,0,0,100.3
2026-06-23,2026-08-25,1520.0,PE,0,0,0,175.05
2026-06-23,2026-08-25,1560.0,CE,0,0,0,86.65
2026-06-23,2026-08-25,1560.0,PE,0,0,0,200.8
2026-06-23,2026-08-25,1600.0,CE,475,475,1,74.55
2026-06-23,2026-08-25,1600.0,PE,0,0,0,228.1
2026-06-23,2026-08-25,1640.0,CE,0,0,0,63.95
2026-06-23,2026-08-25,1640.0,PE,0,0,0,256.9
2026-06-23,2026-08-25,1680.0,CE,0,0,0,54.65
2026-06-23,2026-08-25,1680.0,PE,0,0,0,287.05
2026-06-23,2026-08-25,1720.0,CE,0,0,0,46.55
2026-06-23,2026-08-25,1720.0,PE,0,0,0,318.35
2026-06-24,2026-06-30,1000.0,CE,6000,0,0,417.0
2026-06-24,2026-06-30,1000.0,PE,9750,-750,4,0.1
2026-06-24,2026-06-30,1040.0,CE,4875,0,0,429.7
2026-06-24,2026-06-30,1040.0,PE,9750,-1500,4,0.1
2026-06-24,2026-06-30,1060.0,PE,1125,0,0,0.4
2026-06-24,2026-06-30,1100.0,CE,22875,0,0,375.0
2026-06-24,2026-06-30,1100.0,PE,32625,-1500,4,0.2
2026-06-24,2026-06-30,1120.0,CE,2250,0,0,293.7
2026-06-24,2026-06-30,1120.0,PE,12000,-1125,9,0.15
2026-06-24,2026-06-30,1140.0,PE,9375,0,0,0.2
2026-06-24,2026-06-30,1160.0,CE,8625,2250,10,326.6
2026-06-24,2026-06-30,1160.0,PE,13875,0,6,0.15
2026-06-24,2026-06-30,1180.0,PE,26250,-375,18,0.2
2026-06-24,2026-06-30,1200.0,CE,18000,0,6,289.05
2026-06-24,2026-06-30,1200.0,PE,110250,-15750,55,0.3
2026-06-24,2026-06-30,1220.0,CE,375,0,0,215.1
2026-06-24,2026-06-30,1220.0,PE,28125,16500,70,0.3
2026-06-24,2026-06-30,1240.0,CE,3375,0,0,191.2
2026-06-24,2026-06-30,1240.0,PE,33750,-375,9,0.25
2026-06-24,2026-06-30,1260.0,CE,23625,-1500,8,243.0
2026-06-24,2026-06-30,1260.0,PE,49500,-5250,47,0.4
2026-06-24,2026-06-30,1280.0,CE,15750,5625,34,209.55
2026-06-24,2026-06-30,1280.0,PE,34500,375,31,0.35
2026-06-24,2026-06-30,1300.0,CE,84750,1125,56,199.7
2026-06-24,2026-06-30,1300.0,PE,158250,-29250,208,0.45
2026-06-24,2026-06-30,1320.0,CE,12375,0,0,147.05
2026-06-24,2026-06-30,1320.0,PE,303375,-29625,341,0.5
2026-06-24,2026-06-30,1340.0,CE,17625,0,0,127.55
2026-06-24,2026-06-30,1340.0,PE,93750,-41625,279,0.75
2026-06-24,2026-06-30,1360.0,CE,116625,-1875,5,142.0
2026-06-24,2026-06-30,1360.0,PE,262500,-27000,251,0.75
2026-06-24,2026-06-30,1380.0,CE,158625,-1875,16,123.0
2026-06-24,2026-06-30,1380.0,PE,265875,-176625,1614,1.15
2026-06-24,2026-06-30,1400.0,CE,1014750,-13875,406,101.75
2026-06-24,2026-06-30,1400.0,PE,903375,-87000,4150,2.1
2026-06-24,2026-06-30,1420.0,CE,696000,-4875,200,83.15
2026-06-24,2026-06-30,1420.0,PE,479250,-47625,2320,3.55
2026-06-24,2026-06-30,1440.0,CE,750750,-113250,1109,65.65
2026-06-24,2026-06-30,1440.0,PE,591750,51000,2793,5.8
2026-06-24,2026-06-30,1460.0,CE,358875,-101625,1759,49.6
2026-06-24,2026-06-30,1460.0,PE,408000,67125,2549,9.45
2026-06-24,2026-06-30,1480.0,CE,462375,-123750,4818,35.5
2026-06-24,2026-06-30,1480.0,PE,532875,20250,5174,15.2
2026-06-24,2026-06-30,1500.0,CE,1569375,-357000,18395,24.55
2026-06-24,2026-06-30,1500.0,PE,351375,1875,3184,24.5
2026-06-24,2026-06-30,1520.0,CE,516375,-2250,6007,16.0
2026-06-24,2026-06-30,1520.0,PE,170250,375,761,35.95
2026-06-24,2026-06-30,1540.0,CE,681000,9750,4097,10.5
2026-06-24,2026-06-30,1540.0,PE,117750,-9750,339,50.25
2026-06-24,2026-06-30,1560.0,CE,250875,-22875,2226,6.9
2026-06-24,2026-06-30,1560.0,PE,62625,-7875,279,66.4
2026-06-24,2026-06-30,1580.0,CE,127500,-750,948,4.6
2026-06-24,2026-06-30,1580.0,PE,9375,0,3,93.55
2026-06-24,2026-06-30,1600.0,CE,637125,-24375,2059,3.15
2026-06-24,2026-06-30,1600.0,PE,42375,-2250,13,100.65
2026-06-24,2026-06-30,1620.0,CE,77250,-16125,382,2.25
2026-06-24,2026-06-30,1620.0,PE,1875,-750,3,136.6
2026-06-24,2026-06-30,1640.0,CE,99750,-16500,248,1.6
2026-06-24,2026-06-30,1640.0,PE,2625,0,0,239.75
2026-06-24,2026-06-30,1660.0,CE,89250,-23250,242,1.25
2026-06-24,2026-06-30,1660.0,PE,0,0,0,297.1
2026-06-24,2026-06-30,1680.0,CE,30000,-4875,109,0.9
2026-06-24,2026-06-30,1680.0,PE,1500,0,0,250.55
2026-06-24,2026-06-30,1700.0,CE,228000,-2625,456,0.75
2026-06-24,2026-06-30,1700.0,PE,2625,-1125,4,212.55
2026-06-24,2026-06-30,1720.0,CE,13875,375,41,0.55
2026-06-24,2026-06-30,1720.0,PE,0,0,0,430.3
2026-06-24,2026-06-30,1740.0,CE,79500,-18375,74,0.5
2026-06-24,2026-06-30,1740.0,PE,1125,0,0,329.6
2026-06-24,2026-07-28,960.0,PE,475,0,0,16.7
2026-06-24,2026-07-28,1200.0,CE,4275,475,1,295.0
2026-06-24,2026-07-28,1200.0,PE,76950,-4275,43,5.45
2026-06-24,2026-07-28,1220.0,CE,1425,950,3,263.45
2026-06-24,2026-07-28,1220.0,PE,475,0,0,8.1
2026-06-24,2026-07-28,1240.0,CE,0,0,0,96.0
2026-06-24,2026-07-28,1240.0,PE,40375,9025,33,8.25
2026-06-24,2026-07-28,1260.0,CE,475,0,0,179.15
2026-06-24,2026-07-28,1260.0,PE,41800,11400,44,10.25
2026-06-24,2026-07-28,1280.0,CE,475,0,0,161.9
2026-06-24,2026-07-28,1280.0,PE,25175,3325,14,12.65
2026-06-24,2026-07-28,1300.0,CE,25650,1425,4,204.6
2026-06-24,2026-07-28,1300.0,PE,200925,17100,178,15.1
2026-06-24,2026-07-28,1320.0,CE,1425,0,0,135.3
2026-06-24,2026-07-28,1320.0,PE,31825,1900,12,18.2
2026-06-24,2026-07-28,1340.0,CE,1425,0,0,164.4
2026-06-24,2026-07-28,1340.0,PE,84550,4750,42,22.3
2026-06-24,2026-07-28,1360.0,CE,1425,0,0,109.75
2026-06-24,2026-07-28,1360.0,PE,46075,7125,49,26.6
2026-06-24,2026-07-28,1380.0,CE,16150,0,0,117.75
2026-06-24,2026-07-28,1380.0,PE,30400,475,2,32.6
2026-06-24,2026-07-28,1400.0,CE,220875,475,134,127.8
2026-06-24,2026-07-28,1400.0,PE,386650,23750,275,37.55
2026-06-24,2026-07-28,1420.0,CE,29450,1425,4,106.35
2026-06-24,2026-07-28,1420.0,PE,42750,3800,33,44.25
2026-06-24,2026-07-28,1440.0,CE,44650,-7600,30,101.1
2026-06-24,2026-07-28,1440.0,PE,35625,4275,16,51.35
2026-06-24,2026-07-28,1460.0,CE,93100,-3800,77,92.15
2026-06-24,2026-07-28,1460.0,PE,28500,13300,92,60.95
2026-06-24,2026-07-28,1480.0,CE,144875,78850,586,81.0
2026-06-24,2026-07-28,1480.0,PE,43700,9500,78,69.95
2026-06-24,2026-07-28,1500.0,CE,655500,73625,2162,71.85
2026-06-24,2026-07-28,1500.0,PE,227525,33725,314,80.6
2026-06-24,2026-07-28,1520.0,CE,30875,7600,99,63.0
2026-06-24,2026-07-28,1520.0,PE,5700,1900,5,89.0
2026-06-24,2026-07-28,1540.0,CE,41800,22325,134,55.25
2026-06-24,2026-07-28,1540.0,PE,6175,0,0,121.9
2026-06-24,2026-07-28,1560.0,CE,58425,3325,166,48.3
2026-06-24,2026-07-28,1560.0,PE,1900,0,0,136.6
2026-06-24,2026-07-28,1580.0,CE,13300,475,11,41.7
2026-06-24,2026-07-28,1580.0,PE,950,0,0,186.9
2026-06-24,2026-07-28,1600.0,CE,316350,67450,1383,36.25
2026-06-24,2026-07-28,1600.0,PE,34675,-27550,116,142.5
2026-06-24,2026-07-28,1620.0,CE,15200,5700,32,31.5
2026-06-24,2026-07-28,1620.0,PE,475,0,0,219.9
2026-06-24,2026-07-28,1640.0,CE,27075,10450,50,26.4
2026-06-24,2026-07-28,1640.0,PE,5225,0,0,168.3
2026-06-24,2026-07-28,1660.0,CE,78375,10450,62,23.7
2026-06-24,2026-07-28,1660.0,PE,950,0,0,254.25
2026-06-24,2026-07-28,1680.0,CE,13775,3800,17,20.15
2026-06-24,2026-07-28,1680.0,PE,4750,0,0,219.2
2026-06-24,2026-07-28,1700.0,CE,147250,-17100,409,16.95
2026-06-24,2026-07-28,1700.0,PE,51300,50825,107,224.0
2026-06-24,2026-07-28,1720.0,CE,51300,-475,40,14.4
2026-06-24,2026-07-28,1720.0,PE,3800,0,0,308.0
2026-06-24,2026-07-28,1740.0,CE,134425,-6175,113,12.3
2026-06-24,2026-07-28,1740.0,PE,950,0,1,254.0
2026-06-24,2026-08-25,1200.0,CE,0,0,0,276.45
2026-06-24,2026-08-25,1200.0,PE,0,0,0,35.95
2026-06-24,2026-08-25,1240.0,CE,0,0,0,247.7
2026-06-24,2026-08-25,1240.0,PE,0,0,0,46.6
2026-06-24,2026-08-25,1280.0,CE,0,0,0,220.75
2026-06-24,2026-08-25,1280.0,PE,0,0,0,59.05
2026-06-24,2026-08-25,1320.0,CE,0,0,0,195.8
2026-06-24,2026-08-25,1320.0,PE,0,0,0,73.5
2026-06-24,2026-08-25,1360.0,CE,0,0,0,172.85
2026-06-24,2026-08-25,1360.0,PE,0,0,0,89.95
2026-06-24,2026-08-25,1400.0,CE,0,0,0,151.9
2026-06-24,2026-08-25,1400.0,PE,24225,950,7,58.05
2026-06-24,2026-08-25,1440.0,CE,0,0,0,132.85
2026-06-24,2026-08-25,1440.0,PE,0,0,0,128.75
2026-06-24,2026-08-25,1480.0,CE,0,0,0,115.7
2026-06-24,2026-08-25,1480.0,PE,0,0,0,151.0
2026-06-24,2026-08-25,1520.0,CE,0,0,0,100.3
2026-06-24,2026-08-25,1520.0,PE,0,0,0,175.05
2026-06-24,2026-08-25,1560.0,CE,0,0,0,86.65
2026-06-24,2026-08-25,1560.0,PE,0,0,0,200.8
2026-06-24,2026-08-25,1600.0,CE,475,0,0,74.55
2026-06-24,2026-08-25,1600.0,PE,0,0,0,228.1
2026-06-24,2026-08-25,1640.0,CE,0,0,0,63.95
2026-06-24,2026-08-25,1640.0,PE,0,0,0,256.9
2026-06-24,2026-08-25,1680.0,CE,0,0,0,54.65
2026-06-24,2026-08-25,1680.0,PE,0,0,0,287.05
2026-06-24,2026-08-25,1720.0,CE,0,0,0,46.55
2026-06-24,2026-08-25,1720.0,PE,0,0,0,318.35
2026-06-25,2026-06-30,1000.0,CE,6000,0,0,417.0
2026-06-25,2026-06-30,1000.0,PE,8625,-1125,3,0.1
2026-06-25,2026-06-30,1040.0,CE,4875,0,0,429.7
2026-06-25,2026-06-30,1040.0,PE,9750,0,7,0.05
2026-06-25,2026-06-30,1060.0,PE,1125,0,0,0.4
2026-06-25,2026-06-30,1100.0,CE,22875,0,0,375.0
2026-06-25,2026-06-30,1100.0,PE,28500,-4125,30,0.2
2026-06-25,2026-06-30,1120.0,CE,2250,0,0,293.7
2026-06-25,2026-06-30,1120.0,PE,12000,0,0,0.15
2026-06-25,2026-06-30,1140.0,PE,9375,0,0,0.2
2026-06-25,2026-06-30,1160.0,CE,8625,0,0,326.6
2026-06-25,2026-06-30,1160.0,PE,12000,-1875,8,0.2
2026-06-25,2026-06-30,1180.0,PE,21750,-4500,12,0.2
2026-06-25,2026-06-30,1200.0,CE,16875,-1125,4,306.0
2026-06-25,2026-06-30,1200.0,PE,82125,-28125,276,0.25
2026-06-25,2026-06-30,1220.0,CE,375,0,0,215.1
2026-06-25,2026-06-30,1220.0,PE,28125,0,0,0.3
2026-06-25,2026-06-30,1240.0,CE,3375,0,0,191.2
2026-06-25,2026-06-30,1240.0,PE,32250,-1500,8,0.15
2026-06-25,2026-06-30,1260.0,CE,23625,0,0,243.0
2026-06-25,2026-06-30,1260.0,PE,47625,-1875,12,0.2
2026-06-25,2026-06-30,1280.0,CE,15750,0,0,209.55
2026-06-25,2026-06-30,1280.0,PE,32250,-2250,7,0.1
2026-06-25,2026-06-30,1300.0,CE,84000,-750,15,204.5
2026-06-25,2026-06-30,1300.0,PE,137625,-20625,171,0.1
2026-06-25,2026-06-30,1320.0,CE,10875,-1500,4,185.0
2026-06-25,2026-06-30,1320.0,PE,284625,-18750,164,0.25
2026-06-25,2026-06-30,1340.0,CE,17250,-375,1,160.0
2026-06-25,2026-06-30,1340.0,PE,81750,-12000,64,0.2
2026-06-25,2026-06-30,1360.0,CE,116250,-375,6,143.7
2026-06-25,2026-06-30,1360.0,PE,209250,-53250,709,0.25
2026-06-25,2026-06-30,1380.0,CE,158250,-375,7,117.0
2026-06-25,2026-06-30,1380.0,PE,223875,-42000,1115,0.35
2026-06-25,2026-06-30,1400.0,CE,1009500,-5250,166,96.0
2026-06-25,2026-06-30,1400.0,PE,726375,-177000,3984,0.6
2026-06-25,2026-06-30,1420.0,CE,692250,-3750,376,75.75
2026-06-25,2026-06-30,1420.0,PE,445875,-33375,2373,0.9
2026-06-25,2026-06-30,1440.0,CE,666750,-84000,649,57.15
2026-06-25,2026-06-30,1440.0,PE,540750,-51000,2501,1.4
2026-06-25,2026-06-30,1460.0,CE,317250,-41625,930,39.0
2026-06-25,2026-06-30,1460.0,PE,340500,-67500,3368,3.05
2026-06-25,2026-06-30,1480.0,CE,373500,-88875,2492,22.3
2026-06-25,2026-06-30,1480.0,PE,442125,-90750,4783,7.05
2026-06-25,2026-06-30,1500.0,CE,1075500,-493875,11859,11.3
2026-06-25,2026-06-30,1500.0,PE,346125,-5250,4159,15.35
2026-06-25,2026-06-30,1520.0,CE,651000,134625,10305,5.5
2026-06-25,2026-06-30,1520.0,PE,199500,29250,2051,29.65
2026-06-25,2026-06-30,1540.0,CE,608625,-72375,6572,2.9
2026-06-25,2026-06-30,1540.0,PE,148875,31125,1168,46.95
2026-06-25,2026-06-30,1560.0,CE,255000,4125,2495,1.85
2026-06-25,2026-06-30,1560.0,PE,69000,6375,321,65.05
2026-06-25,2026-06-30,1580.0,CE,161625,34125,1677,1.3
2026-06-25,2026-06-30,1580.0,PE,9375,0,0,93.55
2026-06-25,2026-06-30,1600.0,CE,518625,-118500,2567,1.0
2026-06-25,2026-06-30,1600.0,PE,46500,4125,64,105.1
2026-06-25,2026-06-30,1620.0,CE,72375,-4875,598,0.7
2026-06-25,2026-06-30,1620.0,PE,2625,750,2,118.45
2026-06-25,2026-06-30,1640.0,CE,93375,-6375,66,0.55
2026-06-25,2026-06-30,1640.0,PE,2625,0,2,137.95
2026-06-25,2026-06-30,1660.0,CE,72375,-16875,124,0.55
2026-06-25,2026-06-30,1660.0,PE,0,0,0,297.1
2026-06-25,2026-06-30,1680.0,CE,25125,-4875,16,0.35
2026-06-25,2026-06-30,1680.0,PE,1500,0,0,250.55
2026-06-25,2026-06-30,1700.0,CE,240750,12750,230,0.45
2026-06-25,2026-06-30,1700.0,PE,2250,-375,2,200.5
2026-06-25,2026-06-30,1720.0,CE,13875,0,4,0.45
2026-06-25,2026-06-30,1720.0,PE,0,0,0,430.3
2026-06-25,2026-06-30,1740.0,CE,72375,-7125,21,0.4
2026-06-25,2026-06-30,1740.0,PE,1125,0,0,329.6
2026-06-25,2026-07-28,960.0,PE,475,0,0,16.7
2026-06-25,2026-07-28,1200.0,CE,4275,0,1,284.0
2026-06-25,2026-07-28,1200.0,PE,83600,6650,77,6.9
2026-06-25,2026-07-28,1220.0,CE,1425,0,0,263.45
2026-06-25,2026-07-28,1220.0,PE,950,475,1,7.1
2026-06-25,2026-07-28,1240.0,CE,0,0,0,96.0
2026-06-25,2026-07-28,1240.0,PE,43225,2850,29,10.1
2026-06-25,2026-07-28,1260.0,CE,475,0,0,179.15
2026-06-25,2026-07-28,1260.0,PE,39425,-2375,28,12.1
2026-06-25,2026-07-28,1280.0,CE,475,0,0,161.9
2026-06-25,2026-07-28,1280.0,PE,32300,7125,42,14.7
2026-06-25,2026-07-28,1300.0,CE,25650,0,0,204.6
2026-06-25,2026-07-28,1300.0,PE,218500,17575,180,17.5
2026-06-25,2026-07-28,1320.0,CE,1425,0,0,135.3
2026-06-25,2026-07-28,1320.0,PE,29450,-2375,22,20.65
2026-06-25,2026-07-28,1340.0,CE,1425,0,0,164.4
2026-06-25,2026-07-28,1340.0,PE,87875,3325,56,25.25
2026-06-25,2026-07-28,1360.0,CE,1425,0,0,109.75
2026-06-25,2026-07-28,1360.0,PE,78850,32775,143,29.7
2026-06-25,2026-07-28,1380.0,CE,16625,475,2,137.0
2026-06-25,2026-07-28,1380.0,PE,40850,10450,30,35.35
2026-06-25,2026-07-28,1400.0,CE,217550,-3325,205,122.65
2026-06-25,2026-07-28,1400.0,PE,394725,8075,351,41.7
2026-06-25,2026-07-28,1420.0,CE,29450,0,0,106.35
2026-06-25,2026-07-28,1420.0,PE,46075,3325,52,48.9
2026-06-25,2026-07-28,1440.0,CE,45125,475,13,99.05
2026-06-25,2026-07-28,1440.0,PE,31350,-4275,86,56.75
2026-06-25,2026-07-28,1460.0,CE,54150,-38950,184,85.65
2026-06-25,2026-07-28,1460.0,PE,28025,-475,60,66.1
2026-06-25,2026-07-28,1480.0,CE,154375,9500,211,79.5
2026-06-25,2026-07-28,1480.0,PE,46550,2850,126,75.3
2026-06-25,2026-07-28,1500.0,CE,851675,196175,2314,69.05
2026-06-25,2026-07-28,1500.0,PE,196650,-30875,433,86.1
2026-06-25,2026-07-28,1520.0,CE,110200,79325,446,60.3
2026-06-25,2026-07-28,1520.0,PE,20425,14725,40,91.5
2026-06-25,2026-07-28,1540.0,CE,85025,43225,220,52.25
2026-06-25,2026-07-28,1540.0,PE,6650,475,1,103.0
2026-06-25,2026-07-28,1560.0,CE,66025,7600,143,45.25
2026-06-25,2026-07-28,1560.0,PE,1900,0,0,136.6
2026-06-25,2026-07-28,1580.0,CE,21375,8075,52,38.7
2026-06-25,2026-07-28,1580.0,PE,950,0,0,186.9
2026-06-25,2026-07-28,1600.0,CE,267900,-48450,859,33.4
2026-06-25,2026-07-28,1600.0,PE,64600,29925,134,150.25
2026-06-25,2026-07-28,1620.0,CE,25175,9975,45,28.2
2026-06-25,2026-07-28,1620.0,PE,475,0,0,219.9
2026-06-25,2026-07-28,1640.0,CE,29925,2850,62,24.1
2026-06-25,2026-07-28,1640.0,PE,5700,475,1,171.3
2026-06-25,2026-07-28,1660.0,CE,83600,5225,81,20.25
2026-06-25,2026-07-28,1660.0,PE,950,0,0,254.25
2026-06-25,2026-07-28,1680.0,CE,20900,7125,28,16.95
2026-06-25,2026-07-28,1680.0,PE,4750,0,0,219.2
2026-06-25,2026-07-28,1700.0,CE,156750,9500,440,14.55
2026-06-25,2026-07-28,1700.0,PE,51300,0,0,224.0
2026-06-25,2026-07-28,1720.0,CE,59850,8550,34,12.25
2026-06-25,2026-07-28,1720.0,PE,3800,0,0,308.0
2026-06-25,2026-07-28,1740.0,CE,167200,32775,130,10.3
2026-06-25,2026-07-28,1740.0,PE,950,0,0,254.0
2026-06-25,2026-08-25,1200.0,CE,0,0,0,276.45
2026-06-25,2026-08-25,1200.0,PE,0,0,0,35.95
2026-06-25,2026-08-25,1240.0,CE,0,0,0,247.7
2026-06-25,2026-08-25,1240.0,PE,0,0,0,46.6
2026-06-25,2026-08-25,1280.0,CE,0,0,0,220.75
2026-06-25,2026-08-25,1280.0,PE,0,0,0,59.05
2026-06-25,2026-08-25,1320.0,CE,0,0,0,195.8
2026-06-25,2026-08-25,1320.0,PE,0,0,0,73.5
2026-06-25,2026-08-25,1360.0,CE,0,0,0,172.85
2026-06-25,2026-08-25,1360.0,PE,0,0,0,89.95
2026-06-25,2026-08-25,1400.0,CE,0,0,0,151.9
2026-06-25,2026-08-25,1400.0,PE,23750,-475,1,55.85
2026-06-25,2026-08-25,1440.0,CE,0,0,0,132.85
2026-06-25,2026-08-25,1440.0,PE,0,0,0,128.75
2026-06-25,2026-08-25,1480.0,CE,0,0,0,115.7
2026-06-25,2026-08-25,1480.0,PE,0,0,0,151.0
2026-06-25,2026-08-25,1520.0,CE,0,0,0,100.3
2026-06-25,2026-08-25,1520.0,PE,0,0,0,175.05
2026-06-25,2026-08-25,1560.0,CE,0,0,0,86.65
2026-06-25,2026-08-25,1560.0,PE,0,0,0,200.8
2026-06-25,2026-08-25,1600.0,CE,475,0,0,74.55
2026-06-25,2026-08-25,1600.0,PE,0,0,0,228.1
2026-06-25,2026-08-25,1640.0,CE,0,0,0,63.95
2026-06-25,2026-08-25,1640.0,PE,0,0,0,256.9
2026-06-25,2026-08-25,1680.0,CE,0,0,0,54.65
2026-06-25,2026-08-25,1680.0,PE,0,0,0,287.05
2026-06-25,2026-08-25,1720.0,CE,0,0,0,46.55
2026-06-25,2026-08-25,1720.0,PE,0,0,0,318.35
2026-06-29,2026-06-30,1000.0,CE,4875,-1125,3,520.75
2026-06-29,2026-06-30,1000.0,PE,8625,0,0,0.1
2026-06-29,2026-06-30,1040.0,CE,3750,-1125,3,480.6
2026-06-29,2026-06-30,1040.0,PE,9750,0,0,0.05
2026-06-29,2026-06-30,1060.0,PE,1125,0,0,0.4
2026-06-29,2026-06-30,1100.0,CE,22500,-375,1,402.0
2026-06-29,2026-06-30,1100.0,PE,27750,-750,2,0.05
2026-06-29,2026-06-30,1120.0,CE,2250,0,0,293.7
2026-06-29,2026-06-30,1120.0,PE,12000,0,0,0.15
2026-06-29,2026-06-30,1140.0,PE,9375,0,0,0.2
2026-06-29,2026-06-30,1160.0,CE,7500,-1125,3,360.4
2026-06-29,2026-06-30,1160.0,PE,12000,0,0,0.2
2026-06-29,2026-06-30,1180.0,PE,21750,0,0,0.2
2026-06-29,2026-06-30,1200.0,CE,12375,-4500,14,308.3
2026-06-29,2026-06-30,1200.0,PE,63750,-18375,110,0.2
2026-06-29,2026-06-30,1220.0,CE,375,0,0,215.1
2026-06-29,2026-06-30,1220.0,PE,45000,16875,92,0.2
2026-06-29,2026-06-30,1240.0,CE,3375,0,0,191.2
2026-06-29,2026-06-30,1240.0,PE,31125,-1125,31,0.1
2026-06-29,2026-06-30,1260.0,CE,23250,-375,1,252.6
2026-06-29,2026-06-30,1260.0,PE,41250,-6375,52,0.2
2026-06-29,2026-06-30,1280.0,CE,9750,-6000,23,224.7
2026-06-29,2026-06-30,1280.0,PE,33750,1500,15,0.15
2026-06-29,2026-06-30,1300.0,CE,75750,-8250,60,201.2
2026-06-29,2026-06-30,1300.0,PE,123375,-14250,132,0.2
2026-06-29,2026-06-30,1320.0,CE,8250,-2625,10,187.5
2026-06-29,2026-06-30,1320.0,PE,280875,-3750,51,0.3
2026-06-29,2026-06-30,1340.0,CE,11625,-5625,17,163.25
2026-06-29,2026-06-30,1340.0,PE,69750,-12000,90,0.15
2026-06-29,2026-06-30,1360.0,CE,48750,-67500,210,143.15
2026-06-29,2026-06-30,1360.0,PE,188625,-20625,172,0.1
2026-06-29,2026-06-30,1380.0,CE,83250,-75000,232,120.8
2026-06-29,2026-06-30,1380.0,PE,202875,-21000,172,0.05
2026-06-29,2026-06-30,1400.0,CE,705750,-303750,1031,104.8
2026-06-29,2026-06-30,1400.0,PE,614250,-112125,1216,0.35
2026-06-29,2026-06-30,1420.0,CE,554625,-137625,514,84.8
2026-06-29,2026-06-30,1420.0,PE,325125,-120750,1184,0.15
2026-06-29,2026-06-30,1440.0,CE,538500,-128250,500,64.15
2026-06-29,2026-06-30,1440.0,PE,377625,-163125,2904,0.65
2026-06-29,2026-06-30,1460.0,CE,260250,-57000,874,41.45
2026-06-29,2026-06-30,1460.0,PE,279000,-61500,3286,1.15
2026-06-29,2026-06-30,1480.0,CE,292500,-81000,2663,23.7
2026-06-29,2026-06-30,1480.0,PE,402750,-39375,5058,3.05
2026-06-29,2026-06-30,1500.0,CE,381000,-694500,10920,10.75
2026-06-29,2026-06-30,1500.0,PE,244500,-101625,6102,9.55
2026-06-29,2026-06-30,1520.0,CE,575625,-75375,10489,4.25
2026-06-29,2026-06-30,1520.0,PE,168000,-31500,3385,23.25
2026-06-29,2026-06-30,1540.0,CE,523875,-84750,5364,1.5
2026-06-29,2026-06-30,1540.0,PE,129000,-19875,1131,40.6
2026-06-29,2026-06-30,1560.0,CE,188625,-66375,2948,0.85
2026-06-29,2026-06-30,1560.0,PE,66750,-2250,544,59.15
2026-06-29,2026-06-30,1580.0,CE,126000,-35625,924,0.65
2026-06-29,2026-06-30,1580.0,PE,9000,-375,1,87.15
2026-06-29,2026-06-30,1600.0,CE,389625,-129000,1745,0.5
2026-06-29,2026-06-30,1600.0,PE,41250,-5250,45,103.3
2026-06-29,2026-06-30,1620.0,CE,47250,-25125,528,0.35
2026-06-29,2026-06-30,1620.0,PE,1875,-750,2,122.9
2026-06-29,2026-06-30,1640.0,CE,68625,-24750,162,0.25
2026-06-29,2026-06-30,1640.0,PE,1875,-750,2,135.35
2026-06-29,2026-06-30,1660.0,CE,42750,-29625,120,0.2
2026-06-29,2026-06-30,1660.0,PE,0,0,0,297.1
2026-06-29,2026-06-30,1680.0,CE,22500,-2625,35,0.2
2026-06-29,2026-06-30,1680.0,PE,1500,0,0,250.55
2026-06-29,2026-06-30,1700.0,CE,213000,-27750,224,0.25
2026-06-29,2026-06-30,1700.0,PE,2250,0,1,188.1
2026-06-29,2026-06-30,1720.0,CE,13875,0,0,0.45
2026-06-29,2026-06-30,1720.0,PE,0,0,0,430.3
2026-06-29,2026-06-30,1740.0,CE,70875,-1500,13,0.15
2026-06-29,2026-06-30,1740.0,PE,1125,0,0,329.6
2026-06-29,2026-07-28,960.0,PE,475,0,0,16.7
2026-06-29,2026-07-28,1200.0,CE,4750,475,4,279.0
2026-06-29,2026-07-28,1200.0,PE,80750,-2850,101,4.85
2026-06-29,2026-07-28,1220.0,CE,1425,0,3,292.8
2026-06-29,2026-07-28,1220.0,PE,9975,9025,30,6.05
2026-06-29,2026-07-28,1240.0,CE,0,0,0,96.0
2026-06-29,2026-07-28,1240.0,PE,38950,-4275,71,7.5
2026-06-29,2026-07-28,1260.0,CE,475,0,0,179.15
2026-06-29,2026-07-28,1260.0,PE,41325,1900,41,9.2
2026-06-29,2026-07-28,1280.0,CE,475,0,0,161.9
2026-06-29,2026-07-28,1280.0,PE,32300,0,51,11.25
2026-06-29,2026-07-28,1300.0,CE,25650,0,4,195.7
2026-06-29,2026-07-28,1300.0,PE,220400,1900,182,13.55
2026-06-29,2026-07-28,1320.0,CE,8075,6650,30,175.8
2026-06-29,2026-07-28,1320.0,PE,31825,2375,96,17.3
2026-06-29,2026-07-28,1340.0,CE,1425,0,0,164.4
2026-06-29,2026-07-28,1340.0,PE,95000,7125,98,19.5
2026-06-29,2026-07-28,1360.0,CE,1900,475,1,160.0
2026-06-29,2026-07-28,1360.0,PE,127300,48450,352,24.8
2026-06-29,2026-07-28,1380.0,CE,16625,0,0,137.0
2026-06-29,2026-07-28,1380.0,PE,49875,9025,147,31.05
2026-06-29,2026-07-28,1400.0,CE,395675,178125,907,118.0
2026-06-29,2026-07-28,1400.0,PE,432250,37525,779,35.95
2026-06-29,2026-07-28,1420.0,CE,74575,45125,154,105.15
2026-06-29,2026-07-28,1420.0,PE,74575,28500,252,43.15
2026-06-29,2026-07-28,1440.0,CE,51775,6650,75,94.9
2026-06-29,2026-07-28,1440.0,PE,43700,12350,125,52.9
2026-06-29,2026-07-28,1460.0,CE,81700,27550,486,82.9
2026-06-29,2026-07-28,1460.0,PE,72675,44650,367,58.35
2026-06-29,2026-07-28,1480.0,CE,137750,-16625,586,73.95
2026-06-29,2026-07-28,1480.0,PE,72675,26125,492,67.65
2026-06-29,2026-07-28,1500.0,CE,1360875,509200,4402,64.65
2026-06-29,2026-07-28,1500.0,PE,236075,39425,1110,78.3
2026-06-29,2026-07-28,1520.0,CE,140125,29925,766,56.15
2026-06-29,2026-07-28,1520.0,PE,35150,14725,537,90.0
2026-06-29,2026-07-28,1540.0,CE,79325,-5700,381,48.6
2026-06-29,2026-07-28,1540.0,PE,8075,1425,20,107.7
2026-06-29,2026-07-28,1560.0,CE,78375,12350,297,42.0
2026-06-29,2026-07-28,1560.0,PE,3325,1425,9,118.2
2026-06-29,2026-07-28,1580.0,CE,45125,23750,207,35.9
2026-06-29,2026-07-28,1580.0,PE,950,0,6,132.25
2026-06-29,2026-07-28,1600.0,CE,324900,57000,1273,31.55
2026-06-29,2026-07-28,1600.0,PE,42750,-21850,234,143.5
2026-06-29,2026-07-28,1620.0,CE,46075,20900,107,28.0
2026-06-29,2026-07-28,1620.0,PE,475,0,0,219.9
2026-06-29,2026-07-28,1640.0,CE,51775,21850,171,23.15
2026-06-29,2026-07-28,1640.0,PE,5700,0,0,171.3
2026-06-29,2026-07-28,1660.0,CE,82175,-1425,98,19.3
2026-06-29,2026-07-28,1660.0,PE,950,0,0,254.25
2026-06-29,2026-07-28,1680.0,CE,25175,4275,74,16.8
2026-06-29,2026-07-28,1680.0,PE,43225,38475,97,213.3
2026-06-29,2026-07-28,1700.0,CE,164350,7600,324,14.65
2026-06-29,2026-07-28,1700.0,PE,72200,20900,71,226.5
2026-06-29,2026-07-28,1720.0,CE,52725,-7125,127,12.85
2026-06-29,2026-07-28,1720.0,PE,5700,1900,8,232.1
2026-06-29,2026-07-28,1740.0,CE,173850,6650,449,10.5
2026-06-29,2026-07-28,1740.0,PE,1425,475,2,249.25
2026-06-29,2026-08-25,1200.0,CE,0,0,0,276.45
2026-06-29,2026-08-25,1200.0,PE,0,0,0,35.95
2026-06-29,2026-08-25,1240.0,CE,0,0,0,247.7
2026-06-29,2026-08-25,1240.0,PE,0,0,0,46.6
2026-06-29,2026-08-25,1280.0,CE,0,0,0,220.75
2026-06-29,2026-08-25,1280.0,PE,0,0,0,59.05
2026-06-29,2026-08-25,1320.0,CE,0,0,0,195.8
2026-06-29,2026-08-25,1320.0,PE,0,0,0,73.5
2026-06-29,2026-08-25,1360.0,CE,0,0,0,172.85
2026-06-29,2026-08-25,1360.0,PE,0,0,0,89.95
2026-06-29,2026-08-25,1400.0,CE,0,0,0,151.9
2026-06-29,2026-08-25,1400.0,PE,23750,0,0,55.85
2026-06-29,2026-08-25,1440.0,CE,0,0,0,132.85
2026-06-29,2026-08-25,1440.0,PE,0,0,0,128.75
2026-06-29,2026-08-25,1480.0,CE,0,0,0,115.7
2026-06-29,2026-08-25,1480.0,PE,0,0,0,151.0
2026-06-29,2026-08-25,1520.0,CE,0,0,0,100.3
2026-06-29,2026-08-25,1520.0,PE,0,0,0,175.05
2026-06-29,2026-08-25,1560.0,CE,0,0,0,86.65
2026-06-29,2026-08-25,1560.0,PE,0,0,0,200.8
2026-06-29,2026-08-25,1600.0,CE,475,0,0,74.55
2026-06-29,2026-08-25,1600.0,PE,0,0,0,228.1
2026-06-29,2026-08-25,1640.0,CE,0,0,0,63.95
2026-06-29,2026-08-25,1640.0,PE,0,0,0,256.9
2026-06-29,2026-08-25,1680.0,CE,0,0,0,54.65
2026-06-29,2026-08-25,1680.0,PE,0,0,0,287.05
2026-06-29,2026-08-25,1720.0,CE,0,0,0,46.55
2026-06-29,2026-08-25,1720.0,PE,0,0,0,318.35
2026-06-30,2026-06-30,1000.0,CE,4875,0,0,520.75
2026-06-30,2026-06-30,1000.0,PE,8625,0,0,0.1
2026-06-30,2026-06-30,1040.0,CE,3750,0,0,480.6
2026-06-30,2026-06-30,1040.0,PE,9750,0,0,0.05
2026-06-30,2026-06-30,1060.0,PE,1125,0,0,0.4
2026-06-30,2026-06-30,1100.0,CE,21750,-750,2,380.0
2026-06-30,2026-06-30,1100.0,PE,27375,-375,3,0.05
2026-06-30,2026-06-30,1120.0,CE,1875,-375,1,360.0
2026-06-30,2026-06-30,1120.0,PE,12000,0,8,0.05
2026-06-30,2026-06-30,1140.0,PE,8625,-750,3,0.05
2026-06-30,2026-06-30,1160.0,CE,7500,0,0,360.4
2026-06-30,2026-06-30,1160.0,PE,12000,0,8,0.05
2026-06-30,2026-06-30,1180.0,PE,21375,-375,2,0.05
2026-06-30,2026-06-30,1200.0,CE,12375,0,0,308.3
2026-06-30,2026-06-30,1200.0,PE,45750,-18000,154,0.05
2026-06-30,2026-06-30,1220.0,CE,375,0,0,215.1
2026-06-30,2026-06-30,1220.0,PE,43500,-1500,79,0.05
2026-06-30,2026-06-30,1240.0,CE,3375,0,0,191.2
2026-06-30,2026-06-30,1240.0,PE,34875,3750,27,0.05
2026-06-30,2026-06-30,1260.0,CE,23250,0,0,252.6
2026-06-30,2026-06-30,1260.0,PE,35625,-5625,27,0.05
2026-06-30,2026-06-30,1280.0,CE,7125,-2625,7,213.55
2026-06-30,2026-06-30,1280.0,PE,24750,-9000,46,0.05
2026-06-30,2026-06-30,1300.0,CE,75000,-750,44,175.4
2026-06-30,2026-06-30,1300.0,PE,106875,-16500,126,0.05
2026-06-30,2026-06-30,1320.0,CE,7125,-1125,6,159.0
2026-06-30,2026-06-30,1320.0,PE,275250,-5625,142,0.1
2026-06-30,2026-06-30,1340.0,CE,11625,0,0,163.25
2026-06-30,2026-06-30,1340.0,PE,65250,-4500,230,0.05
2026-06-30,2026-06-30,1360.0,CE,43875,-4875,25,124.0
2026-06-30,2026-06-30,1360.0,PE,180375,-8250,121,0.05
2026-06-30,2026-06-30,1380.0,CE,81750,-1500,22,92.85
2026-06-30,2026-06-30,1380.0,PE,180375,-22500,214,0.05
2026-06-30,2026-06-30,1400.0,CE,549750,-156000,559,66.3
2026-06-30,2026-06-30,1400.0,PE,457125,-157125,1136,0.1
2026-06-30,2026-06-30,1420.0,CE,431250,-123375,457,52.95
2026-06-30,2026-06-30,1420.0,PE,234375,-90750,735,0.1
2026-06-30,2026-06-30,1440.0,CE,415500,-123000,672,27.8
2026-06-30,2026-06-30,1440.0,PE,262125,-115500,1107,0.1
2026-06-30,2026-06-30,1460.0,CE,200250,-60000,449,6.8
2026-06-30,2026-06-30,1460.0,PE,175125,-103875,1516,0.7
2026-06-30,2026-06-30,1480.0,CE,231375,-61125,1264,2.9
2026-06-30,2026-06-30,1480.0,PE,165375,-237375,3332,17.9
2026-06-30,2026-06-30,1500.0,CE,271875,-109125,3213,0.1
2026-06-30,2026-06-30,1500.0,PE,186000,-58500,827,31.45
2026-06-30,2026-06-30,1520.0,CE,239250,-336375,2614,0.1
2026-06-30,2026-06-30,1520.0,PE,144750,-23250,223,52.85
2026-06-30,2026-06-30,1540.0,CE,319125,-204750,1672,0.05
2026-06-30,2026-06-30,1540.0,PE,126375,-2625,43,74.15
2026-06-30,2026-06-30,1560.0,CE,148875,-39750,354,0.05
2026-06-30,2026-06-30,1560.0,PE,66375,-375,4,68.9
2026-06-30,2026-06-30,1580.0,CE,116250,-9750,110,0.05
2026-06-30,2026-06-30,1580.0,PE,9000,0,0,87.15
2026-06-30,2026-06-30,1600.0,CE,198750,-190875,809,0.05
2026-06-30,2026-06-30,1600.0,PE,37500,-3750,15,129.85
2026-06-30,2026-06-30,1620.0,CE,37125,-10125,112,0.1
2026-06-30,2026-06-30,1620.0,PE,1875,0,0,122.9
2026-06-30,2026-06-30,1640.0,CE,54375,-14250,48,0.05
2026-06-30,2026-06-30,1640.0,PE,1875,0,0,135.35
2026-06-30,2026-06-30,1660.0,CE,34500,-8250,27,0.05
2026-06-30,2026-06-30,1660.0,PE,0,0,0,297.1
2026-06-30,2026-06-30,1680.0,CE,21375,-1125,11,0.05
2026-06-30,2026-06-30,1680.0,PE,1500,0,0,250.55
2026-06-30,2026-06-30,1700.0,CE,139500,-73500,278,0.05
2026-06-30,2026-06-30,1700.0,PE,1125,-1125,4,207.0
2026-06-30,2026-06-30,1720.0,CE,13875,0,7,0.05
2026-06-30,2026-06-30,1720.0,PE,0,0,0,430.3
2026-06-30,2026-06-30,1740.0,CE,53625,-17250,80,0.05
2026-06-30,2026-06-30,1740.0,PE,1125,0,0,329.6
2026-06-30,2026-07-28,960.0,PE,475,0,0,16.7
2026-06-30,2026-07-28,1200.0,CE,8075,3325,8,254.0
2026-06-30,2026-07-28,1200.0,PE,103550,22800,108,6.0
2026-06-30,2026-07-28,1220.0,CE,1425,0,0,292.8
2026-06-30,2026-07-28,1220.0,PE,11875,1900,27,8.15
2026-06-30,2026-07-28,1240.0,CE,13775,13775,29,196.45
2026-06-30,2026-07-28,1240.0,PE,46550,7600,53,9.85
2026-06-30,2026-07-28,1260.0,CE,475,0,0,179.15
2026-06-30,2026-07-28,1260.0,PE,53675,12350,73,11.8
2026-06-30,2026-07-28,1280.0,CE,950,475,1,168.2
2026-06-30,2026-07-28,1280.0,PE,37525,5225,74,14.7
2026-06-30,2026-07-28,1300.0,CE,36100,10450,31,160.2
2026-06-30,2026-07-28,1300.0,PE,196650,-23750,458,18.05
2026-06-30,2026-07-28,1320.0,CE,8550,475,3,144.85
2026-06-30,2026-07-28,1320.0,PE,41325,9500,144,23.45
2026-06-30,2026-07-28,1340.0,CE,1425,0,0,164.4
2026-06-30,2026-07-28,1340.0,PE,98800,3800,73,27.7
2026-06-30,2026-07-28,1360.0,CE,1900,0,0,160.0
2026-06-30,2026-07-28,1360.0,PE,140125,12825,169,33.15
2026-06-30,2026-07-28,1380.0,CE,16625,0,0,137.0
2026-06-30,2026-07-28,1380.0,PE,50825,950,186,39.6
2026-06-30,2026-07-28,1400.0,CE,521550,125875,774,89.85
2026-06-30,2026-07-28,1400.0,PE,458375,26125,863,47.25
2026-06-30,2026-07-28,1420.0,CE,85975,11400,228,78.7
2026-06-30,2026-07-28,1420.0,PE,88825,14250,245,56.85
2026-06-30,2026-07-28,1440.0,CE,104025,52250,417,68.7
2026-06-30,2026-07-28,1440.0,PE,71725,28025,248,66.25
2026-06-30,2026-07-28,1460.0,CE,146300,64600,754,59.65
2026-06-30,2026-07-28,1460.0,PE,93575,20900,433,76.65
2026-06-30,2026-07-28,1480.0,CE,168150,30400,786,51.8
2026-06-30,2026-07-28,1480.0,PE,73625,950,372,87.8
2026-06-30,2026-07-28,1500.0,CE,1733275,372400,4035,43.9
2026-06-30,2026-07-28,1500.0,PE,226575,-9500,706,100.15
2026-06-30,2026-07-28,1520.0,CE,164350,24225,527,37.55
2026-06-30,2026-07-28,1520.0,PE,70300,35150,264,115.75
2026-06-30,2026-07-28,1540.0,CE,86450,7125,401,31.35
2026-06-30,2026-07-28,1540.0,PE,32775,24700,97,131.4
2026-06-30,2026-07-28,1560.0,CE,97375,19000,382,27.2
2026-06-30,2026-07-28,1560.0,PE,3325,0,0,118.2
2026-06-30,2026-07-28,1580.0,CE,57475,12350,202,23.2
2026-06-30,2026-07-28,1580.0,PE,950,0,1,159.85
2026-06-30,2026-07-28,1600.0,CE,323950,-950,906,19.2
2026-06-30,2026-07-28,1600.0,PE,45600,2850,40,179.45
2026-06-30,2026-07-28,1620.0,CE,51300,5225,70,15.65
2026-06-30,2026-07-28,1620.0,PE,0,-475,1,163.75
2026-06-30,2026-07-28,1640.0,CE,63175,11400,146,13.15
2026-06-30,2026-07-28,1640.0,PE,5700,0,0,171.3
2026-06-30,2026-07-28,1660.0,CE,94050,11875,102,11.1
2026-06-30,2026-07-28,1660.0,PE,950,0,0,254.25
2026-06-30,2026-07-28,1680.0,CE,37050,11875,73,9.05
2026-06-30,2026-07-28,1680.0,PE,43225,0,0,213.3
2026-06-30,2026-07-28,1700.0,CE,173375,9025,436,7.8
2026-06-30,2026-07-28,1700.0,PE,76000,3800,58,264.0
2026-06-30,2026-07-28,1720.0,CE,36575,-16150,119,6.4
2026-06-30,2026-07-28,1720.0,PE,5700,0,0,232.1
2026-06-30,2026-07-28,1740.0,CE,142975,-30875,248,5.4
2026-06-30,2026-07-28,1740.0,PE,1900,475,1,275.0
2026-06-30,2026-08-25,1200.0,CE,0,0,0,276.45
2026-06-30,2026-08-25,1200.0,PE,0,0,0,35.95
2026-06-30,2026-08-25,1240.0,CE,0,0,0,247.7
2026-06-30,2026-08-25,1240.0,PE,0,0,0,46.6
2026-06-30,2026-08-25,1280.0,CE,0,0,0,220.75
2026-06-30,2026-08-25,1280.0,PE,0,0,0,59.05
2026-06-30,2026-08-25,1320.0,CE,0,0,0,195.8
2026-06-30,2026-08-25,1320.0,PE,0,0,0,73.5
2026-06-30,2026-08-25,1360.0,CE,0,0,0,172.85
2026-06-30,2026-08-25,1360.0,PE,0,0,0,89.95
2026-06-30,2026-08-25,1400.0,CE,0,0,0,151.9
2026-06-30,2026-08-25,1400.0,PE,23750,0,9,53.95
2026-06-30,2026-08-25,1440.0,CE,0,0,0,132.85
2026-06-30,2026-08-25,1440.0,PE,0,0,0,128.75
2026-06-30,2026-08-25,1480.0,CE,0,0,0,115.7
2026-06-30,2026-08-25,1480.0,PE,0,0,0,151.0
2026-06-30,2026-08-25,1520.0,CE,0,0,0,100.3
2026-06-30,2026-08-25,1520.0,PE,0,0,0,175.05
2026-06-30,2026-08-25,1560.0,CE,0,0,0,86.65
2026-06-30,2026-08-25,1560.0,PE,0,0,0,200.8
2026-06-30,2026-08-25,1600.0,CE,475,0,0,74.55
2026-06-30,2026-08-25,1600.0,PE,0,0,0,228.1
2026-06-30,2026-08-25,1640.0,CE,0,0,0,63.95
2026-06-30,2026-08-25,1640.0,PE,0,0,0,256.9
2026-06-30,2026-08-25,1680.0,CE,0,0,0,54.65
2026-06-30,2026-08-25,1680.0,PE,0,0,0,287.05
2026-06-30,2026-08-25,1720.0,CE,0,0,0,46.55
2026-06-30,2026-08-25,1720.0,PE,0,0,0,318.35
2026-07-01,2026-07-28,960.0,PE,8550,8075,21,1.3
2026-07-01,2026-07-28,1180.0,CE,0,0,0,274.55
2026-07-01,2026-07-28,1180.0,PE,0,0,0,19.65
2026-07-01,2026-07-28,1200.0,CE,8075,0,0,254.0
2026-07-01,2026-07-28,1200.0,PE,423700,320150,1853,11.85
2026-07-01,2026-07-28,1220.0,CE,1425,0,0,292.8
2026-07-01,2026-07-28,1220.0,PE,27075,15200,146,15.3
2026-07-01,2026-07-28,1240.0,CE,13775,0,0,196.45
2026-07-01,2026-07-28,1240.0,PE,107825,61275,390,18.8
2026-07-01,2026-07-28,1260.0,CE,5225,4750,12,140.2
2026-07-01,2026-07-28,1260.0,PE,159125,105450,790,23.05
2026-07-01,2026-07-28,1280.0,CE,950,0,0,168.2
2026-07-01,2026-07-28,1280.0,PE,85025,47500,587,28.95
2026-07-01,2026-07-28,1300.0,CE,61750,25650,176,107.2
2026-07-01,2026-07-28,1300.0,PE,410400,213750,2909,34.45
2026-07-01,2026-07-28,1320.0,CE,21850,13300,66,96.3
2026-07-01,2026-07-28,1320.0,PE,104975,63650,682,42.2
2026-07-01,2026-07-28,1340.0,CE,5225,3800,17,83.3
2026-07-01,2026-07-28,1340.0,PE,125400,26600,586,50.3
2026-07-01,2026-07-28,1360.0,CE,52250,50350,193,72.85
2026-07-01,2026-07-28,1360.0,PE,294025,153900,1271,59.65
2026-07-01,2026-07-28,1380.0,CE,163400,146775,883,63.2
2026-07-01,2026-07-28,1380.0,PE,188575,137750,1224,69.0
2026-07-01,2026-07-28,1400.0,CE,687325,165775,3618,54.45
2026-07-01,2026-07-28,1400.0,PE,587100,128725,3646,80.75
2026-07-01,2026-07-28,1420.0,CE,231800,145825,1786,47.0
2026-07-01,2026-07-28,1420.0,PE,116850,28025,1023,91.5
2026-07-01,2026-07-28,1440.0,CE,251750,147725,1593,39.95
2026-07-01,2026-07-28,1440.0,PE,98325,26600,591,104.7
2026-07-01,2026-07-28,1460.0,CE,349600,203300,2077,33.65
2026-07-01,2026-07-28,1460.0,PE,144400,50825,603,120.75
2026-07-01,2026-07-28,1480.0,CE,206625,38475,1426,28.45
2026-07-01,2026-07-28,1480.0,PE,79800,6175,260,134.65
2026-07-01,2026-07-28,1500.0,CE,1745150,11875,4612,24.0
2026-07-01,2026-07-28,1500.0,PE,232275,5700,237,150.6
2026-07-01,2026-07-28,1520.0,CE,212800,48450,692,20.2
2026-07-01,2026-07-28,1520.0,PE,70300,0,57,169.3
2026-07-01,2026-07-28,1540.0,CE,158650,72200,882,16.6
2026-07-01,2026-07-28,1540.0,PE,39900,7125,37,167.65
2026-07-01,2026-07-28,1560.0,CE,127775,30400,729,13.8
2026-07-01,2026-07-28,1560.0,PE,6175,2850,10,197.8
2026-07-01,2026-07-28,1580.0,CE,86450,28975,408,11.55
2026-07-01,2026-07-28,1580.0,PE,1900,950,6,201.6
2026-07-01,2026-07-28,1600.0,CE,465975,142025,1490,9.45
2026-07-01,2026-07-28,1600.0,PE,49875,4275,55,236.45
2026-07-01,2026-07-28,1620.0,CE,48450,-2850,208,7.6
2026-07-01,2026-07-28,1620.0,PE,17575,17575,71,255.1
2026-07-01,2026-07-28,1640.0,CE,56525,-6650,179,6.3
2026-07-01,2026-07-28,1640.0,PE,5700,0,0,171.3
2026-07-01,2026-07-28,1660.0,CE,86925,-7125,156,5.1
2026-07-01,2026-07-28,1660.0,PE,475,-475,2,267.4
2026-07-01,2026-07-28,1680.0,CE,28975,-8075,125,4.35
2026-07-01,2026-07-28,1680.0,PE,43700,475,2,288.95
2026-07-01,2026-07-28,1700.0,CE,226100,52725,637,3.4
2026-07-01,2026-07-28,1700.0,PE,76000,0,3,316.9
2026-07-01,2026-07-28,1720.0,CE,29450,-7125,80,2.35
2026-07-01,2026-07-28,1720.0,PE,6650,950,8,335.15
2026-07-01,2026-07-28,1740.0,CE,142500,-475,345,2.3
2026-07-01,2026-07-28,1740.0,PE,1900,0,0,275.0
2026-07-01,2026-08-25,1180.0,CE,0,0,0,308.6
2026-07-01,2026-08-25,1180.0,PE,0,0,0,11.7
2026-07-01,2026-08-25,1200.0,CE,0,0,0,276.45
2026-07-01,2026-08-25,1200.0,PE,0,0,0,35.95
2026-07-01,2026-08-25,1220.0,CE,0,0,0,274.6
2026-07-01,2026-08-25,1220.0,PE,0,0,0,17.35
2026-07-01,2026-08-25,1240.0,CE,0,0,0,247.7
2026-07-01,2026-08-25,1240.0,PE,0,0,0,46.6
2026-07-01,2026-08-25,1260.0,CE,0,0,0,242.35
2026-07-01,2026-08-25,1260.0,PE,0,0,0,24.7
2026-07-01,2026-08-25,1280.0,CE,475,475,1,140.85
2026-07-01,2026-08-25,1280.0,PE,0,0,0,59.05
2026-07-01,2026-08-25,1300.0,CE,0,0,0,212.15
2026-07-01,2026-08-25,1300.0,PE,0,0,0,34.15
2026-07-01,2026-08-25,1320.0,CE,0,0,0,195.8
2026-07-01,2026-08-25,1320.0,PE,0,0,0,73.5
2026-07-01,2026-08-25,1340.0,CE,0,0,0,184.05
2026-07-01,2026-08-25,1340.0,PE,0,0,0,45.65
2026-07-01,2026-08-25,1360.0,CE,0,0,0,172.85
2026-07-01,2026-08-25,1360.0,PE,2850,2850,6,82.8
2026-07-01,2026-08-25,1380.0,CE,0,0,0,158.4
2026-07-01,2026-08-25,1380.0,PE,2375,2375,5,93.1
2026-07-01,2026-08-25,1400.0,CE,22325,22325,68,72.0
2026-07-01,2026-08-25,1400.0,PE,27075,3325,80,106.95
2026-07-01,2026-08-25,1420.0,CE,0,0,0,135.15
2026-07-01,2026-08-25,1420.0,PE,0,0,0,76.0
2026-07-01,2026-08-25,1440.0,CE,7125,7125,22,62.0
2026-07-01,2026-08-25,1440.0,PE,0,0,0,128.75
2026-07-01,2026-08-25,1460.0,CE,0,0,0,114.4
2026-07-01,2026-08-25,1460.0,PE,0,0,0,94.85
2026-07-01,2026-08-25,1480.0,CE,9025,9025,30,45.05
2026-07-01,2026-08-25,1480.0,PE,5700,5700,12,154.3
2026-07-01,2026-08-25,1500.0,CE,1900,1900,5,46.0
2026-07-01,2026-08-25,1500.0,PE,0,0,0,116.1
2026-07-01,2026-08-25,1520.0,CE,2375,2375,5,37.25
2026-07-01,2026-08-25,1520.0,PE,0,0,0,175.05
2026-07-01,2026-08-25,1540.0,CE,0,0,0,79.95
2026-07-01,2026-08-25,1540.0,PE,0,0,0,139.65
2026-07-01,2026-08-25,1560.0,CE,0,0,0,86.65
2026-07-01,2026-08-25,1560.0,PE,0,0,0,200.8
2026-07-01,2026-08-25,1580.0,CE,0,0,0,66.05
2026-07-01,2026-08-25,1580.0,PE,0,0,0,165.35
2026-07-01,2026-08-25,1600.0,CE,475,0,0,74.55
2026-07-01,2026-08-25,1600.0,PE,0,0,0,228.1
2026-07-01,2026-08-25,1640.0,CE,0,0,0,63.95
2026-07-01,2026-08-25,1640.0,PE,0,0,0,256.9
2026-07-01,2026-08-25,1680.0,CE,0,0,0,54.65
2026-07-01,2026-08-25,1680.0,PE,0,0,0,287.05
2026-07-01,2026-08-25,1720.0,CE,0,0,0,46.55
2026-07-01,2026-08-25,1720.0,PE,0,0,0,318.35
2026-07-01,2026-09-29,1200.0,CE,0,0,0,312.2
2026-07-01,2026-09-29,1200.0,PE,0,0,0,28.1
2026-07-01,2026-09-29,1240.0,CE,0,0,0,281.7
2026-07-01,2026-09-29,1240.0,PE,0,0,0,37.0
2026-07-01,2026-09-29,1280.0,CE,0,0,0,253.0
2026-07-01,2026-09-29,1280.0,PE,0,0,0,47.65
2026-07-01,2026-09-29,1320.0,CE,0,0,0,226.0
2026-07-01,2026-09-29,1320.0,PE,0,0,0,60.05
2026-07-01,2026-09-29,1360.0,CE,0,0,0,201.05
2026-07-01,2026-09-29,1360.0,PE,0,0,0,74.45
2026-07-01,2026-09-29,1400.0,CE,0,0,0,177.95
2026-07-01,2026-09-29,1400.0,PE,0,0,0,90.8
2026-07-01,2026-09-29,1440.0,CE,0,0,0,156.85
2026-07-01,2026-09-29,1440.0,PE,0,0,0,109.05
2026-07-01,2026-09-29,1480.0,CE,0,0,0,137.6
2026-07-01,2026-09-29,1480.0,PE,0,0,0,129.2
2026-07-01,2026-09-29,1520.0,CE,0,0,0,120.25
2026-07-01,2026-09-29,1520.0,PE,0,0,0,151.25
2026-07-01,2026-09-29,1560.0,CE,0,0,0,104.65
2026-07-01,2026-09-29,1560.0,PE,0,0,0,175.0
2026-07-01,2026-09-29,1600.0,CE,0,0,0,90.7
2026-07-01,2026-09-29,1600.0,PE,0,0,0,200.45
2026-07-01,2026-09-29,1640.0,CE,0,0,0,78.3
2026-07-01,2026-09-29,1640.0,PE,0,0,0,227.45
2026-07-01,2026-09-29,1680.0,CE,0,0,0,67.35
2026-07-01,2026-09-29,1680.0,PE,0,0,0,255.9
2026-07-02,2026-07-28,960.0,PE,5225,-3325,7,0.45
2026-07-02,2026-07-28,1160.0,CE,0,0,0,134.15
2026-07-02,2026-07-28,1160.0,PE,0,0,2,2.6
2026-07-02,2026-07-28,1200.0,CE,12350,4275,12,252.3
2026-07-02,2026-07-28,1200.0,PE,218975,-204725,1303,4.15
2026-07-02,2026-07-28,1220.0,CE,1425,0,0,292.8
2026-07-02,2026-07-28,1220.0,PE,20900,-6175,60,5.2
2026-07-02,2026-07-28,1240.0,CE,13775,0,0,196.45
2026-07-02,2026-07-28,1240.0,PE,153425,45600,483,7.0
2026-07-02,2026-07-28,1260.0,CE,5225,0,0,140.2
2026-07-02,2026-07-28,1260.0,PE,129200,-29925,621,9.1
2026-07-02,2026-07-28,1280.0,CE,950,0,0,168.2
2026-07-02,2026-07-28,1280.0,PE,76475,-8550,240,12.0
2026-07-02,2026-07-28,1300.0,CE,53200,-8550,156,160.15
2026-07-02,2026-07-28,1300.0,PE,370500,-39900,1670,15.1
2026-07-02,2026-07-28,1320.0,CE,27550,5700,34,141.2
2026-07-02,2026-07-28,1320.0,PE,114950,9975,465,18.55
2026-07-02,2026-07-28,1340.0,CE,11875,6650,68,130.55
2026-07-02,2026-07-28,1340.0,PE,162450,37050,695,23.45
2026-07-02,2026-07-28,1360.0,CE,39425,-12825,192,114.5
2026-07-02,2026-07-28,1360.0,PE,312550,18525,1148,29.05
2026-07-02,2026-07-28,1380.0,CE,91200,-72200,790,99.3
2026-07-02,2026-07-28,1380.0,PE,161025,-27550,1231,36.0
2026-07-02,2026-07-28,1400.0,CE,659300,-28025,4991,87.55
2026-07-02,2026-07-28,1400.0,PE,623200,36100,2467,43.3
2026-07-02,2026-07-28,1420.0,CE,174325,-57475,3137,76.6
2026-07-02,2026-07-28,1420.0,PE,95950,-20900,1337,52.6
2026-07-02,2026-07-28,1440.0,CE,516325,264575,6574,66.3
2026-07-02,2026-07-28,1440.0,PE,181925,83600,1993,61.65
2026-07-02,2026-07-28,1460.0,CE,378575,28975,5064,58.6
2026-07-02,2026-07-28,1460.0,PE,136325,-8075,838,72.7
2026-07-02,2026-07-28,1480.0,CE,231325,24700,1854,49.3
2026-07-02,2026-07-28,1480.0,PE,79325,-475,391,84.7
2026-07-02,2026-07-28,1500.0,CE,1738975,-6175,6573,41.9
2026-07-02,2026-07-28,1500.0,PE,216125,-16150,490,97.2
2026-07-02,2026-07-28,1520.0,CE,197125,-15675,1146,35.65
2026-07-02,2026-07-28,1520.0,PE,47025,-23275,158,105.0
2026-07-02,2026-07-28,1540.0,CE,170050,11400,1167,30.1
2026-07-02,2026-07-28,1540.0,PE,21850,-18050,76,124.6
2026-07-02,2026-07-28,1560.0,CE,110200,-17575,768,25.1
2026-07-02,2026-07-28,1560.0,PE,14725,8550,52,139.9
2026-07-02,2026-07-28,1580.0,CE,89775,3325,412,21.2
2026-07-02,2026-07-28,1580.0,PE,1900,0,0,201.6
2026-07-02,2026-07-28,1600.0,CE,460750,-5225,2528,17.25
2026-07-02,2026-07-28,1600.0,PE,55100,5225,45,173.55
2026-07-02,2026-07-28,1620.0,CE,129200,80750,891,14.25
2026-07-02,2026-07-28,1620.0,PE,17575,0,4,188.75
2026-07-02,2026-07-28,1640.0,CE,68400,11875,383,11.3
2026-07-02,2026-07-28,1640.0,PE,5700,0,0,171.3
2026-07-02,2026-07-28,1660.0,CE,62700,-24225,442,9.25
2026-07-02,2026-07-28,1660.0,PE,475,0,0,267.4
2026-07-02,2026-07-28,1680.0,CE,24700,-4275,157,7.45
2026-07-02,2026-07-28,1680.0,PE,43700,0,0,288.95
2026-07-02,2026-07-28,1700.0,CE,392350,166250,2048,5.85
2026-07-02,2026-07-28,1700.0,PE,76000,0,3,250.0
2026-07-02,2026-07-28,1720.0,CE,104975,75525,485,4.85
2026-07-02,2026-07-28,1720.0,PE,9975,3325,61,266.9
2026-07-02,2026-07-28,1740.0,CE,302575,160075,1174,3.65
2026-07-02,2026-07-28,1740.0,PE,29925,28025,76,294.45
2026-07-02,2026-08-25,1160.0,CE,0,0,0,307.05
2026-07-02,2026-08-25,1160.0,PE,0,0,0,27.1
2026-07-02,2026-08-25,1200.0,CE,0,0,0,276.45
2026-07-02,2026-08-25,1200.0,PE,0,0,0,35.95
2026-07-02,2026-08-25,1240.0,CE,0,0,0,247.7
2026-07-02,2026-08-25,1240.0,PE,0,0,0,46.6
2026-07-02,2026-08-25,1260.0,CE,0,0,0,242.35
2026-07-02,2026-08-25,1260.0,PE,0,0,0,24.7
2026-07-02,2026-08-25,1280.0,CE,475,0,0,140.85
2026-07-02,2026-08-25,1280.0,PE,0,0,0,59.05
2026-07-02,2026-08-25,1300.0,CE,0,0,0,212.15
2026-07-02,2026-08-25,1300.0,PE,0,0,0,34.15
2026-07-02,2026-08-25,1320.0,CE,0,0,0,195.8
2026-07-02,2026-08-25,1320.0,PE,0,0,0,73.5
2026-07-02,2026-08-25,1340.0,CE,0,0,0,184.05
2026-07-02,2026-08-25,1340.0,PE,0,0,0,45.65
2026-07-02,2026-08-25,1360.0,CE,0,0,0,172.85
2026-07-02,2026-08-25,1360.0,PE,2850,0,1,55.0
2026-07-02,2026-08-25,1380.0,CE,0,0,0,158.4
2026-07-02,2026-08-25,1380.0,PE,2375,0,0,93.1
2026-07-02,2026-08-25,1400.0,CE,22800,475,14,100.45
2026-07-02,2026-08-25,1400.0,PE,27075,0,9,69.95
2026-07-02,2026-08-25,1420.0,CE,0,0,0,135.15
2026-07-02,2026-08-25,1420.0,PE,0,0,0,76.0
2026-07-02,2026-08-25,1440.0,CE,7125,0,0,62.0
2026-07-02,2026-08-25,1440.0,PE,0,0,0,128.75
2026-07-02,2026-08-25,1460.0,CE,0,0,0,114.4
2026-07-02,2026-08-25,1460.0,PE,0,0,0,94.85
2026-07-02,2026-08-25,1480.0,CE,8550,-475,2,69.5
2026-07-02,2026-08-25,1480.0,PE,5700,0,0,154.3
2026-07-02,2026-08-25,1500.0,CE,3800,1900,6,60.0
2026-07-02,2026-08-25,1500.0,PE,475,475,1,122.05
2026-07-02,2026-08-25,1520.0,CE,2375,0,0,37.25
2026-07-02,2026-08-25,1520.0,PE,0,0,0,175.05
2026-07-02,2026-08-25,1540.0,CE,0,0,0,79.95
2026-07-02,2026-08-25,1540.0,PE,0,0,0,139.65
2026-07-02,2026-08-25,1560.0,CE,0,0,0,86.65
2026-07-02,2026-08-25,1560.0,PE,0,0,0,200.8
2026-07-02,2026-08-25,1580.0,CE,0,0,0,66.05
2026-07-02,2026-08-25,1580.0,PE,0,0,0,165.35
2026-07-02,2026-08-25,1600.0,CE,475,0,0,74.55
2026-07-02,2026-08-25,1600.0,PE,0,0,0,228.1
2026-07-02,2026-08-25,1620.0,CE,0,0,0,54.15
2026-07-02,2026-08-25,1620.0,PE,0,0,0,193.1
2026-07-02,2026-08-25,1640.0,CE,0,0,0,63.95
2026-07-02,2026-08-25,1640.0,PE,0,0,0,256.9
2026-07-02,2026-09-29,1120.0,CE,0,0,0,377.9
2026-07-02,2026-09-29,1120.0,PE,0,0,0,15.05
2026-07-02,2026-09-29,1200.0,CE,0,0,0,312.2
2026-07-02,2026-09-29,1200.0,PE,0,0,0,28.1
2026-07-02,2026-09-29,1240.0,CE,0,0,0,281.7
2026-07-02,2026-09-29,1240.0,PE,0,0,0,37.0
2026-07-02,2026-09-29,1280.0,CE,0,0,0,253.0
2026-07-02,2026-09-29,1280.0,PE,0,0,0,47.65
2026-07-02,2026-09-29,1320.0,CE,0,0,0,226.0
2026-07-02,2026-09-29,1320.0,PE,0,0,0,60.05
2026-07-02,2026-09-29,1360.0,CE,0,0,0,201.05
2026-07-02,2026-09-29,1360.0,PE,0,0,0,74.45
2026-07-02,2026-09-29,1400.0,CE,0,0,0,177.95
2026-07-02,2026-09-29,1400.0,PE,0,0,0,90.8
2026-07-02,2026-09-29,1440.0,CE,0,0,0,156.85
2026-07-02,2026-09-29,1440.0,PE,0,0,0,109.05
2026-07-02,2026-09-29,1480.0,CE,0,0,0,137.6
2026-07-02,2026-09-29,1480.0,PE,0,0,0,129.2
2026-07-02,2026-09-29,1520.0,CE,0,0,0,120.25
2026-07-02,2026-09-29,1520.0,PE,0,0,0,151.25
2026-07-02,2026-09-29,1560.0,CE,0,0,0,104.65
2026-07-02,2026-09-29,1560.0,PE,0,0,0,175.0
2026-07-02,2026-09-29,1600.0,CE,0,0,0,90.7
2026-07-02,2026-09-29,1600.0,PE,0,0,0,200.45
2026-07-02,2026-09-29,1640.0,CE,0,0,0,78.3
2026-07-02,2026-09-29,1640.0,PE,0,0,0,227.45
2026-07-03,2026-07-28,960.0,PE,5225,0,0,0.45
2026-07-03,2026-07-28,1160.0,CE,0,0,0,134.15
2026-07-03,2026-07-28,1160.0,PE,5225,5225,22,2.35
2026-07-03,2026-07-28,1200.0,CE,12350,0,0,252.3
2026-07-03,2026-07-28,1200.0,PE,201400,-17575,199,3.75
2026-07-03,2026-07-28,1220.0,CE,1425,0,0,292.8
2026-07-03,2026-07-28,1220.0,PE,25650,4750,25,4.8
2026-07-03,2026-07-28,1240.0,CE,13775,0,0,196.45
2026-07-03,2026-07-28,1240.0,PE,76000,-77425,357,6.05
2026-07-03,2026-07-28,1260.0,CE,5225,0,0,140.2
2026-07-03,2026-07-28,1260.0,PE,72200,-57000,283,7.5
2026-07-03,2026-07-28,1280.0,CE,950,0,0,168.2
2026-07-03,2026-07-28,1280.0,PE,77425,950,193,9.55
2026-07-03,2026-07-28,1300.0,CE,54150,950,117,177.45
2026-07-03,2026-07-28,1300.0,PE,317775,-52725,783,11.8
2026-07-03,2026-07-28,1320.0,CE,27550,0,0,141.2
2026-07-03,2026-07-28,1320.0,PE,229425,114475,700,14.8
2026-07-03,2026-07-28,1340.0,CE,11875,0,0,130.55
2026-07-03,2026-07-28,1340.0,PE,136800,-25650,292,18.3
2026-07-03,2026-07-28,1360.0,CE,44175,4750,73,136.1
2026-07-03,2026-07-28,1360.0,PE,288800,-23750,730,22.5
2026-07-03,2026-07-28,1380.0,CE,78375,-12825,112,114.85
2026-07-03,2026-07-28,1380.0,PE,152475,-8550,616,27.5
2026-07-03,2026-07-28,1400.0,CE,584250,-75050,733,100.6
2026-07-03,2026-07-28,1400.0,PE,671650,48450,2522,33.85
2026-07-03,2026-07-28,1420.0,CE,131575,-42750,632,87.65
2026-07-03,2026-07-28,1420.0,PE,122075,26125,903,40.7
2026-07-03,2026-07-28,1440.0,CE,455525,-60800,1300,75.95
2026-07-03,2026-07-28,1440.0,PE,251750,69825,1286,49.0
2026-07-03,2026-07-28,1460.0,CE,271225,-107350,2904,65.35
2026-07-03,2026-07-28,1460.0,PE,169575,33250,1440,57.95
2026-07-03,2026-07-28,1480.0,CE,538175,306850,4128,55.95
2026-07-03,2026-07-28,1480.0,PE,162925,83600,1382,68.25
2026-07-03,2026-07-28,1500.0,CE,1607875,-131100,6618,47.35
2026-07-03,2026-07-28,1500.0,PE,244150,28025,1215,79.7
2026-07-03,2026-07-28,1520.0,CE,247950,50825,1270,40.1
2026-07-03,2026-07-28,1520.0,PE,59375,12350,301,92.25
2026-07-03,2026-07-28,1540.0,CE,199500,29450,1146,33.2
2026-07-03,2026-07-28,1540.0,PE,20425,-1425,149,101.4
2026-07-03,2026-07-28,1560.0,CE,158175,47975,1071,27.65
2026-07-03,2026-07-28,1560.0,PE,14250,-475,3,119.75
2026-07-03,2026-07-28,1580.0,CE,66975,-22800,480,22.9
2026-07-03,2026-07-28,1580.0,PE,1900,0,0,201.6
2026-07-03,2026-07-28,1600.0,CE,491150,30400,1662,18.85
2026-07-03,2026-07-28,1600.0,PE,61750,6650,95,151.0
2026-07-03,2026-07-28,1620.0,CE,61750,-67450,592,15.6
2026-07-03,2026-07-28,1620.0,PE,19000,1425,18,160.65
2026-07-03,2026-07-28,1640.0,CE,75050,6650,226,12.65
2026-07-03,2026-07-28,1640.0,PE,5700,0,0,171.3
2026-07-03,2026-07-28,1660.0,CE,63650,950,270,10.3
2026-07-03,2026-07-28,1660.0,PE,475,0,0,267.4
2026-07-03,2026-07-28,1680.0,CE,33250,8550,133,8.55
2026-07-03,2026-07-28,1680.0,PE,43700,0,0,288.95
2026-07-03,2026-07-28,1700.0,CE,343900,-48450,952,6.9
2026-07-03,2026-07-28,1700.0,PE,77425,1425,7,238.5
2026-07-03,2026-07-28,1720.0,CE,94525,-10450,144,5.65
2026-07-03,2026-07-28,1720.0,PE,9500,-475,2,235.15
2026-07-03,2026-07-28,1740.0,CE,298300,-4275,980,4.55
2026-07-03,2026-07-28,1740.0,PE,29925,0,0,294.45
2026-07-03,2026-08-25,1160.0,CE,0,0,0,307.05
2026-07-03,2026-08-25,1160.0,PE,0,0,0,27.1
2026-07-03,2026-08-25,1200.0,CE,0,0,0,276.45
2026-07-03,2026-08-25,1200.0,PE,0,0,0,35.95
2026-07-03,2026-08-25,1240.0,CE,0,0,0,247.7
2026-07-03,2026-08-25,1240.0,PE,950,950,2,17.4
2026-07-03,2026-08-25,1260.0,CE,0,0,0,242.35
2026-07-03,2026-08-25,1260.0,PE,950,950,2,20.35
2026-07-03,2026-08-25,1280.0,CE,475,0,0,140.85
2026-07-03,2026-08-25,1280.0,PE,2375,2375,6,24.1
2026-07-03,2026-08-25,1300.0,CE,0,0,0,212.15
2026-07-03,2026-08-25,1300.0,PE,0,0,0,34.15
2026-07-03,2026-08-25,1320.0,CE,0,0,0,195.8
2026-07-03,2026-08-25,1320.0,PE,0,0,0,73.5
2026-07-03,2026-08-25,1340.0,CE,0,0,0,184.05
2026-07-03,2026-08-25,1340.0,PE,0,0,0,45.65
2026-07-03,2026-08-25,1360.0,CE,0,0,0,172.85
2026-07-03,2026-08-25,1360.0,PE,3800,950,2,37.0
2026-07-03,2026-08-25,1380.0,CE,0,0,0,158.4
2026-07-03,2026-08-25,1380.0,PE,2375,0,0,93.1
2026-07-03,2026-08-25,1400.0,CE,21850,-950,16,120.35
2026-07-03,2026-08-25,1400.0,PE,33250,6175,43,61.05
2026-07-03,2026-08-25,1420.0,CE,0,0,0,135.15
2026-07-03,2026-08-25,1420.0,PE,0,0,0,76.0
2026-07-03,2026-08-25,1440.0,CE,7125,0,4,98.45
2026-07-03,2026-08-25,1440.0,PE,0,0,0,128.75
2026-07-03,2026-08-25,1460.0,CE,0,0,0,114.4
2026-07-03,2026-08-25,1460.0,PE,0,0,0,94.85
2026-07-03,2026-08-25,1480.0,CE,8550,0,0,69.5
2026-07-03,2026-08-25,1480.0,PE,5700,0,0,154.3
2026-07-03,2026-08-25,1500.0,CE,59850,56050,283,68.15
2026-07-03,2026-08-25,1500.0,PE,475,0,0,122.05
2026-07-03,2026-08-25,1520.0,CE,2375,0,0,37.25
2026-07-03,2026-08-25,1520.0,PE,0,0,0,175.05
2026-07-03,2026-08-25,1540.0,CE,0,0,0,79.95
2026-07-03,2026-08-25,1540.0,PE,0,0,0,139.65
2026-07-03,2026-08-25,1560.0,CE,0,0,0,86.65
2026-07-03,2026-08-25,1560.0,PE,0,0,0,200.8
2026-07-03,2026-08-25,1580.0,CE,0,0,0,66.05
2026-07-03,2026-08-25,1580.0,PE,0,0,0,165.35
2026-07-03,2026-08-25,1600.0,CE,107825,107350,466,38.0
2026-07-03,2026-08-25,1600.0,PE,6175,6175,13,172.65
2026-07-03,2026-08-25,1620.0,CE,0,0,0,54.15
2026-07-03,2026-08-25,1620.0,PE,0,0,0,193.1
2026-07-03,2026-08-25,1640.0,CE,27550,27550,65,30.0
2026-07-03,2026-08-25,1640.0,PE,0,0,0,256.9
2026-07-03,2026-09-29,1120.0,CE,0,0,0,377.9
2026-07-03,2026-09-29,1120.0,PE,0,0,0,15.05
2026-07-03,2026-09-29,1200.0,CE,0,0,0,312.2
2026-07-03,2026-09-29,1200.0,PE,0,0,0,28.1
2026-07-03,2026-09-29,1240.0,CE,0,0,0,281.7
2026-07-03,2026-09-29,1240.0,PE,0,0,0,37.0
2026-07-03,2026-09-29,1280.0,CE,0,0,0,253.0
2026-07-03,2026-09-29,1280.0,PE,0,0,0,47.65
2026-07-03,2026-09-29,1320.0,CE,0,0,0,226.0
2026-07-03,2026-09-29,1320.0,PE,0,0,0,60.05
2026-07-03,2026-09-29,1360.0,CE,0,0,0,201.05
2026-07-03,2026-09-29,1360.0,PE,0,0,0,74.45
2026-07-03,2026-09-29,1400.0,CE,0,0,0,177.95
2026-07-03,2026-09-29,1400.0,PE,0,0,0,90.8
2026-07-03,2026-09-29,1440.0,CE,0,0,0,156.85
2026-07-03,2026-09-29,1440.0,PE,0,0,0,109.05
2026-07-03,2026-09-29,1480.0,CE,0,0,0,137.6
2026-07-03,2026-09-29,1480.0,PE,0,0,0,129.2
2026-07-03,2026-09-29,1520.0,CE,0,0,0,120.25
2026-07-03,2026-09-29,1520.0,PE,0,0,0,151.25
2026-07-03,2026-09-29,1560.0,CE,0,0,0,104.65
2026-07-03,2026-09-29,1560.0,PE,0,0,0,175.0
2026-07-03,2026-09-29,1600.0,CE,0,0,0,90.7
2026-07-03,2026-09-29,1600.0,PE,0,0,0,200.45
2026-07-03,2026-09-29,1640.0,CE,0,0,0,78.3
2026-07-03,2026-09-29,1640.0,PE,0,0,0,227.45
2026-07-03,2026-09-29,1680.0,CE,0,0,0,67.35
2026-07-03,2026-09-29,1680.0,PE,0,0,0,255.9
2026-07-07,2026-07-28,960.0,PE,5225,0,0,0.45
2026-07-07,2026-07-28,1160.0,CE,0,0,0,134.15
2026-07-07,2026-07-28,1160.0,PE,5225,475,9,1.35
2026-07-07,2026-07-28,1200.0,CE,12350,0,0,252.3
2026-07-07,2026-07-28,1200.0,PE,141075,-56050,236,1.75
2026-07-07,2026-07-28,1220.0,CE,1425,0,0,292.8
2026-07-07,2026-07-28,1220.0,PE,24700,-950,16,3.15
2026-07-07,2026-07-28,1240.0,CE,13775,0,0,196.45
2026-07-07,2026-07-28,1240.0,PE,68400,-9025,38,2.6
2026-07-07,2026-07-28,1260.0,CE,5225,0,0,140.2
2026-07-07,2026-07-28,1260.0,PE,56050,-9500,81,3.5
2026-07-07,2026-07-28,1280.0,CE,950,0,0,168.2
2026-07-07,2026-07-28,1280.0,PE,75525,475,114,4.6
2026-07-07,2026-07-28,1300.0,CE,51775,-475,4,211.2
2026-07-07,2026-07-28,1300.0,PE,279775,-33725,410,5.7
2026-07-07,2026-07-28,1320.0,CE,27550,0,0,141.2
2026-07-07,2026-07-28,1320.0,PE,234650,6175,147,7.2
2026-07-07,2026-07-28,1340.0,CE,11875,0,0,130.55
2026-07-07,2026-07-28,1340.0,PE,138700,-475,166,9.15
2026-07-07,2026-07-28,1360.0,CE,44650,0,9,167.65
2026-07-07,2026-07-28,1360.0,PE,181450,-84075,582,11.65
2026-07-07,2026-07-28,1380.0,CE,73150,-5700,37,151.15
2026-07-07,2026-07-28,1380.0,PE,144400,-23275,175,14.8
2026-07-07,2026-07-28,1400.0,CE,536750,-45600,426,132.95
2026-07-07,2026-07-28,1400.0,PE,742425,30875,1604,18.4
2026-07-07,2026-07-28,1420.0,CE,113525,-12825,70,116.45
2026-07-07,2026-07-28,1420.0,PE,125875,-18050,588,22.9
2026-07-07,2026-07-28,1440.0,CE,429875,-24700,387,103.55
2026-07-07,2026-07-28,1440.0,PE,326800,42750,653,28.3
2026-07-07,2026-07-28,1460.0,CE,256975,-16625,574,89.75
2026-07-07,2026-07-28,1460.0,PE,352450,144400,897,34.85
2026-07-07,2026-07-28,1480.0,CE,536275,-27075,1208,77.4
2026-07-07,2026-07-28,1480.0,PE,255075,41800,790,42.3
2026-07-07,2026-07-28,1500.0,CE,1579375,-16625,8435,65.9
2026-07-07,2026-07-28,1500.0,PE,337250,68875,1606,51.1
2026-07-07,2026-07-28,1520.0,CE,375725,86925,4145,56.0
2026-07-07,2026-07-28,1520.0,PE,140600,57950,607,61.25
2026-07-07,2026-07-28,1540.0,CE,247950,36100,1699,47.05
2026-07-07,2026-07-28,1540.0,PE,48925,29450,167,71.85
2026-07-07,2026-07-28,1560.0,CE,209475,36100,1106,39.45
2026-07-07,2026-07-28,1560.0,PE,43700,29450,160,84.15
2026-07-07,2026-07-28,1580.0,CE,97850,20900,710,32.6
2026-07-07,2026-07-28,1580.0,PE,6175,4275,25,97.6
2026-07-07,2026-07-28,1600.0,CE,564775,47975,2558,26.6
2026-07-07,2026-07-28,1600.0,PE,117325,55575,266,111.25
2026-07-07,2026-07-28,1620.0,CE,66975,6175,303,21.7
2026-07-07,2026-07-28,1620.0,PE,19000,0,0,160.65
2026-07-07,2026-07-28,1640.0,CE,115900,21850,295,17.75
2026-07-07,2026-07-28,1640.0,PE,5700,0,0,171.3
2026-07-07,2026-07-28,1660.0,CE,70775,1900,215,14.15
2026-07-07,2026-07-28,1660.0,PE,475,0,0,267.4
2026-07-07,2026-07-28,1680.0,CE,48925,9025,105,11.3
2026-07-07,2026-07-28,1680.0,PE,43700,0,0,288.95
2026-07-07,2026-07-28,1700.0,CE,356725,31825,1172,8.9
2026-07-07,2026-07-28,1700.0,PE,88825,11875,38,200.0
2026-07-07,2026-07-28,1720.0,CE,104025,11875,92,7.05
2026-07-07,2026-07-28,1720.0,PE,9025,-475,1,208.0
2026-07-07,2026-07-28,1740.0,CE,324900,20900,563,5.45
2026-07-07,2026-07-28,1740.0,PE,29925,0,0,294.45
2026-07-07,2026-08-25,1160.0,CE,0,0,0,307.05
2026-07-07,2026-08-25,1160.0,PE,0,0,0,27.1
2026-07-07,2026-08-25,1200.0,CE,0,0,0,276.45
2026-07-07,2026-08-25,1200.0,PE,0,0,0,35.95
2026-07-07,2026-08-25,1240.0,CE,0,0,0,247.7
2026-07-07,2026-08-25,1240.0,PE,950,0,0,17.4
2026-07-07,2026-08-25,1260.0,CE,0,0,0,242.35
2026-07-07,2026-08-25,1260.0,PE,2850,1900,10,14.0
2026-07-07,2026-08-25,1280.0,CE,475,0,0,140.85
2026-07-07,2026-08-25,1280.0,PE,4275,0,0,22.4
2026-07-07,2026-08-25,1300.0,CE,0,0,0,212.15
2026-07-07,2026-08-25,1300.0,PE,1900,1900,4,20.6
2026-07-07,2026-08-25,1320.0,CE,0,0,0,195.8
2026-07-07,2026-08-25,1320.0,PE,0,0,0,73.5
2026-07-07,2026-08-25,1340.0,CE,0,0,0,184.05
2026-07-07,2026-08-25,1340.0,PE,0,0,0,45.65
2026-07-07,2026-08-25,1360.0,CE,0,0,0,172.85
2026-07-07,2026-08-25,1360.0,PE,6175,2375,15,34.3
2026-07-07,2026-08-25,1380.0,CE,0,0,0,158.4
2026-07-07,2026-08-25,1380.0,PE,2375,0,0,93.1
2026-07-07,2026-08-25,1400.0,CE,20425,0,1,140.0
2026-07-07,2026-08-25,1400.0,PE,52250,14725,41,41.55
2026-07-07,2026-08-25,1420.0,CE,0,0,0,135.15
2026-07-07,2026-08-25,1420.0,PE,0,0,0,76.0
2026-07-07,2026-08-25,1440.0,CE,7600,475,4,118.45
2026-07-07,2026-08-25,1440.0,PE,0,0,0,128.75
2026-07-07,2026-08-25,1460.0,CE,0,0,0,114.4
2026-07-07,2026-08-25,1460.0,PE,0,0,0,94.85
2026-07-07,2026-08-25,1480.0,CE,8550,0,10,99.0
2026-07-07,2026-08-25,1480.0,PE,7600,1900,12,73.3
2026-07-07,2026-08-25,1500.0,CE,68400,5225,113,87.55
2026-07-07,2026-08-25,1500.0,PE,3325,2850,8,81.6
2026-07-07,2026-08-25,1520.0,CE,2375,0,0,37.25
2026-07-07,2026-08-25,1520.0,PE,0,0,0,175.05
2026-07-07,2026-08-25,1540.0,CE,0,0,0,79.95
2026-07-07,2026-08-25,1540.0,PE,0,0,0,139.65
2026-07-07,2026-08-25,1560.0,CE,0,0,0,86.65
2026-07-07,2026-08-25,1560.0,PE,0,0,0,200.8
2026-07-07,2026-08-25,1580.0,CE,0,0,0,66.05
2026-07-07,2026-08-25,1580.0,PE,0,0,0,165.35
2026-07-07,2026-08-25,1600.0,CE,117800,950,75,49.3
2026-07-07,2026-08-25,1600.0,PE,9500,950,4,147.75
2026-07-07,2026-08-25,1620.0,CE,0,0,0,54.15
2026-07-07,2026-08-25,1620.0,PE,0,0,0,193.1
2026-07-07,2026-08-25,1640.0,CE,37525,1900,21,37.95
2026-07-07,2026-08-25,1640.0,PE,0,0,0,256.9
2026-07-07,2026-08-25,1680.0,CE,23275,23275,49,30.45
2026-07-07,2026-08-25,1680.0,PE,0,0,0,287.05
2026-07-07,2026-09-29,1120.0,CE,0,0,0,377.9
2026-07-07,2026-09-29,1120.0,PE,0,0,0,15.05
2026-07-07,2026-09-29,1200.0,CE,0,0,0,312.2
2026-07-07,2026-09-29,1200.0,PE,0,0,0,28.1
2026-07-07,2026-09-29,1240.0,CE,0,0,0,281.7
2026-07-07,2026-09-29,1240.0,PE,0,0,0,37.0
2026-07-07,2026-09-29,1280.0,CE,0,0,0,253.0
2026-07-07,2026-09-29,1280.0,PE,0,0,0,47.65
2026-07-07,2026-09-29,1320.0,CE,0,0,0,226.0
2026-07-07,2026-09-29,1320.0,PE,0,0,0,60.05
2026-07-07,2026-09-29,1360.0,CE,0,0,0,201.05
2026-07-07,2026-09-29,1360.0,PE,0,0,0,74.45
2026-07-07,2026-09-29,1400.0,CE,0,0,0,177.95
2026-07-07,2026-09-29,1400.0,PE,0,0,0,90.8
2026-07-07,2026-09-29,1440.0,CE,0,0,0,156.85
2026-07-07,2026-09-29,1440.0,PE,0,0,0,109.05
2026-07-07,2026-09-29,1480.0,CE,0,0,0,137.6
2026-07-07,2026-09-29,1480.0,PE,0,0,0,129.2
2026-07-07,2026-09-29,1520.0,CE,0,0,0,120.25
2026-07-07,2026-09-29,1520.0,PE,0,0,0,151.25
2026-07-07,2026-09-29,1560.0,CE,0,0,0,104.65
2026-07-07,2026-09-29,1560.0,PE,0,0,0,175.0
2026-07-07,2026-09-29,1600.0,CE,0,0,0,90.7
2026-07-07,2026-09-29,1600.0,PE,0,0,0,200.45
2026-07-07,2026-09-29,1640.0,CE,0,0,0,78.3
2026-07-07,2026-09-29,1640.0,PE,0,0,0,227.45
2026-07-07,2026-09-29,1680.0,CE,0,0,0,67.35
2026-07-07,2026-09-29,1680.0,PE,0,0,0,255.9
2026-07-07,2026-09-29,1760.0,CE,0,0,0,49.5
2026-07-07,2026-09-29,1760.0,PE,0,0,0,316.8
2026-07-08,2026-07-28,960.0,PE,5225,0,0,0.45
2026-07-08,2026-07-28,1160.0,CE,1425,1425,3,281.05
2026-07-08,2026-07-28,1160.0,PE,16625,11400,26,3.05
2026-07-08,2026-07-28,1200.0,CE,12350,0,2,249.45
2026-07-08,2026-07-28,1200.0,PE,129675,-11400,236,3.9
2026-07-08,2026-07-28,1220.0,CE,1425,0,0,292.8
2026-07-08,2026-07-28,1220.0,PE,33250,8550,67,4.8
2026-07-08,2026-07-28,1240.0,CE,13775,0,0,196.45
2026-07-08,2026-07-28,1240.0,PE,64600,-3800,141,6.3
2026-07-08,2026-07-28,1260.0,CE,5225,0,0,140.2
2026-07-08,2026-07-28,1260.0,PE,57475,1425,148,8.45
2026-07-08,2026-07-28,1280.0,CE,950,0,0,168.2
2026-07-08,2026-07-28,1280.0,PE,77425,1900,255,10.85
2026-07-08,2026-07-28,1300.0,CE,110675,58900,240,158.7
2026-07-08,2026-07-28,1300.0,PE,271700,-8075,907,13.9
2026-07-08,2026-07-28,1320.0,CE,27550,0,0,141.2
2026-07-08,2026-07-28,1320.0,PE,231800,-2850,387,17.45
2026-07-08,2026-07-28,1340.0,CE,11875,0,0,130.55
2026-07-08,2026-07-28,1340.0,PE,110200,-28500,411,22.75
2026-07-08,2026-07-28,1360.0,CE,44650,0,16,113.25
2026-07-08,2026-07-28,1360.0,PE,173375,-8075,391,26.75
2026-07-08,2026-07-28,1380.0,CE,75525,2375,57,97.05
2026-07-08,2026-07-28,1380.0,PE,140125,-4275,327,33.05
2026-07-08,2026-07-28,1400.0,CE,626050,89300,740,85.7
2026-07-08,2026-07-28,1400.0,PE,656450,-85975,1747,40.55
2026-07-08,2026-07-28,1420.0,CE,116375,2850,227,74.35
2026-07-08,2026-07-28,1420.0,PE,117325,-8550,613,48.65
2026-07-08,2026-07-28,1440.0,CE,457900,28025,550,63.35
2026-07-08,2026-07-28,1440.0,PE,282625,-44175,1078,57.9
2026-07-08,2026-07-28,1460.0,CE,361950,104975,1083,53.8
2026-07-08,2026-07-28,1460.0,PE,321100,-31350,1464,68.5
2026-07-08,2026-07-28,1480.0,CE,578075,41800,1572,44.95
2026-07-08,2026-07-28,1480.0,PE,208050,-47025,1050,80.2
2026-07-08,2026-07-28,1500.0,CE,1853925,274550,5189,38.0
2026-07-08,2026-07-28,1500.0,PE,263150,-74100,1196,91.85
2026-07-08,2026-07-28,1520.0,CE,415150,39425,1414,31.5
2026-07-08,2026-07-28,1520.0,PE,148200,7600,365,105.0
2026-07-08,2026-07-28,1540.0,CE,276925,28975,1239,25.85
2026-07-08,2026-07-28,1540.0,PE,43700,-5225,70,118.75
2026-07-08,2026-07-28,1560.0,CE,230850,21375,895,21.05
2026-07-08,2026-07-28,1560.0,PE,38000,-5700,20,133.45
2026-07-08,2026-07-28,1580.0,CE,114475,16625,535,17.2
2026-07-08,2026-07-28,1580.0,PE,5700,-475,3,149.05
2026-07-08,2026-07-28,1600.0,CE,610375,45600,1676,13.9
2026-07-08,2026-07-28,1600.0,PE,112575,-4750,28,167.75
2026-07-08,2026-07-28,1620.0,CE,66975,0,495,11.15
2026-07-08,2026-07-28,1620.0,PE,19475,475,2,184.4
2026-07-08,2026-07-28,1640.0,CE,104975,-10925,244,9.0
2026-07-08,2026-07-28,1640.0,PE,5700,0,0,171.3
2026-07-08,2026-07-28,1660.0,CE,77425,6650,285,7.3
2026-07-08,2026-07-28,1660.0,PE,475,0,0,267.4
2026-07-08,2026-07-28,1680.0,CE,43225,-5700,165,5.85
2026-07-08,2026-07-28,1680.0,PE,43700,0,1,237.1
2026-07-08,2026-07-28,1700.0,CE,266475,-90250,880,4.65
2026-07-08,2026-07-28,1700.0,PE,91675,2850,9,255.8
2026-07-08,2026-07-28,1720.0,CE,93100,-10925,82,3.85
2026-07-08,2026-07-28,1720.0,PE,8550,-475,1,274.85
2026-07-08,2026-07-28,1740.0,CE,276925,-47975,452,3.05
2026-07-08,2026-07-28,1740.0,PE,29450,-475,1,293.8
2026-07-08,2026-08-25,1160.0,CE,0,0,0,307.05
2026-07-08,2026-08-25,1160.0,PE,475,475,1,3.9
2026-07-08,2026-08-25,1200.0,CE,0,0,0,276.45
2026-07-08,2026-08-25,1200.0,PE,0,0,0,35.95
2026-07-08,2026-08-25,1220.0,CE,0,0,0,274.6
2026-07-08,2026-08-25,1220.0,PE,0,0,0,17.35
2026-07-08,2026-08-25,1240.0,CE,0,0,0,247.7
2026-07-08,2026-08-25,1240.0,PE,14725,13775,48,20.3
2026-07-08,2026-08-25,1260.0,CE,0,0,0,242.35
2026-07-08,2026-08-25,1260.0,PE,4275,1425,4,19.85
2026-07-08,2026-08-25,1280.0,CE,475,0,0,140.85
2026-07-08,2026-08-25,1280.0,PE,4275,0,0,22.4
2026-07-08,2026-08-25,1300.0,CE,0,0,0,212.15
2026-07-08,2026-08-25,1300.0,PE,8550,6650,19,33.05
2026-07-08,2026-08-25,1320.0,CE,0,0,0,195.8
2026-07-08,2026-08-25,1320.0,PE,0,0,0,73.5
2026-07-08,2026-08-25,1340.0,CE,0,0,0,184.05
2026-07-08,2026-08-25,1340.0,PE,950,950,2,39.9
2026-07-08,2026-08-25,1360.0,CE,0,0,0,172.85
2026-07-08,2026-08-25,1360.0,PE,12350,6175,20,51.2
2026-07-08,2026-08-25,1380.0,CE,0,0,0,158.4
2026-07-08,2026-08-25,1380.0,PE,2375,0,0,93.1
2026-07-08,2026-08-25,1400.0,CE,20425,0,21,104.7
2026-07-08,2026-08-25,1400.0,PE,55575,3325,35,72.0
2026-07-08,2026-08-25,1420.0,CE,0,0,0,135.15
2026-07-08,2026-08-25,1420.0,PE,0,0,0,76.0
2026-07-08,2026-08-25,1440.0,CE,12350,4750,16,78.0
2026-07-08,2026-08-25,1440.0,PE,0,0,0,128.75
2026-07-08,2026-08-25,1460.0,CE,0,0,0,114.4
2026-07-08,2026-08-25,1460.0,PE,0,0,0,94.85
2026-07-08,2026-08-25,1480.0,CE,8550,0,0,99.0
2026-07-08,2026-08-25,1480.0,PE,7600,0,2,94.1
2026-07-08,2026-08-25,1500.0,CE,72675,4275,51,59.35
2026-07-08,2026-08-25,1500.0,PE,5700,2375,9,122.75
2026-07-08,2026-08-25,1520.0,CE,2850,475,5,50.0
2026-07-08,2026-08-25,1520.0,PE,0,0,0,175.05
2026-07-08,2026-08-25,1540.0,CE,0,0,0,79.95
2026-07-08,2026-08-25,1540.0,PE,0,0,0,139.65
2026-07-08,2026-08-25,1560.0,CE,3325,3325,8,39.1
2026-07-08,2026-08-25,1560.0,PE,0,0,0,200.8
2026-07-08,2026-08-25,1580.0,CE,0,0,0,66.05
2026-07-08,2026-08-25,1580.0,PE,0,0,0,165.35
2026-07-08,2026-08-25,1600.0,CE,120650,2850,91,32.5
2026-07-08,2026-08-25,1600.0,PE,9500,0,9,173.3
2026-07-08,2026-08-25,1620.0,CE,0,0,0,54.15
2026-07-08,2026-08-25,1620.0,PE,0,0,0,193.1
2026-07-08,2026-08-25,1640.0,CE,36100,-1425,17,24.55
2026-07-08,2026-08-25,1640.0,PE,0,0,0,256.9
2026-07-08,2026-08-25,1660.0,CE,0,0,0,44.15
2026-07-08,2026-08-25,1660.0,PE,0,0,0,222.75
2026-07-08,2026-08-25,1680.0,CE,22325,-950,25,18.85
2026-07-08,2026-08-25,1680.0,PE,0,0,0,287.05
2026-07-08,2026-08-25,1720.0,CE,5700,5700,12,14.3
2026-07-08,2026-08-25,1720.0,PE,0,0,0,318.35
2026-07-08,2026-09-29,1120.0,CE,0,0,0,377.9
2026-07-08,2026-09-29,1120.0,PE,0,0,0,15.05
2026-07-08,2026-09-29,1200.0,CE,0,0,0,312.2
2026-07-08,2026-09-29,1200.0,PE,0,0,0,28.1
2026-07-08,2026-09-29,1240.0,CE,0,0,0,281.7
2026-07-08,2026-09-29,1240.0,PE,0,0,0,37.0
2026-07-08,2026-09-29,1280.0,CE,0,0,0,253.0
2026-07-08,2026-09-29,1280.0,PE,0,0,0,47.65
2026-07-08,2026-09-29,1320.0,CE,0,0,0,226.0
2026-07-08,2026-09-29,1320.0,PE,0,0,0,60.05
2026-07-08,2026-09-29,1360.0,CE,0,0,0,201.05
2026-07-08,2026-09-29,1360.0,PE,0,0,0,74.45
2026-07-08,2026-09-29,1400.0,CE,0,0,0,177.95
2026-07-08,2026-09-29,1400.0,PE,0,0,0,90.8
2026-07-08,2026-09-29,1440.0,CE,0,0,0,156.85
2026-07-08,2026-09-29,1440.0,PE,0,0,0,109.05
2026-07-08,2026-09-29,1480.0,CE,0,0,0,137.6
2026-07-08,2026-09-29,1480.0,PE,0,0,0,129.2
2026-07-08,2026-09-29,1520.0,CE,0,0,0,120.25
2026-07-08,2026-09-29,1520.0,PE,0,0,0,151.25
2026-07-08,2026-09-29,1560.0,CE,0,0,0,104.65
2026-07-08,2026-09-29,1560.0,PE,0,0,0,175.0
2026-07-08,2026-09-29,1600.0,CE,0,0,0,90.7
2026-07-08,2026-09-29,1600.0,PE,0,0,0,200.45
2026-07-08,2026-09-29,1640.0,CE,0,0,0,78.3
2026-07-08,2026-09-29,1640.0,PE,0,0,0,227.45
2026-07-08,2026-09-29,1680.0,CE,0,0,0,67.35
2026-07-08,2026-09-29,1680.0,PE,0,0,0,255.9
2026-07-08,2026-09-29,1760.0,CE,0,0,0,49.5
2026-07-08,2026-09-29,1760.0,PE,0,0,0,316.8
2026-07-09,2026-07-28,960.0,PE,5225,0,0,0.45
2026-07-09,2026-07-28,1160.0,CE,0,-1425,3,298.5
2026-07-09,2026-07-28,1160.0,PE,16625,0,3,1.75
2026-07-09,2026-07-28,1200.0,CE,12350,0,0,249.45
2026-07-09,2026-07-28,1200.0,PE,131100,1425,139,2.8
2026-07-09,2026-07-28,1220.0,CE,1425,0,2,252.65
2026-07-09,2026-07-28,1220.0,PE,30400,-2850,45,3.3
2026-07-09,2026-07-28,1240.0,CE,13775,0,0,196.45
2026-07-09,2026-07-28,1240.0,PE,72675,8075,48,4.6
2026-07-09,2026-07-28,1260.0,CE,5225,0,0,140.2
2026-07-09,2026-07-28,1260.0,PE,47025,-10450,97,5.65
2026-07-09,2026-07-28,1280.0,CE,950,0,0,168.2
2026-07-09,2026-07-28,1280.0,PE,66975,-10450,112,7.55
2026-07-09,2026-07-28,1300.0,CE,112100,1425,25,179.35
2026-07-09,2026-07-28,1300.0,PE,245100,-26600,583,9.65
2026-07-09,2026-07-28,1320.0,CE,27550,0,0,141.2
2026-07-09,2026-07-28,1320.0,PE,232750,950,124,12.3
2026-07-09,2026-07-28,1340.0,CE,11875,0,0,130.55
2026-07-09,2026-07-28,1340.0,PE,120650,10450,305,15.75
2026-07-09,2026-07-28,1360.0,CE,52250,7600,51,128.8
2026-07-09,2026-07-28,1360.0,PE,189050,15675,419,20.15
2026-07-09,2026-07-28,1380.0,CE,79325,3800,37,114.4
2026-07-09,2026-07-28,1380.0,PE,150100,9975,369,25.05
2026-07-09,2026-07-28,1400.0,CE,634600,8550,375,101.8
2026-07-09,2026-07-28,1400.0,PE,698725,42275,951,31.0
2026-07-09,2026-07-28,1420.0,CE,111150,-5225,315,88.3
2026-07-09,2026-07-28,1420.0,PE,149150,31825,552,37.65
2026-07-09,2026-07-28,1440.0,CE,468350,10450,745,75.5
2026-07-09,2026-07-28,1440.0,PE,364800,82175,937,45.7
2026-07-09,2026-07-28,1460.0,CE,961400,599450,4294,65.2
2026-07-09,2026-07-28,1460.0,PE,290700,-30400,832,54.65
2026-07-09,2026-07-28,1480.0,CE,581400,3325,1464,55.45
2026-07-09,2026-07-28,1480.0,PE,202350,-5700,480,64.35
2026-07-09,2026-07-28,1500.0,CE,1698125,-155800,3417,46.15
2026-07-09,2026-07-28,1500.0,PE,266475,3325,374,74.9
2026-07-09,2026-07-28,1520.0,CE,423225,8075,1138,38.55
2026-07-09,2026-07-28,1520.0,PE,137275,-10925,228,87.4
2026-07-09,2026-07-28,1540.0,CE,270750,-6175,849,31.95
2026-07-09,2026-07-28,1540.0,PE,43225,-475,7,96.45
2026-07-09,2026-07-28,1560.0,CE,234175,3325,748,26.35
2026-07-09,2026-07-28,1560.0,PE,28025,-9975,32,110.3
2026-07-09,2026-07-28,1580.0,CE,117800,3325,332,21.4
2026-07-09,2026-07-28,1580.0,PE,5700,0,0,149.05
2026-07-09,2026-07-28,1600.0,CE,629850,19475,1097,17.7
2026-07-09,2026-07-28,1600.0,PE,113050,475,10,144.95
2026-07-09,2026-07-28,1620.0,CE,67450,475,150,14.25
2026-07-09,2026-07-28,1620.0,PE,19475,0,0,184.4
2026-07-09,2026-07-28,1640.0,CE,163875,58900,375,11.45
2026-07-09,2026-07-28,1640.0,PE,5700,0,0,171.3
2026-07-09,2026-07-28,1660.0,CE,102125,24700,211,9.3
2026-07-09,2026-07-28,1660.0,PE,475,0,0,267.4
2026-07-09,2026-07-28,1680.0,CE,60325,17100,123,7.3
2026-07-09,2026-07-28,1680.0,PE,43700,0,1,233.8
2026-07-09,2026-07-28,1700.0,CE,251275,-15200,351,5.7
2026-07-09,2026-07-28,1700.0,PE,91675,0,1,230.0
2026-07-09,2026-07-28,1720.0,CE,85025,-8075,117,4.6
2026-07-09,2026-07-28,1720.0,PE,8550,0,0,274.85
2026-07-09,2026-07-28,1740.0,CE,309700,32775,314,3.5
2026-07-09,2026-07-28,1740.0,PE,29450,0,0,293.8
2026-07-09,2026-08-25,1160.0,CE,0,0,0,307.05
2026-07-09,2026-08-25,1160.0,PE,475,0,0,3.9
2026-07-09,2026-08-25,1200.0,CE,0,0,0,276.45
2026-07-09,2026-08-25,1200.0,PE,0,0,0,35.95
2026-07-09,2026-08-25,1220.0,CE,0,0,0,274.6
2026-07-09,2026-08-25,1220.0,PE,0,0,0,17.35
2026-07-09,2026-08-25,1240.0,CE,0,0,0,247.7
2026-07-09,2026-08-25,1240.0,PE,14725,0,7,15.3
2026-07-09,2026-08-25,1260.0,CE,0,0,0,242.35
2026-07-09,2026-08-25,1260.0,PE,4275,0,1,17.65
2026-07-09,2026-08-25,1280.0,CE,475,0,0,140.85
2026-07-09,2026-08-25,1280.0,PE,4275,0,0,22.4
2026-07-09,2026-08-25,1300.0,CE,0,0,0,212.15
2026-07-09,2026-08-25,1300.0,PE,12350,3800,9,26.6
2026-07-09,2026-08-25,1320.0,CE,0,0,0,195.8
2026-07-09,2026-08-25,1320.0,PE,0,0,0,73.5
2026-07-09,2026-08-25,1340.0,CE,0,0,0,184.05
2026-07-09,2026-08-25,1340.0,PE,950,0,0,39.9
2026-07-09,2026-08-25,1360.0,CE,0,0,0,172.85
2026-07-09,2026-08-25,1360.0,PE,12350,0,0,51.2
2026-07-09,2026-08-25,1380.0,CE,0,0,0,158.4
2026-07-09,2026-08-25,1380.0,PE,2375,0,0,93.1
2026-07-09,2026-08-25,1400.0,CE,23275,2850,10,122.65
2026-07-09,2026-08-25,1400.0,PE,57950,2375,41,54.0
2026-07-09,2026-08-25,1420.0,CE,0,0,0,135.15
2026-07-09,2026-08-25,1420.0,PE,0,0,0,76.0
2026-07-09,2026-08-25,1440.0,CE,12825,475,1,74.75
2026-07-09,2026-08-25,1440.0,PE,0,0,0,128.75
2026-07-09,2026-08-25,1460.0,CE,0,0,0,114.4
2026-07-09,2026-08-25,1460.0,PE,0,0,0,94.85
2026-07-09,2026-08-25,1480.0,CE,8550,0,0,99.0
2026-07-09,2026-08-25,1480.0,PE,8075,475,1,88.85
2026-07-09,2026-08-25,1500.0,CE,73150,475,32,69.5
2026-07-09,2026-08-25,1500.0,PE,11400,5700,14,105.55
2026-07-09,2026-08-25,1520.0,CE,3325,475,2,56.55
2026-07-09,2026-08-25,1520.0,PE,0,0,0,175.05
2026-07-09,2026-08-25,1540.0,CE,0,0,0,79.95
2026-07-09,2026-08-25,1540.0,PE,0,0,0,139.65
2026-07-09,2026-08-25,1560.0,CE,3800,475,1,39.1
2026-07-09,2026-08-25,1560.0,PE,0,0,0,200.8
2026-07-09,2026-08-25,1580.0,CE,950,950,2,36.8
2026-07-09,2026-08-25,1580.0,PE,0,0,0,165.35
2026-07-09,2026-08-25,1600.0,CE,121125,475,9,38.15
2026-07-09,2026-08-25,1600.0,PE,10925,1425,3,168.3
2026-07-09,2026-08-25,1620.0,CE,0,0,0,54.15
2026-07-09,2026-08-25,1620.0,PE,0,0,0,193.1
2026-07-09,2026-08-25,1640.0,CE,35625,-475,2,27.9
2026-07-09,2026-08-25,1640.0,PE,0,0,0,256.9
2026-07-09,2026-08-25,1660.0,CE,0,0,0,44.15
2026-07-09,2026-08-25,1660.0,PE,0,0,0,222.75
2026-07-09,2026-08-25,1680.0,CE,22800,475,1,18.0
2026-07-09,2026-08-25,1680.0,PE,0,0,0,287.05
2026-07-09,2026-08-25,1720.0,CE,5700,0,0,14.3
2026-07-09,2026-08-25,1720.0,PE,0,0,0,318.35
2026-07-09,2026-09-29,1120.0,CE,0,0,0,377.9
2026-07-09,2026-09-29,1120.0,PE,0,0,0,15.05
2026-07-09,2026-09-29,1200.0,CE,0,0,0,312.2
2026-07-09,2026-09-29,1200.0,PE,0,0,0,28.1
2026-07-09,2026-09-29,1240.0,CE,0,0,0,281.7
2026-07-09,2026-09-29,1240.0,PE,0,0,0,37.0
2026-07-09,2026-09-29,1280.0,CE,0,0,0,253.0
2026-07-09,2026-09-29,1280.0,PE,0,0,0,47.65
2026-07-09,2026-09-29,1320.0,CE,0,0,0,226.0
2026-07-09,2026-09-29,1320.0,PE,0,0,0,60.05
2026-07-09,2026-09-29,1360.0,CE,0,0,0,201.05
2026-07-09,2026-09-29,1360.0,PE,0,0,0,74.45
2026-07-09,2026-09-29,1400.0,CE,0,0,0,177.95
2026-07-09,2026-09-29,1400.0,PE,0,0,0,90.8
2026-07-09,2026-09-29,1440.0,CE,0,0,0,156.85
2026-07-09,2026-09-29,1440.0,PE,0,0,0,109.05
2026-07-09,2026-09-29,1480.0,CE,0,0,0,137.6
2026-07-09,2026-09-29,1480.0,PE,0,0,0,129.2
2026-07-09,2026-09-29,1520.0,CE,0,0,0,120.25
2026-07-09,2026-09-29,1520.0,PE,0,0,0,151.25
2026-07-09,2026-09-29,1560.0,CE,0,0,0,104.65
2026-07-09,2026-09-29,1560.0,PE,0,0,0,175.0
2026-07-09,2026-09-29,1600.0,CE,0,0,0,90.7
2026-07-09,2026-09-29,1600.0,PE,0,0,0,200.45
2026-07-09,2026-09-29,1640.0,CE,0,0,0,78.3
2026-07-09,2026-09-29,1640.0,PE,0,0,0,227.45
2026-07-09,2026-09-29,1680.0,CE,0,0,0,67.35
2026-07-09,2026-09-29,1680.0,PE,0,0,0,255.9
2026-07-09,2026-09-29,1760.0,CE,0,0,0,49.5
2026-07-09,2026-09-29,1760.0,PE,0,0,0,316.8
2026-07-10,2026-07-28,960.0,PE,5225,0,0,0.45
2026-07-10,2026-07-28,1160.0,CE,0,0,0,298.5
2026-07-10,2026-07-28,1160.0,PE,16625,0,1,1.75
2026-07-10,2026-07-28,1200.0,CE,12350,0,0,249.45
2026-07-10,2026-07-28,1200.0,PE,123025,-8075,40,1.7
2026-07-10,2026-07-28,1220.0,CE,1425,0,0,252.65
2026-07-10,2026-07-28,1220.0,PE,29925,-475,3,2.5
2026-07-10,2026-07-28,1240.0,CE,13775,0,0,196.45
2026-07-10,2026-07-28,1240.0,PE,71725,-950,3,2.45
2026-07-10,2026-07-28,1260.0,CE,5225,0,0,140.2
2026-07-10,2026-07-28,1260.0,PE,41325,-5700,46,3.25
2026-07-10,2026-07-28,1280.0,CE,950,0,0,168.2
2026-07-10,2026-07-28,1280.0,PE,65550,-1425,88,4.35
2026-07-10,2026-07-28,1300.0,CE,110675,-1425,35,206.35
2026-07-10,2026-07-28,1300.0,PE,207575,-37525,391,5.65
2026-07-10,2026-07-28,1320.0,CE,27550,0,5,185.0
2026-07-10,2026-07-28,1320.0,PE,230850,-1900,318,7.15
2026-07-10,2026-07-28,1340.0,CE,11875,0,0,130.55
2026-07-10,2026-07-28,1340.0,PE,107825,-12825,195,9.35
2026-07-10,2026-07-28,1360.0,CE,53200,950,5,156.0
2026-07-10,2026-07-28,1360.0,PE,176700,-12350,163,12.1
2026-07-10,2026-07-28,1380.0,CE,79325,0,0,114.4
2026-07-10,2026-07-28,1380.0,PE,142975,-7125,123,15.75
2026-07-10,2026-07-28,1400.0,CE,620350,-14250,186,122.35
2026-07-10,2026-07-28,1400.0,PE,683525,-15200,952,20.1
2026-07-10,2026-07-28,1420.0,CE,93575,-17575,112,105.95
2026-07-10,2026-07-28,1420.0,PE,159600,10450,382,24.8
2026-07-10,2026-07-28,1440.0,CE,464550,-3800,249,92.4
2026-07-10,2026-07-28,1440.0,PE,370025,5225,1063,30.85
2026-07-10,2026-07-28,1460.0,CE,951900,-9500,580,80.0
2026-07-10,2026-07-28,1460.0,PE,316350,25650,625,37.9
2026-07-10,2026-07-28,1480.0,CE,545775,-35625,960,68.3
2026-07-10,2026-07-28,1480.0,PE,230850,28500,705,45.9
2026-07-10,2026-07-28,1500.0,CE,1618325,-79800,4945,57.7
2026-07-10,2026-07-28,1500.0,PE,291175,24700,1802,55.3
2026-07-10,2026-07-28,1520.0,CE,521075,97850,2969,48.3
2026-07-10,2026-07-28,1520.0,PE,168625,31350,442,65.75
2026-07-10,2026-07-28,1540.0,CE,290700,19950,1481,39.95
2026-07-10,2026-07-28,1540.0,PE,67925,24700,254,77.35
2026-07-10,2026-07-28,1560.0,CE,262675,28500,1070,32.75
2026-07-10,2026-07-28,1560.0,PE,46075,18050,142,89.85
2026-07-10,2026-07-28,1580.0,CE,111150,-6650,623,26.95
2026-07-10,2026-07-28,1580.0,PE,5700,0,0,149.05
2026-07-10,2026-07-28,1600.0,CE,603250,-26600,2969,21.7
2026-07-10,2026-07-28,1600.0,PE,112100,-950,22,119.05
2026-07-10,2026-07-28,1620.0,CE,79325,11875,255,17.4
2026-07-10,2026-07-28,1620.0,PE,19475,0,0,184.4
2026-07-10,2026-07-28,1640.0,CE,175750,11875,353,13.9
2026-07-10,2026-07-28,1640.0,PE,5700,0,0,171.3
2026-07-10,2026-07-28,1660.0,CE,97850,-4275,168,11.0
2026-07-10,2026-07-28,1660.0,PE,475,0,0,267.4
2026-07-10,2026-07-28,1680.0,CE,54150,-6175,149,8.6
2026-07-10,2026-07-28,1680.0,PE,43700,0,1,171.35
2026-07-10,2026-07-28,1700.0,CE,261725,10450,661,6.85
2026-07-10,2026-07-28,1700.0,PE,88350,-3325,22,207.5
2026-07-10,2026-07-28,1720.0,CE,75525,-9500,105,5.3
2026-07-10,2026-07-28,1720.0,PE,8075,-475,1,220.0
2026-07-10,2026-07-28,1740.0,CE,312075,2375,455,4.15
2026-07-10,2026-07-28,1740.0,PE,29450,0,0,293.8
2026-07-10,2026-08-25,1160.0,CE,0,0,0,307.05
2026-07-10,2026-08-25,1160.0,PE,475,0,0,3.9
2026-07-10,2026-08-25,1200.0,CE,0,0,0,276.45
2026-07-10,2026-08-25,1200.0,PE,0,0,0,35.95
2026-07-10,2026-08-25,1220.0,CE,0,0,0,274.6
2026-07-10,2026-08-25,1220.0,PE,0,0,0,17.35
2026-07-10,2026-08-25,1240.0,CE,0,0,0,247.7
2026-07-10,2026-08-25,1240.0,PE,14725,0,0,15.3
2026-07-10,2026-08-25,1260.0,CE,0,0,0,242.35
2026-07-10,2026-08-25,1260.0,PE,4275,0,0,17.65
2026-07-10,2026-08-25,1280.0,CE,475,0,0,140.85
2026-07-10,2026-08-25,1280.0,PE,4275,0,0,22.4
2026-07-10,2026-08-25,1300.0,CE,0,0,0,212.15
2026-07-10,2026-08-25,1300.0,PE,11875,-475,4,21.0
2026-07-10,2026-08-25,1320.0,CE,0,0,0,195.8
2026-07-10,2026-08-25,1320.0,PE,0,0,0,73.5
2026-07-10,2026-08-25,1340.0,CE,0,0,0,184.05
2026-07-10,2026-08-25,1340.0,PE,475,-475,2,28.2
2026-07-10,2026-08-25,1360.0,CE,0,0,0,172.85
2026-07-10,2026-08-25,1360.0,PE,11400,-950,4,35.0
2026-07-10,2026-08-25,1380.0,CE,0,0,0,158.4
2026-07-10,2026-08-25,1380.0,PE,2375,0,0,93.1
2026-07-10,2026-08-25,1400.0,CE,23275,0,4,140.0
2026-07-10,2026-08-25,1400.0,PE,55100,-2850,18,44.35
2026-07-10,2026-08-25,1420.0,CE,0,0,0,135.15
2026-07-10,2026-08-25,1420.0,PE,0,0,0,76.0
2026-07-10,2026-08-25,1440.0,CE,11875,-950,9,114.4
2026-07-10,2026-08-25,1440.0,PE,0,0,0,128.75
2026-07-10,2026-08-25,1460.0,CE,0,0,0,114.4
2026-07-10,2026-08-25,1460.0,PE,0,0,0,94.85
2026-07-10,2026-08-25,1480.0,CE,9025,475,8,90.2
2026-07-10,2026-08-25,1480.0,PE,9975,1900,14,79.45
2026-07-10,2026-08-25,1500.0,CE,76475,3325,88,79.85
2026-07-10,2026-08-25,1500.0,PE,21850,10450,32,89.0
2026-07-10,2026-08-25,1520.0,CE,8550,5225,15,71.5
2026-07-10,2026-08-25,1520.0,PE,0,0,0,175.05
2026-07-10,2026-08-25,1540.0,CE,0,0,0,79.95
2026-07-10,2026-08-25,1540.0,PE,0,0,0,139.65
2026-07-10,2026-08-25,1560.0,CE,3800,0,0,39.1
2026-07-10,2026-08-25,1560.0,PE,0,0,0,200.8
2026-07-10,2026-08-25,1580.0,CE,950,0,0,36.8
2026-07-10,2026-08-25,1580.0,PE,0,0,0,165.35
2026-07-10,2026-08-25,1600.0,CE,125875,4750,87,45.55
2026-07-10,2026-08-25,1600.0,PE,10925,0,0,168.3
2026-07-10,2026-08-25,1620.0,CE,0,0,0,54.15
2026-07-10,2026-08-25,1620.0,PE,0,0,0,193.1
2026-07-10,2026-08-25,1640.0,CE,35625,0,0,27.9
2026-07-10,2026-08-25,1640.0,PE,475,475,1,168.4
2026-07-10,2026-08-25,1660.0,CE,0,0,0,44.15
2026-07-10,2026-08-25,1660.0,PE,0,0,0,222.75
2026-07-10,2026-08-25,1680.0,CE,26125,3325,17,26.0
2026-07-10,2026-08-25,1680.0,PE,0,0,0,287.05
2026-07-10,2026-08-25,1720.0,CE,5700,0,4,16.2
2026-07-10,2026-08-25,1720.0,PE,1425,1425,3,239.2
2026-07-10,2026-09-29,1120.0,CE,0,0,0,377.9
2026-07-10,2026-09-29,1120.0,PE,0,0,0,15.05
2026-07-10,2026-09-29,1200.0,CE,0,0,0,312.2
2026-07-10,2026-09-29,1200.0,PE,0,0,0,28.1
2026-07-10,2026-09-29,1240.0,CE,0,0,0,281.7
2026-07-10,2026-09-29,1240.0,PE,0,0,0,37.0
2026-07-10,2026-09-29,1280.0,CE,0,0,0,253.0
2026-07-10,2026-09-29,1280.0,PE,0,0,0,47.65
2026-07-10,2026-09-29,1320.0,CE,0,0,0,226.0
2026-07-10,2026-09-29,1320.0,PE,0,0,0,60.05
2026-07-10,2026-09-29,1360.0,CE,0,0,0,201.05
2026-07-10,2026-09-29,1360.0,PE,0,0,0,74.45
2026-07-10,2026-09-29,1400.0,CE,0,0,0,177.95
2026-07-10,2026-09-29,1400.0,PE,0,0,0,90.8
2026-07-10,2026-09-29,1440.0,CE,0,0,0,156.85
2026-07-10,2026-09-29,1440.0,PE,0,0,0,109.05
2026-07-10,2026-09-29,1480.0,CE,0,0,0,137.6
2026-07-10,2026-09-29,1480.0,PE,0,0,0,129.2
2026-07-10,2026-09-29,1520.0,CE,0,0,0,120.25
2026-07-10,2026-09-29,1520.0,PE,0,0,0,151.25
2026-07-10,2026-09-29,1560.0,CE,0,0,0,104.65
2026-07-10,2026-09-29,1560.0,PE,0,0,0,175.0
2026-07-10,2026-09-29,1600.0,CE,0,0,0,90.7
2026-07-10,2026-09-29,1600.0,PE,0,0,0,200.45
2026-07-10,2026-09-29,1640.0,CE,0,0,0,78.3
2026-07-10,2026-09-29,1640.0,PE,0,0,0,227.45
2026-07-10,2026-09-29,1680.0,CE,0,0,0,67.35
2026-07-10,2026-09-29,1680.0,PE,0,0,0,255.9
2026-07-10,2026-09-29,1760.0,CE,0,0,0,49.5
2026-07-10,2026-09-29,1760.0,PE,0,0,0,316.8
