date,expiry,strike,opt_type,oi,chg_oi,volume,close
2026-06-11,2026-06-30,1060.0,CE,0,0,0,218.8
2026-06-11,2026-06-30,1060.0,PE,70625,-1250,20,0.45
2026-06-11,2026-06-30,1080.0,CE,0,0,0,201.05
2026-06-11,2026-06-30,1080.0,PE,16875,-10000,23,0.5
2026-06-11,2026-06-30,1100.0,CE,625,0,0,179.0
2026-06-11,2026-06-30,1100.0,PE,12500,0,14,0.9
2026-06-11,2026-06-30,1120.0,CE,0,0,0,167.2
2026-06-11,2026-06-30,1120.0,PE,9375,1250,2,1.0
2026-06-11,2026-06-30,1140.0,CE,0,0,0,151.25
2026-06-11,2026-06-30,1140.0,PE,10625,0,0,1.15
2026-06-11,2026-06-30,1150.0,CE,1875,0,0,167.0
2026-06-11,2026-06-30,1150.0,PE,128750,0,17,1.05
2026-06-11,2026-06-30,1160.0,CE,0,0,0,136.05
2026-06-11,2026-06-30,1160.0,PE,49375,-7500,32,1.45
2026-06-11,2026-06-30,1170.0,CE,0,0,0,202.75
2026-06-11,2026-06-30,1170.0,PE,15000,0,0,2.35
2026-06-11,2026-06-30,1180.0,CE,1250,0,0,156.15
2026-06-11,2026-06-30,1180.0,PE,44375,1875,28,2.15
2026-06-11,2026-06-30,1190.0,CE,0,0,0,185.3
2026-06-11,2026-06-30,1190.0,PE,20625,625,30,2.9
2026-06-11,2026-06-30,1200.0,CE,19375,3750,18,79.95
2026-06-11,2026-06-30,1200.0,PE,729375,-7500,270,3.7
2026-06-11,2026-06-30,1210.0,CE,0,0,0,168.4
2026-06-11,2026-06-30,1210.0,PE,51250,0,0,6.25
2026-06-11,2026-06-30,1220.0,CE,15625,625,31,61.95
2026-06-11,2026-06-30,1220.0,PE,131250,6875,141,6.65
2026-06-11,2026-06-30,1230.0,CE,1250,0,0,93.0
2026-06-11,2026-06-30,1230.0,PE,67500,8125,103,8.6
2026-06-11,2026-06-30,1240.0,CE,8125,0,0,46.15
2026-06-11,2026-06-30,1240.0,PE,90000,11875,352,11.25
2026-06-11,2026-06-30,1250.0,CE,36875,11250,64,40.0
2026-06-11,2026-06-30,1250.0,PE,198750,10625,327,13.95
2026-06-11,2026-06-30,1260.0,CE,97500,3125,186,33.65
2026-06-11,2026-06-30,1260.0,PE,243750,5625,369,17.7
2026-06-11,2026-06-30,1270.0,CE,162500,-3125,861,28.3
2026-06-11,2026-06-30,1270.0,PE,153125,7500,619,21.9
2026-06-11,2026-06-30,1280.0,CE,442500,20625,2405,23.5
2026-06-11,2026-06-30,1280.0,PE,177500,15625,652,26.55
2026-06-11,2026-06-30,1290.0,CE,203750,21250,770,18.9
2026-06-11,2026-06-30,1290.0,PE,145625,6250,421,32.3
2026-06-11,2026-06-30,1300.0,CE,1047500,166250,2696,15.25
2026-06-11,2026-06-30,1300.0,PE,344375,24375,169,38.15
2026-06-11,2026-06-30,1310.0,CE,132500,15625,283,11.85
2026-06-11,2026-06-30,1310.0,PE,66875,0,0,45.8
2026-06-11,2026-06-30,1320.0,CE,406875,6875,436,9.45
2026-06-11,2026-06-30,1320.0,PE,268750,625,6,51.95
2026-06-11,2026-06-30,1330.0,CE,359375,26875,239,7.15
2026-06-11,2026-06-30,1330.0,PE,128125,0,0,65.25
2026-06-11,2026-06-30,1340.0,CE,1170625,-8125,484,5.7
2026-06-11,2026-06-30,1340.0,PE,131250,0,9,69.9
2026-06-11,2026-06-30,1350.0,CE,726250,-26250,479,4.4
2026-06-11,2026-06-30,1350.0,PE,154375,0,0,81.7
2026-06-11,2026-06-30,1360.0,CE,273125,10000,154,3.45
2026-06-11,2026-06-30,1360.0,PE,38125,0,0,62.7
2026-06-11,2026-06-30,1370.0,CE,73125,11250,58,2.7
2026-06-11,2026-06-30,1370.0,PE,2500,0,0,100.0
2026-06-11,2026-06-30,1380.0,CE,611250,92500,534,2.15
2026-06-11,2026-06-30,1380.0,PE,1250,0,0,85.05
2026-06-11,2026-06-30,1390.0,CE,109375,2500,13,2.05
2026-06-11,2026-06-30,1390.0,PE,0,0,0,75.85
2026-06-11,2026-06-30,1400.0,CE,858750,-5625,307,1.55
2026-06-11,2026-06-30,1400.0,PE,35625,0,0,114.0
2026-06-11,2026-06-30,1410.0,CE,83125,0,8,1.35
2026-06-11,2026-06-30,1410.0,PE,0,0,0,87.75
2026-06-11,2026-06-30,1420.0,CE,95625,-3125,32,0.95
2026-06-11,2026-06-30,1420.0,PE,625,0,0,98.0
2026-06-11,2026-06-30,1430.0,CE,7500,0,0,0.6
2026-06-11,2026-06-30,1430.0,PE,0,0,0,100.5
2026-06-11,2026-06-30,1440.0,CE,258125,-4375,367,0.55
2026-06-11,2026-06-30,1440.0,PE,625,0,0,127.0
2026-06-11,2026-06-30,1450.0,CE,344375,-625,58,0.35
2026-06-11,2026-06-30,1450.0,PE,1250,0,0,123.0
2026-06-11,2026-06-30,1460.0,CE,38125,3750,56,0.4
2026-06-11,2026-06-30,1460.0,PE,625,0,0,142.0
2026-06-11,2026-06-30,1480.0,CE,263125,-625,99,0.25
2026-06-11,2026-06-30,1480.0,PE,0,0,0,209.75
2026-06-11,2026-06-30,1500.0,CE,150625,625,24,0.2
2026-06-11,2026-06-30,1500.0,PE,1250,0,0,161.75
2026-06-11,2026-06-30,1520.0,CE,71875,0,0,0.35
2026-06-11,2026-06-30,1520.0,PE,3125,0,0,237.0
2026-06-11,2026-06-30,1540.0,CE,9375,0,0,0.2
2026-06-11,2026-06-30,1540.0,PE,6875,0,0,200.0
2026-06-11,2026-07-28,1060.0,CE,0,0,0,312.1
2026-06-11,2026-07-28,1060.0,PE,16250,16250,26,2.55
2026-06-11,2026-07-28,1080.0,CE,0,0,0,293.3
2026-06-11,2026-07-28,1080.0,PE,0,0,2,2.7
2026-06-11,2026-07-28,1100.0,CE,0,0,0,274.8
2026-06-11,2026-07-28,1100.0,PE,15625,13750,1754,4.0
2026-06-11,2026-07-28,1120.0,CE,0,0,0,256.6
2026-06-11,2026-07-28,1120.0,PE,0,0,0,5.9
2026-06-11,2026-07-28,1140.0,CE,0,0,0,238.8
2026-06-11,2026-07-28,1140.0,PE,0,0,0,7.8
2026-06-11,2026-07-28,1150.0,CE,1250,1250,2,127.95
2026-06-11,2026-07-28,1150.0,PE,0,0,0,6.75
2026-06-11,2026-07-28,1160.0,CE,0,0,0,221.45
2026-06-11,2026-07-28,1160.0,PE,0,0,0,10.15
2026-06-11,2026-07-28,1170.0,CE,0,0,0,179.1
2026-06-11,2026-07-28,1170.0,PE,0,0,0,9.2
2026-06-11,2026-07-28,1180.0,CE,0,0,0,204.55
2026-06-11,2026-07-28,1180.0,PE,1250,0,0,14.0
2026-06-11,2026-07-28,1190.0,CE,0,0,0,162.35
2026-06-11,2026-07-28,1190.0,PE,625,0,0,16.5
2026-06-11,2026-07-28,1200.0,CE,625,-1875,3,89.35
2026-06-11,2026-07-28,1200.0,PE,35000,1875,25,17.95
2026-06-11,2026-07-28,1210.0,CE,0,0,0,146.3
2026-06-11,2026-07-28,1210.0,PE,625,0,0,21.65
2026-06-11,2026-07-28,1220.0,CE,0,0,0,172.6
2026-06-11,2026-07-28,1220.0,PE,1250,0,0,23.95
2026-06-11,2026-07-28,1230.0,CE,0,0,0,131.05
2026-06-11,2026-07-28,1230.0,PE,0,0,0,20.55
2026-06-11,2026-07-28,1240.0,CE,0,0,0,157.7
2026-06-11,2026-07-28,1240.0,PE,0,0,0,25.3
2026-06-11,2026-07-28,1250.0,CE,2500,0,0,55.8
2026-06-11,2026-07-28,1250.0,PE,15000,0,0,35.3
2026-06-11,2026-07-28,1260.0,CE,625,0,0,63.05
2026-06-11,2026-07-28,1260.0,PE,0,0,0,30.7
2026-06-11,2026-07-28,1270.0,CE,2500,0,0,45.5
2026-06-11,2026-07-28,1270.0,PE,0,0,0,32.25
2026-06-11,2026-07-28,1280.0,CE,0,0,0,129.8
2026-06-11,2026-07-28,1280.0,PE,0,0,0,36.85
2026-06-11,2026-07-28,1290.0,CE,1250,0,0,43.5
2026-06-11,2026-07-28,1290.0,PE,0,0,0,39.55
2026-06-11,2026-07-28,1300.0,CE,31250,-1250,15,32.0
2026-06-11,2026-07-28,1300.0,PE,28750,0,0,63.8
2026-06-11,2026-07-28,1310.0,CE,0,0,0,79.15
2026-06-11,2026-07-28,1310.0,PE,0,0,0,50.45
2026-06-11,2026-07-28,1320.0,CE,0,0,0,105.15
2026-06-11,2026-07-28,1320.0,PE,16250,0,0,53.5
2026-06-11,2026-07-28,1330.0,CE,0,0,0,68.65
2026-06-11,2026-07-28,1330.0,PE,0,0,0,80.5
2026-06-11,2026-07-28,1340.0,CE,0,0,0,94.05
2026-06-11,2026-07-28,1340.0,PE,0,0,0,60.25
2026-06-11,2026-07-28,1350.0,CE,1250,625,2,18.25
2026-06-11,2026-07-28,1350.0,PE,0,0,8,95.0
2026-06-11,2026-07-28,1360.0,CE,0,0,0,83.8
2026-06-11,2026-07-28,1360.0,PE,0,0,0,69.65
2026-06-11,2026-07-28,1370.0,CE,0,0,0,50.6
2026-06-11,2026-07-28,1370.0,PE,0,0,0,78.65
2026-06-11,2026-07-28,1380.0,CE,625,0,0,28.65
2026-06-11,2026-07-28,1380.0,PE,0,0,0,79.9
2026-06-11,2026-07-28,1390.0,CE,0,0,0,43.0
2026-06-11,2026-07-28,1390.0,PE,0,0,0,90.85
2026-06-11,2026-07-28,1400.0,CE,11250,0,17,9.75
2026-06-11,2026-07-28,1400.0,PE,2500,0,0,123.0
2026-06-11,2026-07-28,1410.0,CE,625,0,0,21.05
2026-06-11,2026-07-28,1410.0,PE,0,0,0,103.95
2026-06-11,2026-07-28,1420.0,CE,0,0,0,57.75
2026-06-11,2026-07-28,1420.0,PE,0,0,0,102.75
2026-06-11,2026-07-28,1430.0,CE,0,0,0,30.45
2026-06-11,2026-07-28,1430.0,PE,0,0,0,117.9
2026-06-11,2026-07-28,1440.0,CE,625,0,0,13.6
2026-06-11,2026-07-28,1440.0,PE,0,0,0,115.3
2026-06-11,2026-07-28,1460.0,CE,2500,0,0,4.0
2026-06-11,2026-07-28,1460.0,PE,0,0,0,128.55
2026-06-11,2026-07-28,1480.0,CE,0,0,0,38.35
2026-06-11,2026-07-28,1480.0,PE,0,0,0,142.5
2026-06-11,2026-07-28,1500.0,CE,9375,8750,302,2.6
2026-06-11,2026-07-28,1500.0,PE,0,0,0,157.1
2026-06-11,2026-07-28,1520.0,CE,17500,13125,25,2.6
2026-06-11,2026-07-28,1520.0,PE,6875,0,0,239.3
2026-06-11,2026-08-25,1080.0,CE,0,0,0,268.35
2026-06-11,2026-08-25,1080.0,PE,0,0,0,4.5
2026-06-11,2026-08-25,1120.0,CE,0,0,0,232.45
2026-06-11,2026-08-25,1120.0,PE,0,0,0,8.0
2026-06-11,2026-08-25,1140.0,CE,0,0,0,215.15
2026-06-11,2026-08-25,1140.0,PE,0,0,0,10.4
2026-06-11,2026-08-25,1160.0,CE,0,0,0,198.4
2026-06-11,2026-08-25,1160.0,PE,0,0,0,13.35
2026-06-11,2026-08-25,1180.0,CE,0,0,0,182.25
2026-06-11,2026-08-25,1180.0,PE,0,0,0,16.9
2026-06-11,2026-08-25,1200.0,CE,0,0,0,166.7
2026-06-11,2026-08-25,1200.0,PE,0,0,0,21.1
2026-06-11,2026-08-25,1220.0,CE,0,0,0,151.9
2026-06-11,2026-08-25,1220.0,PE,0,0,0,26.0
2026-06-11,2026-08-25,1240.0,CE,0,0,0,137.75
2026-06-11,2026-08-25,1240.0,PE,0,0,0,31.55
2026-06-11,2026-08-25,1260.0,CE,0,0,0,124.45
2026-06-11,2026-08-25,1260.0,PE,0,0,0,37.95
2026-06-11,2026-08-25,1280.0,CE,0,0,0,111.95
2026-06-11,2026-08-25,1280.0,PE,0,0,0,45.15
2026-06-11,2026-08-25,1300.0,CE,0,0,0,100.25
2026-06-11,2026-08-25,1300.0,PE,0,0,0,53.15
2026-06-11,2026-08-25,1320.0,CE,0,0,0,89.4
2026-06-11,2026-08-25,1320.0,PE,0,0,0,62.0
2026-06-11,2026-08-25,1340.0,CE,0,0,0,79.4
2026-06-11,2026-08-25,1340.0,PE,0,0,0,71.7
2026-06-11,2026-08-25,1360.0,CE,0,0,0,70.15
2026-06-11,2026-08-25,1360.0,PE,0,0,0,82.2
2026-06-11,2026-08-25,1380.0,CE,0,0,0,61.75
2026-06-11,2026-08-25,1380.0,PE,0,0,0,93.5
2026-06-11,2026-08-25,1400.0,CE,0,0,0,54.15
2026-06-11,2026-08-25,1400.0,PE,0,0,0,105.55
2026-06-11,2026-08-25,1420.0,CE,0,0,0,47.25
2026-06-11,2026-08-25,1420.0,PE,0,0,0,118.4
2026-06-11,2026-08-25,1440.0,CE,0,0,0,41.1
2026-06-11,2026-08-25,1440.0,PE,0,0,0,131.9
2026-06-11,2026-08-25,1480.0,CE,0,0,0,30.75
2026-06-11,2026-08-25,1480.0,PE,0,0,0,160.95
2026-06-11,2026-08-25,1520.0,CE,0,0,0,22.55
2026-06-11,2026-08-25,1520.0,PE,0,0,0,192.2
2026-06-12,2026-06-30,1060.0,CE,0,0,0,218.8
2026-06-12,2026-06-30,1060.0,PE,52500,-18125,522,0.45
2026-06-12,2026-06-30,1080.0,CE,0,0,0,201.05
2026-06-12,2026-06-30,1080.0,PE,17500,625,7,0.6
2026-06-12,2026-06-30,1100.0,CE,0,-625,1,176.0
2026-06-12,2026-06-30,1100.0,PE,13125,625,1,0.45
2026-06-12,2026-06-30,1120.0,CE,0,0,0,167.2
2026-06-12,2026-06-30,1120.0,PE,9375,0,0,1.0
2026-06-12,2026-06-30,1140.0,CE,0,0,0,151.25
2026-06-12,2026-06-30,1140.0,PE,10625,0,1,0.75
2026-06-12,2026-06-30,1150.0,CE,1875,0,0,167.0
2026-06-12,2026-06-30,1150.0,PE,128750,0,59,1.1
2026-06-12,2026-06-30,1160.0,CE,0,0,0,136.05
2026-06-12,2026-06-30,1160.0,PE,49375,0,8,1.05
2026-06-12,2026-06-30,1170.0,CE,0,0,0,202.75
2026-06-12,2026-06-30,1170.0,PE,13125,-1875,20,1.4
2026-06-12,2026-06-30,1180.0,CE,2500,1250,2,98.0
2026-06-12,2026-06-30,1180.0,PE,39375,-5000,24,1.85
2026-06-12,2026-06-30,1190.0,CE,0,0,0,185.3
2026-06-12,2026-06-30,1190.0,PE,17500,-3125,19,2.65
2026-06-12,2026-06-30,1200.0,CE,23750,4375,26,78.25
2026-06-12,2026-06-30,1200.0,PE,733750,4375,377,3.4
2026-06-12,2026-06-30,1210.0,CE,0,0,0,168.4
2026-06-12,2026-06-30,1210.0,PE,60000,8750,35,4.5
2026-06-12,2026-06-30,1220.0,CE,15000,-625,24,59.9
2026-06-12,2026-06-30,1220.0,PE,131875,625,91,5.9
2026-06-12,2026-06-30,1230.0,CE,1250,0,0,93.0
2026-06-12,2026-06-30,1230.0,PE,69375,1875,256,7.7
2026-06-12,2026-06-30,1240.0,CE,8125,0,0,46.15
2026-06-12,2026-06-30,1240.0,PE,88125,-1875,280,10.05
2026-06-12,2026-06-30,1250.0,CE,55625,18750,134,38.25
2026-06-12,2026-06-30,1250.0,PE,198750,0,290,13.05
2026-06-12,2026-06-30,1260.0,CE,101250,3750,263,31.65
2026-06-12,2026-06-30,1260.0,PE,260000,16250,319,16.6
2026-06-12,2026-06-30,1270.0,CE,194375,31875,1158,26.0
2026-06-12,2026-06-30,1270.0,PE,203750,50625,588,20.85
2026-06-12,2026-06-30,1280.0,CE,515625,73125,1896,20.85
2026-06-12,2026-06-30,1280.0,PE,191875,14375,758,26.25
2026-06-12,2026-06-30,1290.0,CE,231875,28125,667,16.9
2026-06-12,2026-06-30,1290.0,PE,156250,10625,159,31.8
2026-06-12,2026-06-30,1300.0,CE,1170625,123125,1977,13.2
2026-06-12,2026-06-30,1300.0,PE,343125,-1250,128,37.0
2026-06-12,2026-06-30,1310.0,CE,134375,1875,221,10.3
2026-06-12,2026-06-30,1310.0,PE,66875,0,0,45.8
2026-06-12,2026-06-30,1320.0,CE,435000,28125,477,7.95
2026-06-12,2026-06-30,1320.0,PE,268125,-625,9,52.9
2026-06-12,2026-06-30,1330.0,CE,397500,38125,351,5.95
2026-06-12,2026-06-30,1330.0,PE,126875,-1250,10,61.9
2026-06-12,2026-06-30,1340.0,CE,1208750,38125,664,4.7
2026-06-12,2026-06-30,1340.0,PE,131250,0,0,69.9
2026-06-12,2026-06-30,1350.0,CE,828125,101875,517,3.6
2026-06-12,2026-06-30,1350.0,PE,154375,0,0,81.7
2026-06-12,2026-06-30,1360.0,CE,353125,80000,314,2.7
2026-06-12,2026-06-30,1360.0,PE,38125,0,0,62.7
2026-06-12,2026-06-30,1370.0,CE,60625,-12500,49,2.2
2026-06-12,2026-06-30,1370.0,PE,2500,0,0,100.0
2026-06-12,2026-06-30,1380.0,CE,611250,0,242,1.65
2026-06-12,2026-06-30,1380.0,PE,1250,0,0,85.05
2026-06-12,2026-06-30,1390.0,CE,106875,-2500,10,1.55
2026-06-12,2026-06-30,1390.0,PE,0,0,0,75.85
2026-06-12,2026-06-30,1400.0,CE,868750,10000,165,1.4
2026-06-12,2026-06-30,1400.0,PE,35625,0,0,114.0
2026-06-12,2026-06-30,1410.0,CE,83125,0,0,1.35
2026-06-12,2026-06-30,1410.0,PE,0,0,0,87.75
2026-06-12,2026-06-30,1420.0,CE,108125,12500,44,1.0
2026-06-12,2026-06-30,1420.0,PE,625,0,0,98.0
2026-06-12,2026-06-30,1430.0,CE,7500,0,0,0.6
2026-06-12,2026-06-30,1430.0,PE,0,0,0,100.5
2026-06-12,2026-06-30,1440.0,CE,258125,0,157,0.45
2026-06-12,2026-06-30,1440.0,PE,625,0,0,127.0
2026-06-12,2026-06-30,1450.0,CE,353125,8750,28,0.3
2026-06-12,2026-06-30,1450.0,PE,1250,0,0,123.0
2026-06-12,2026-06-30,1460.0,CE,38125,0,0,0.4
2026-06-12,2026-06-30,1460.0,PE,625,0,0,142.0
2026-06-12,2026-06-30,1480.0,CE,261875,-1250,25,0.2
2026-06-12,2026-06-30,1480.0,PE,0,0,0,209.75
2026-06-12,2026-06-30,1500.0,CE,144375,-6250,12,0.2
2026-06-12,2026-06-30,1500.0,PE,1250,0,0,161.75
2026-06-12,2026-06-30,1520.0,CE,71875,0,0,0.35
2026-06-12,2026-06-30,1520.0,PE,3125,0,0,237.0
2026-06-12,2026-06-30,1540.0,CE,9375,0,0,0.2
2026-06-12,2026-06-30,1540.0,PE,6875,0,0,200.0
2026-06-12,2026-07-28,1060.0,CE,0,0,0,312.1
2026-06-12,2026-07-28,1060.0,PE,18125,1875,5,2.35
2026-06-12,2026-07-28,1080.0,CE,0,0,0,293.3
2026-06-12,2026-07-28,1080.0,PE,0,0,4,2.85
2026-06-12,2026-07-28,1100.0,CE,0,0,0,274.8
2026-06-12,2026-07-28,1100.0,PE,8125,-7500,564,3.85
2026-06-12,2026-07-28,1120.0,CE,0,0,0,256.6
2026-06-12,2026-07-28,1120.0,PE,0,0,0,5.9
2026-06-12,2026-07-28,1140.0,CE,0,0,0,238.8
2026-06-12,2026-07-28,1140.0,PE,0,0,0,7.8
2026-06-12,2026-07-28,1150.0,CE,1250,0,0,127.95
2026-06-12,2026-07-28,1150.0,PE,0,0,0,6.75
2026-06-12,2026-07-28,1160.0,CE,0,0,0,221.45
2026-06-12,2026-07-28,1160.0,PE,625,625,1,9.0
2026-06-12,2026-07-28,1170.0,CE,0,0,0,179.1
2026-06-12,2026-07-28,1170.0,PE,0,0,0,9.2
2026-06-12,2026-07-28,1180.0,CE,0,0,0,204.55
2026-06-12,2026-07-28,1180.0,PE,1250,0,0,14.0
2026-06-12,2026-07-28,1190.0,CE,0,0,0,162.35
2026-06-12,2026-07-28,1190.0,PE,625,0,0,16.5
2026-06-12,2026-07-28,1200.0,CE,1250,625,1,89.5
2026-06-12,2026-07-28,1200.0,PE,40000,5000,16,16.75
2026-06-12,2026-07-28,1210.0,CE,0,0,0,146.3
2026-06-12,2026-07-28,1210.0,PE,625,0,0,21.65
2026-06-12,2026-07-28,1220.0,CE,0,0,0,172.6
2026-06-12,2026-07-28,1220.0,PE,1250,0,0,23.95
2026-06-12,2026-07-28,1230.0,CE,0,0,0,131.05
2026-06-12,2026-07-28,1230.0,PE,0,0,0,20.55
2026-06-12,2026-07-28,1240.0,CE,0,0,0,157.7
2026-06-12,2026-07-28,1240.0,PE,0,0,0,25.3
2026-06-12,2026-07-28,1250.0,CE,2500,0,0,55.8
2026-06-12,2026-07-28,1250.0,PE,15000,0,0,35.3
2026-06-12,2026-07-28,1260.0,CE,625,0,0,63.05
2026-06-12,2026-07-28,1260.0,PE,0,0,0,30.7
2026-06-12,2026-07-28,1270.0,CE,5625,3125,5,46.5
2026-06-12,2026-07-28,1270.0,PE,0,0,0,32.25
2026-06-12,2026-07-28,1280.0,CE,0,0,0,129.8
2026-06-12,2026-07-28,1280.0,PE,0,0,0,36.85
2026-06-12,2026-07-28,1290.0,CE,1250,0,0,43.5
2026-06-12,2026-07-28,1290.0,PE,0,0,0,39.55
2026-06-12,2026-07-28,1300.0,CE,36875,5625,21,30.5
2026-06-12,2026-07-28,1300.0,PE,28750,0,0,63.8
2026-06-12,2026-07-28,1310.0,CE,0,0,0,79.15
2026-06-12,2026-07-28,1310.0,PE,0,0,0,50.45
2026-06-12,2026-07-28,1320.0,CE,0,0,0,105.15
2026-06-12,2026-07-28,1320.0,PE,16250,0,0,53.5
2026-06-12,2026-07-28,1330.0,CE,0,0,0,68.65
2026-06-12,2026-07-28,1330.0,PE,0,0,0,80.5
2026-06-12,2026-07-28,1340.0,CE,0,0,0,94.05
2026-06-12,2026-07-28,1340.0,PE,0,0,0,60.25
2026-06-12,2026-07-28,1350.0,CE,1250,0,0,18.25
2026-06-12,2026-07-28,1350.0,PE,0,0,0,95.0
2026-06-12,2026-07-28,1360.0,CE,6250,6250,11,14.9
2026-06-12,2026-07-28,1360.0,PE,0,0,0,69.65
2026-06-12,2026-07-28,1370.0,CE,0,0,0,50.6
2026-06-12,2026-07-28,1370.0,PE,0,0,0,78.65
2026-06-12,2026-07-28,1380.0,CE,625,0,0,28.65
2026-06-12,2026-07-28,1380.0,PE,0,0,0,79.9
2026-06-12,2026-07-28,1390.0,CE,0,0,0,43.0
2026-06-12,2026-07-28,1390.0,PE,0,0,0,90.85
2026-06-12,2026-07-28,1400.0,CE,13125,1875,37,8.2
2026-06-12,2026-07-28,1400.0,PE,2500,0,0,123.0
2026-06-12,2026-07-28,1410.0,CE,625,0,0,21.05
2026-06-12,2026-07-28,1410.0,PE,0,0,0,103.95
2026-06-12,2026-07-28,1420.0,CE,0,0,0,57.75
2026-06-12,2026-07-28,1420.0,PE,0,0,0,102.75
2026-06-12,2026-07-28,1430.0,CE,0,0,0,30.45
2026-06-12,2026-07-28,1430.0,PE,0,0,0,117.9
2026-06-12,2026-07-28,1440.0,CE,625,0,0,13.6
2026-06-12,2026-07-28,1440.0,PE,0,0,0,115.3
2026-06-12,2026-07-28,1460.0,CE,2500,0,0,4.0
2026-06-12,2026-07-28,1460.0,PE,0,0,0,128.55
2026-06-12,2026-07-28,1480.0,CE,0,0,0,38.35
2026-06-12,2026-07-28,1480.0,PE,0,0,0,142.5
2026-06-12,2026-07-28,1500.0,CE,8750,-625,6,2.45
2026-06-12,2026-07-28,1500.0,PE,0,0,0,157.1
2026-06-12,2026-07-28,1520.0,CE,17500,0,0,2.6
2026-06-12,2026-07-28,1520.0,PE,6875,0,0,239.3
2026-06-12,2026-08-25,1080.0,CE,0,0,0,268.35
2026-06-12,2026-08-25,1080.0,PE,0,0,0,4.5
2026-06-12,2026-08-25,1120.0,CE,0,0,0,232.45
2026-06-12,2026-08-25,1120.0,PE,0,0,0,8.0
2026-06-12,2026-08-25,1140.0,CE,0,0,0,215.15
2026-06-12,2026-08-25,1140.0,PE,0,0,0,10.4
2026-06-12,2026-08-25,1160.0,CE,0,0,0,198.4
2026-06-12,2026-08-25,1160.0,PE,0,0,0,13.35
2026-06-12,2026-08-25,1180.0,CE,0,0,0,182.25
2026-06-12,2026-08-25,1180.0,PE,0,0,0,16.9
2026-06-12,2026-08-25,1200.0,CE,0,0,0,166.7
2026-06-12,2026-08-25,1200.0,PE,0,0,0,21.1
2026-06-12,2026-08-25,1220.0,CE,0,0,0,151.9
2026-06-12,2026-08-25,1220.0,PE,0,0,0,26.0
2026-06-12,2026-08-25,1240.0,CE,0,0,0,137.75
2026-06-12,2026-08-25,1240.0,PE,0,0,0,31.55
2026-06-12,2026-08-25,1260.0,CE,0,0,0,124.45
2026-06-12,2026-08-25,1260.0,PE,0,0,0,37.95
2026-06-12,2026-08-25,1280.0,CE,0,0,0,111.95
2026-06-12,2026-08-25,1280.0,PE,0,0,0,45.15
2026-06-12,2026-08-25,1300.0,CE,0,0,0,100.25
2026-06-12,2026-08-25,1300.0,PE,0,0,0,53.15
2026-06-12,2026-08-25,1320.0,CE,0,0,0,89.4
2026-06-12,2026-08-25,1320.0,PE,0,0,0,62.0
2026-06-12,2026-08-25,1340.0,CE,0,0,0,79.4
2026-06-12,2026-08-25,1340.0,PE,0,0,0,71.7
2026-06-12,2026-08-25,1360.0,CE,0,0,0,70.15
2026-06-12,2026-08-25,1360.0,PE,0,0,0,82.2
2026-06-12,2026-08-25,1380.0,CE,0,0,0,61.75
2026-06-12,2026-08-25,1380.0,PE,0,0,0,93.5
2026-06-12,2026-08-25,1400.0,CE,0,0,0,54.15
2026-06-12,2026-08-25,1400.0,PE,0,0,0,105.55
2026-06-12,2026-08-25,1420.0,CE,0,0,0,47.25
2026-06-12,2026-08-25,1420.0,PE,0,0,0,118.4
2026-06-12,2026-08-25,1440.0,CE,0,0,0,41.1
2026-06-12,2026-08-25,1440.0,PE,0,0,0,131.9
2026-06-12,2026-08-25,1480.0,CE,0,0,0,30.75
2026-06-12,2026-08-25,1480.0,PE,0,0,0,160.95
2026-06-12,2026-08-25,1520.0,CE,0,0,0,22.55
2026-06-12,2026-08-25,1520.0,PE,0,0,0,192.2
2026-06-15,2026-06-30,1060.0,CE,0,0,0,218.8
2026-06-15,2026-06-30,1060.0,PE,116875,64375,333,0.45
2026-06-15,2026-06-30,1080.0,CE,0,0,0,201.05
2026-06-15,2026-06-30,1080.0,PE,13750,-3750,58,0.5
2026-06-15,2026-06-30,1100.0,CE,0,0,0,176.0
2026-06-15,2026-06-30,1100.0,PE,15625,2500,35,0.55
2026-06-15,2026-06-30,1120.0,CE,0,0,0,167.2
2026-06-15,2026-06-30,1120.0,PE,9375,0,0,1.0
2026-06-15,2026-06-30,1140.0,CE,0,0,0,151.25
2026-06-15,2026-06-30,1140.0,PE,10625,0,1,0.5
2026-06-15,2026-06-30,1150.0,CE,1875,0,0,167.0
2026-06-15,2026-06-30,1150.0,PE,135625,6875,62,0.6
2026-06-15,2026-06-30,1160.0,CE,0,0,0,136.05
2026-06-15,2026-06-30,1160.0,PE,45625,-3750,12,0.95
2026-06-15,2026-06-30,1170.0,CE,0,0,0,202.75
2026-06-15,2026-06-30,1170.0,PE,13125,0,0,1.4
2026-06-15,2026-06-30,1180.0,CE,2500,0,0,98.0
2026-06-15,2026-06-30,1180.0,PE,37500,-1875,5,1.3
2026-06-15,2026-06-30,1190.0,CE,0,0,0,185.3
2026-06-15,2026-06-30,1190.0,PE,6875,-10625,39,1.5
2026-06-15,2026-06-30,1200.0,CE,23750,0,0,78.25
2026-06-15,2026-06-30,1200.0,PE,710625,-23125,290,2.25
2026-06-15,2026-06-30,1210.0,CE,0,0,0,168.4
2026-06-15,2026-06-30,1210.0,PE,58750,-1250,6,3.45
2026-06-15,2026-06-30,1220.0,CE,15000,0,0,59.9
2026-06-15,2026-06-30,1220.0,PE,136250,4375,71,4.15
2026-06-15,2026-06-30,1230.0,CE,1250,0,0,93.0
2026-06-15,2026-06-30,1230.0,PE,76875,7500,150,5.65
2026-06-15,2026-06-30,1240.0,CE,10000,1875,4,50.25
2026-06-15,2026-06-30,1240.0,PE,114375,26250,453,7.75
2026-06-15,2026-06-30,1250.0,CE,57500,1875,41,41.3
2026-06-15,2026-06-30,1250.0,PE,217500,18750,387,10.2
2026-06-15,2026-06-30,1260.0,CE,99375,-1875,176,34.8
2026-06-15,2026-06-30,1260.0,PE,241250,-18750,417,13.35
2026-06-15,2026-06-30,1270.0,CE,177500,-16875,644,28.65
2026-06-15,2026-06-30,1270.0,PE,168750,-35000,453,17.25
2026-06-15,2026-06-30,1280.0,CE,511875,-3750,2824,23.4
2026-06-15,2026-06-30,1280.0,PE,335625,143750,1404,22.1
2026-06-15,2026-06-30,1290.0,CE,299375,67500,1744,18.8
2026-06-15,2026-06-30,1290.0,PE,160000,3750,632,27.1
2026-06-15,2026-06-30,1300.0,CE,1160625,-10000,3459,15.15
2026-06-15,2026-06-30,1300.0,PE,328750,-14375,387,33.65
2026-06-15,2026-06-30,1310.0,CE,132500,-1875,341,12.0
2026-06-15,2026-06-30,1310.0,PE,66875,0,0,45.8
2026-06-15,2026-06-30,1320.0,CE,421250,-13750,700,9.6
2026-06-15,2026-06-30,1320.0,PE,268125,0,7,48.05
2026-06-15,2026-06-30,1330.0,CE,410625,13125,511,7.55
2026-06-15,2026-06-30,1330.0,PE,126875,0,0,61.9
2026-06-15,2026-06-30,1340.0,CE,1046875,-161875,1297,5.9
2026-06-15,2026-06-30,1340.0,PE,131250,0,2,63.35
2026-06-15,2026-06-30,1350.0,CE,896875,68750,828,4.65
2026-06-15,2026-06-30,1350.0,PE,154375,0,0,81.7
2026-06-15,2026-06-30,1360.0,CE,337500,-15625,219,3.6
2026-06-15,2026-06-30,1360.0,PE,38750,625,10,80.9
2026-06-15,2026-06-30,1370.0,CE,62500,1875,65,2.9
2026-06-15,2026-06-30,1370.0,PE,2500,0,0,100.0
2026-06-15,2026-06-30,1380.0,CE,611875,625,197,2.15
2026-06-15,2026-06-30,1380.0,PE,1250,0,0,85.05
2026-06-15,2026-06-30,1390.0,CE,118750,11875,49,1.85
2026-06-15,2026-06-30,1390.0,PE,0,0,0,75.85
2026-06-15,2026-06-30,1400.0,CE,878125,9375,167,1.7
2026-06-15,2026-06-30,1400.0,PE,35625,0,0,114.0
2026-06-15,2026-06-30,1410.0,CE,84375,1250,28,1.25
2026-06-15,2026-06-30,1410.0,PE,0,0,0,87.75
2026-06-15,2026-06-30,1420.0,CE,108125,0,3,0.8
2026-06-15,2026-06-30,1420.0,PE,625,0,0,98.0
2026-06-15,2026-06-30,1430.0,CE,14375,6875,12,0.9
2026-06-15,2026-06-30,1430.0,PE,0,0,0,100.5
2026-06-15,2026-06-30,1440.0,CE,257500,-625,13,0.55
2026-06-15,2026-06-30,1440.0,PE,625,0,0,127.0
2026-06-15,2026-06-30,1450.0,CE,353125,0,13,0.45
2026-06-15,2026-06-30,1450.0,PE,1250,0,0,123.0
2026-06-15,2026-06-30,1460.0,CE,37500,-625,2,0.5
2026-06-15,2026-06-30,1460.0,PE,625,0,0,142.0
2026-06-15,2026-06-30,1480.0,CE,261875,0,3,0.2
2026-06-15,2026-06-30,1480.0,PE,0,0,0,209.75
2026-06-15,2026-06-30,1500.0,CE,145000,625,4,0.2
2026-06-15,2026-06-30,1500.0,PE,1250,0,0,161.75
2026-06-15,2026-06-30,1520.0,CE,71875,0,6,0.25
2026-06-15,2026-06-30,1520.0,PE,3125,0,0,237.0
2026-06-15,2026-06-30,1540.0,CE,9375,0,0,0.2
2026-06-15,2026-06-30,1540.0,PE,6875,0,0,200.0
2026-06-15,2026-07-28,1060.0,CE,0,0,0,312.1
2026-06-15,2026-07-28,1060.0,PE,6875,-11250,2843,1.85
2026-06-15,2026-07-28,1080.0,CE,0,0,0,293.3
2026-06-15,2026-07-28,1080.0,PE,3125,3125,613,2.3
2026-06-15,2026-07-28,1100.0,CE,0,0,0,274.8
2026-06-15,2026-07-28,1100.0,PE,13750,5625,1417,3.15
2026-06-15,2026-07-28,1120.0,CE,0,0,0,256.6
2026-06-15,2026-07-28,1120.0,PE,0,0,0,5.9
2026-06-15,2026-07-28,1140.0,CE,0,0,0,238.8
2026-06-15,2026-07-28,1140.0,PE,0,0,0,7.8
2026-06-15,2026-07-28,1150.0,CE,1250,0,0,127.95
2026-06-15,2026-07-28,1150.0,PE,0,0,0,6.75
2026-06-15,2026-07-28,1160.0,CE,0,0,0,221.45
2026-06-15,2026-07-28,1160.0,PE,625,0,0,9.0
2026-06-15,2026-07-28,1170.0,CE,0,0,0,179.1
2026-06-15,2026-07-28,1170.0,PE,0,0,0,9.2
2026-06-15,2026-07-28,1180.0,CE,0,0,0,204.55
2026-06-15,2026-07-28,1180.0,PE,1250,0,2,10.0
2026-06-15,2026-07-28,1190.0,CE,0,0,0,162.35
2026-06-15,2026-07-28,1190.0,PE,625,0,0,16.5
2026-06-15,2026-07-28,1200.0,CE,1250,0,0,89.5
2026-06-15,2026-07-28,1200.0,PE,50000,10000,26,14.45
2026-06-15,2026-07-28,1210.0,CE,0,0,0,146.3
2026-06-15,2026-07-28,1210.0,PE,625,0,0,21.65
2026-06-15,2026-07-28,1220.0,CE,0,0,0,172.6
2026-06-15,2026-07-28,1220.0,PE,1875,625,1,19.35
2026-06-15,2026-07-28,1230.0,CE,0,0,0,131.05
2026-06-15,2026-07-28,1230.0,PE,0,0,0,20.55
2026-06-15,2026-07-28,1240.0,CE,0,0,0,157.7
2026-06-15,2026-07-28,1240.0,PE,0,0,0,25.3
2026-06-15,2026-07-28,1250.0,CE,2500,0,0,55.8
2026-06-15,2026-07-28,1250.0,PE,15625,625,11,29.2
2026-06-15,2026-07-28,1260.0,CE,625,0,0,63.05
2026-06-15,2026-07-28,1260.0,PE,0,0,0,30.7
2026-06-15,2026-07-28,1270.0,CE,6875,1250,6,46.0
2026-06-15,2026-07-28,1270.0,PE,0,0,0,32.25
2026-06-15,2026-07-28,1280.0,CE,1250,1250,2,46.25
2026-06-15,2026-07-28,1280.0,PE,0,0,0,36.85
2026-06-15,2026-07-28,1290.0,CE,1250,0,0,43.5
2026-06-15,2026-07-28,1290.0,PE,1875,1875,3,50.0
2026-06-15,2026-07-28,1300.0,CE,52500,15625,57,33.1
2026-06-15,2026-07-28,1300.0,PE,33125,4375,14,50.5
2026-06-15,2026-07-28,1310.0,CE,0,0,0,79.15
2026-06-15,2026-07-28,1310.0,PE,0,0,0,50.45
2026-06-15,2026-07-28,1320.0,CE,0,0,0,105.15
2026-06-15,2026-07-28,1320.0,PE,16250,0,0,53.5
2026-06-15,2026-07-28,1330.0,CE,0,0,0,68.65
2026-06-15,2026-07-28,1330.0,PE,0,0,0,80.5
2026-06-15,2026-07-28,1340.0,CE,0,0,0,94.05
2026-06-15,2026-07-28,1340.0,PE,625,625,1,83.0
2026-06-15,2026-07-28,1350.0,CE,1250,0,0,18.25
2026-06-15,2026-07-28,1350.0,PE,0,0,0,95.0
2026-06-15,2026-07-28,1360.0,CE,18125,11875,23,15.2
2026-06-15,2026-07-28,1360.0,PE,1875,1875,4,93.95
2026-06-15,2026-07-28,1370.0,CE,0,0,0,50.6
2026-06-15,2026-07-28,1370.0,PE,0,0,0,78.65
2026-06-15,2026-07-28,1380.0,CE,1875,1250,4,11.4
2026-06-15,2026-07-28,1380.0,PE,0,0,0,79.9
2026-06-15,2026-07-28,1390.0,CE,625,625,1,10.0
2026-06-15,2026-07-28,1390.0,PE,0,0,0,90.85
2026-06-15,2026-07-28,1400.0,CE,18125,5000,39,8.9
2026-06-15,2026-07-28,1400.0,PE,2500,0,0,123.0
2026-06-15,2026-07-28,1410.0,CE,625,0,0,21.05
2026-06-15,2026-07-28,1410.0,PE,0,0,0,103.95
2026-06-15,2026-07-28,1420.0,CE,0,0,0,57.75
2026-06-15,2026-07-28,1420.0,PE,0,0,0,102.75
2026-06-15,2026-07-28,1430.0,CE,0,0,0,30.45
2026-06-15,2026-07-28,1430.0,PE,0,0,0,117.9
2026-06-15,2026-07-28,1440.0,CE,625,0,0,13.6
2026-06-15,2026-07-28,1440.0,PE,0,0,0,115.3
2026-06-15,2026-07-28,1460.0,CE,2500,0,1,4.0
2026-06-15,2026-07-28,1460.0,PE,0,0,0,128.55
2026-06-15,2026-07-28,1480.0,CE,0,0,0,38.35
2026-06-15,2026-07-28,1480.0,PE,0,0,0,142.5
2026-06-15,2026-07-28,1500.0,CE,6250,-2500,25,2.65
2026-06-15,2026-07-28,1500.0,PE,0,0,0,157.1
2026-06-15,2026-07-28,1520.0,CE,17500,0,0,2.6
2026-06-15,2026-07-28,1520.0,PE,6875,0,0,239.3
2026-06-15,2026-08-25,1080.0,CE,0,0,0,268.35
2026-06-15,2026-08-25,1080.0,PE,0,0,0,4.5
2026-06-15,2026-08-25,1120.0,CE,0,0,0,232.45
2026-06-15,2026-08-25,1120.0,PE,0,0,0,8.0
2026-06-15,2026-08-25,1140.0,CE,0,0,0,215.15
2026-06-15,2026-08-25,1140.0,PE,0,0,0,10.4
2026-06-15,2026-08-25,1160.0,CE,0,0,0,198.4
2026-06-15,2026-08-25,1160.0,PE,0,0,0,13.35
2026-06-15,2026-08-25,1180.0,CE,0,0,0,182.25
2026-06-15,2026-08-25,1180.0,PE,0,0,0,16.9
2026-06-15,2026-08-25,1200.0,CE,0,0,0,166.7
2026-06-15,2026-08-25,1200.0,PE,0,0,0,21.1
2026-06-15,2026-08-25,1220.0,CE,0,0,0,151.9
2026-06-15,2026-08-25,1220.0,PE,0,0,0,26.0
2026-06-15,2026-08-25,1240.0,CE,0,0,0,137.75
2026-06-15,2026-08-25,1240.0,PE,0,0,0,31.55
2026-06-15,2026-08-25,1260.0,CE,0,0,0,124.45
2026-06-15,2026-08-25,1260.0,PE,0,0,0,37.95
2026-06-15,2026-08-25,1280.0,CE,0,0,0,111.95
2026-06-15,2026-08-25,1280.0,PE,0,0,0,45.15
2026-06-15,2026-08-25,1300.0,CE,0,0,0,100.25
2026-06-15,2026-08-25,1300.0,PE,0,0,0,53.15
2026-06-15,2026-08-25,1320.0,CE,0,0,0,89.4
2026-06-15,2026-08-25,1320.0,PE,0,0,0,62.0
2026-06-15,2026-08-25,1340.0,CE,0,0,0,79.4
2026-06-15,2026-08-25,1340.0,PE,0,0,0,71.7
2026-06-15,2026-08-25,1360.0,CE,0,0,0,70.15
2026-06-15,2026-08-25,1360.0,PE,0,0,0,82.2
2026-06-15,2026-08-25,1380.0,CE,0,0,0,61.75
2026-06-15,2026-08-25,1380.0,PE,0,0,0,93.5
2026-06-15,2026-08-25,1400.0,CE,0,0,0,54.15
2026-06-15,2026-08-25,1400.0,PE,0,0,0,105.55
2026-06-15,2026-08-25,1420.0,CE,0,0,0,47.25
2026-06-15,2026-08-25,1420.0,PE,0,0,0,118.4
2026-06-15,2026-08-25,1440.0,CE,0,0,0,41.1
2026-06-15,2026-08-25,1440.0,PE,0,0,0,131.9
2026-06-15,2026-08-25,1480.0,CE,0,0,0,30.75
2026-06-15,2026-08-25,1480.0,PE,0,0,0,160.95
2026-06-15,2026-08-25,1520.0,CE,0,0,0,22.55
2026-06-15,2026-08-25,1520.0,PE,0,0,0,192.2
2026-06-16,2026-06-30,1060.0,CE,0,0,0,218.8
2026-06-16,2026-06-30,1060.0,PE,37500,-79375,264,0.3
2026-06-16,2026-06-30,1080.0,CE,0,0,0,201.05
2026-06-16,2026-06-30,1080.0,PE,13125,-625,3,0.4
2026-06-16,2026-06-30,1100.0,CE,0,0,0,176.0
2026-06-16,2026-06-30,1100.0,PE,28750,13125,63,0.5
2026-06-16,2026-06-30,1120.0,CE,0,0,0,167.2
2026-06-16,2026-06-30,1120.0,PE,9375,0,0,1.0
2026-06-16,2026-06-30,1140.0,CE,0,0,0,151.25
2026-06-16,2026-06-30,1140.0,PE,10625,0,0,0.5
2026-06-16,2026-06-30,1150.0,CE,1875,0,0,167.0
2026-06-16,2026-06-30,1150.0,PE,127500,-8125,42,0.55
2026-06-16,2026-06-30,1160.0,CE,0,0,0,136.05
2026-06-16,2026-06-30,1160.0,PE,45625,0,1,0.8
2026-06-16,2026-06-30,1170.0,CE,0,0,0,202.75
2026-06-16,2026-06-30,1170.0,PE,13125,0,0,1.4
2026-06-16,2026-06-30,1180.0,CE,2500,0,0,98.0
2026-06-16,2026-06-30,1180.0,PE,38125,625,7,1.2
2026-06-16,2026-06-30,1190.0,CE,0,0,0,185.3
2026-06-16,2026-06-30,1190.0,PE,6875,0,0,1.5
2026-06-16,2026-06-30,1200.0,CE,22500,-1250,4,77.8
2026-06-16,2026-06-30,1200.0,PE,711250,625,169,1.95
2026-06-16,2026-06-30,1210.0,CE,0,0,0,168.4
2026-06-16,2026-06-30,1210.0,PE,40625,-18125,92,2.8
2026-06-16,2026-06-30,1220.0,CE,15000,0,0,59.9
2026-06-16,2026-06-30,1220.0,PE,146875,10625,84,3.8
2026-06-16,2026-06-30,1230.0,CE,1250,0,0,93.0
2026-06-16,2026-06-30,1230.0,PE,101875,25000,157,5.55
2026-06-16,2026-06-30,1240.0,CE,10625,625,1,44.65
2026-06-16,2026-06-30,1240.0,PE,121250,6875,423,7.45
2026-06-16,2026-06-30,1250.0,CE,64375,6875,79,36.45
2026-06-16,2026-06-30,1250.0,PE,214375,-3125,182,10.25
2026-06-16,2026-06-30,1260.0,CE,101875,2500,139,29.6
2026-06-16,2026-06-30,1260.0,PE,242500,1250,232,13.75
2026-06-16,2026-06-30,1270.0,CE,164375,-13125,404,24.25
2026-06-16,2026-06-30,1270.0,PE,146875,-21875,419,18.05
2026-06-16,2026-06-30,1280.0,CE,660625,148750,1773,19.45
2026-06-16,2026-06-30,1280.0,PE,397500,61875,589,23.25
2026-06-16,2026-06-30,1290.0,CE,304375,5000,662,15.4
2026-06-16,2026-06-30,1290.0,PE,158125,-1875,197,28.75
2026-06-16,2026-06-30,1300.0,CE,1261875,101250,1503,12.2
2026-06-16,2026-06-30,1300.0,PE,330000,1250,31,35.65
2026-06-16,2026-06-30,1310.0,CE,123750,-8750,341,9.7
2026-06-16,2026-06-30,1310.0,PE,66875,0,0,45.8
2026-06-16,2026-06-30,1320.0,CE,432500,11250,345,7.6
2026-06-16,2026-06-30,1320.0,PE,268125,0,0,48.05
2026-06-16,2026-06-30,1330.0,CE,451875,41250,287,5.9
2026-06-16,2026-06-30,1330.0,PE,126875,0,0,61.9
2026-06-16,2026-06-30,1340.0,CE,1053750,6875,399,4.55
2026-06-16,2026-06-30,1340.0,PE,131250,0,6,72.6
2026-06-16,2026-06-30,1350.0,CE,826250,-70625,518,3.65
2026-06-16,2026-06-30,1350.0,PE,154375,0,0,81.7
2026-06-16,2026-06-30,1360.0,CE,334375,-3125,93,2.75
2026-06-16,2026-06-30,1360.0,PE,38750,0,0,80.9
2026-06-16,2026-06-30,1370.0,CE,80000,17500,67,2.15
2026-06-16,2026-06-30,1370.0,PE,2500,0,0,100.0
2026-06-16,2026-06-30,1380.0,CE,606250,-5625,155,1.75
2026-06-16,2026-06-30,1380.0,PE,1250,0,0,85.05
2026-06-16,2026-06-30,1390.0,CE,136250,17500,272,1.45
2026-06-16,2026-06-30,1390.0,PE,0,0,0,75.85
2026-06-16,2026-06-30,1400.0,CE,896875,18750,115,1.25
2026-06-16,2026-06-30,1400.0,PE,35625,0,0,114.0
2026-06-16,2026-06-30,1410.0,CE,84375,0,1,1.5
2026-06-16,2026-06-30,1410.0,PE,0,0,0,87.75
2026-06-16,2026-06-30,1420.0,CE,106875,-1250,2,0.8
2026-06-16,2026-06-30,1420.0,PE,2500,1875,3,142.9
2026-06-16,2026-06-30,1430.0,CE,20625,6250,11,1.05
2026-06-16,2026-06-30,1430.0,PE,0,0,0,100.5
2026-06-16,2026-06-30,1440.0,CE,257500,0,11,0.55
2026-06-16,2026-06-30,1440.0,PE,2500,1875,6,158.95
2026-06-16,2026-06-30,1450.0,CE,353125,0,57,0.4
2026-06-16,2026-06-30,1450.0,PE,1250,0,0,123.0
2026-06-16,2026-06-30,1460.0,CE,37500,0,0,0.5
2026-06-16,2026-06-30,1460.0,PE,625,0,0,142.0
2026-06-16,2026-06-30,1480.0,CE,260625,-1250,66,0.2
2026-06-16,2026-06-30,1480.0,PE,0,0,0,209.75
2026-06-16,2026-06-30,1500.0,CE,144375,-625,56,0.15
2026-06-16,2026-06-30,1500.0,PE,1250,0,0,161.75
2026-06-16,2026-06-30,1520.0,CE,73125,1250,15,0.15
2026-06-16,2026-06-30,1520.0,PE,5000,1875,5,235.3
2026-06-16,2026-06-30,1540.0,CE,9375,0,0,0.2
2026-06-16,2026-06-30,1540.0,PE,6875,0,0,200.0
2026-06-16,2026-07-28,1060.0,CE,0,0,0,312.1
2026-06-16,2026-07-28,1060.0,PE,16250,9375,4102,1.85
2026-06-16,2026-07-28,1080.0,CE,0,0,0,293.3
2026-06-16,2026-07-28,1080.0,PE,16875,13750,2366,2.2
2026-06-16,2026-07-28,1100.0,CE,0,0,0,274.8
2026-06-16,2026-07-28,1100.0,PE,23125,9375,1375,3.05
2026-06-16,2026-07-28,1120.0,CE,0,0,0,256.6
2026-06-16,2026-07-28,1120.0,PE,0,0,0,5.9
2026-06-16,2026-07-28,1140.0,CE,0,0,0,238.8
2026-06-16,2026-07-28,1140.0,PE,0,0,0,7.8
2026-06-16,2026-07-28,1150.0,CE,2500,1250,2,130.5
2026-06-16,2026-07-28,1150.0,PE,23125,23125,102,6.05
2026-06-16,2026-07-28,1160.0,CE,0,0,0,221.45
2026-06-16,2026-07-28,1160.0,PE,7500,6875,11,8.15
2026-06-16,2026-07-28,1170.0,CE,0,0,0,179.1
2026-06-16,2026-07-28,1170.0,PE,0,0,0,9.2
2026-06-16,2026-07-28,1180.0,CE,0,0,0,204.55
2026-06-16,2026-07-28,1180.0,PE,1250,0,0,10.0
2026-06-16,2026-07-28,1190.0,CE,0,0,0,162.35
2026-06-16,2026-07-28,1190.0,PE,5000,4375,7,13.0
2026-06-16,2026-07-28,1200.0,CE,5625,4375,7,84.2
2026-06-16,2026-07-28,1200.0,PE,61875,11875,44,14.2
2026-06-16,2026-07-28,1210.0,CE,0,0,0,146.3
2026-06-16,2026-07-28,1210.0,PE,625,0,0,21.65
2026-06-16,2026-07-28,1220.0,CE,0,0,0,172.6
2026-06-16,2026-07-28,1220.0,PE,3125,1250,2,21.3
2026-06-16,2026-07-28,1230.0,CE,0,0,0,131.05
2026-06-16,2026-07-28,1230.0,PE,0,0,0,20.55
2026-06-16,2026-07-28,1240.0,CE,0,0,0,157.7
2026-06-16,2026-07-28,1240.0,PE,1250,1250,2,26.0
2026-06-16,2026-07-28,1250.0,CE,2500,0,0,55.8
2026-06-16,2026-07-28,1250.0,PE,19375,3750,9,30.0
2026-06-16,2026-07-28,1260.0,CE,625,0,0,63.05
2026-06-16,2026-07-28,1260.0,PE,0,0,0,30.7
2026-06-16,2026-07-28,1270.0,CE,5000,-1875,5,41.9
2026-06-16,2026-07-28,1270.0,PE,625,625,1,41.4
2026-06-16,2026-07-28,1280.0,CE,1250,0,0,46.25
2026-06-16,2026-07-28,1280.0,PE,0,0,0,36.85
2026-06-16,2026-07-28,1290.0,CE,1250,0,0,43.5
2026-06-16,2026-07-28,1290.0,PE,1875,0,0,50.0
2026-06-16,2026-07-28,1300.0,CE,47500,-5000,34,29.5
2026-06-16,2026-07-28,1300.0,PE,34375,1250,9,56.0
2026-06-16,2026-07-28,1310.0,CE,0,0,0,79.15
2026-06-16,2026-07-28,1310.0,PE,0,0,0,50.45
2026-06-16,2026-07-28,1320.0,CE,0,0,0,105.15
2026-06-16,2026-07-28,1320.0,PE,16250,0,0,53.5
2026-06-16,2026-07-28,1330.0,CE,0,0,0,68.65
2026-06-16,2026-07-28,1330.0,PE,0,0,0,80.5
2026-06-16,2026-07-28,1340.0,CE,6875,6875,13,18.0
2026-06-16,2026-07-28,1340.0,PE,625,0,0,83.0
2026-06-16,2026-07-28,1350.0,CE,1250,0,0,18.25
2026-06-16,2026-07-28,1350.0,PE,0,0,0,95.0
2026-06-16,2026-07-28,1360.0,CE,18750,625,8,13.3
2026-06-16,2026-07-28,1360.0,PE,1875,0,0,93.95
2026-06-16,2026-07-28,1370.0,CE,0,0,0,50.6
2026-06-16,2026-07-28,1370.0,PE,0,0,0,78.65
2026-06-16,2026-07-28,1380.0,CE,1875,0,0,11.4
2026-06-16,2026-07-28,1380.0,PE,0,0,0,79.9
2026-06-16,2026-07-28,1390.0,CE,625,0,0,10.0
2026-06-16,2026-07-28,1390.0,PE,0,0,0,90.85
2026-06-16,2026-07-28,1400.0,CE,26250,8125,24,7.9
2026-06-16,2026-07-28,1400.0,PE,2500,0,0,123.0
2026-06-16,2026-07-28,1410.0,CE,625,0,0,21.05
2026-06-16,2026-07-28,1410.0,PE,0,0,0,103.95
2026-06-16,2026-07-28,1420.0,CE,0,0,0,57.75
2026-06-16,2026-07-28,1420.0,PE,0,0,0,102.75
2026-06-16,2026-07-28,1430.0,CE,0,0,0,30.45
2026-06-16,2026-07-28,1430.0,PE,0,0,0,117.9
2026-06-16,2026-07-28,1440.0,CE,625,0,0,13.6
2026-06-16,2026-07-28,1440.0,PE,0,0,0,115.3
2026-06-16,2026-07-28,1460.0,CE,2500,0,0,4.0
2026-06-16,2026-07-28,1460.0,PE,0,0,0,128.55
2026-06-16,2026-07-28,1480.0,CE,0,0,8,3.0
2026-06-16,2026-07-28,1480.0,PE,0,0,0,142.5
2026-06-16,2026-07-28,1500.0,CE,27500,21250,960,2.5
2026-06-16,2026-07-28,1500.0,PE,0,0,0,157.1
2026-06-16,2026-07-28,1520.0,CE,19375,1875,1026,2.0
2026-06-16,2026-07-28,1520.0,PE,6875,0,0,239.3
2026-06-16,2026-08-25,1080.0,CE,0,0,0,268.35
2026-06-16,2026-08-25,1080.0,PE,0,0,0,4.5
2026-06-16,2026-08-25,1120.0,CE,0,0,0,232.45
2026-06-16,2026-08-25,1120.0,PE,0,0,0,8.0
2026-06-16,2026-08-25,1140.0,CE,0,0,0,215.15
2026-06-16,2026-08-25,1140.0,PE,0,0,0,10.4
2026-06-16,2026-08-25,1160.0,CE,0,0,0,198.4
2026-06-16,2026-08-25,1160.0,PE,0,0,0,13.35
2026-06-16,2026-08-25,1180.0,CE,0,0,0,182.25
2026-06-16,2026-08-25,1180.0,PE,0,0,0,16.9
2026-06-16,2026-08-25,1200.0,CE,0,0,0,166.7
2026-06-16,2026-08-25,1200.0,PE,0,0,0,21.1
2026-06-16,2026-08-25,1220.0,CE,0,0,0,151.9
2026-06-16,2026-08-25,1220.0,PE,0,0,0,26.0
2026-06-16,2026-08-25,1240.0,CE,0,0,0,137.75
2026-06-16,2026-08-25,1240.0,PE,0,0,0,31.55
2026-06-16,2026-08-25,1260.0,CE,0,0,0,124.45
2026-06-16,2026-08-25,1260.0,PE,0,0,0,37.95
2026-06-16,2026-08-25,1280.0,CE,0,0,0,111.95
2026-06-16,2026-08-25,1280.0,PE,0,0,0,45.15
2026-06-16,2026-08-25,1300.0,CE,0,0,0,100.25
2026-06-16,2026-08-25,1300.0,PE,0,0,0,53.15
2026-06-16,2026-08-25,1320.0,CE,0,0,0,89.4
2026-06-16,2026-08-25,1320.0,PE,0,0,0,62.0
2026-06-16,2026-08-25,1340.0,CE,0,0,0,79.4
2026-06-16,2026-08-25,1340.0,PE,0,0,0,71.7
2026-06-16,2026-08-25,1360.0,CE,0,0,0,70.15
2026-06-16,2026-08-25,1360.0,PE,0,0,0,82.2
2026-06-16,2026-08-25,1380.0,CE,0,0,0,61.75
2026-06-16,2026-08-25,1380.0,PE,0,0,0,93.5
2026-06-16,2026-08-25,1400.0,CE,0,0,0,54.15
2026-06-16,2026-08-25,1400.0,PE,0,0,0,105.55
2026-06-16,2026-08-25,1420.0,CE,0,0,0,47.25
2026-06-16,2026-08-25,1420.0,PE,0,0,0,118.4
2026-06-16,2026-08-25,1440.0,CE,0,0,0,41.1
2026-06-16,2026-08-25,1440.0,PE,0,0,0,131.9
2026-06-16,2026-08-25,1480.0,CE,0,0,0,30.75
2026-06-16,2026-08-25,1480.0,PE,0,0,0,160.95
2026-06-16,2026-08-25,1520.0,CE,0,0,0,22.55
2026-06-16,2026-08-25,1520.0,PE,0,0,0,192.2
2026-06-17,2026-06-30,1060.0,CE,0,0,0,218.8
2026-06-17,2026-06-30,1060.0,PE,35000,-2500,38,0.35
2026-06-17,2026-06-30,1080.0,CE,0,0,0,201.05
2026-06-17,2026-06-30,1080.0,PE,5000,-8125,15,0.4
2026-06-17,2026-06-30,1100.0,CE,0,0,0,176.0
2026-06-17,2026-06-30,1100.0,PE,25625,-3125,9,0.35
2026-06-17,2026-06-30,1120.0,CE,0,0,0,167.2
2026-06-17,2026-06-30,1120.0,PE,9375,0,0,1.0
2026-06-17,2026-06-30,1140.0,CE,0,0,0,151.25
2026-06-17,2026-06-30,1140.0,PE,12500,1875,12,0.6
2026-06-17,2026-06-30,1150.0,CE,1875,0,0,167.0
2026-06-17,2026-06-30,1150.0,PE,86875,-40625,111,0.45
2026-06-17,2026-06-30,1160.0,CE,0,0,0,136.05
2026-06-17,2026-06-30,1160.0,PE,45625,0,1,0.85
2026-06-17,2026-06-30,1170.0,CE,625,625,1,101.5
2026-06-17,2026-06-30,1170.0,PE,12500,-625,1,1.1
2026-06-17,2026-06-30,1180.0,CE,2500,0,0,98.0
2026-06-17,2026-06-30,1180.0,PE,40000,1875,14,1.25
2026-06-17,2026-06-30,1190.0,CE,0,0,0,185.3
2026-06-17,2026-06-30,1190.0,PE,5625,-1250,5,1.5
2026-06-17,2026-06-30,1200.0,CE,19375,-3125,13,72.3
2026-06-17,2026-06-30,1200.0,PE,698750,-12500,198,2.2
2026-06-17,2026-06-30,1210.0,CE,0,0,0,168.4
2026-06-17,2026-06-30,1210.0,PE,48750,8125,60,3.1
2026-06-17,2026-06-30,1220.0,CE,17500,2500,22,54.1
2026-06-17,2026-06-30,1220.0,PE,133125,-13750,110,4.4
2026-06-17,2026-06-30,1230.0,CE,1250,0,0,93.0
2026-06-17,2026-06-30,1230.0,PE,106875,5000,98,6.1
2026-06-17,2026-06-30,1240.0,CE,10000,-625,49,38.05
2026-06-17,2026-06-30,1240.0,PE,120000,-1250,357,8.5
2026-06-17,2026-06-30,1250.0,CE,68750,4375,145,31.3
2026-06-17,2026-06-30,1250.0,PE,210000,-4375,373,11.7
2026-06-17,2026-06-30,1260.0,CE,121875,20000,518,25.65
2026-06-17,2026-06-30,1260.0,PE,236875,-5625,546,15.9
2026-06-17,2026-06-30,1270.0,CE,278125,113750,1603,20.75
2026-06-17,2026-06-30,1270.0,PE,173125,26250,412,20.65
2026-06-17,2026-06-30,1280.0,CE,1015000,354375,2496,16.55
2026-06-17,2026-06-30,1280.0,PE,478125,80625,514,26.5
2026-06-17,2026-06-30,1290.0,CE,346875,42500,652,13.15
2026-06-17,2026-06-30,1290.0,PE,155625,-2500,34,33.55
2026-06-17,2026-06-30,1300.0,CE,1415625,153750,1710,10.55
2026-06-17,2026-06-30,1300.0,PE,331875,1875,48,40.55
2026-06-17,2026-06-30,1310.0,CE,133125,9375,390,8.25
2026-06-17,2026-06-30,1310.0,PE,66875,0,0,45.8
2026-06-17,2026-06-30,1320.0,CE,448750,16250,455,6.5
2026-06-17,2026-06-30,1320.0,PE,267500,-625,1,58.6
2026-06-17,2026-06-30,1330.0,CE,427500,-24375,224,5.2
2026-06-17,2026-06-30,1330.0,PE,126875,0,0,61.9
2026-06-17,2026-06-30,1340.0,CE,1289375,235625,654,4.25
2026-06-17,2026-06-30,1340.0,PE,131250,0,17,75.7
2026-06-17,2026-06-30,1350.0,CE,884375,58125,432,3.3
2026-06-17,2026-06-30,1350.0,PE,153125,-1250,3,82.55
2026-06-17,2026-06-30,1360.0,CE,336250,1875,24,2.7
2026-06-17,2026-06-30,1360.0,PE,38750,0,0,80.9
2026-06-17,2026-06-30,1370.0,CE,83125,3125,33,2.15
2026-06-17,2026-06-30,1370.0,PE,2500,0,0,100.0
2026-06-17,2026-06-30,1380.0,CE,601875,-4375,49,1.65
2026-06-17,2026-06-30,1380.0,PE,1250,0,0,85.05
2026-06-17,2026-06-30,1390.0,CE,104375,-31875,104,1.5
2026-06-17,2026-06-30,1390.0,PE,0,0,0,75.85
2026-06-17,2026-06-30,1400.0,CE,887500,-9375,327,1.45
2026-06-17,2026-06-30,1400.0,PE,35625,0,0,114.0
2026-06-17,2026-06-30,1410.0,CE,84375,0,2,1.3
2026-06-17,2026-06-30,1410.0,PE,0,0,0,87.75
2026-06-17,2026-06-30,1420.0,CE,106875,0,3,0.95
2026-06-17,2026-06-30,1420.0,PE,2500,0,0,142.9
2026-06-17,2026-06-30,1430.0,CE,20625,0,0,1.05
2026-06-17,2026-06-30,1430.0,PE,0,0,0,100.5
2026-06-17,2026-06-30,1440.0,CE,257500,0,12,0.6
2026-06-17,2026-06-30,1440.0,PE,2500,0,0,158.95
2026-06-17,2026-06-30,1450.0,CE,352500,-625,33,0.45
2026-06-17,2026-06-30,1450.0,PE,1250,0,0,123.0
2026-06-17,2026-06-30,1460.0,CE,35625,-1875,3,0.2
2026-06-17,2026-06-30,1460.0,PE,625,0,0,142.0
2026-06-17,2026-06-30,1480.0,CE,260000,-625,2,0.15
2026-06-17,2026-06-30,1480.0,PE,0,0,0,209.75
2026-06-17,2026-06-30,1500.0,CE,144375,0,2,0.2
2026-06-17,2026-06-30,1500.0,PE,1250,0,0,161.75
2026-06-17,2026-06-30,1520.0,CE,73125,0,0,0.15
2026-06-17,2026-06-30,1520.0,PE,5000,0,0,235.3
2026-06-17,2026-06-30,1540.0,CE,9375,0,0,0.2
2026-06-17,2026-06-30,1540.0,PE,6875,0,0,200.0
2026-06-17,2026-07-28,1060.0,CE,0,0,0,312.1
2026-06-17,2026-07-28,1060.0,PE,15000,-1250,1860,1.85
2026-06-17,2026-07-28,1080.0,CE,0,0,0,293.3
2026-06-17,2026-07-28,1080.0,PE,13750,-3125,2588,2.3
2026-06-17,2026-07-28,1100.0,CE,0,0,0,274.8
2026-06-17,2026-07-28,1100.0,PE,20625,-2500,34,2.95
2026-06-17,2026-07-28,1120.0,CE,0,0,0,256.6
2026-06-17,2026-07-28,1120.0,PE,0,0,0,5.9
2026-06-17,2026-07-28,1140.0,CE,0,0,0,238.8
2026-06-17,2026-07-28,1140.0,PE,16250,16250,32,5.5
2026-06-17,2026-07-28,1150.0,CE,2500,0,0,130.5
2026-06-17,2026-07-28,1150.0,PE,31250,8125,91,6.45
2026-06-17,2026-07-28,1160.0,CE,0,0,0,221.45
2026-06-17,2026-07-28,1160.0,PE,20000,12500,26,7.55
2026-06-17,2026-07-28,1170.0,CE,0,0,0,179.1
2026-06-17,2026-07-28,1170.0,PE,0,0,0,9.2
2026-06-17,2026-07-28,1180.0,CE,0,0,0,204.55
2026-06-17,2026-07-28,1180.0,PE,1250,0,0,10.0
2026-06-17,2026-07-28,1190.0,CE,0,0,0,162.35
2026-06-17,2026-07-28,1190.0,PE,5000,0,2,14.25
2026-06-17,2026-07-28,1200.0,CE,5625,0,0,84.2
2026-06-17,2026-07-28,1200.0,PE,103125,41250,104,15.1
2026-06-17,2026-07-28,1210.0,CE,0,0,0,146.3
2026-06-17,2026-07-28,1210.0,PE,5625,5000,10,18.05
2026-06-17,2026-07-28,1220.0,CE,0,0,0,172.6
2026-06-17,2026-07-28,1220.0,PE,5000,1875,3,23.0
2026-06-17,2026-07-28,1230.0,CE,0,0,0,131.05
2026-06-17,2026-07-28,1230.0,PE,0,0,0,20.55
2026-06-17,2026-07-28,1240.0,CE,0,0,0,157.7
2026-06-17,2026-07-28,1240.0,PE,1250,0,0,26.0
2026-06-17,2026-07-28,1250.0,CE,2500,0,3,50.0
2026-06-17,2026-07-28,1250.0,PE,32500,13125,30,31.45
2026-06-17,2026-07-28,1260.0,CE,625,0,0,63.05
2026-06-17,2026-07-28,1260.0,PE,5000,5000,9,37.9
2026-06-17,2026-07-28,1270.0,CE,9375,4375,8,38.6
2026-06-17,2026-07-28,1270.0,PE,625,0,0,41.4
2026-06-17,2026-07-28,1280.0,CE,1250,0,0,46.25
2026-06-17,2026-07-28,1280.0,PE,0,0,0,36.85
2026-06-17,2026-07-28,1290.0,CE,1250,0,1,32.5
2026-06-17,2026-07-28,1290.0,PE,2500,625,1,55.0
2026-06-17,2026-07-28,1300.0,CE,55000,7500,64,27.85
2026-06-17,2026-07-28,1300.0,PE,37500,3125,13,62.2
2026-06-17,2026-07-28,1310.0,CE,0,0,0,79.15
2026-06-17,2026-07-28,1310.0,PE,0,0,0,50.45
2026-06-17,2026-07-28,1320.0,CE,0,0,0,105.15
2026-06-17,2026-07-28,1320.0,PE,16250,0,0,53.5
2026-06-17,2026-07-28,1330.0,CE,0,0,0,68.65
2026-06-17,2026-07-28,1330.0,PE,0,0,0,80.5
2026-06-17,2026-07-28,1340.0,CE,10000,3125,5,16.5
2026-06-17,2026-07-28,1340.0,PE,625,0,0,83.0
2026-06-17,2026-07-28,1350.0,CE,1250,0,0,18.25
2026-06-17,2026-07-28,1350.0,PE,0,0,0,95.0
2026-06-17,2026-07-28,1360.0,CE,31875,13125,58,12.65
2026-06-17,2026-07-28,1360.0,PE,1875,0,0,93.95
2026-06-17,2026-07-28,1370.0,CE,0,0,0,50.6
2026-06-17,2026-07-28,1370.0,PE,0,0,0,78.65
2026-06-17,2026-07-28,1380.0,CE,1875,0,0,11.4
2026-06-17,2026-07-28,1380.0,PE,0,0,0,79.9
2026-06-17,2026-07-28,1390.0,CE,1250,625,1,9.5
2026-06-17,2026-07-28,1390.0,PE,0,0,0,90.85
2026-06-17,2026-07-28,1400.0,CE,30000,3750,18,7.4
2026-06-17,2026-07-28,1400.0,PE,5625,3125,5,143.0
2026-06-17,2026-07-28,1410.0,CE,625,0,0,21.05
2026-06-17,2026-07-28,1410.0,PE,0,0,0,103.95
2026-06-17,2026-07-28,1420.0,CE,0,0,0,57.75
2026-06-17,2026-07-28,1420.0,PE,0,0,0,102.75
2026-06-17,2026-07-28,1430.0,CE,0,0,0,30.45
2026-06-17,2026-07-28,1430.0,PE,0,0,0,117.9
2026-06-17,2026-07-28,1440.0,CE,625,0,0,13.6
2026-06-17,2026-07-28,1440.0,PE,0,0,0,115.3
2026-06-17,2026-07-28,1460.0,CE,4375,1875,6,3.6
2026-06-17,2026-07-28,1460.0,PE,0,0,0,128.55
2026-06-17,2026-07-28,1480.0,CE,7500,7500,59,2.9
2026-06-17,2026-07-28,1480.0,PE,0,0,0,142.5
2026-06-17,2026-07-28,1500.0,CE,13125,-14375,2270,2.4
2026-06-17,2026-07-28,1500.0,PE,0,0,0,157.1
2026-06-17,2026-07-28,1520.0,CE,25000,5625,688,1.95
2026-06-17,2026-07-28,1520.0,PE,6875,0,0,239.3
2026-06-17,2026-08-25,1080.0,CE,0,0,0,268.35
2026-06-17,2026-08-25,1080.0,PE,0,0,0,4.5
2026-06-17,2026-08-25,1120.0,CE,0,0,0,232.45
2026-06-17,2026-08-25,1120.0,PE,0,0,0,8.0
2026-06-17,2026-08-25,1140.0,CE,0,0,0,215.15
2026-06-17,2026-08-25,1140.0,PE,0,0,0,10.4
2026-06-17,2026-08-25,1160.0,CE,0,0,0,198.4
2026-06-17,2026-08-25,1160.0,PE,0,0,0,13.35
2026-06-17,2026-08-25,1180.0,CE,0,0,0,182.25
2026-06-17,2026-08-25,1180.0,PE,0,0,0,16.9
2026-06-17,2026-08-25,1200.0,CE,0,0,0,166.7
2026-06-17,2026-08-25,1200.0,PE,0,0,0,21.1
2026-06-17,2026-08-25,1220.0,CE,0,0,0,151.9
2026-06-17,2026-08-25,1220.0,PE,0,0,0,26.0
2026-06-17,2026-08-25,1240.0,CE,0,0,0,137.75
2026-06-17,2026-08-25,1240.0,PE,0,0,0,31.55
2026-06-17,2026-08-25,1260.0,CE,0,0,0,124.45
2026-06-17,2026-08-25,1260.0,PE,0,0,0,37.95
2026-06-17,2026-08-25,1280.0,CE,0,0,0,111.95
2026-06-17,2026-08-25,1280.0,PE,0,0,0,45.15
2026-06-17,2026-08-25,1300.0,CE,0,0,0,100.25
2026-06-17,2026-08-25,1300.0,PE,0,0,0,53.15
2026-06-17,2026-08-25,1320.0,CE,0,0,0,89.4
2026-06-17,2026-08-25,1320.0,PE,0,0,0,62.0
2026-06-17,2026-08-25,1340.0,CE,0,0,0,79.4
2026-06-17,2026-08-25,1340.0,PE,0,0,0,71.7
2026-06-17,2026-08-25,1360.0,CE,0,0,0,70.15
2026-06-17,2026-08-25,1360.0,PE,0,0,0,82.2
2026-06-17,2026-08-25,1380.0,CE,0,0,0,61.75
2026-06-17,2026-08-25,1380.0,PE,0,0,0,93.5
2026-06-17,2026-08-25,1400.0,CE,0,0,0,54.15
2026-06-17,2026-08-25,1400.0,PE,0,0,0,105.55
2026-06-17,2026-08-25,1420.0,CE,0,0,0,47.25
2026-06-17,2026-08-25,1420.0,PE,0,0,0,118.4
2026-06-17,2026-08-25,1440.0,CE,0,0,0,41.1
2026-06-17,2026-08-25,1440.0,PE,0,0,0,131.9
2026-06-17,2026-08-25,1480.0,CE,0,0,0,30.75
2026-06-17,2026-08-25,1480.0,PE,0,0,0,160.95
2026-06-17,2026-08-25,1520.0,CE,0,0,0,22.55
2026-06-17,2026-08-25,1520.0,PE,0,0,0,192.2
2026-06-18,2026-06-30,1060.0,CE,0,0,0,218.8
2026-06-18,2026-06-30,1060.0,PE,30625,-4375,10,0.25
2026-06-18,2026-06-30,1080.0,CE,0,0,0,201.05
2026-06-18,2026-06-30,1080.0,PE,5000,0,0,0.4
2026-06-18,2026-06-30,1100.0,CE,0,0,0,176.0
2026-06-18,2026-06-30,1100.0,PE,25625,0,2,0.4
2026-06-18,2026-06-30,1120.0,CE,0,0,0,167.2
2026-06-18,2026-06-30,1120.0,PE,9375,0,0,1.0
2026-06-18,2026-06-30,1140.0,CE,0,0,0,151.25
2026-06-18,2026-06-30,1140.0,PE,12500,0,1,0.55
2026-06-18,2026-06-30,1150.0,CE,1875,0,0,167.0
2026-06-18,2026-06-30,1150.0,PE,85625,-1250,2,0.4
2026-06-18,2026-06-30,1160.0,CE,0,0,0,136.05
2026-06-18,2026-06-30,1160.0,PE,45000,-625,7,1.25
2026-06-18,2026-06-30,1170.0,CE,625,0,0,101.5
2026-06-18,2026-06-30,1170.0,PE,12500,0,0,1.1
2026-06-18,2026-06-30,1180.0,CE,2500,0,0,98.0
2026-06-18,2026-06-30,1180.0,PE,38750,-1250,12,2.2
2026-06-18,2026-06-30,1190.0,CE,0,0,0,185.3
2026-06-18,2026-06-30,1190.0,PE,5625,0,0,1.5
2026-06-18,2026-06-30,1200.0,CE,16875,-2500,13,67.5
2026-06-18,2026-06-30,1200.0,PE,685625,-13125,207,1.7
2026-06-18,2026-06-30,1210.0,CE,0,0,0,168.4
2026-06-18,2026-06-30,1210.0,PE,43750,-5000,42,2.5
2026-06-18,2026-06-30,1220.0,CE,16875,-625,18,54.5
2026-06-18,2026-06-30,1220.0,PE,128750,-4375,53,3.5
2026-06-18,2026-06-30,1230.0,CE,1250,0,0,93.0
2026-06-18,2026-06-30,1230.0,PE,107500,625,229,5.1
2026-06-18,2026-06-30,1240.0,CE,30625,20625,92,36.95
2026-06-18,2026-06-30,1240.0,PE,122500,2500,307,7.3
2026-06-18,2026-06-30,1250.0,CE,93125,24375,213,30.15
2026-06-18,2026-06-30,1250.0,PE,273750,63750,749,10.35
2026-06-18,2026-06-30,1260.0,CE,179375,57500,937,24.3
2026-06-18,2026-06-30,1260.0,PE,354375,117500,1312,14.35
2026-06-18,2026-06-30,1270.0,CE,428750,150625,2258,19.25
2026-06-18,2026-06-30,1270.0,PE,277500,104375,1061,19.25
2026-06-18,2026-06-30,1280.0,CE,1165000,150000,3193,15.1
2026-06-18,2026-06-30,1280.0,PE,498125,20000,417,25.0
2026-06-18,2026-06-30,1290.0,CE,355625,8750,799,11.75
2026-06-18,2026-06-30,1290.0,PE,158125,2500,79,31.95
2026-06-18,2026-06-30,1300.0,CE,1428750,13125,2084,9.4
2026-06-18,2026-06-30,1300.0,PE,330000,-1875,134,38.75
2026-06-18,2026-06-30,1310.0,CE,143125,10000,407,7.3
2026-06-18,2026-06-30,1310.0,PE,66875,0,1,44.7
2026-06-18,2026-06-30,1320.0,CE,481250,32500,563,5.8
2026-06-18,2026-06-30,1320.0,PE,267500,0,7,56.95
2026-06-18,2026-06-30,1330.0,CE,453750,26250,180,4.65
2026-06-18,2026-06-30,1330.0,PE,126875,0,0,61.9
2026-06-18,2026-06-30,1340.0,CE,1328125,38750,435,3.75
2026-06-18,2026-06-30,1340.0,PE,131250,0,0,75.7
2026-06-18,2026-06-30,1350.0,CE,943125,58750,425,3.0
2026-06-18,2026-06-30,1350.0,PE,153125,0,0,82.55
2026-06-18,2026-06-30,1360.0,CE,335000,-1250,34,2.4
2026-06-18,2026-06-30,1360.0,PE,38750,0,0,80.9
2026-06-18,2026-06-30,1370.0,CE,90625,7500,51,1.9
2026-06-18,2026-06-30,1370.0,PE,2500,0,0,100.0
2026-06-18,2026-06-30,1380.0,CE,593125,-8750,28,1.6
2026-06-18,2026-06-30,1380.0,PE,1250,0,0,85.05
2026-06-18,2026-06-30,1390.0,CE,96250,-8125,95,1.4
2026-06-18,2026-06-30,1390.0,PE,0,0,0,75.85
2026-06-18,2026-06-30,1400.0,CE,886250,-1250,280,1.2
2026-06-18,2026-06-30,1400.0,PE,35625,0,0,114.0
2026-06-18,2026-06-30,1410.0,CE,84375,0,0,1.3
2026-06-18,2026-06-30,1410.0,PE,0,0,0,87.75
2026-06-18,2026-06-30,1420.0,CE,106875,0,10,0.85
2026-06-18,2026-06-30,1420.0,PE,2500,0,0,142.9
2026-06-18,2026-06-30,1430.0,CE,20625,0,0,1.05
2026-06-18,2026-06-30,1430.0,PE,0,0,0,100.5
2026-06-18,2026-06-30,1440.0,CE,257500,0,60,0.6
2026-06-18,2026-06-30,1440.0,PE,2500,0,0,158.95
2026-06-18,2026-06-30,1450.0,CE,352500,0,17,0.45
2026-06-18,2026-06-30,1450.0,PE,1250,0,0,123.0
2026-06-18,2026-06-30,1460.0,CE,35000,-625,2,0.2
2026-06-18,2026-06-30,1460.0,PE,625,0,0,142.0
2026-06-18,2026-06-30,1480.0,CE,258125,-1875,52,0.2
2026-06-18,2026-06-30,1480.0,PE,0,0,0,209.75
2026-06-18,2026-06-30,1500.0,CE,216875,72500,599,0.25
2026-06-18,2026-06-30,1500.0,PE,1250,0,0,161.75
2026-06-18,2026-06-30,1520.0,CE,73125,0,0,0.15
2026-06-18,2026-06-30,1520.0,PE,6875,1875,8,250.25
2026-06-18,2026-06-30,1540.0,CE,9375,0,0,0.2
2026-06-18,2026-06-30,1540.0,PE,7500,625,3,270.35
2026-06-18,2026-07-28,1060.0,CE,0,0,0,312.1
2026-06-18,2026-07-28,1060.0,PE,15625,625,74,1.9
2026-06-18,2026-07-28,1080.0,CE,0,0,0,293.3
2026-06-18,2026-07-28,1080.0,PE,8125,-5625,756,2.25
2026-06-18,2026-07-28,1100.0,CE,0,0,0,274.8
2026-06-18,2026-07-28,1100.0,PE,21250,625,15,2.85
2026-06-18,2026-07-28,1120.0,CE,0,0,0,256.6
2026-06-18,2026-07-28,1120.0,PE,0,0,0,5.9
2026-06-18,2026-07-28,1140.0,CE,0,0,0,238.8
2026-06-18,2026-07-28,1140.0,PE,30000,13750,37,5.35
2026-06-18,2026-07-28,1150.0,CE,2500,0,0,130.5
2026-06-18,2026-07-28,1150.0,PE,33125,1875,10,6.45
2026-06-18,2026-07-28,1160.0,CE,0,0,0,221.45
2026-06-18,2026-07-28,1160.0,PE,22500,2500,4,7.5
2026-06-18,2026-07-28,1170.0,CE,0,0,0,179.1
2026-06-18,2026-07-28,1170.0,PE,18750,18750,35,9.0
2026-06-18,2026-07-28,1180.0,CE,0,0,0,204.55
2026-06-18,2026-07-28,1180.0,PE,1250,0,0,10.0
2026-06-18,2026-07-28,1190.0,CE,0,0,0,162.35
2026-06-18,2026-07-28,1190.0,PE,14375,9375,23,12.6
2026-06-18,2026-07-28,1200.0,CE,5625,0,0,84.2
2026-06-18,2026-07-28,1200.0,PE,108750,5625,35,14.9
2026-06-18,2026-07-28,1210.0,CE,0,0,0,146.3
2026-06-18,2026-07-28,1210.0,PE,7500,1875,4,18.9
2026-06-18,2026-07-28,1220.0,CE,0,0,0,172.6
2026-06-18,2026-07-28,1220.0,PE,7500,2500,6,20.45
2026-06-18,2026-07-28,1230.0,CE,0,0,0,131.05
2026-06-18,2026-07-28,1230.0,PE,625,625,1,25.15
2026-06-18,2026-07-28,1240.0,CE,625,625,1,60.3
2026-06-18,2026-07-28,1240.0,PE,4375,3125,9,26.4
2026-06-18,2026-07-28,1250.0,CE,2500,0,0,50.0
2026-06-18,2026-07-28,1250.0,PE,34375,1875,8,30.4
2026-06-18,2026-07-28,1260.0,CE,6250,5625,12,43.5
2026-06-18,2026-07-28,1260.0,PE,6875,1875,5,36.75
2026-06-18,2026-07-28,1270.0,CE,38125,28750,71,39.2
2026-06-18,2026-07-28,1270.0,PE,4375,3750,12,39.2
2026-06-18,2026-07-28,1280.0,CE,1875,625,1,35.0
2026-06-18,2026-07-28,1280.0,PE,0,0,0,36.85
2026-06-18,2026-07-28,1290.0,CE,1250,0,0,32.5
2026-06-18,2026-07-28,1290.0,PE,2500,0,0,55.0
2026-06-18,2026-07-28,1300.0,CE,66250,11250,73,26.85
2026-06-18,2026-07-28,1300.0,PE,38750,1250,3,58.2
2026-06-18,2026-07-28,1310.0,CE,0,0,0,79.15
2026-06-18,2026-07-28,1310.0,PE,0,0,0,50.45
2026-06-18,2026-07-28,1320.0,CE,0,0,0,105.15
2026-06-18,2026-07-28,1320.0,PE,16250,0,0,53.5
2026-06-18,2026-07-28,1330.0,CE,625,625,1,18.8
2026-06-18,2026-07-28,1330.0,PE,0,0,0,80.5
2026-06-18,2026-07-28,1340.0,CE,13750,3750,8,16.0
2026-06-18,2026-07-28,1340.0,PE,625,0,0,83.0
2026-06-18,2026-07-28,1350.0,CE,1250,0,0,18.25
2026-06-18,2026-07-28,1350.0,PE,0,0,0,95.0
2026-06-18,2026-07-28,1360.0,CE,41875,10000,28,12.75
2026-06-18,2026-07-28,1360.0,PE,1875,0,0,93.95
2026-06-18,2026-07-28,1370.0,CE,0,0,0,50.6
2026-06-18,2026-07-28,1370.0,PE,0,0,0,78.65
2026-06-18,2026-07-28,1380.0,CE,1875,0,0,11.4
2026-06-18,2026-07-28,1380.0,PE,0,0,0,79.9
2026-06-18,2026-07-28,1390.0,CE,1250,0,0,9.5
2026-06-18,2026-07-28,1390.0,PE,0,0,0,90.85
2026-06-18,2026-07-28,1400.0,CE,33750,3750,35,7.55
2026-06-18,2026-07-28,1400.0,PE,6875,1250,2,142.0
2026-06-18,2026-07-28,1410.0,CE,625,0,0,21.05
2026-06-18,2026-07-28,1410.0,PE,0,0,0,103.95
2026-06-18,2026-07-28,1420.0,CE,0,0,0,57.75
2026-06-18,2026-07-28,1420.0,PE,0,0,0,102.75
2026-06-18,2026-07-28,1430.0,CE,0,0,0,30.45
2026-06-18,2026-07-28,1430.0,PE,0,0,0,117.9
2026-06-18,2026-07-28,1440.0,CE,625,0,0,13.6
2026-06-18,2026-07-28,1440.0,PE,0,0,0,115.3
2026-06-18,2026-07-28,1460.0,CE,4375,0,0,3.6
2026-06-18,2026-07-28,1460.0,PE,0,0,0,128.55
2026-06-18,2026-07-28,1480.0,CE,8750,1250,21,2.75
2026-06-18,2026-07-28,1480.0,PE,0,0,0,142.5
2026-06-18,2026-07-28,1500.0,CE,29375,16250,96,2.35
2026-06-18,2026-07-28,1500.0,PE,0,0,0,157.1
2026-06-18,2026-07-28,1520.0,CE,28750,3750,70,1.85
2026-06-18,2026-07-28,1520.0,PE,10000,3125,5,252.0
2026-06-18,2026-08-25,1080.0,CE,0,0,0,268.35
2026-06-18,2026-08-25,1080.0,PE,0,0,0,4.5
2026-06-18,2026-08-25,1120.0,CE,0,0,0,232.45
2026-06-18,2026-08-25,1120.0,PE,0,0,0,8.0
2026-06-18,2026-08-25,1140.0,CE,0,0,0,215.15
2026-06-18,2026-08-25,1140.0,PE,0,0,0,10.4
2026-06-18,2026-08-25,1160.0,CE,0,0,0,198.4
2026-06-18,2026-08-25,1160.0,PE,0,0,0,13.35
2026-06-18,2026-08-25,1180.0,CE,0,0,0,182.25
2026-06-18,2026-08-25,1180.0,PE,0,0,0,16.9
2026-06-18,2026-08-25,1200.0,CE,0,0,0,166.7
2026-06-18,2026-08-25,1200.0,PE,0,0,0,21.1
2026-06-18,2026-08-25,1220.0,CE,0,0,0,151.9
2026-06-18,2026-08-25,1220.0,PE,0,0,0,26.0
2026-06-18,2026-08-25,1240.0,CE,0,0,0,137.75
2026-06-18,2026-08-25,1240.0,PE,0,0,0,31.55
2026-06-18,2026-08-25,1260.0,CE,0,0,0,124.45
2026-06-18,2026-08-25,1260.0,PE,0,0,0,37.95
2026-06-18,2026-08-25,1280.0,CE,0,0,0,111.95
2026-06-18,2026-08-25,1280.0,PE,0,0,0,45.15
2026-06-18,2026-08-25,1300.0,CE,0,0,0,100.25
2026-06-18,2026-08-25,1300.0,PE,0,0,0,53.15
2026-06-18,2026-08-25,1320.0,CE,0,0,0,89.4
2026-06-18,2026-08-25,1320.0,PE,0,0,0,62.0
2026-06-18,2026-08-25,1340.0,CE,0,0,0,79.4
2026-06-18,2026-08-25,1340.0,PE,0,0,0,71.7
2026-06-18,2026-08-25,1360.0,CE,0,0,0,70.15
2026-06-18,2026-08-25,1360.0,PE,0,0,0,82.2
2026-06-18,2026-08-25,1380.0,CE,0,0,0,61.75
2026-06-18,2026-08-25,1380.0,PE,0,0,0,93.5
2026-06-18,2026-08-25,1400.0,CE,0,0,0,54.15
2026-06-18,2026-08-25,1400.0,PE,0,0,0,105.55
2026-06-18,2026-08-25,1420.0,CE,0,0,0,47.25
2026-06-18,2026-08-25,1420.0,PE,0,0,0,118.4
2026-06-18,2026-08-25,1440.0,CE,0,0,0,41.1
2026-06-18,2026-08-25,1440.0,PE,0,0,0,131.9
2026-06-18,2026-08-25,1480.0,CE,0,0,0,30.75
2026-06-18,2026-08-25,1480.0,PE,0,0,0,160.95
2026-06-18,2026-08-25,1520.0,CE,0,0,0,22.55
2026-06-18,2026-08-25,1520.0,PE,0,0,0,192.2
2026-06-19,2026-06-30,1060.0,CE,0,0,0,218.8
2026-06-19,2026-06-30,1060.0,PE,30625,0,0,0.25
2026-06-19,2026-06-30,1080.0,CE,0,0,0,201.05
2026-06-19,2026-06-30,1080.0,PE,5000,0,0,0.4
2026-06-19,2026-06-30,1100.0,CE,0,0,0,176.0
2026-06-19,2026-06-30,1100.0,PE,25625,0,0,0.4
2026-06-19,2026-06-30,1120.0,CE,0,0,0,167.2
2026-06-19,2026-06-30,1120.0,PE,9375,0,2,0.4
2026-06-19,2026-06-30,1140.0,CE,0,0,0,151.25
2026-06-19,2026-06-30,1140.0,PE,6875,-5625,12,0.45
2026-06-19,2026-06-30,1150.0,CE,1875,0,0,167.0
2026-06-19,2026-06-30,1150.0,PE,85000,-625,67,0.5
2026-06-19,2026-06-30,1160.0,CE,0,0,0,136.05
2026-06-19,2026-06-30,1160.0,PE,45000,0,0,1.25
2026-06-19,2026-06-30,1170.0,CE,625,0,0,101.5
2026-06-19,2026-06-30,1170.0,PE,12500,0,0,1.1
2026-06-19,2026-06-30,1180.0,CE,2500,0,0,98.0
2026-06-19,2026-06-30,1180.0,PE,38750,0,0,2.2
2026-06-19,2026-06-30,1190.0,CE,0,0,0,185.3
2026-06-19,2026-06-30,1190.0,PE,5625,0,0,1.5
2026-06-19,2026-06-30,1200.0,CE,16875,0,0,67.5
2026-06-19,2026-06-30,1200.0,PE,683125,-2500,217,1.55
2026-06-19,2026-06-30,1210.0,CE,0,0,0,168.4
2026-06-19,2026-06-30,1210.0,PE,43750,0,0,2.5
2026-06-19,2026-06-30,1220.0,CE,16250,-625,44,51.0
2026-06-19,2026-06-30,1220.0,PE,136875,8125,91,3.55
2026-06-19,2026-06-30,1230.0,CE,6250,5000,34,43.25
2026-06-19,2026-06-30,1230.0,PE,86250,-21250,285,5.05
2026-06-19,2026-06-30,1240.0,CE,31250,625,88,34.75
2026-06-19,2026-06-30,1240.0,PE,113125,-9375,487,7.2
2026-06-19,2026-06-30,1250.0,CE,111875,18750,261,28.25
2026-06-19,2026-06-30,1250.0,PE,283750,10000,573,10.4
2026-06-19,2026-06-30,1260.0,CE,241250,61875,1447,22.2
2026-06-19,2026-06-30,1260.0,PE,443125,88750,769,14.3
2026-06-19,2026-06-30,1270.0,CE,540625,111875,2735,17.35
2026-06-19,2026-06-30,1270.0,PE,293125,15625,540,19.15
2026-06-19,2026-06-30,1280.0,CE,1239375,74375,1441,13.25
2026-06-19,2026-06-30,1280.0,PE,505000,6875,329,25.25
2026-06-19,2026-06-30,1290.0,CE,339375,-16250,899,10.5
2026-06-19,2026-06-30,1290.0,PE,146250,-11875,80,32.05
2026-06-19,2026-06-30,1300.0,CE,1583750,155000,1727,8.35
2026-06-19,2026-06-30,1300.0,PE,328750,-1250,24,40.6
2026-06-19,2026-06-30,1310.0,CE,142500,-625,216,6.45
2026-06-19,2026-06-30,1310.0,PE,66875,0,0,44.7
2026-06-19,2026-06-30,1320.0,CE,475000,-6250,280,5.2
2026-06-19,2026-06-30,1320.0,PE,265000,-2500,11,56.15
2026-06-19,2026-06-30,1330.0,CE,453750,0,202,4.15
2026-06-19,2026-06-30,1330.0,PE,126875,0,0,61.9
2026-06-19,2026-06-30,1340.0,CE,1393125,65000,419,3.4
2026-06-19,2026-06-30,1340.0,PE,131250,0,4,73.85
2026-06-19,2026-06-30,1350.0,CE,967500,24375,207,2.75
2026-06-19,2026-06-30,1350.0,PE,153125,0,0,82.55
2026-06-19,2026-06-30,1360.0,CE,342500,7500,83,2.1
2026-06-19,2026-06-30,1360.0,PE,38750,0,0,80.9
2026-06-19,2026-06-30,1370.0,CE,90625,0,2,1.45
2026-06-19,2026-06-30,1370.0,PE,2500,0,0,100.0
2026-06-19,2026-06-30,1380.0,CE,546250,-46875,85,1.4
2026-06-19,2026-06-30,1380.0,PE,1250,0,0,85.05
2026-06-19,2026-06-30,1390.0,CE,96250,0,0,1.4
2026-06-19,2026-06-30,1390.0,PE,0,0,0,75.85
2026-06-19,2026-06-30,1400.0,CE,815000,-71250,286,1.05
2026-06-19,2026-06-30,1400.0,PE,35625,0,0,114.0
2026-06-19,2026-06-30,1410.0,CE,84375,0,0,1.3
2026-06-19,2026-06-30,1410.0,PE,0,0,0,87.75
2026-06-19,2026-06-30,1420.0,CE,108125,1250,23,0.7
2026-06-19,2026-06-30,1420.0,PE,2500,0,0,142.9
2026-06-19,2026-06-30,1430.0,CE,20625,0,0,1.05
2026-06-19,2026-06-30,1430.0,PE,0,0,0,100.5
2026-06-19,2026-06-30,1440.0,CE,259375,1875,20,0.55
2026-06-19,2026-06-30,1440.0,PE,2500,0,0,158.95
2026-06-19,2026-06-30,1450.0,CE,352500,0,12,0.25
2026-06-19,2026-06-30,1450.0,PE,1250,0,0,123.0
2026-06-19,2026-06-30,1460.0,CE,35000,0,0,0.2
2026-06-19,2026-06-30,1460.0,PE,625,0,0,142.0
2026-06-19,2026-06-30,1480.0,CE,258125,0,1,0.2
2026-06-19,2026-06-30,1480.0,PE,0,0,0,209.75
2026-06-19,2026-06-30,1500.0,CE,212500,-4375,84,0.15
2026-06-19,2026-06-30,1500.0,PE,1250,0,0,161.75
2026-06-19,2026-06-30,1520.0,CE,73125,0,0,0.15
2026-06-19,2026-06-30,1520.0,PE,6875,0,0,250.25
2026-06-19,2026-06-30,1540.0,CE,9375,0,0,0.2
2026-06-19,2026-06-30,1540.0,PE,7500,0,0,270.35
2026-06-19,2026-07-28,1060.0,CE,0,0,0,312.1
2026-06-19,2026-07-28,1060.0,PE,8125,-7500,17,1.95
2026-06-19,2026-07-28,1080.0,CE,0,0,0,293.3
2026-06-19,2026-07-28,1080.0,PE,8125,0,0,2.25
2026-06-19,2026-07-28,1100.0,CE,0,0,0,274.8
2026-06-19,2026-07-28,1100.0,PE,17500,-3750,21,3.1
2026-06-19,2026-07-28,1120.0,CE,0,0,0,256.6
2026-06-19,2026-07-28,1120.0,PE,0,0,0,5.9
2026-06-19,2026-07-28,1140.0,CE,0,0,0,238.8
2026-06-19,2026-07-28,1140.0,PE,33750,3750,7,5.9
2026-06-19,2026-07-28,1150.0,CE,2500,0,0,130.5
2026-06-19,2026-07-28,1150.0,PE,31875,-1250,30,7.1
2026-06-19,2026-07-28,1160.0,CE,0,0,0,221.45
2026-06-19,2026-07-28,1160.0,PE,22500,0,2,9.05
2026-06-19,2026-07-28,1170.0,CE,0,0,0,179.1
2026-06-19,2026-07-28,1170.0,PE,22500,3750,7,9.7
2026-06-19,2026-07-28,1180.0,CE,0,0,0,204.55
2026-06-19,2026-07-28,1180.0,PE,11875,10625,20,11.55
2026-06-19,2026-07-28,1190.0,CE,0,0,0,162.35
2026-06-19,2026-07-28,1190.0,PE,16250,1875,6,14.5
2026-06-19,2026-07-28,1200.0,CE,5625,0,0,84.2
2026-06-19,2026-07-28,1200.0,PE,120000,11250,64,15.8
2026-06-19,2026-07-28,1210.0,CE,0,0,0,146.3
2026-06-19,2026-07-28,1210.0,PE,8125,625,1,18.85
2026-06-19,2026-07-28,1220.0,CE,0,0,0,172.6
2026-06-19,2026-07-28,1220.0,PE,7500,0,0,20.45
2026-06-19,2026-07-28,1230.0,CE,0,0,0,131.05
2026-06-19,2026-07-28,1230.0,PE,1250,625,1,25.35
2026-06-19,2026-07-28,1240.0,CE,625,0,0,60.3
2026-06-19,2026-07-28,1240.0,PE,7500,3125,7,28.75
2026-06-19,2026-07-28,1250.0,CE,2500,0,1,45.5
2026-06-19,2026-07-28,1250.0,PE,41875,7500,19,34.25
2026-06-19,2026-07-28,1260.0,CE,14375,8125,27,42.6
2026-06-19,2026-07-28,1260.0,PE,28750,21875,41,37.75
2026-06-19,2026-07-28,1270.0,CE,36250,-1875,43,38.15
2026-06-19,2026-07-28,1270.0,PE,4375,0,0,39.2
2026-06-19,2026-07-28,1280.0,CE,1875,0,0,35.0
2026-06-19,2026-07-28,1280.0,PE,0,0,0,36.85
2026-06-19,2026-07-28,1290.0,CE,1250,0,0,32.5
2026-06-19,2026-07-28,1290.0,PE,2500,0,0,55.0
2026-06-19,2026-07-28,1300.0,CE,90625,24375,121,26.6
2026-06-19,2026-07-28,1300.0,PE,40000,1250,5,60.5
2026-06-19,2026-07-28,1310.0,CE,0,0,0,79.15
2026-06-19,2026-07-28,1310.0,PE,0,0,0,50.45
2026-06-19,2026-07-28,1320.0,CE,0,0,0,105.15
2026-06-19,2026-07-28,1320.0,PE,16250,0,0,53.5
2026-06-19,2026-07-28,1330.0,CE,625,0,0,18.8
2026-06-19,2026-07-28,1330.0,PE,0,0,0,80.5
2026-06-19,2026-07-28,1340.0,CE,23750,10000,27,15.6
2026-06-19,2026-07-28,1340.0,PE,1250,625,1,94.0
2026-06-19,2026-07-28,1350.0,CE,1250,0,0,18.25
2026-06-19,2026-07-28,1350.0,PE,0,0,0,95.0
2026-06-19,2026-07-28,1360.0,CE,61875,20000,61,12.05
2026-06-19,2026-07-28,1360.0,PE,1875,0,0,93.95
2026-06-19,2026-07-28,1370.0,CE,0,0,0,50.6
2026-06-19,2026-07-28,1370.0,PE,0,0,0,78.65
2026-06-19,2026-07-28,1380.0,CE,1875,0,0,11.4
2026-06-19,2026-07-28,1380.0,PE,0,0,0,79.9
2026-06-19,2026-07-28,1390.0,CE,1250,0,0,9.5
2026-06-19,2026-07-28,1390.0,PE,0,0,0,90.85
2026-06-19,2026-07-28,1400.0,CE,43125,9375,47,7.15
2026-06-19,2026-07-28,1400.0,PE,6875,0,0,142.0
2026-06-19,2026-07-28,1410.0,CE,625,0,0,21.05
2026-06-19,2026-07-28,1410.0,PE,0,0,0,103.95
2026-06-19,2026-07-28,1420.0,CE,0,0,0,57.75
2026-06-19,2026-07-28,1420.0,PE,0,0,0,102.75
2026-06-19,2026-07-28,1430.0,CE,0,0,0,30.45
2026-06-19,2026-07-28,1430.0,PE,0,0,0,117.9
2026-06-19,2026-07-28,1440.0,CE,625,0,0,13.6
2026-06-19,2026-07-28,1440.0,PE,0,0,0,115.3
2026-06-19,2026-07-28,1460.0,CE,4375,0,0,3.6
2026-06-19,2026-07-28,1460.0,PE,0,0,0,128.55
2026-06-19,2026-07-28,1480.0,CE,8750,0,1,2.85
2026-06-19,2026-07-28,1480.0,PE,0,0,0,142.5
2026-06-19,2026-07-28,1500.0,CE,31250,1875,5,2.15
2026-06-19,2026-07-28,1500.0,PE,0,0,0,157.1
2026-06-19,2026-07-28,1520.0,CE,26250,-2500,4,1.7
2026-06-19,2026-07-28,1520.0,PE,10000,0,0,252.0
2026-06-19,2026-08-25,1080.0,CE,0,0,0,268.35
2026-06-19,2026-08-25,1080.0,PE,0,0,0,4.5
2026-06-19,2026-08-25,1120.0,CE,0,0,0,232.45
2026-06-19,2026-08-25,1120.0,PE,0,0,0,8.0
2026-06-19,2026-08-25,1140.0,CE,0,0,0,215.15
2026-06-19,2026-08-25,1140.0,PE,0,0,0,10.4
2026-06-19,2026-08-25,1160.0,CE,0,0,0,198.4
2026-06-19,2026-08-25,1160.0,PE,0,0,0,13.35
2026-06-19,2026-08-25,1180.0,CE,0,0,0,182.25
2026-06-19,2026-08-25,1180.0,PE,0,0,0,16.9
2026-06-19,2026-08-25,1200.0,CE,0,0,0,166.7
2026-06-19,2026-08-25,1200.0,PE,0,0,0,21.1
2026-06-19,2026-08-25,1220.0,CE,0,0,0,151.9
2026-06-19,2026-08-25,1220.0,PE,0,0,0,26.0
2026-06-19,2026-08-25,1240.0,CE,0,0,0,137.75
2026-06-19,2026-08-25,1240.0,PE,0,0,0,31.55
2026-06-19,2026-08-25,1260.0,CE,0,0,0,124.45
2026-06-19,2026-08-25,1260.0,PE,0,0,0,37.95
2026-06-19,2026-08-25,1280.0,CE,0,0,0,111.95
2026-06-19,2026-08-25,1280.0,PE,0,0,0,45.15
2026-06-19,2026-08-25,1300.0,CE,0,0,0,100.25
2026-06-19,2026-08-25,1300.0,PE,0,0,0,53.15
2026-06-19,2026-08-25,1320.0,CE,0,0,0,89.4
2026-06-19,2026-08-25,1320.0,PE,0,0,0,62.0
2026-06-19,2026-08-25,1340.0,CE,0,0,0,79.4
2026-06-19,2026-08-25,1340.0,PE,0,0,0,71.7
2026-06-19,2026-08-25,1360.0,CE,0,0,0,70.15
2026-06-19,2026-08-25,1360.0,PE,0,0,0,82.2
2026-06-19,2026-08-25,1380.0,CE,0,0,0,61.75
2026-06-19,2026-08-25,1380.0,PE,0,0,0,93.5
2026-06-19,2026-08-25,1400.0,CE,0,0,0,54.15
2026-06-19,2026-08-25,1400.0,PE,0,0,0,105.55
2026-06-19,2026-08-25,1420.0,CE,0,0,0,47.25
2026-06-19,2026-08-25,1420.0,PE,0,0,0,118.4
2026-06-19,2026-08-25,1440.0,CE,0,0,0,41.1
2026-06-19,2026-08-25,1440.0,PE,0,0,0,131.9
2026-06-19,2026-08-25,1480.0,CE,0,0,0,30.75
2026-06-19,2026-08-25,1480.0,PE,0,0,0,160.95
2026-06-19,2026-08-25,1520.0,CE,0,0,0,22.55
2026-06-19,2026-08-25,1520.0,PE,0,0,0,192.2
2026-06-22,2026-06-30,1060.0,CE,0,0,0,218.8
2026-06-22,2026-06-30,1060.0,PE,29375,-1250,2,0.15
2026-06-22,2026-06-30,1080.0,CE,0,0,0,201.05
2026-06-22,2026-06-30,1080.0,PE,5000,0,0,0.4
2026-06-22,2026-06-30,1100.0,CE,0,0,0,176.0
2026-06-22,2026-06-30,1100.0,PE,21875,-3750,14,0.2
2026-06-22,2026-06-30,1120.0,CE,0,0,0,167.2
2026-06-22,2026-06-30,1120.0,PE,9375,0,0,0.4
2026-06-22,2026-06-30,1140.0,CE,0,0,0,151.25
2026-06-22,2026-06-30,1140.0,PE,7500,625,1,0.4
2026-06-22,2026-06-30,1150.0,CE,1875,0,0,167.0
2026-06-22,2026-06-30,1150.0,PE,87500,2500,217,0.2
2026-06-22,2026-06-30,1160.0,CE,0,0,0,136.05
2026-06-22,2026-06-30,1160.0,PE,47500,2500,6,0.25
2026-06-22,2026-06-30,1170.0,CE,625,0,0,101.5
2026-06-22,2026-06-30,1170.0,PE,12500,0,14,0.25
2026-06-22,2026-06-30,1180.0,CE,2500,0,0,98.0
2026-06-22,2026-06-30,1180.0,PE,35625,-3125,12,0.45
2026-06-22,2026-06-30,1190.0,CE,0,0,0,185.3
2026-06-22,2026-06-30,1190.0,PE,5625,0,0,1.5
2026-06-22,2026-06-30,1200.0,CE,18125,1250,43,93.15
2026-06-22,2026-06-30,1200.0,PE,662500,-20625,447,0.5
2026-06-22,2026-06-30,1210.0,CE,0,0,0,168.4
2026-06-22,2026-06-30,1210.0,PE,18125,-25625,61,0.6
2026-06-22,2026-06-30,1220.0,CE,15625,-625,2,67.0
2026-06-22,2026-06-30,1220.0,PE,79375,-57500,282,0.9
2026-06-22,2026-06-30,1230.0,CE,9375,3125,30,64.35
2026-06-22,2026-06-30,1230.0,PE,50000,-36250,253,1.3
2026-06-22,2026-06-30,1240.0,CE,23125,-8125,55,53.85
2026-06-22,2026-06-30,1240.0,PE,86875,-26250,657,2.0
2026-06-22,2026-06-30,1250.0,CE,99375,-12500,197,46.25
2026-06-22,2026-06-30,1250.0,PE,263750,-20000,1013,3.05
2026-06-22,2026-06-30,1260.0,CE,199375,-41875,804,36.7
2026-06-22,2026-06-30,1260.0,PE,478750,35625,1084,4.6
2026-06-22,2026-06-30,1270.0,CE,335625,-205000,2383,28.9
2026-06-22,2026-06-30,1270.0,PE,316250,23125,1582,6.75
2026-06-22,2026-06-30,1280.0,CE,758750,-480625,7249,22.4
2026-06-22,2026-06-30,1280.0,PE,586250,81250,1977,10.05
2026-06-22,2026-06-30,1290.0,CE,310000,-29375,3968,16.95
2026-06-22,2026-06-30,1290.0,PE,158125,11875,1235,14.65
2026-06-22,2026-06-30,1300.0,CE,1595625,11875,11182,12.8
2026-06-22,2026-06-30,1300.0,PE,325625,-3125,1246,20.35
2026-06-22,2026-06-30,1310.0,CE,192500,50000,2389,9.5
2026-06-22,2026-06-30,1310.0,PE,118750,51875,278,26.9
2026-06-22,2026-06-30,1320.0,CE,565000,90000,2539,6.95
2026-06-22,2026-06-30,1320.0,PE,275625,10625,145,34.55
2026-06-22,2026-06-30,1330.0,CE,415625,-38125,837,5.1
2026-06-22,2026-06-30,1330.0,PE,117500,-9375,60,42.2
2026-06-22,2026-06-30,1340.0,CE,1086875,-306250,2877,3.7
2026-06-22,2026-06-30,1340.0,PE,120000,-11250,72,50.6
2026-06-22,2026-06-30,1350.0,CE,923750,-43750,1456,2.65
2026-06-22,2026-06-30,1350.0,PE,153125,0,15,59.25
2026-06-22,2026-06-30,1360.0,CE,360000,17500,578,2.05
2026-06-22,2026-06-30,1360.0,PE,41250,2500,17,68.9
2026-06-22,2026-06-30,1370.0,CE,65000,-25625,135,1.6
2026-06-22,2026-06-30,1370.0,PE,4375,1875,15,77.3
2026-06-22,2026-06-30,1380.0,CE,553750,7500,163,1.15
2026-06-22,2026-06-30,1380.0,PE,1250,0,0,85.05
2026-06-22,2026-06-30,1390.0,CE,91875,-4375,69,0.95
2026-06-22,2026-06-30,1390.0,PE,0,0,0,75.85
2026-06-22,2026-06-30,1400.0,CE,726875,-88125,750,0.9
2026-06-22,2026-06-30,1400.0,PE,35625,0,0,114.0
2026-06-22,2026-06-30,1410.0,CE,99375,15000,46,0.95
2026-06-22,2026-06-30,1410.0,PE,0,0,0,87.75
2026-06-22,2026-06-30,1420.0,CE,126875,18750,135,0.6
2026-06-22,2026-06-30,1420.0,PE,2500,0,3,120.15
2026-06-22,2026-06-30,1430.0,CE,20625,0,0,1.05
2026-06-22,2026-06-30,1430.0,PE,0,0,0,100.5
2026-06-22,2026-06-30,1440.0,CE,258125,-1250,32,0.3
2026-06-22,2026-06-30,1440.0,PE,2500,0,0,158.95
2026-06-22,2026-06-30,1450.0,CE,352500,0,50,0.3
2026-06-22,2026-06-30,1450.0,PE,1250,0,0,123.0
2026-06-22,2026-06-30,1460.0,CE,34375,-625,1,0.2
2026-06-22,2026-06-30,1460.0,PE,625,0,0,142.0
2026-06-22,2026-06-30,1480.0,CE,258125,0,214,0.15
2026-06-22,2026-06-30,1480.0,PE,0,0,0,209.75
2026-06-22,2026-06-30,1500.0,CE,141250,-71250,204,0.2
2026-06-22,2026-06-30,1500.0,PE,1250,0,0,161.75
2026-06-22,2026-06-30,1520.0,CE,73125,0,2,0.25
2026-06-22,2026-06-30,1520.0,PE,5000,-1875,3,226.2
2026-06-22,2026-06-30,1540.0,CE,13750,4375,174,0.2
2026-06-22,2026-06-30,1540.0,PE,6875,-625,3,239.1
2026-06-22,2026-07-28,1060.0,CE,0,0,0,312.1
2026-06-22,2026-07-28,1060.0,PE,8125,0,9,1.25
2026-06-22,2026-07-28,1080.0,CE,0,0,0,293.3
2026-06-22,2026-07-28,1080.0,PE,6250,-1875,6,1.75
2026-06-22,2026-07-28,1100.0,CE,625,625,2,188.0
2026-06-22,2026-07-28,1100.0,PE,15000,-2500,8,2.0
2026-06-22,2026-07-28,1120.0,CE,0,0,0,256.6
2026-06-22,2026-07-28,1120.0,PE,0,0,0,5.9
2026-06-22,2026-07-28,1140.0,CE,0,0,0,238.8
2026-06-22,2026-07-28,1140.0,PE,35000,1250,7,4.4
2026-06-22,2026-07-28,1150.0,CE,2500,0,0,130.5
2026-06-22,2026-07-28,1150.0,PE,31250,-625,9,4.8
2026-06-22,2026-07-28,1160.0,CE,0,0,0,221.45
2026-06-22,2026-07-28,1160.0,PE,21875,-625,7,6.1
2026-06-22,2026-07-28,1170.0,CE,0,0,0,179.1
2026-06-22,2026-07-28,1170.0,PE,28125,5625,16,7.45
2026-06-22,2026-07-28,1180.0,CE,0,0,0,204.55
2026-06-22,2026-07-28,1180.0,PE,26250,14375,29,8.8
2026-06-22,2026-07-28,1190.0,CE,0,0,0,162.35
2026-06-22,2026-07-28,1190.0,PE,25000,8750,26,10.3
2026-06-22,2026-07-28,1200.0,CE,5625,0,2,94.5
2026-06-22,2026-07-28,1200.0,PE,134375,14375,71,12.25
2026-06-22,2026-07-28,1210.0,CE,0,0,0,146.3
2026-06-22,2026-07-28,1210.0,PE,11250,3125,10,14.15
2026-06-22,2026-07-28,1220.0,CE,0,0,0,172.6
2026-06-22,2026-07-28,1220.0,PE,34375,26875,64,16.65
2026-06-22,2026-07-28,1230.0,CE,0,0,0,131.05
2026-06-22,2026-07-28,1230.0,PE,8125,6875,12,19.1
2026-06-22,2026-07-28,1240.0,CE,625,0,0,60.3
2026-06-22,2026-07-28,1240.0,PE,18750,11250,40,22.5
2026-06-22,2026-07-28,1250.0,CE,2500,0,0,45.5
2026-06-22,2026-07-28,1250.0,PE,56875,15000,76,25.55
2026-06-22,2026-07-28,1260.0,CE,25625,11250,51,62.2
2026-06-22,2026-07-28,1260.0,PE,45000,16250,48,29.8
2026-06-22,2026-07-28,1270.0,CE,26875,-9375,44,52.5
2026-06-22,2026-07-28,1270.0,PE,4375,0,2,31.5
2026-06-22,2026-07-28,1280.0,CE,33125,31250,148,46.0
2026-06-22,2026-07-28,1280.0,PE,33750,33750,91,39.3
2026-06-22,2026-07-28,1290.0,CE,1875,625,1,38.1
2026-06-22,2026-07-28,1290.0,PE,3125,625,2,43.0
2026-06-22,2026-07-28,1300.0,CE,301875,211250,1164,37.0
2026-06-22,2026-07-28,1300.0,PE,115625,75625,197,49.4
2026-06-22,2026-07-28,1310.0,CE,0,0,0,79.15
2026-06-22,2026-07-28,1310.0,PE,0,0,0,50.45
2026-06-22,2026-07-28,1320.0,CE,30625,30625,114,28.95
2026-06-22,2026-07-28,1320.0,PE,20625,4375,12,61.0
2026-06-22,2026-07-28,1330.0,CE,7500,6875,22,25.9
2026-06-22,2026-07-28,1330.0,PE,0,0,0,80.5
2026-06-22,2026-07-28,1340.0,CE,25000,1250,49,22.9
2026-06-22,2026-07-28,1340.0,PE,1250,0,0,94.0
2026-06-22,2026-07-28,1350.0,CE,21250,20000,70,20.3
2026-06-22,2026-07-28,1350.0,PE,625,625,1,83.0
2026-06-22,2026-07-28,1360.0,CE,71875,10000,43,17.6
2026-06-22,2026-07-28,1360.0,PE,1875,0,0,93.95
2026-06-22,2026-07-28,1370.0,CE,0,0,0,50.6
2026-06-22,2026-07-28,1370.0,PE,0,0,0,78.65
2026-06-22,2026-07-28,1380.0,CE,8125,6250,17,13.65
2026-06-22,2026-07-28,1380.0,PE,0,0,0,79.9
2026-06-22,2026-07-28,1390.0,CE,1875,625,4,12.8
2026-06-22,2026-07-28,1390.0,PE,0,0,0,90.85
2026-06-22,2026-07-28,1400.0,CE,80000,36875,177,10.45
2026-06-22,2026-07-28,1400.0,PE,5625,-1250,4,119.05
2026-06-22,2026-07-28,1410.0,CE,3750,3125,5,9.35
2026-06-22,2026-07-28,1410.0,PE,0,0,0,103.95
2026-06-22,2026-07-28,1420.0,CE,0,0,0,57.75
2026-06-22,2026-07-28,1420.0,PE,0,0,0,102.75
2026-06-22,2026-07-28,1430.0,CE,0,0,0,30.45
2026-06-22,2026-07-28,1430.0,PE,0,0,0,117.9
2026-06-22,2026-07-28,1440.0,CE,4375,3750,8,6.15
2026-06-22,2026-07-28,1440.0,PE,0,0,0,115.3
2026-06-22,2026-07-28,1460.0,CE,5000,625,1,4.95
2026-06-22,2026-07-28,1460.0,PE,0,0,0,128.55
2026-06-22,2026-07-28,1480.0,CE,9375,625,2,3.5
2026-06-22,2026-07-28,1480.0,PE,0,0,0,142.5
2026-06-22,2026-07-28,1500.0,CE,26875,-4375,75,2.8
2026-06-22,2026-07-28,1500.0,PE,0,0,0,157.1
2026-06-22,2026-07-28,1520.0,CE,23750,-2500,9,2.15
2026-06-22,2026-07-28,1520.0,PE,10000,0,0,252.0
2026-06-22,2026-08-25,1080.0,CE,0,0,0,268.35
2026-06-22,2026-08-25,1080.0,PE,0,0,0,4.5
2026-06-22,2026-08-25,1120.0,CE,0,0,0,232.45
2026-06-22,2026-08-25,1120.0,PE,0,0,0,8.0
2026-06-22,2026-08-25,1140.0,CE,0,0,0,215.15
2026-06-22,2026-08-25,1140.0,PE,0,0,0,10.4
2026-06-22,2026-08-25,1160.0,CE,0,0,0,198.4
2026-06-22,2026-08-25,1160.0,PE,0,0,0,13.35
2026-06-22,2026-08-25,1180.0,CE,0,0,0,182.25
2026-06-22,2026-08-25,1180.0,PE,0,0,0,16.9
2026-06-22,2026-08-25,1200.0,CE,0,0,0,166.7
2026-06-22,2026-08-25,1200.0,PE,0,0,0,21.1
2026-06-22,2026-08-25,1220.0,CE,0,0,0,151.9
2026-06-22,2026-08-25,1220.0,PE,0,0,0,26.0
2026-06-22,2026-08-25,1240.0,CE,0,0,0,137.75
2026-06-22,2026-08-25,1240.0,PE,0,0,0,31.55
2026-06-22,2026-08-25,1260.0,CE,0,0,0,124.45
2026-06-22,2026-08-25,1260.0,PE,0,0,0,37.95
2026-06-22,2026-08-25,1280.0,CE,0,0,0,111.95
2026-06-22,2026-08-25,1280.0,PE,0,0,0,45.15
2026-06-22,2026-08-25,1300.0,CE,0,0,0,100.25
2026-06-22,2026-08-25,1300.0,PE,0,0,0,53.15
2026-06-22,2026-08-25,1320.0,CE,0,0,0,89.4
2026-06-22,2026-08-25,1320.0,PE,0,0,0,62.0
2026-06-22,2026-08-25,1340.0,CE,0,0,0,79.4
2026-06-22,2026-08-25,1340.0,PE,0,0,0,71.7
2026-06-22,2026-08-25,1360.0,CE,0,0,0,70.15
2026-06-22,2026-08-25,1360.0,PE,0,0,0,82.2
2026-06-22,2026-08-25,1380.0,CE,0,0,0,61.75
2026-06-22,2026-08-25,1380.0,PE,0,0,0,93.5
2026-06-22,2026-08-25,1400.0,CE,0,0,0,54.15
2026-06-22,2026-08-25,1400.0,PE,0,0,0,105.55
2026-06-22,2026-08-25,1420.0,CE,0,0,0,47.25
2026-06-22,2026-08-25,1420.0,PE,0,0,0,118.4
2026-06-22,2026-08-25,1440.0,CE,0,0,0,41.1
2026-06-22,2026-08-25,1440.0,PE,0,0,0,131.9
2026-06-22,2026-08-25,1480.0,CE,0,0,0,30.75
2026-06-22,2026-08-25,1480.0,PE,0,0,0,160.95
2026-06-22,2026-08-25,1520.0,CE,0,0,0,22.55
2026-06-22,2026-08-25,1520.0,PE,0,0,0,192.2
2026-06-23,2026-06-30,1060.0,CE,0,0,0,218.8
2026-06-23,2026-06-30,1060.0,PE,11250,-18125,31,0.15
2026-06-23,2026-06-30,1080.0,CE,0,0,0,201.05
2026-06-23,2026-06-30,1080.0,PE,5625,625,1,0.1
2026-06-23,2026-06-30,1100.0,CE,0,0,0,176.0
2026-06-23,2026-06-30,1100.0,PE,16250,-5625,17,0.2
2026-06-23,2026-06-30,1120.0,CE,0,0,0,167.2
2026-06-23,2026-06-30,1120.0,PE,5625,-3750,12,0.05
2026-06-23,2026-06-30,1140.0,CE,0,0,0,151.25
2026-06-23,2026-06-30,1140.0,PE,7500,0,5,0.2
2026-06-23,2026-06-30,1150.0,CE,1250,-625,1,152.0
2026-06-23,2026-06-30,1150.0,PE,77500,-10000,46,0.05
2026-06-23,2026-06-30,1160.0,CE,0,0,0,136.05
2026-06-23,2026-06-30,1160.0,PE,40625,-6875,16,0.2
2026-06-23,2026-06-30,1170.0,CE,625,0,0,101.5
2026-06-23,2026-06-30,1170.0,PE,11250,-1250,4,0.1
2026-06-23,2026-06-30,1180.0,CE,1250,-1250,2,119.9
2026-06-23,2026-06-30,1180.0,PE,33750,-1875,8,0.3
2026-06-23,2026-06-30,1190.0,CE,0,0,0,185.3
2026-06-23,2026-06-30,1190.0,PE,5625,0,0,1.5
2026-06-23,2026-06-30,1200.0,CE,18750,625,6,120.75
2026-06-23,2026-06-30,1200.0,PE,646875,-15625,320,0.4
2026-06-23,2026-06-30,1210.0,CE,0,0,0,168.4
2026-06-23,2026-06-30,1210.0,PE,31250,13125,70,0.7
2026-06-23,2026-06-30,1220.0,CE,15000,-625,3,101.05
2026-06-23,2026-06-30,1220.0,PE,82500,3125,159,0.75
2026-06-23,2026-06-30,1230.0,CE,8125,-1250,2,75.0
2026-06-23,2026-06-30,1230.0,PE,42500,-7500,147,1.0
2026-06-23,2026-06-30,1240.0,CE,23750,625,9,62.6
2026-06-23,2026-06-30,1240.0,PE,61250,-25625,203,1.35
2026-06-23,2026-06-30,1250.0,CE,86875,-12500,64,56.8
2026-06-23,2026-06-30,1250.0,PE,224375,-39375,548,1.8
2026-06-23,2026-06-30,1260.0,CE,190000,-9375,256,44.35
2026-06-23,2026-06-30,1260.0,PE,451875,-26875,971,2.85
2026-06-23,2026-06-30,1270.0,CE,265000,-70625,405,35.45
2026-06-23,2026-06-30,1270.0,PE,248125,-68125,1174,4.15
2026-06-23,2026-06-30,1280.0,CE,608125,-150625,1647,28.8
2026-06-23,2026-06-30,1280.0,PE,744375,158125,2773,6.15
2026-06-23,2026-06-30,1290.0,CE,228125,-81875,1974,21.9
2026-06-23,2026-06-30,1290.0,PE,346875,188750,2219,9.2
2026-06-23,2026-06-30,1300.0,CE,703750,-891875,10711,16.55
2026-06-23,2026-06-30,1300.0,PE,410000,84375,4441,13.85
2026-06-23,2026-06-30,1310.0,CE,385000,192500,9064,12.3
2026-06-23,2026-06-30,1310.0,PE,176250,57500,2126,19.05
2026-06-23,2026-06-30,1320.0,CE,1049375,484375,14258,9.0
2026-06-23,2026-06-30,1320.0,PE,282500,6875,1966,26.0
2026-06-23,2026-06-30,1330.0,CE,732500,316875,10333,6.4
2026-06-23,2026-06-30,1330.0,PE,128750,11250,847,34.0
2026-06-23,2026-06-30,1340.0,CE,1029375,-57500,9952,4.7
2026-06-23,2026-06-30,1340.0,PE,111250,-8750,514,42.2
2026-06-23,2026-06-30,1350.0,CE,1110000,186250,8738,3.5
2026-06-23,2026-06-30,1350.0,PE,141875,-11250,218,48.0
2026-06-23,2026-06-30,1360.0,CE,355625,-4375,2479,2.55
2026-06-23,2026-06-30,1360.0,PE,41250,0,0,68.9
2026-06-23,2026-06-30,1370.0,CE,90000,25000,553,1.95
2026-06-23,2026-06-30,1370.0,PE,4375,0,0,77.3
2026-06-23,2026-06-30,1380.0,CE,562500,8750,897,1.5
2026-06-23,2026-06-30,1380.0,PE,3125,1875,25,79.4
2026-06-23,2026-06-30,1390.0,CE,75625,-16250,241,1.25
2026-06-23,2026-06-30,1390.0,PE,0,0,0,75.85
2026-06-23,2026-06-30,1400.0,CE,765625,38750,2225,1.1
2026-06-23,2026-06-30,1400.0,PE,35625,0,4,99.15
2026-06-23,2026-06-30,1410.0,CE,97500,-1875,227,0.85
2026-06-23,2026-06-30,1410.0,PE,0,0,0,87.75
2026-06-23,2026-06-30,1420.0,CE,118125,-8750,547,0.75
2026-06-23,2026-06-30,1420.0,PE,2500,0,0,120.15
2026-06-23,2026-06-30,1430.0,CE,41875,21250,89,0.65
2026-06-23,2026-06-30,1430.0,PE,0,0,0,100.5
2026-06-23,2026-06-30,1440.0,CE,256250,-1875,213,0.5
2026-06-23,2026-06-30,1440.0,PE,2500,0,0,158.95
2026-06-23,2026-06-30,1450.0,CE,352500,0,168,0.35
2026-06-23,2026-06-30,1450.0,PE,1250,0,0,123.0
2026-06-23,2026-06-30,1460.0,CE,26250,-8125,27,0.25
2026-06-23,2026-06-30,1460.0,PE,625,0,0,142.0
2026-06-23,2026-06-30,1480.0,CE,255000,-3125,88,0.2
2026-06-23,2026-06-30,1480.0,PE,0,0,0,209.75
2026-06-23,2026-06-30,1500.0,CE,164375,23125,243,0.3
2026-06-23,2026-06-30,1500.0,PE,1250,0,0,161.75
2026-06-23,2026-06-30,1520.0,CE,73125,0,13,0.25
2026-06-23,2026-06-30,1520.0,PE,3125,-1875,3,218.8
2026-06-23,2026-06-30,1540.0,CE,12500,-1250,4,0.15
2026-06-23,2026-06-30,1540.0,PE,6875,0,0,239.1
2026-06-23,2026-07-28,1060.0,CE,0,0,0,312.1
2026-06-23,2026-07-28,1060.0,PE,9375,1250,4,1.1
2026-06-23,2026-07-28,1080.0,CE,0,0,0,293.3
2026-06-23,2026-07-28,1080.0,PE,6875,625,6,1.55
2026-06-23,2026-07-28,1100.0,CE,625,0,0,188.0
2026-06-23,2026-07-28,1100.0,PE,15000,0,9,1.9
2026-06-23,2026-07-28,1120.0,CE,0,0,0,256.6
2026-06-23,2026-07-28,1120.0,PE,0,0,0,5.9
2026-06-23,2026-07-28,1140.0,CE,0,0,0,238.8
2026-06-23,2026-07-28,1140.0,PE,44375,9375,24,3.9
2026-06-23,2026-07-28,1150.0,CE,3125,625,1,158.0
2026-06-23,2026-07-28,1150.0,PE,30000,-1250,25,4.4
2026-06-23,2026-07-28,1160.0,CE,0,0,0,221.45
2026-06-23,2026-07-28,1160.0,PE,51875,30000,61,5.35
2026-06-23,2026-07-28,1170.0,CE,0,0,0,179.1
2026-06-23,2026-07-28,1170.0,PE,26250,-1875,38,6.55
2026-06-23,2026-07-28,1180.0,CE,0,0,0,204.55
2026-06-23,2026-07-28,1180.0,PE,31250,5000,13,7.4
2026-06-23,2026-07-28,1190.0,CE,0,0,0,162.35
2026-06-23,2026-07-28,1190.0,PE,25000,0,20,8.9
2026-06-23,2026-07-28,1200.0,CE,7500,1875,3,105.0
2026-06-23,2026-07-28,1200.0,PE,156875,22500,105,10.6
2026-06-23,2026-07-28,1210.0,CE,0,0,0,146.3
2026-06-23,2026-07-28,1210.0,PE,14375,3125,15,12.9
2026-06-23,2026-07-28,1220.0,CE,0,0,0,172.6
2026-06-23,2026-07-28,1220.0,PE,36250,1875,13,14.7
2026-06-23,2026-07-28,1230.0,CE,0,0,0,131.05
2026-06-23,2026-07-28,1230.0,PE,10000,1875,4,16.0
2026-06-23,2026-07-28,1240.0,CE,1875,1250,3,78.0
2026-06-23,2026-07-28,1240.0,PE,22500,3750,22,18.95
2026-06-23,2026-07-28,1250.0,CE,2500,0,0,45.5
2026-06-23,2026-07-28,1250.0,PE,64375,7500,73,21.75
2026-06-23,2026-07-28,1260.0,CE,25000,-625,8,63.0
2026-06-23,2026-07-28,1260.0,PE,49375,4375,42,26.15
2026-06-23,2026-07-28,1270.0,CE,23750,-3125,8,56.5
2026-06-23,2026-07-28,1270.0,PE,11250,6875,15,29.95
2026-06-23,2026-07-28,1280.0,CE,31875,-1250,15,49.25
2026-06-23,2026-07-28,1280.0,PE,32500,-1250,34,34.0
2026-06-23,2026-07-28,1290.0,CE,3125,1250,5,46.6
2026-06-23,2026-07-28,1290.0,PE,3125,0,0,43.0
2026-06-23,2026-07-28,1300.0,CE,220000,-81875,1085,41.6
2026-06-23,2026-07-28,1300.0,PE,138750,23125,173,44.35
2026-06-23,2026-07-28,1310.0,CE,12500,12500,30,37.8
2026-06-23,2026-07-28,1310.0,PE,1250,1250,4,49.8
2026-06-23,2026-07-28,1320.0,CE,76250,45625,368,33.2
2026-06-23,2026-07-28,1320.0,PE,26250,5625,35,54.45
2026-06-23,2026-07-28,1330.0,CE,33750,26250,112,29.75
2026-06-23,2026-07-28,1330.0,PE,0,0,0,80.5
2026-06-23,2026-07-28,1340.0,CE,38750,13750,109,26.8
2026-06-23,2026-07-28,1340.0,PE,3750,2500,6,67.5
2026-06-23,2026-07-28,1350.0,CE,61875,40625,190,23.45
2026-06-23,2026-07-28,1350.0,PE,1250,625,1,65.0
2026-06-23,2026-07-28,1360.0,CE,79375,7500,159,20.3
2026-06-23,2026-07-28,1360.0,PE,2500,625,1,80.0
2026-06-23,2026-07-28,1370.0,CE,0,0,0,50.6
2026-06-23,2026-07-28,1370.0,PE,0,0,0,78.65
2026-06-23,2026-07-28,1380.0,CE,11250,3125,9,15.55
2026-06-23,2026-07-28,1380.0,PE,1875,1875,3,95.0
2026-06-23,2026-07-28,1390.0,CE,2500,625,2,13.7
2026-06-23,2026-07-28,1390.0,PE,0,0,0,90.85
2026-06-23,2026-07-28,1400.0,CE,150625,70625,424,12.35
2026-06-23,2026-07-28,1400.0,PE,11875,6250,15,112.0
2026-06-23,2026-07-28,1410.0,CE,5625,1875,5,10.6
2026-06-23,2026-07-28,1410.0,PE,0,0,0,103.95
2026-06-23,2026-07-28,1420.0,CE,2500,2500,9,9.1
2026-06-23,2026-07-28,1420.0,PE,0,0,0,102.75
2026-06-23,2026-07-28,1430.0,CE,0,0,0,30.45
2026-06-23,2026-07-28,1430.0,PE,0,0,0,117.9
2026-06-23,2026-07-28,1440.0,CE,50000,45625,118,7.05
2026-06-23,2026-07-28,1440.0,PE,0,0,0,115.3
2026-06-23,2026-07-28,1460.0,CE,10625,5625,23,5.6
2026-06-23,2026-07-28,1460.0,PE,0,0,0,128.55
2026-06-23,2026-07-28,1480.0,CE,12500,3125,22,3.95
2026-06-23,2026-07-28,1480.0,PE,0,0,0,142.5
2026-06-23,2026-07-28,1500.0,CE,45625,18750,182,3.25
2026-06-23,2026-07-28,1500.0,PE,0,0,0,157.1
2026-06-23,2026-07-28,1520.0,CE,24375,625,30,2.3
2026-06-23,2026-07-28,1520.0,PE,10000,0,0,252.0
2026-06-23,2026-08-25,1080.0,CE,0,0,0,268.35
2026-06-23,2026-08-25,1080.0,PE,0,0,0,4.5
2026-06-23,2026-08-25,1120.0,CE,0,0,0,232.45
2026-06-23,2026-08-25,1120.0,PE,0,0,0,8.0
2026-06-23,2026-08-25,1140.0,CE,0,0,0,215.15
2026-06-23,2026-08-25,1140.0,PE,0,0,0,10.4
2026-06-23,2026-08-25,1160.0,CE,0,0,0,198.4
2026-06-23,2026-08-25,1160.0,PE,0,0,0,13.35
2026-06-23,2026-08-25,1180.0,CE,0,0,0,182.25
2026-06-23,2026-08-25,1180.0,PE,0,0,0,16.9
2026-06-23,2026-08-25,1200.0,CE,0,0,0,166.7
2026-06-23,2026-08-25,1200.0,PE,0,0,0,21.1
2026-06-23,2026-08-25,1220.0,CE,0,0,0,151.9
2026-06-23,2026-08-25,1220.0,PE,0,0,0,26.0
2026-06-23,2026-08-25,1240.0,CE,0,0,0,137.75
2026-06-23,2026-08-25,1240.0,PE,0,0,0,31.55
2026-06-23,2026-08-25,1260.0,CE,0,0,0,124.45
2026-06-23,2026-08-25,1260.0,PE,0,0,0,37.95
2026-06-23,2026-08-25,1280.0,CE,0,0,0,111.95
2026-06-23,2026-08-25,1280.0,PE,0,0,0,45.15
2026-06-23,2026-08-25,1300.0,CE,0,0,0,100.25
2026-06-23,2026-08-25,1300.0,PE,0,0,0,53.15
2026-06-23,2026-08-25,1320.0,CE,0,0,0,89.4
2026-06-23,2026-08-25,1320.0,PE,0,0,0,62.0
2026-06-23,2026-08-25,1340.0,CE,0,0,0,79.4
2026-06-23,2026-08-25,1340.0,PE,0,0,0,71.7
2026-06-23,2026-08-25,1360.0,CE,0,0,0,70.15
2026-06-23,2026-08-25,1360.0,PE,0,0,0,82.2
2026-06-23,2026-08-25,1380.0,CE,0,0,0,61.75
2026-06-23,2026-08-25,1380.0,PE,0,0,0,93.5
2026-06-23,2026-08-25,1400.0,CE,0,0,0,54.15
2026-06-23,2026-08-25,1400.0,PE,0,0,0,105.55
2026-06-23,2026-08-25,1420.0,CE,0,0,0,47.25
2026-06-23,2026-08-25,1420.0,PE,0,0,0,118.4
2026-06-23,2026-08-25,1440.0,CE,0,0,0,41.1
2026-06-23,2026-08-25,1440.0,PE,0,0,0,131.9
2026-06-23,2026-08-25,1480.0,CE,0,0,0,30.75
2026-06-23,2026-08-25,1480.0,PE,0,0,0,160.95
2026-06-23,2026-08-25,1520.0,CE,0,0,0,22.55
2026-06-23,2026-08-25,1520.0,PE,0,0,0,192.2
2026-06-24,2026-06-30,1060.0,CE,0,0,0,218.8
2026-06-24,2026-06-30,1060.0,PE,11250,0,0,0.15
2026-06-24,2026-06-30,1080.0,CE,0,0,0,201.05
2026-06-24,2026-06-30,1080.0,PE,6250,625,12,0.1
2026-06-24,2026-06-30,1100.0,CE,0,0,0,176.0
2026-06-24,2026-06-30,1100.0,PE,11875,-4375,7,0.1
2026-06-24,2026-06-30,1120.0,CE,0,0,0,167.2
2026-06-24,2026-06-30,1120.0,PE,4375,-1250,3,0.05
2026-06-24,2026-06-30,1140.0,CE,0,0,0,151.25
2026-06-24,2026-06-30,1140.0,PE,6250,-1250,3,0.1
2026-06-24,2026-06-30,1150.0,CE,1250,0,0,152.0
2026-06-24,2026-06-30,1150.0,PE,77500,0,44,0.1
2026-06-24,2026-06-30,1160.0,CE,0,0,0,136.05
2026-06-24,2026-06-30,1160.0,PE,37500,-3125,8,0.2
2026-06-24,2026-06-30,1170.0,CE,625,0,1,160.0
2026-06-24,2026-06-30,1170.0,PE,10625,-625,4,0.25
2026-06-24,2026-06-30,1180.0,CE,1250,0,0,119.9
2026-06-24,2026-06-30,1180.0,PE,32500,-1250,8,0.4
2026-06-24,2026-06-30,1190.0,CE,0,0,0,185.3
2026-06-24,2026-06-30,1190.0,PE,5625,0,0,1.5
2026-06-24,2026-06-30,1200.0,CE,18750,0,0,120.75
2026-06-24,2026-06-30,1200.0,PE,635625,-11250,166,0.4
2026-06-24,2026-06-30,1210.0,CE,0,0,0,168.4
2026-06-24,2026-06-30,1210.0,PE,30000,-1250,4,0.25
2026-06-24,2026-06-30,1220.0,CE,15000,0,0,101.05
2026-06-24,2026-06-30,1220.0,PE,83125,625,106,0.55
2026-06-24,2026-06-30,1230.0,CE,8125,0,0,75.0
2026-06-24,2026-06-30,1230.0,PE,50625,8125,104,0.75
2026-06-24,2026-06-30,1240.0,CE,22500,-1250,3,86.65
2026-06-24,2026-06-30,1240.0,PE,55625,-5625,208,0.95
2026-06-24,2026-06-30,1250.0,CE,80000,-6875,30,83.0
2026-06-24,2026-06-30,1250.0,PE,264375,40000,240,1.2
2026-06-24,2026-06-30,1260.0,CE,181875,-8125,33,70.0
2026-06-24,2026-06-30,1260.0,PE,445625,-6250,333,1.6
2026-06-24,2026-06-30,1270.0,CE,239375,-25625,147,58.6
2026-06-24,2026-06-30,1270.0,PE,210000,-38125,854,1.7
2026-06-24,2026-06-30,1280.0,CE,490000,-118125,591,47.4
2026-06-24,2026-06-30,1280.0,PE,646875,-97500,3277,2.2
2026-06-24,2026-06-30,1290.0,CE,161875,-66250,364,39.1
2026-06-24,2026-06-30,1290.0,PE,336875,-10000,1641,3.15
2026-06-24,2026-06-30,1300.0,CE,322500,-381250,3187,30.35
2026-06-24,2026-06-30,1300.0,PE,538125,128125,4998,4.9
2026-06-24,2026-06-30,1310.0,CE,166250,-218750,2245,22.9
2026-06-24,2026-06-30,1310.0,PE,542500,366250,3640,7.4
2026-06-24,2026-06-30,1320.0,CE,538125,-511250,6442,16.7
2026-06-24,2026-06-30,1320.0,PE,376250,93750,4370,10.95
2026-06-24,2026-06-30,1330.0,CE,503750,-228750,11978,11.95
2026-06-24,2026-06-30,1330.0,PE,259375,130625,4765,16.0
2026-06-24,2026-06-30,1340.0,CE,1382500,353125,28422,8.2
2026-06-24,2026-06-30,1340.0,PE,156875,45625,1835,22.45
2026-06-24,2026-06-30,1350.0,CE,811250,-298750,16840,5.7
2026-06-24,2026-06-30,1350.0,PE,83125,-58750,1189,29.95
2026-06-24,2026-06-30,1360.0,CE,285625,-70000,7778,4.05
2026-06-24,2026-06-30,1360.0,PE,40000,-1250,311,38.95
2026-06-24,2026-06-30,1370.0,CE,156250,66250,3040,2.9
2026-06-24,2026-06-30,1370.0,PE,4375,0,0,77.3
2026-06-24,2026-06-30,1380.0,CE,553125,-9375,4099,2.1
2026-06-24,2026-06-30,1380.0,PE,3125,0,0,79.4
2026-06-24,2026-06-30,1390.0,CE,110625,35000,775,1.65
2026-06-24,2026-06-30,1390.0,PE,0,0,0,75.85
2026-06-24,2026-06-30,1400.0,CE,765625,0,4265,1.35
2026-06-24,2026-06-30,1400.0,PE,36875,1250,58,77.05
2026-06-24,2026-06-30,1410.0,CE,68125,-29375,212,1.05
2026-06-24,2026-06-30,1410.0,PE,0,0,0,87.75
2026-06-24,2026-06-30,1420.0,CE,112500,-5625,649,0.85
2026-06-24,2026-06-30,1420.0,PE,2500,0,1,91.0
2026-06-24,2026-06-30,1430.0,CE,58750,16875,410,0.6
2026-06-24,2026-06-30,1430.0,PE,0,0,0,100.5
2026-06-24,2026-06-30,1440.0,CE,256875,625,500,0.4
2026-06-24,2026-06-30,1440.0,PE,2500,0,0,158.95
2026-06-24,2026-06-30,1450.0,CE,361250,8750,348,0.25
2026-06-24,2026-06-30,1450.0,PE,1250,0,0,123.0
2026-06-24,2026-06-30,1460.0,CE,26250,0,0,0.25
2026-06-24,2026-06-30,1460.0,PE,625,0,0,142.0
2026-06-24,2026-06-30,1480.0,CE,255000,0,203,0.15
2026-06-24,2026-06-30,1480.0,PE,0,0,0,209.75
2026-06-24,2026-06-30,1500.0,CE,173125,8750,529,0.2
2026-06-24,2026-06-30,1500.0,PE,625,-625,1,174.6
2026-06-24,2026-06-30,1520.0,CE,73125,0,104,0.15
2026-06-24,2026-06-30,1520.0,PE,3125,0,0,218.8
2026-06-24,2026-06-30,1540.0,CE,11250,-1250,6,0.3
2026-06-24,2026-06-30,1540.0,PE,6875,0,0,239.1
2026-06-24,2026-07-28,1060.0,CE,0,0,0,312.1
2026-06-24,2026-07-28,1060.0,PE,15625,6250,573,1.15
2026-06-24,2026-07-28,1080.0,CE,0,0,0,293.3
2026-06-24,2026-07-28,1080.0,PE,9375,2500,1382,1.3
2026-06-24,2026-07-28,1100.0,CE,625,0,0,188.0
2026-06-24,2026-07-28,1100.0,PE,13750,-1250,46,1.55
2026-06-24,2026-07-28,1120.0,CE,0,0,0,256.6
2026-06-24,2026-07-28,1120.0,PE,0,0,0,5.9
2026-06-24,2026-07-28,1140.0,CE,0,0,0,238.8
2026-06-24,2026-07-28,1140.0,PE,44375,0,2,2.65
2026-06-24,2026-07-28,1150.0,CE,3125,0,0,158.0
2026-06-24,2026-07-28,1150.0,PE,30000,0,0,4.4
2026-06-24,2026-07-28,1160.0,CE,0,0,0,221.45
2026-06-24,2026-07-28,1160.0,PE,36250,-15625,106,3.8
2026-06-24,2026-07-28,1170.0,CE,0,0,0,179.1
2026-06-24,2026-07-28,1170.0,PE,21250,-5000,57,4.5
2026-06-24,2026-07-28,1180.0,CE,0,0,0,204.55
2026-06-24,2026-07-28,1180.0,PE,18125,-13125,67,5.3
2026-06-24,2026-07-28,1190.0,CE,0,0,0,162.35
2026-06-24,2026-07-28,1190.0,PE,35000,10000,99,6.2
2026-06-24,2026-07-28,1200.0,CE,7500,0,0,105.0
2026-06-24,2026-07-28,1200.0,PE,173750,16875,207,7.4
2026-06-24,2026-07-28,1210.0,CE,0,0,0,146.3
2026-06-24,2026-07-28,1210.0,PE,36250,21875,55,8.6
2026-06-24,2026-07-28,1220.0,CE,0,0,0,172.6
2026-06-24,2026-07-28,1220.0,PE,58125,21875,90,9.95
2026-06-24,2026-07-28,1230.0,CE,0,0,0,131.05
2026-06-24,2026-07-28,1230.0,PE,25000,15000,51,12.6
2026-06-24,2026-07-28,1240.0,CE,1875,0,0,78.0
2026-06-24,2026-07-28,1240.0,PE,23750,1250,17,14.6
2026-06-24,2026-07-28,1250.0,CE,2500,0,0,45.5
2026-06-24,2026-07-28,1250.0,PE,65000,625,67,16.75
2026-06-24,2026-07-28,1260.0,CE,49375,24375,70,79.2
2026-06-24,2026-07-28,1260.0,PE,62500,13125,99,19.8
2026-06-24,2026-07-28,1270.0,CE,23750,0,19,74.0
2026-06-24,2026-07-28,1270.0,PE,36250,25000,64,22.35
2026-06-24,2026-07-28,1280.0,CE,36875,5000,26,64.45
2026-06-24,2026-07-28,1280.0,PE,55625,23125,74,25.9
2026-06-24,2026-07-28,1290.0,CE,5000,1875,11,60.0
2026-06-24,2026-07-28,1290.0,PE,3125,0,0,43.0
2026-06-24,2026-07-28,1300.0,CE,231250,11250,669,52.05
2026-06-24,2026-07-28,1300.0,PE,235000,96250,721,34.6
2026-06-24,2026-07-28,1310.0,CE,9375,-3125,34,53.35
2026-06-24,2026-07-28,1310.0,PE,1250,0,0,49.8
2026-06-24,2026-07-28,1320.0,CE,88125,11875,471,41.9
2026-06-24,2026-07-28,1320.0,PE,47500,21250,140,44.2
2026-06-24,2026-07-28,1330.0,CE,95000,61250,517,37.6
2026-06-24,2026-07-28,1330.0,PE,25625,25625,85,49.25
2026-06-24,2026-07-28,1340.0,CE,205000,166250,876,33.1
2026-06-24,2026-07-28,1340.0,PE,26875,23125,101,55.5
2026-06-24,2026-07-28,1350.0,CE,116250,54375,634,29.45
2026-06-24,2026-07-28,1350.0,PE,43125,41875,169,61.75
2026-06-24,2026-07-28,1360.0,CE,91250,11875,240,26.15
2026-06-24,2026-07-28,1360.0,PE,6250,3750,11,70.4
2026-06-24,2026-07-28,1370.0,CE,625,625,1,23.1
2026-06-24,2026-07-28,1370.0,PE,1250,1250,2,72.85
2026-06-24,2026-07-28,1380.0,CE,35625,24375,222,20.0
2026-06-24,2026-07-28,1380.0,PE,1875,0,0,95.0
2026-06-24,2026-07-28,1390.0,CE,3125,625,2,18.15
2026-06-24,2026-07-28,1390.0,PE,0,0,0,90.85
2026-06-24,2026-07-28,1400.0,CE,301250,150625,2490,15.35
2026-06-24,2026-07-28,1400.0,PE,13750,1875,35,95.9
2026-06-24,2026-07-28,1410.0,CE,9375,3750,38,13.85
2026-06-24,2026-07-28,1410.0,PE,0,0,0,103.95
2026-06-24,2026-07-28,1420.0,CE,18750,16250,65,11.75
2026-06-24,2026-07-28,1420.0,PE,0,0,0,102.75
2026-06-24,2026-07-28,1430.0,CE,3125,3125,8,12.2
2026-06-24,2026-07-28,1430.0,PE,0,0,0,117.9
2026-06-24,2026-07-28,1440.0,CE,138750,88750,323,8.75
2026-06-24,2026-07-28,1440.0,PE,0,0,0,115.3
2026-06-24,2026-07-28,1460.0,CE,23125,12500,60,6.55
2026-06-24,2026-07-28,1460.0,PE,0,0,0,128.55
2026-06-24,2026-07-28,1480.0,CE,28125,15625,71,5.05
2026-06-24,2026-07-28,1480.0,PE,0,0,0,142.5
2026-06-24,2026-07-28,1500.0,CE,76250,30625,176,3.7
2026-06-24,2026-07-28,1500.0,PE,1250,1250,2,185.0
2026-06-24,2026-07-28,1520.0,CE,46250,21875,121,2.75
2026-06-24,2026-07-28,1520.0,PE,10000,0,0,252.0
2026-06-24,2026-08-25,1080.0,CE,0,0,0,268.35
2026-06-24,2026-08-25,1080.0,PE,0,0,0,4.5
2026-06-24,2026-08-25,1120.0,CE,0,0,0,232.45
2026-06-24,2026-08-25,1120.0,PE,0,0,0,8.0
2026-06-24,2026-08-25,1140.0,CE,0,0,0,215.15
2026-06-24,2026-08-25,1140.0,PE,0,0,0,10.4
2026-06-24,2026-08-25,1160.0,CE,0,0,0,198.4
2026-06-24,2026-08-25,1160.0,PE,0,0,0,13.35
2026-06-24,2026-08-25,1180.0,CE,0,0,0,182.25
2026-06-24,2026-08-25,1180.0,PE,0,0,0,16.9
2026-06-24,2026-08-25,1200.0,CE,0,0,0,166.7
2026-06-24,2026-08-25,1200.0,PE,0,0,0,21.1
2026-06-24,2026-08-25,1220.0,CE,0,0,0,151.9
2026-06-24,2026-08-25,1220.0,PE,0,0,0,26.0
2026-06-24,2026-08-25,1240.0,CE,0,0,0,137.75
2026-06-24,2026-08-25,1240.0,PE,0,0,0,31.55
2026-06-24,2026-08-25,1260.0,CE,0,0,0,124.45
2026-06-24,2026-08-25,1260.0,PE,0,0,0,37.95
2026-06-24,2026-08-25,1280.0,CE,0,0,0,111.95
2026-06-24,2026-08-25,1280.0,PE,0,0,0,45.15
2026-06-24,2026-08-25,1300.0,CE,0,0,0,100.25
2026-06-24,2026-08-25,1300.0,PE,0,0,0,53.15
2026-06-24,2026-08-25,1320.0,CE,0,0,0,89.4
2026-06-24,2026-08-25,1320.0,PE,0,0,0,62.0
2026-06-24,2026-08-25,1340.0,CE,0,0,0,79.4
2026-06-24,2026-08-25,1340.0,PE,0,0,0,71.7
2026-06-24,2026-08-25,1360.0,CE,0,0,0,70.15
2026-06-24,2026-08-25,1360.0,PE,0,0,0,82.2
2026-06-24,2026-08-25,1380.0,CE,0,0,0,61.75
2026-06-24,2026-08-25,1380.0,PE,0,0,0,93.5
2026-06-24,2026-08-25,1400.0,CE,0,0,0,54.15
2026-06-24,2026-08-25,1400.0,PE,0,0,0,105.55
2026-06-24,2026-08-25,1420.0,CE,0,0,0,47.25
2026-06-24,2026-08-25,1420.0,PE,0,0,0,118.4
2026-06-24,2026-08-25,1440.0,CE,0,0,0,41.1
2026-06-24,2026-08-25,1440.0,PE,0,0,0,131.9
2026-06-24,2026-08-25,1480.0,CE,0,0,0,30.75
2026-06-24,2026-08-25,1480.0,PE,0,0,0,160.95
2026-06-24,2026-08-25,1520.0,CE,0,0,0,22.55
2026-06-24,2026-08-25,1520.0,PE,0,0,0,192.2
2026-06-25,2026-06-30,1060.0,CE,0,0,0,218.8
2026-06-25,2026-06-30,1060.0,PE,11250,0,3,0.2
2026-06-25,2026-06-30,1080.0,CE,0,0,0,201.05
2026-06-25,2026-06-30,1080.0,PE,5000,-1250,34,0.1
2026-06-25,2026-06-30,1100.0,CE,0,0,0,176.0
2026-06-25,2026-06-30,1100.0,PE,10625,-1250,7,0.15
2026-06-25,2026-06-30,1120.0,CE,0,0,0,167.2
2026-06-25,2026-06-30,1120.0,PE,3750,-625,1,0.1
2026-06-25,2026-06-30,1140.0,CE,0,0,0,151.25
2026-06-25,2026-06-30,1140.0,PE,6250,0,0,0.1
2026-06-25,2026-06-30,1150.0,CE,1250,0,0,152.0
2026-06-25,2026-06-30,1150.0,PE,77500,0,3,0.05
2026-06-25,2026-06-30,1160.0,CE,0,0,0,136.05
2026-06-25,2026-06-30,1160.0,PE,35000,-2500,9,0.25
2026-06-25,2026-06-30,1170.0,CE,625,0,0,160.0
2026-06-25,2026-06-30,1170.0,PE,10625,0,0,0.25
2026-06-25,2026-06-30,1180.0,CE,1250,0,0,119.9
2026-06-25,2026-06-30,1180.0,PE,31250,-1250,3,0.25
2026-06-25,2026-06-30,1190.0,CE,0,0,0,185.3
2026-06-25,2026-06-30,1190.0,PE,5625,0,0,1.5
2026-06-25,2026-06-30,1200.0,CE,17500,-1250,4,151.85
2026-06-25,2026-06-30,1200.0,PE,619375,-16250,80,0.1
2026-06-25,2026-06-30,1210.0,CE,0,0,0,168.4
2026-06-25,2026-06-30,1210.0,PE,30000,0,0,0.25
2026-06-25,2026-06-30,1220.0,CE,15000,0,0,101.05
2026-06-25,2026-06-30,1220.0,PE,60000,-23125,73,0.2
2026-06-25,2026-06-30,1230.0,CE,8125,0,0,75.0
2026-06-25,2026-06-30,1230.0,PE,44375,-6250,23,0.25
2026-06-25,2026-06-30,1240.0,CE,22500,0,0,86.65
2026-06-25,2026-06-30,1240.0,PE,46875,-8750,43,0.4
2026-06-25,2026-06-30,1250.0,CE,79375,-625,5,103.75
2026-06-25,2026-06-30,1250.0,PE,213125,-51250,223,0.45
2026-06-25,2026-06-30,1260.0,CE,178750,-3125,6,93.4
2026-06-25,2026-06-30,1260.0,PE,413750,-31875,145,0.65
2026-06-25,2026-06-30,1270.0,CE,231875,-7500,26,82.7
2026-06-25,2026-06-30,1270.0,PE,177500,-32500,138,0.55
2026-06-25,2026-06-30,1280.0,CE,484375,-5625,46,74.85
2026-06-25,2026-06-30,1280.0,PE,564375,-82500,424,0.8
2026-06-25,2026-06-30,1290.0,CE,155000,-6875,27,66.5
2026-06-25,2026-06-30,1290.0,PE,281875,-55000,350,1.25
2026-06-25,2026-06-30,1300.0,CE,288750,-33750,267,53.75
2026-06-25,2026-06-30,1300.0,PE,632500,94375,2103,1.5
2026-06-25,2026-06-30,1310.0,CE,186250,20000,305,44.95
2026-06-25,2026-06-30,1310.0,PE,591250,48750,1999,1.8
2026-06-25,2026-06-30,1320.0,CE,411250,-126875,765,34.7
2026-06-25,2026-06-30,1320.0,PE,393750,17500,2197,2.25
2026-06-25,2026-06-30,1330.0,CE,283750,-220000,1589,25.85
2026-06-25,2026-06-30,1330.0,PE,400000,140625,3055,3.1
2026-06-25,2026-06-30,1340.0,CE,898125,-484375,4238,17.5
2026-06-25,2026-06-30,1340.0,PE,431250,274375,2876,4.3
2026-06-25,2026-06-30,1350.0,CE,541875,-269375,6353,10.75
2026-06-25,2026-06-30,1350.0,PE,349375,266250,3448,7.85
2026-06-25,2026-06-30,1360.0,CE,514375,228750,10491,6.65
2026-06-25,2026-06-30,1360.0,PE,170625,130625,1918,13.5
2026-06-25,2026-06-30,1370.0,CE,220625,64375,3973,3.35
2026-06-25,2026-06-30,1370.0,PE,28125,23750,240,20.75
2026-06-25,2026-06-30,1380.0,CE,548125,-5000,2616,1.75
2026-06-25,2026-06-30,1380.0,PE,3125,0,0,79.4
2026-06-25,2026-06-30,1390.0,CE,134375,23750,923,1.05
2026-06-25,2026-06-30,1390.0,PE,0,0,0,75.85
2026-06-25,2026-06-30,1400.0,CE,520625,-245000,3387,0.8
2026-06-25,2026-06-30,1400.0,PE,36875,0,22,50.0
2026-06-25,2026-06-30,1410.0,CE,79375,11250,245,0.65
2026-06-25,2026-06-30,1410.0,PE,0,0,0,87.75
2026-06-25,2026-06-30,1420.0,CE,113125,625,306,0.5
2026-06-25,2026-06-30,1420.0,PE,2500,0,0,91.0
2026-06-25,2026-06-30,1430.0,CE,61875,3125,550,0.4
2026-06-25,2026-06-30,1430.0,PE,0,0,0,100.5
2026-06-25,2026-06-30,1440.0,CE,253125,-3750,214,0.15
2026-06-25,2026-06-30,1440.0,PE,1875,-625,2,90.5
2026-06-25,2026-06-30,1450.0,CE,360000,-1250,94,0.05
2026-06-25,2026-06-30,1450.0,PE,1250,0,0,123.0
2026-06-25,2026-06-30,1460.0,CE,23125,-3125,6,0.1
2026-06-25,2026-06-30,1460.0,PE,625,0,0,142.0
2026-06-25,2026-06-30,1480.0,CE,255000,0,86,0.05
2026-06-25,2026-06-30,1480.0,PE,0,0,0,209.75
2026-06-25,2026-06-30,1500.0,CE,94375,-78750,562,0.05
2026-06-25,2026-06-30,1500.0,PE,625,0,0,174.6
2026-06-25,2026-06-30,1520.0,CE,73125,0,10,0.15
2026-06-25,2026-06-30,1520.0,PE,3125,0,0,218.8
2026-06-25,2026-06-30,1540.0,CE,11250,0,0,0.3
2026-06-25,2026-06-30,1540.0,PE,5625,-1250,2,195.0
2026-06-25,2026-07-28,1060.0,CE,0,0,0,312.1
2026-06-25,2026-07-28,1060.0,PE,10000,-5625,445,1.1
2026-06-25,2026-07-28,1080.0,CE,0,0,0,293.3
2026-06-25,2026-07-28,1080.0,PE,13750,4375,276,1.3
2026-06-25,2026-07-28,1100.0,CE,625,0,0,188.0
2026-06-25,2026-07-28,1100.0,PE,61875,48125,159,1.5
2026-06-25,2026-07-28,1120.0,CE,0,0,0,256.6
2026-06-25,2026-07-28,1120.0,PE,1250,1250,742,1.7
2026-06-25,2026-07-28,1140.0,CE,0,0,0,238.8
2026-06-25,2026-07-28,1140.0,PE,41875,-2500,52,1.8
2026-06-25,2026-07-28,1150.0,CE,4375,1250,2,173.3
2026-06-25,2026-07-28,1150.0,PE,26250,-3750,57,2.3
2026-06-25,2026-07-28,1160.0,CE,0,0,0,221.45
2026-06-25,2026-07-28,1160.0,PE,33125,-3125,14,2.7
2026-06-25,2026-07-28,1170.0,CE,3125,3125,8,176.55
2026-06-25,2026-07-28,1170.0,PE,17500,-3750,10,3.1
2026-06-25,2026-07-28,1180.0,CE,0,0,0,204.55
2026-06-25,2026-07-28,1180.0,PE,11875,-6250,28,3.55
2026-06-25,2026-07-28,1190.0,CE,0,0,0,162.35
2026-06-25,2026-07-28,1190.0,PE,17500,-17500,43,3.9
2026-06-25,2026-07-28,1200.0,CE,7500,0,4,157.0
2026-06-25,2026-07-28,1200.0,PE,136250,-37500,223,4.65
2026-06-25,2026-07-28,1210.0,CE,0,0,0,146.3
2026-06-25,2026-07-28,1210.0,PE,35625,-625,1,5.0
2026-06-25,2026-07-28,1220.0,CE,0,0,0,172.6
2026-06-25,2026-07-28,1220.0,PE,35625,-22500,84,6.3
2026-06-25,2026-07-28,1230.0,CE,0,0,0,131.05
2026-06-25,2026-07-28,1230.0,PE,18750,-6250,21,7.15
2026-06-25,2026-07-28,1240.0,CE,1875,0,0,78.0
2026-06-25,2026-07-28,1240.0,PE,31250,7500,32,8.75
2026-06-25,2026-07-28,1250.0,CE,2500,0,0,45.5
2026-06-25,2026-07-28,1250.0,PE,57500,-7500,88,10.25
2026-06-25,2026-07-28,1260.0,CE,51250,1875,174,95.7
2026-06-25,2026-07-28,1260.0,PE,66250,3750,164,12.15
2026-06-25,2026-07-28,1270.0,CE,20000,-3750,12,89.4
2026-06-25,2026-07-28,1270.0,PE,33750,-2500,42,14.2
2026-06-25,2026-07-28,1280.0,CE,36250,-625,7,78.0
2026-06-25,2026-07-28,1280.0,PE,56250,625,55,16.6
2026-06-25,2026-07-28,1290.0,CE,11875,6875,37,74.9
2026-06-25,2026-07-28,1290.0,PE,8750,5625,51,19.45
2026-06-25,2026-07-28,1300.0,CE,218125,-13125,539,66.35
2026-06-25,2026-07-28,1300.0,PE,297500,62500,536,22.7
2026-06-25,2026-07-28,1310.0,CE,7500,-1875,5,61.1
2026-06-25,2026-07-28,1310.0,PE,23125,21875,59,26.0
2026-06-25,2026-07-28,1320.0,CE,69375,-18750,224,54.05
2026-06-25,2026-07-28,1320.0,PE,63750,16250,198,30.2
2026-06-25,2026-07-28,1330.0,CE,50000,-45000,297,48.1
2026-06-25,2026-07-28,1330.0,PE,53125,27500,156,34.3
2026-06-25,2026-07-28,1340.0,CE,91250,-113750,691,43.05
2026-06-25,2026-07-28,1340.0,PE,271250,244375,685,39.4
2026-06-25,2026-07-28,1350.0,CE,138750,22500,629,38.1
2026-06-25,2026-07-28,1350.0,PE,68750,25625,359,44.4
2026-06-25,2026-07-28,1360.0,CE,198125,106875,766,34.3
2026-06-25,2026-07-28,1360.0,PE,45625,39375,250,50.2
2026-06-25,2026-07-28,1370.0,CE,12500,11875,38,28.75
2026-06-25,2026-07-28,1370.0,PE,1250,0,0,72.85
2026-06-25,2026-07-28,1380.0,CE,36250,625,172,26.45
2026-06-25,2026-07-28,1380.0,PE,21250,19375,33,63.65
2026-06-25,2026-07-28,1390.0,CE,5000,1875,14,23.2
2026-06-25,2026-07-28,1390.0,PE,0,0,0,90.85
2026-06-25,2026-07-28,1400.0,CE,236250,-65000,1373,20.45
2026-06-25,2026-07-28,1400.0,PE,90000,76250,195,75.5
2026-06-25,2026-07-28,1410.0,CE,15000,5625,25,17.5
2026-06-25,2026-07-28,1410.0,PE,0,0,8,87.35
2026-06-25,2026-07-28,1420.0,CE,16875,-1875,97,15.8
2026-06-25,2026-07-28,1420.0,PE,0,0,0,102.75
2026-06-25,2026-07-28,1430.0,CE,5000,1875,15,13.7
2026-06-25,2026-07-28,1430.0,PE,0,0,0,117.9
2026-06-25,2026-07-28,1440.0,CE,148750,10000,117,11.85
2026-06-25,2026-07-28,1440.0,PE,0,0,0,115.3
2026-06-25,2026-07-28,1450.0,CE,4375,4375,9,10.45
2026-06-25,2026-07-28,1450.0,PE,0,0,0,132.7
2026-06-25,2026-07-28,1460.0,CE,42500,19375,96,9.0
2026-06-25,2026-07-28,1460.0,PE,0,0,0,128.55
2026-06-25,2026-07-28,1480.0,CE,19375,-8750,33,6.85
2026-06-25,2026-07-28,1480.0,PE,0,0,0,142.5
2026-06-25,2026-07-28,1500.0,CE,102500,26250,368,5.3
2026-06-25,2026-07-28,1500.0,PE,1250,0,8,164.35
2026-06-25,2026-07-28,1520.0,CE,43750,-2500,60,4.05
2026-06-25,2026-07-28,1520.0,PE,10625,625,1,182.0
2026-06-25,2026-08-25,1080.0,CE,0,0,0,268.35
2026-06-25,2026-08-25,1080.0,PE,0,0,0,4.5
2026-06-25,2026-08-25,1120.0,CE,0,0,0,232.45
2026-06-25,2026-08-25,1120.0,PE,0,0,0,8.0
2026-06-25,2026-08-25,1140.0,CE,0,0,0,215.15
2026-06-25,2026-08-25,1140.0,PE,0,0,0,10.4
2026-06-25,2026-08-25,1160.0,CE,0,0,0,198.4
2026-06-25,2026-08-25,1160.0,PE,0,0,0,13.35
2026-06-25,2026-08-25,1180.0,CE,0,0,0,182.25
2026-06-25,2026-08-25,1180.0,PE,0,0,0,16.9
2026-06-25,2026-08-25,1200.0,CE,0,0,0,166.7
2026-06-25,2026-08-25,1200.0,PE,0,0,0,21.1
2026-06-25,2026-08-25,1220.0,CE,0,0,0,151.9
2026-06-25,2026-08-25,1220.0,PE,0,0,0,26.0
2026-06-25,2026-08-25,1240.0,CE,0,0,0,137.75
2026-06-25,2026-08-25,1240.0,PE,0,0,0,31.55
2026-06-25,2026-08-25,1260.0,CE,0,0,0,124.45
2026-06-25,2026-08-25,1260.0,PE,0,0,0,37.95
2026-06-25,2026-08-25,1280.0,CE,0,0,0,111.95
2026-06-25,2026-08-25,1280.0,PE,0,0,0,45.15
2026-06-25,2026-08-25,1300.0,CE,0,0,0,100.25
2026-06-25,2026-08-25,1300.0,PE,20625,20625,52,34.3
2026-06-25,2026-08-25,1320.0,CE,0,0,0,89.4
2026-06-25,2026-08-25,1320.0,PE,0,0,0,62.0
2026-06-25,2026-08-25,1340.0,CE,0,0,0,79.4
2026-06-25,2026-08-25,1340.0,PE,0,0,0,71.7
2026-06-25,2026-08-25,1360.0,CE,0,0,0,70.15
2026-06-25,2026-08-25,1360.0,PE,0,0,0,82.2
2026-06-25,2026-08-25,1380.0,CE,0,0,0,61.75
2026-06-25,2026-08-25,1380.0,PE,0,0,0,93.5
2026-06-25,2026-08-25,1400.0,CE,0,0,0,54.15
2026-06-25,2026-08-25,1400.0,PE,0,0,0,105.55
2026-06-25,2026-08-25,1420.0,CE,0,0,0,47.25
2026-06-25,2026-08-25,1420.0,PE,0,0,0,118.4
2026-06-25,2026-08-25,1440.0,CE,0,0,0,41.1
2026-06-25,2026-08-25,1440.0,PE,0,0,0,131.9
2026-06-25,2026-08-25,1480.0,CE,0,0,0,30.75
2026-06-25,2026-08-25,1480.0,PE,0,0,0,160.95
2026-06-25,2026-08-25,1520.0,CE,0,0,0,22.55
2026-06-25,2026-08-25,1520.0,PE,0,0,0,192.2
2026-06-29,2026-06-30,1060.0,CE,0,0,0,218.8
2026-06-29,2026-06-30,1060.0,PE,26250,15000,112,0.1
2026-06-29,2026-06-30,1080.0,CE,0,0,0,201.05
2026-06-29,2026-06-30,1080.0,PE,3750,-1250,2,0.1
2026-06-29,2026-06-30,1100.0,CE,0,0,0,176.0
2026-06-29,2026-06-30,1100.0,PE,13750,3125,25,0.1
2026-06-29,2026-06-30,1120.0,CE,0,0,0,167.2
2026-06-29,2026-06-30,1120.0,PE,2500,-1250,2,0.1
2026-06-29,2026-06-30,1140.0,CE,0,0,0,151.25
2026-06-29,2026-06-30,1140.0,PE,6250,0,15,0.1
2026-06-29,2026-06-30,1150.0,CE,1250,0,0,152.0
2026-06-29,2026-06-30,1150.0,PE,75000,-2500,32,0.05
2026-06-29,2026-06-30,1160.0,CE,0,0,0,136.05
2026-06-29,2026-06-30,1160.0,PE,33125,-1875,7,0.15
2026-06-29,2026-06-30,1170.0,CE,625,0,0,160.0
2026-06-29,2026-06-30,1170.0,PE,8750,-1875,5,0.05
2026-06-29,2026-06-30,1180.0,CE,1250,0,0,119.9
2026-06-29,2026-06-30,1180.0,PE,24375,-6875,32,0.15
2026-06-29,2026-06-30,1190.0,CE,0,0,0,185.3
2026-06-29,2026-06-30,1190.0,PE,4375,-1250,2,0.05
2026-06-29,2026-06-30,1200.0,CE,14375,-3125,5,185.0
2026-06-29,2026-06-30,1200.0,PE,606875,-12500,258,0.1
2026-06-29,2026-06-30,1210.0,CE,0,0,0,168.4
2026-06-29,2026-06-30,1210.0,PE,23750,-6250,16,0.05
2026-06-29,2026-06-30,1220.0,CE,13125,-1875,3,181.45
2026-06-29,2026-06-30,1220.0,PE,63750,3750,60,0.05
2026-06-29,2026-06-30,1230.0,CE,8125,0,0,75.0
2026-06-29,2026-06-30,1230.0,PE,42500,-1875,8,0.15
2026-06-29,2026-06-30,1240.0,CE,22500,0,0,86.65
2026-06-29,2026-06-30,1240.0,PE,41250,-5625,19,0.2
2026-06-29,2026-06-30,1250.0,CE,79375,0,0,103.75
2026-06-29,2026-06-30,1250.0,PE,209375,-3750,51,0.2
2026-06-29,2026-06-30,1260.0,CE,176875,-1875,3,112.6
2026-06-29,2026-06-30,1260.0,PE,388125,-25625,152,0.15
2026-06-29,2026-06-30,1270.0,CE,231250,-625,2,105.3
2026-06-29,2026-06-30,1270.0,PE,150000,-27500,247,0.2
2026-06-29,2026-06-30,1280.0,CE,481250,-3125,18,93.2
2026-06-29,2026-06-30,1280.0,PE,389375,-175000,955,0.05
2026-06-29,2026-06-30,1290.0,CE,149375,-5625,22,83.3
2026-06-29,2026-06-30,1290.0,PE,163750,-118125,556,0.05
2026-06-29,2026-06-30,1300.0,CE,266875,-21875,101,73.45
2026-06-29,2026-06-30,1300.0,PE,436875,-195625,1199,0.3
2026-06-29,2026-06-30,1310.0,CE,178125,-8125,24,62.5
2026-06-29,2026-06-30,1310.0,PE,301250,-290000,1445,0.25
2026-06-29,2026-06-30,1320.0,CE,371250,-40000,146,52.65
2026-06-29,2026-06-30,1320.0,PE,416875,23125,875,0.4
2026-06-29,2026-06-30,1330.0,CE,263125,-20625,162,42.55
2026-06-29,2026-06-30,1330.0,PE,251875,-148125,1843,0.4
2026-06-29,2026-06-30,1340.0,CE,859375,-38750,615,31.8
2026-06-29,2026-06-30,1340.0,PE,450625,19375,3245,0.45
2026-06-29,2026-06-30,1350.0,CE,460625,-81250,1635,22.75
2026-06-29,2026-06-30,1350.0,PE,471875,122500,5796,1.0
2026-06-29,2026-06-30,1360.0,CE,170000,-344375,2327,14.6
2026-06-29,2026-06-30,1360.0,PE,170625,0,6218,2.95
2026-06-29,2026-06-30,1370.0,CE,102500,-118125,2186,9.25
2026-06-29,2026-06-30,1370.0,PE,105625,77500,5057,7.1
2026-06-29,2026-06-30,1380.0,CE,541250,-6875,7881,5.6
2026-06-29,2026-06-30,1380.0,PE,105625,102500,6335,13.8
2026-06-29,2026-06-30,1390.0,CE,331250,196875,9143,3.5
2026-06-29,2026-06-30,1390.0,PE,75000,75000,3081,21.6
2026-06-29,2026-06-30,1400.0,CE,738125,217500,18549,2.5
2026-06-29,2026-06-30,1400.0,PE,143125,106250,6412,30.35
2026-06-29,2026-06-30,1410.0,CE,807500,728125,22672,1.8
2026-06-29,2026-06-30,1410.0,PE,45000,45000,1064,39.9
2026-06-29,2026-06-30,1420.0,CE,838125,725000,18429,1.3
2026-06-29,2026-06-30,1420.0,PE,25000,22500,569,48.9
2026-06-29,2026-06-30,1430.0,CE,373125,311250,9344,0.9
2026-06-29,2026-06-30,1430.0,PE,0,0,0,100.5
2026-06-29,2026-06-30,1440.0,CE,397500,144375,6605,0.6
2026-06-29,2026-06-30,1440.0,PE,1875,0,0,90.5
2026-06-29,2026-06-30,1450.0,CE,358750,-1250,5817,0.45
2026-06-29,2026-06-30,1450.0,PE,1250,0,0,123.0
2026-06-29,2026-06-30,1460.0,CE,165000,141875,2922,0.45
2026-06-29,2026-06-30,1460.0,PE,625,0,0,142.0
2026-06-29,2026-06-30,1470.0,CE,625,625,1,0.35
2026-06-29,2026-06-30,1470.0,PE,0,0,0,128.6
2026-06-29,2026-06-30,1480.0,CE,259375,4375,1745,0.15
2026-06-29,2026-06-30,1480.0,PE,0,0,0,209.75
2026-06-29,2026-06-30,1500.0,CE,70625,-23750,542,0.15
2026-06-29,2026-06-30,1500.0,PE,625,0,1,110.0
2026-06-29,2026-06-30,1520.0,CE,41875,-31250,291,0.1
2026-06-29,2026-06-30,1520.0,PE,3125,0,0,218.8
2026-06-29,2026-06-30,1540.0,CE,11250,0,32,0.15
2026-06-29,2026-06-30,1540.0,PE,1250,-4375,9,136.5
2026-06-29,2026-06-30,1560.0,CE,0,0,0,4.8
2026-06-29,2026-06-30,1560.0,PE,0,0,0,281.95
2026-06-29,2026-07-28,1060.0,CE,0,0,0,312.1
2026-06-29,2026-07-28,1060.0,PE,9375,-625,42,0.85
2026-06-29,2026-07-28,1080.0,CE,0,0,0,293.3
2026-06-29,2026-07-28,1080.0,PE,20000,6250,1758,1.1
2026-06-29,2026-07-28,1100.0,CE,625,0,0,188.0
2026-06-29,2026-07-28,1100.0,PE,49375,-12500,93,1.25
2026-06-29,2026-07-28,1120.0,CE,0,0,0,256.6
2026-06-29,2026-07-28,1120.0,PE,0,-1250,3,1.3
2026-06-29,2026-07-28,1140.0,CE,0,0,0,238.8
2026-06-29,2026-07-28,1140.0,PE,39375,-2500,8,1.35
2026-06-29,2026-07-28,1150.0,CE,4375,0,0,173.3
2026-06-29,2026-07-28,1150.0,PE,23125,-3125,30,1.6
2026-06-29,2026-07-28,1160.0,CE,0,0,0,221.45
2026-06-29,2026-07-28,1160.0,PE,33125,0,6,1.85
2026-06-29,2026-07-28,1170.0,CE,3125,0,0,176.55
2026-06-29,2026-07-28,1170.0,PE,21250,3750,34,3.25
2026-06-29,2026-07-28,1180.0,CE,0,0,0,204.55
2026-06-29,2026-07-28,1180.0,PE,10000,-1875,5,2.9
2026-06-29,2026-07-28,1190.0,CE,0,0,0,162.35
2026-06-29,2026-07-28,1190.0,PE,16875,-625,40,3.45
2026-06-29,2026-07-28,1200.0,CE,7500,0,0,157.0
2026-06-29,2026-07-28,1200.0,PE,81250,-55000,314,4.0
2026-06-29,2026-07-28,1210.0,CE,0,0,0,146.3
2026-06-29,2026-07-28,1210.0,PE,30625,-5000,23,4.55
2026-06-29,2026-07-28,1220.0,CE,0,0,0,172.6
2026-06-29,2026-07-28,1220.0,PE,28750,-6875,74,5.4
2026-06-29,2026-07-28,1230.0,CE,0,0,0,131.05
2026-06-29,2026-07-28,1230.0,PE,21875,3125,24,6.55
2026-06-29,2026-07-28,1240.0,CE,1875,0,0,78.0
2026-06-29,2026-07-28,1240.0,PE,45625,14375,73,7.35
2026-06-29,2026-07-28,1250.0,CE,2500,0,1,145.0
2026-06-29,2026-07-28,1250.0,PE,58750,1250,202,8.45
2026-06-29,2026-07-28,1260.0,CE,51250,0,0,95.7
2026-06-29,2026-07-28,1260.0,PE,58750,-7500,144,10.2
2026-06-29,2026-07-28,1270.0,CE,20000,0,0,89.4
2026-06-29,2026-07-28,1270.0,PE,38125,4375,104,13.0
2026-06-29,2026-07-28,1280.0,CE,36250,0,1,110.0
2026-06-29,2026-07-28,1280.0,PE,59375,3125,241,15.05
2026-06-29,2026-07-28,1290.0,CE,11875,0,0,74.9
2026-06-29,2026-07-28,1290.0,PE,17500,8750,45,15.2
2026-06-29,2026-07-28,1300.0,CE,226250,8125,194,83.2
2026-06-29,2026-07-28,1300.0,PE,360625,63125,1016,18.4
2026-06-29,2026-07-28,1310.0,CE,7500,0,1,97.6
2026-06-29,2026-07-28,1310.0,PE,38750,15625,172,22.65
2026-06-29,2026-07-28,1320.0,CE,71875,2500,111,68.2
2026-06-29,2026-07-28,1320.0,PE,114375,50625,312,24.75
2026-06-29,2026-07-28,1330.0,CE,46875,-3125,108,63.5
2026-06-29,2026-07-28,1330.0,PE,63125,10000,84,28.55
2026-06-29,2026-07-28,1340.0,CE,101875,10625,264,57.55
2026-06-29,2026-07-28,1340.0,PE,285625,14375,455,32.0
2026-06-29,2026-07-28,1350.0,CE,130000,-8750,578,51.75
2026-06-29,2026-07-28,1350.0,PE,142500,73750,804,37.45
2026-06-29,2026-07-28,1360.0,CE,194375,-3750,1153,46.5
2026-06-29,2026-07-28,1360.0,PE,135625,90000,713,40.95
2026-06-29,2026-07-28,1370.0,CE,35000,22500,97,42.4
2026-06-29,2026-07-28,1370.0,PE,21250,20000,206,46.65
2026-06-29,2026-07-28,1380.0,CE,201875,165625,1573,37.5
2026-06-29,2026-07-28,1380.0,PE,102500,81250,738,52.1
2026-06-29,2026-07-28,1390.0,CE,56250,51250,274,33.5
2026-06-29,2026-07-28,1390.0,PE,23125,23125,164,57.45
2026-06-29,2026-07-28,1400.0,CE,979375,743125,9918,29.85
2026-06-29,2026-07-28,1400.0,PE,311875,221875,2805,63.45
2026-06-29,2026-07-28,1410.0,CE,143125,128125,1554,26.1
2026-06-29,2026-07-28,1410.0,PE,43750,43750,518,71.3
2026-06-29,2026-07-28,1420.0,CE,193750,176875,1666,23.25
2026-06-29,2026-07-28,1420.0,PE,15625,15625,122,75.75
2026-06-29,2026-07-28,1430.0,CE,74375,69375,536,20.75
2026-06-29,2026-07-28,1430.0,PE,0,0,0,117.9
2026-06-29,2026-07-28,1440.0,CE,883125,734375,2958,18.0
2026-06-29,2026-07-28,1440.0,PE,0,0,0,115.3
2026-06-29,2026-07-28,1450.0,CE,166250,161875,694,16.1
2026-06-29,2026-07-28,1450.0,PE,0,0,0,132.7
2026-06-29,2026-07-28,1460.0,CE,115000,72500,774,14.25
2026-06-29,2026-07-28,1460.0,PE,0,0,0,128.55
2026-06-29,2026-07-28,1470.0,CE,10625,10625,35,12.4
2026-06-29,2026-07-28,1470.0,PE,0,0,0,148.1
2026-06-29,2026-07-28,1480.0,CE,67500,48125,381,11.4
2026-06-29,2026-07-28,1480.0,PE,0,0,0,142.5
2026-06-29,2026-07-28,1500.0,CE,327500,225000,2633,8.95
2026-06-29,2026-07-28,1500.0,PE,3750,2500,4,116.0
2026-06-29,2026-07-28,1520.0,CE,193125,149375,1361,7.2
2026-06-29,2026-07-28,1520.0,PE,10625,0,0,182.0
2026-06-29,2026-07-28,1540.0,CE,1875,1875,3,6.05
2026-06-29,2026-07-28,1540.0,PE,0,0,0,187.9
2026-06-29,2026-07-28,1560.0,CE,59375,59375,350,4.85
2026-06-29,2026-07-28,1560.0,PE,4375,4375,7,165.0
2026-06-29,2026-08-25,1080.0,CE,0,0,0,268.35
2026-06-29,2026-08-25,1080.0,PE,0,0,0,4.5
2026-06-29,2026-08-25,1120.0,CE,0,0,0,232.45
2026-06-29,2026-08-25,1120.0,PE,0,0,0,8.0
2026-06-29,2026-08-25,1140.0,CE,0,0,0,215.15
2026-06-29,2026-08-25,1140.0,PE,0,0,0,10.4
2026-06-29,2026-08-25,1160.0,CE,0,0,0,198.4
2026-06-29,2026-08-25,1160.0,PE,0,0,0,13.35
2026-06-29,2026-08-25,1180.0,CE,0,0,0,182.25
2026-06-29,2026-08-25,1180.0,PE,0,0,0,16.9
2026-06-29,2026-08-25,1200.0,CE,0,0,0,166.7
2026-06-29,2026-08-25,1200.0,PE,0,0,0,21.1
2026-06-29,2026-08-25,1220.0,CE,0,0,0,151.9
2026-06-29,2026-08-25,1220.0,PE,0,0,0,26.0
2026-06-29,2026-08-25,1240.0,CE,0,0,0,137.75
2026-06-29,2026-08-25,1240.0,PE,0,0,0,31.55
2026-06-29,2026-08-25,1260.0,CE,0,0,0,124.45
2026-06-29,2026-08-25,1260.0,PE,0,0,0,37.95
2026-06-29,2026-08-25,1280.0,CE,0,0,0,111.95
2026-06-29,2026-08-25,1280.0,PE,0,0,0,45.15
2026-06-29,2026-08-25,1300.0,CE,0,0,0,100.25
2026-06-29,2026-08-25,1300.0,PE,22500,1875,15,32.25
2026-06-29,2026-08-25,1320.0,CE,0,0,0,89.4
2026-06-29,2026-08-25,1320.0,PE,0,0,0,62.0
2026-06-29,2026-08-25,1340.0,CE,0,0,0,79.4
2026-06-29,2026-08-25,1340.0,PE,0,0,0,71.7
2026-06-29,2026-08-25,1360.0,CE,0,0,0,70.15
2026-06-29,2026-08-25,1360.0,PE,0,0,0,82.2
2026-06-29,2026-08-25,1380.0,CE,0,0,0,61.75
2026-06-29,2026-08-25,1380.0,PE,0,0,0,93.5
2026-06-29,2026-08-25,1400.0,CE,0,0,0,54.15
2026-06-29,2026-08-25,1400.0,PE,0,0,0,105.55
2026-06-29,2026-08-25,1420.0,CE,0,0,0,47.25
2026-06-29,2026-08-25,1420.0,PE,0,0,0,118.4
2026-06-29,2026-08-25,1440.0,CE,0,0,0,41.1
2026-06-29,2026-08-25,1440.0,PE,0,0,0,131.9
2026-06-29,2026-08-25,1460.0,CE,0,0,0,35.55
2026-06-29,2026-08-25,1460.0,PE,0,0,0,146.1
2026-06-29,2026-08-25,1480.0,CE,0,0,0,30.75
2026-06-29,2026-08-25,1480.0,PE,0,0,0,160.95
2026-06-29,2026-08-25,1520.0,CE,0,0,0,22.55
2026-06-29,2026-08-25,1520.0,PE,0,0,0,192.2
2026-06-29,2026-08-25,1560.0,CE,0,0,0,16.35
2026-06-29,2026-08-25,1560.0,PE,0,0,0,225.4
2026-06-30,2026-06-30,1060.0,CE,0,0,0,218.8
2026-06-30,2026-06-30,1060.0,PE,25625,-625,3,0.05
2026-06-30,2026-06-30,1080.0,CE,0,0,0,201.05
2026-06-30,2026-06-30,1080.0,PE,3750,0,0,0.1
2026-06-30,2026-06-30,1100.0,CE,0,0,0,176.0
2026-06-30,2026-06-30,1100.0,PE,11250,-2500,15,0.05
2026-06-30,2026-06-30,1120.0,CE,0,0,0,167.2
2026-06-30,2026-06-30,1120.0,PE,2500,0,0,0.1
2026-06-30,2026-06-30,1140.0,CE,0,0,0,151.25
2026-06-30,2026-06-30,1140.0,PE,6250,0,0,0.1
2026-06-30,2026-06-30,1150.0,CE,625,-625,1,210.3
2026-06-30,2026-06-30,1150.0,PE,74375,-625,1,0.05
2026-06-30,2026-06-30,1160.0,CE,0,0,0,136.05
2026-06-30,2026-06-30,1160.0,PE,30625,-2500,4,0.05
2026-06-30,2026-06-30,1170.0,CE,625,0,0,160.0
2026-06-30,2026-06-30,1170.0,PE,8750,0,0,0.05
2026-06-30,2026-06-30,1180.0,CE,1250,0,1,173.0
2026-06-30,2026-06-30,1180.0,PE,22500,-1875,3,0.05
2026-06-30,2026-06-30,1190.0,CE,0,0,0,185.3
2026-06-30,2026-06-30,1190.0,PE,4375,0,0,0.05
2026-06-30,2026-06-30,1200.0,CE,9375,-5000,10,159.35
2026-06-30,2026-06-30,1200.0,PE,604375,-2500,5,0.05
2026-06-30,2026-06-30,1210.0,CE,0,0,0,168.4
2026-06-30,2026-06-30,1210.0,PE,23125,-625,1,0.05
2026-06-30,2026-06-30,1220.0,CE,13125,0,0,181.45
2026-06-30,2026-06-30,1220.0,PE,78125,14375,40,0.1
2026-06-30,2026-06-30,1230.0,CE,8125,0,0,75.0
2026-06-30,2026-06-30,1230.0,PE,42500,0,0,0.15
2026-06-30,2026-06-30,1240.0,CE,22500,0,0,86.65
2026-06-30,2026-06-30,1240.0,PE,35625,-5625,18,0.05
2026-06-30,2026-06-30,1250.0,CE,76875,-2500,11,105.0
2026-06-30,2026-06-30,1250.0,PE,206250,-3125,69,0.05
2026-06-30,2026-06-30,1260.0,CE,176875,0,0,112.6
2026-06-30,2026-06-30,1260.0,PE,493125,105000,607,0.05
2026-06-30,2026-06-30,1270.0,CE,226875,-4375,16,91.0
2026-06-30,2026-06-30,1270.0,PE,148125,-1875,32,0.05
2026-06-30,2026-06-30,1280.0,CE,475625,-5625,12,83.0
2026-06-30,2026-06-30,1280.0,PE,403125,13750,319,0.05
2026-06-30,2026-06-30,1290.0,CE,148750,-625,9,74.15
2026-06-30,2026-06-30,1290.0,PE,153125,-10625,87,0.05
2026-06-30,2026-06-30,1300.0,CE,255625,-11250,73,52.6
2026-06-30,2026-06-30,1300.0,PE,381875,-55000,313,0.05
2026-06-30,2026-06-30,1310.0,CE,155625,-22500,86,52.15
2026-06-30,2026-06-30,1310.0,PE,301875,625,189,0.05
2026-06-30,2026-06-30,1320.0,CE,310625,-60625,242,33.5
2026-06-30,2026-06-30,1320.0,PE,371875,-45000,432,0.05
2026-06-30,2026-06-30,1330.0,CE,230625,-32500,206,24.05
2026-06-30,2026-06-30,1330.0,PE,243125,-8750,647,0.05
2026-06-30,2026-06-30,1340.0,CE,850625,-8750,315,12.4
2026-06-30,2026-06-30,1340.0,PE,464375,13750,1705,0.05
2026-06-30,2026-06-30,1350.0,CE,509375,48750,1088,2.7
2026-06-30,2026-06-30,1350.0,PE,356250,-115625,3496,0.05
2026-06-30,2026-06-30,1360.0,CE,122500,-47500,1782,2.65
2026-06-30,2026-06-30,1360.0,PE,98750,-71875,635,8.9
2026-06-30,2026-06-30,1370.0,CE,138125,35625,1851,0.05
2026-06-30,2026-06-30,1370.0,PE,42500,-63125,331,17.0
2026-06-30,2026-06-30,1380.0,CE,520000,-21250,1575,0.05
2026-06-30,2026-06-30,1380.0,PE,60000,-45625,201,27.45
2026-06-30,2026-06-30,1390.0,CE,216875,-114375,1081,0.05
2026-06-30,2026-06-30,1390.0,PE,43125,-31875,82,33.0
2026-06-30,2026-06-30,1400.0,CE,526875,-211250,1631,0.05
2026-06-30,2026-06-30,1400.0,PE,108750,-34375,179,44.05
2026-06-30,2026-06-30,1410.0,CE,395625,-411875,1551,0.05
2026-06-30,2026-06-30,1410.0,PE,45000,0,0,39.9
2026-06-30,2026-06-30,1420.0,CE,470000,-368125,1782,0.05
2026-06-30,2026-06-30,1420.0,PE,33125,8125,24,60.25
2026-06-30,2026-06-30,1430.0,CE,217500,-155625,803,0.05
2026-06-30,2026-06-30,1430.0,PE,0,0,0,100.5
2026-06-30,2026-06-30,1440.0,CE,356250,-41250,226,0.05
2026-06-30,2026-06-30,1440.0,PE,1875,0,0,90.5
2026-06-30,2026-06-30,1450.0,CE,341250,-17500,161,0.05
2026-06-30,2026-06-30,1450.0,PE,1250,0,0,123.0
2026-06-30,2026-06-30,1460.0,CE,129375,-35625,178,0.05
2026-06-30,2026-06-30,1460.0,PE,0,-625,1,112.5
2026-06-30,2026-06-30,1470.0,CE,625,0,0,0.35
2026-06-30,2026-06-30,1470.0,PE,0,0,0,128.6
2026-06-30,2026-06-30,1480.0,CE,255625,-3750,11,0.05
2026-06-30,2026-06-30,1480.0,PE,0,0,0,209.75
2026-06-30,2026-06-30,1490.0,CE,0,0,0,23.25
2026-06-30,2026-06-30,1490.0,PE,0,0,0,143.8
2026-06-30,2026-06-30,1500.0,CE,63125,-7500,16,0.05
2026-06-30,2026-06-30,1500.0,PE,625,0,0,110.0
2026-06-30,2026-06-30,1520.0,CE,40000,-1875,4,0.05
2026-06-30,2026-06-30,1520.0,PE,3125,0,0,218.8
2026-06-30,2026-06-30,1540.0,CE,11250,0,0,0.15
2026-06-30,2026-06-30,1540.0,PE,1250,0,2,186.0
2026-06-30,2026-06-30,1560.0,CE,0,0,0,4.8
2026-06-30,2026-06-30,1560.0,PE,0,0,0,281.95
2026-06-30,2026-06-30,1580.0,CE,0,0,0,1.85
2026-06-30,2026-06-30,1580.0,PE,0,0,0,340.2
2026-06-30,2026-07-28,1060.0,CE,0,0,0,312.1
2026-06-30,2026-07-28,1060.0,PE,44375,35000,663,0.7
2026-06-30,2026-07-28,1080.0,CE,0,0,0,293.3
2026-06-30,2026-07-28,1080.0,PE,21250,1250,91,0.95
2026-06-30,2026-07-28,1100.0,CE,625,0,0,188.0
2026-06-30,2026-07-28,1100.0,PE,54375,5000,27,1.35
2026-06-30,2026-07-28,1120.0,CE,0,0,0,256.6
2026-06-30,2026-07-28,1120.0,PE,1875,1875,7,1.6
2026-06-30,2026-07-28,1140.0,CE,0,0,0,238.8
2026-06-30,2026-07-28,1140.0,PE,39375,0,0,1.35
2026-06-30,2026-07-28,1150.0,CE,5000,625,1,196.0
2026-06-30,2026-07-28,1150.0,PE,22500,-625,2,2.3
2026-06-30,2026-07-28,1160.0,CE,0,0,0,221.45
2026-06-30,2026-07-28,1160.0,PE,33125,0,32,2.35
2026-06-30,2026-07-28,1170.0,CE,3125,0,0,176.55
2026-06-30,2026-07-28,1170.0,PE,21875,625,21,3.1
2026-06-30,2026-07-28,1180.0,CE,1250,1250,2,170.6
2026-06-30,2026-07-28,1180.0,PE,11875,1875,16,3.75
2026-06-30,2026-07-28,1190.0,CE,0,0,0,162.35
2026-06-30,2026-07-28,1190.0,PE,16875,0,20,4.7
2026-06-30,2026-07-28,1200.0,CE,11875,4375,9,153.45
2026-06-30,2026-07-28,1200.0,PE,145000,63750,267,5.35
2026-06-30,2026-07-28,1210.0,CE,0,0,0,146.3
2026-06-30,2026-07-28,1210.0,PE,29375,-1250,17,6.2
2026-06-30,2026-07-28,1220.0,CE,625,625,1,134.7
2026-06-30,2026-07-28,1220.0,PE,33750,5000,43,7.2
2026-06-30,2026-07-28,1230.0,CE,625,625,1,125.85
2026-06-30,2026-07-28,1230.0,PE,44375,22500,95,8.3
2026-06-30,2026-07-28,1240.0,CE,1875,0,0,78.0
2026-06-30,2026-07-28,1240.0,PE,43750,-1875,63,9.7
2026-06-30,2026-07-28,1250.0,CE,4375,1875,6,106.0
2026-06-30,2026-07-28,1250.0,PE,88125,29375,126,11.65
2026-06-30,2026-07-28,1260.0,CE,51250,0,0,95.7
2026-06-30,2026-07-28,1260.0,PE,66875,8125,76,13.05
2026-06-30,2026-07-28,1270.0,CE,20000,0,0,89.4
2026-06-30,2026-07-28,1270.0,PE,43750,5625,63,15.7
2026-06-30,2026-07-28,1280.0,CE,36250,0,6,83.8
2026-06-30,2026-07-28,1280.0,PE,68125,8750,122,17.95
2026-06-30,2026-07-28,1290.0,CE,40625,28750,62,78.3
2026-06-30,2026-07-28,1290.0,PE,27500,10000,91,20.6
2026-06-30,2026-07-28,1300.0,CE,236875,10625,145,67.6
2026-06-30,2026-07-28,1300.0,PE,413125,52500,788,23.3
2026-06-30,2026-07-28,1310.0,CE,24375,16875,48,63.45
2026-06-30,2026-07-28,1310.0,PE,65000,26250,310,27.4
2026-06-30,2026-07-28,1320.0,CE,153750,81875,401,57.25
2026-06-30,2026-07-28,1320.0,PE,170625,56250,501,31.15
2026-06-30,2026-07-28,1330.0,CE,55000,8125,325,50.85
2026-06-30,2026-07-28,1330.0,PE,106250,43125,232,35.85
2026-06-30,2026-07-28,1340.0,CE,107500,5625,412,44.3
2026-06-30,2026-07-28,1340.0,PE,297500,11875,723,39.65
2026-06-30,2026-07-28,1350.0,CE,185000,55000,896,40.85
2026-06-30,2026-07-28,1350.0,PE,205625,63125,1066,44.4
2026-06-30,2026-07-28,1360.0,CE,278125,83750,1506,36.15
2026-06-30,2026-07-28,1360.0,PE,131875,-3750,882,50.0
2026-06-30,2026-07-28,1370.0,CE,105625,70625,573,32.05
2026-06-30,2026-07-28,1370.0,PE,47500,26250,246,55.65
2026-06-30,2026-07-28,1380.0,CE,254375,52500,997,28.3
2026-06-30,2026-07-28,1380.0,PE,117500,15000,267,63.4
2026-06-30,2026-07-28,1390.0,CE,80625,24375,247,24.7
2026-06-30,2026-07-28,1390.0,PE,28750,5625,76,62.65
2026-06-30,2026-07-28,1400.0,CE,1041875,62500,2002,21.7
2026-06-30,2026-07-28,1400.0,PE,320625,8750,214,75.75
2026-06-30,2026-07-28,1410.0,CE,147500,4375,239,19.15
2026-06-30,2026-07-28,1410.0,PE,43750,0,14,81.25
2026-06-30,2026-07-28,1420.0,CE,219375,25625,294,16.55
2026-06-30,2026-07-28,1420.0,PE,15625,0,0,75.75
2026-06-30,2026-07-28,1430.0,CE,110000,35625,201,13.65
2026-06-30,2026-07-28,1430.0,PE,0,0,0,117.9
2026-06-30,2026-07-28,1440.0,CE,917500,34375,523,12.55
2026-06-30,2026-07-28,1440.0,PE,1250,1250,2,104.25
2026-06-30,2026-07-28,1450.0,CE,181250,15000,275,10.95
2026-06-30,2026-07-28,1450.0,PE,0,0,0,132.7
2026-06-30,2026-07-28,1460.0,CE,130000,15000,191,9.9
2026-06-30,2026-07-28,1460.0,PE,0,0,0,128.55
2026-06-30,2026-07-28,1470.0,CE,15625,5000,28,8.3
2026-06-30,2026-07-28,1470.0,PE,625,625,1,130.1
2026-06-30,2026-07-28,1480.0,CE,66875,-625,103,7.75
2026-06-30,2026-07-28,1480.0,PE,1875,1875,4,145.3
2026-06-30,2026-07-28,1490.0,CE,4375,4375,8,6.6
2026-06-30,2026-07-28,1490.0,PE,0,0,0,164.15
2026-06-30,2026-07-28,1500.0,CE,364375,36875,580,5.85
2026-06-30,2026-07-28,1500.0,PE,3750,0,0,116.0
2026-06-30,2026-07-28,1520.0,CE,227500,34375,309,4.75
2026-06-30,2026-07-28,1520.0,PE,10625,0,0,182.0
2026-06-30,2026-07-28,1540.0,CE,56250,54375,106,3.7
2026-06-30,2026-07-28,1540.0,PE,0,0,0,187.9
2026-06-30,2026-07-28,1560.0,CE,130625,71250,329,2.85
2026-06-30,2026-07-28,1560.0,PE,4375,0,0,165.0
2026-06-30,2026-07-28,1580.0,CE,12500,12500,48,2.8
2026-06-30,2026-07-28,1580.0,PE,0,0,0,220.65
2026-06-30,2026-08-25,1080.0,CE,0,0,0,268.35
2026-06-30,2026-08-25,1080.0,PE,0,0,0,4.5
2026-06-30,2026-08-25,1120.0,CE,0,0,0,232.45
2026-06-30,2026-08-25,1120.0,PE,0,0,0,8.0
2026-06-30,2026-08-25,1140.0,CE,0,0,0,215.15
2026-06-30,2026-08-25,1140.0,PE,0,0,0,10.4
2026-06-30,2026-08-25,1160.0,CE,0,0,0,198.4
2026-06-30,2026-08-25,1160.0,PE,0,0,0,13.35
2026-06-30,2026-08-25,1180.0,CE,0,0,0,182.25
2026-06-30,2026-08-25,1180.0,PE,0,0,0,16.9
2026-06-30,2026-08-25,1200.0,CE,0,0,0,166.7
2026-06-30,2026-08-25,1200.0,PE,0,0,0,21.1
2026-06-30,2026-08-25,1220.0,CE,0,0,0,151.9
2026-06-30,2026-08-25,1220.0,PE,0,0,0,26.0
2026-06-30,2026-08-25,1240.0,CE,0,0,0,137.75
2026-06-30,2026-08-25,1240.0,PE,0,0,0,31.55
2026-06-30,2026-08-25,1260.0,CE,0,0,0,124.45
2026-06-30,2026-08-25,1260.0,PE,0,0,0,37.95
2026-06-30,2026-08-25,1280.0,CE,0,0,0,111.95
2026-06-30,2026-08-25,1280.0,PE,0,0,0,45.15
2026-06-30,2026-08-25,1300.0,CE,0,0,0,100.25
2026-06-30,2026-08-25,1300.0,PE,25000,2500,26,38.5
2026-06-30,2026-08-25,1320.0,CE,0,0,0,89.4
2026-06-30,2026-08-25,1320.0,PE,0,0,0,62.0
2026-06-30,2026-08-25,1340.0,CE,0,0,0,79.4
2026-06-30,2026-08-25,1340.0,PE,0,0,0,71.7
2026-06-30,2026-08-25,1360.0,CE,0,0,0,70.15
2026-06-30,2026-08-25,1360.0,PE,0,0,0,82.2
2026-06-30,2026-08-25,1380.0,CE,0,0,0,61.75
2026-06-30,2026-08-25,1380.0,PE,0,0,0,93.5
2026-06-30,2026-08-25,1400.0,CE,0,0,0,54.15
2026-06-30,2026-08-25,1400.0,PE,0,0,0,105.55
2026-06-30,2026-08-25,1420.0,CE,0,0,0,47.25
2026-06-30,2026-08-25,1420.0,PE,0,0,0,118.4
2026-06-30,2026-08-25,1440.0,CE,0,0,0,41.1
2026-06-30,2026-08-25,1440.0,PE,0,0,0,131.9
2026-06-30,2026-08-25,1460.0,CE,0,0,0,35.55
2026-06-30,2026-08-25,1460.0,PE,0,0,0,146.1
2026-06-30,2026-08-25,1480.0,CE,0,0,0,30.75
2026-06-30,2026-08-25,1480.0,PE,0,0,0,160.95
2026-06-30,2026-08-25,1500.0,CE,0,0,0,26.35
2026-06-30,2026-08-25,1500.0,PE,0,0,0,176.3
2026-06-30,2026-08-25,1520.0,CE,0,0,0,22.55
2026-06-30,2026-08-25,1520.0,PE,0,0,0,192.2
2026-06-30,2026-08-25,1560.0,CE,0,0,0,16.35
2026-06-30,2026-08-25,1560.0,PE,0,0,0,225.4
2026-07-01,2026-07-28,1060.0,CE,3125,3125,5,282.65
2026-07-01,2026-07-28,1060.0,PE,42500,-1875,18,0.7
2026-07-01,2026-07-28,1080.0,CE,0,0,0,293.3
2026-07-01,2026-07-28,1080.0,PE,21875,625,2,0.9
2026-07-01,2026-07-28,1100.0,CE,3750,3125,5,243.3
2026-07-01,2026-07-28,1100.0,PE,54375,0,43,1.05
2026-07-01,2026-07-28,1120.0,CE,625,625,1,223.75
2026-07-01,2026-07-28,1120.0,PE,1875,0,0,1.6
2026-07-01,2026-07-28,1140.0,CE,0,0,0,238.8
2026-07-01,2026-07-28,1140.0,PE,38125,-1250,13,1.3
2026-07-01,2026-07-28,1150.0,CE,6250,1250,8,180.4
2026-07-01,2026-07-28,1150.0,PE,300625,278125,674,1.5
2026-07-01,2026-07-28,1160.0,CE,0,0,0,221.45
2026-07-01,2026-07-28,1160.0,PE,36875,3750,12,1.8
2026-07-01,2026-07-28,1170.0,CE,3125,0,0,176.55
2026-07-01,2026-07-28,1170.0,PE,23750,1875,13,2.5
2026-07-01,2026-07-28,1180.0,CE,1250,0,0,170.6
2026-07-01,2026-07-28,1180.0,PE,21250,9375,23,3.0
2026-07-01,2026-07-28,1190.0,CE,0,0,0,162.35
2026-07-01,2026-07-28,1190.0,PE,33125,16250,67,3.4
2026-07-01,2026-07-28,1200.0,CE,11875,0,0,153.45
2026-07-01,2026-07-28,1200.0,PE,181250,36250,747,4.4
2026-07-01,2026-07-28,1210.0,CE,0,0,0,146.3
2026-07-01,2026-07-28,1210.0,PE,28750,-625,79,5.25
2026-07-01,2026-07-28,1220.0,CE,625,0,0,134.7
2026-07-01,2026-07-28,1220.0,PE,68125,34375,127,6.75
2026-07-01,2026-07-28,1230.0,CE,625,0,0,125.85
2026-07-01,2026-07-28,1230.0,PE,61875,17500,38,7.75
2026-07-01,2026-07-28,1240.0,CE,1875,0,0,78.0
2026-07-01,2026-07-28,1240.0,PE,81875,38125,207,9.05
2026-07-01,2026-07-28,1250.0,CE,4375,0,0,106.0
2026-07-01,2026-07-28,1250.0,PE,138750,50625,654,11.5
2026-07-01,2026-07-28,1260.0,CE,68750,17500,85,82.25
2026-07-01,2026-07-28,1260.0,PE,55000,-11875,215,13.55
2026-07-01,2026-07-28,1270.0,CE,20000,0,0,89.4
2026-07-01,2026-07-28,1270.0,PE,49375,5625,285,15.75
2026-07-01,2026-07-28,1280.0,CE,36250,0,0,83.8
2026-07-01,2026-07-28,1280.0,PE,98750,30625,520,18.75
2026-07-01,2026-07-28,1290.0,CE,40625,0,0,78.3
2026-07-01,2026-07-28,1290.0,PE,62500,35000,337,22.4
2026-07-01,2026-07-28,1300.0,CE,186875,-50000,513,53.4
2026-07-01,2026-07-28,1300.0,PE,415625,2500,1964,25.6
2026-07-01,2026-07-28,1310.0,CE,48125,23750,122,47.7
2026-07-01,2026-07-28,1310.0,PE,159375,94375,671,29.75
2026-07-01,2026-07-28,1320.0,CE,140000,-13750,439,41.8
2026-07-01,2026-07-28,1320.0,PE,185000,14375,950,34.35
2026-07-01,2026-07-28,1330.0,CE,108125,53125,535,37.05
2026-07-01,2026-07-28,1330.0,PE,228125,121875,960,38.6
2026-07-01,2026-07-28,1340.0,CE,232500,125000,1809,32.25
2026-07-01,2026-07-28,1340.0,PE,285625,-11875,1066,44.5
2026-07-01,2026-07-28,1350.0,CE,251875,66875,1570,28.05
2026-07-01,2026-07-28,1350.0,PE,266875,61250,1230,49.5
2026-07-01,2026-07-28,1360.0,CE,900625,622500,2742,24.55
2026-07-01,2026-07-28,1360.0,PE,121250,-10625,550,55.3
2026-07-01,2026-07-28,1370.0,CE,132500,26875,746,20.9
2026-07-01,2026-07-28,1370.0,PE,35000,-12500,134,62.8
2026-07-01,2026-07-28,1380.0,CE,536250,281875,1703,17.7
2026-07-01,2026-07-28,1380.0,PE,110000,-7500,62,69.4
2026-07-01,2026-07-28,1390.0,CE,95000,14375,325,15.6
2026-07-01,2026-07-28,1390.0,PE,26250,-2500,5,77.6
2026-07-01,2026-07-28,1400.0,CE,1345625,303750,2637,13.15
2026-07-01,2026-07-28,1400.0,PE,308125,-12500,130,84.9
2026-07-01,2026-07-28,1410.0,CE,219375,71875,450,11.25
2026-07-01,2026-07-28,1410.0,PE,43750,0,0,81.25
2026-07-01,2026-07-28,1420.0,CE,196250,-23125,544,9.5
2026-07-01,2026-07-28,1420.0,PE,15625,0,0,75.75
2026-07-01,2026-07-28,1430.0,CE,98125,-11875,157,8.25
2026-07-01,2026-07-28,1430.0,PE,0,0,0,117.9
2026-07-01,2026-07-28,1440.0,CE,966250,48750,993,6.7
2026-07-01,2026-07-28,1440.0,PE,1250,0,0,104.25
2026-07-01,2026-07-28,1450.0,CE,253750,72500,485,5.8
2026-07-01,2026-07-28,1450.0,PE,0,0,0,132.7
2026-07-01,2026-07-28,1460.0,CE,124375,-5625,260,5.05
2026-07-01,2026-07-28,1460.0,PE,0,0,0,128.55
2026-07-01,2026-07-28,1470.0,CE,33750,18125,66,4.2
2026-07-01,2026-07-28,1470.0,PE,625,0,0,130.1
2026-07-01,2026-07-28,1480.0,CE,57500,-9375,124,3.5
2026-07-01,2026-07-28,1480.0,PE,1875,0,0,145.3
2026-07-01,2026-07-28,1490.0,CE,6250,1875,22,3.05
2026-07-01,2026-07-28,1490.0,PE,0,0,0,164.15
2026-07-01,2026-07-28,1500.0,CE,621875,257500,1601,2.55
2026-07-01,2026-07-28,1500.0,PE,3750,0,0,116.0
2026-07-01,2026-07-28,1520.0,CE,245000,17500,357,2.0
2026-07-01,2026-07-28,1520.0,PE,10625,0,0,182.0
2026-07-01,2026-07-28,1540.0,CE,36875,-19375,128,1.55
2026-07-01,2026-07-28,1540.0,PE,0,0,0,187.9
2026-07-01,2026-07-28,1560.0,CE,66250,-64375,214,1.4
2026-07-01,2026-07-28,1560.0,PE,4375,0,0,165.0
2026-07-01,2026-07-28,1580.0,CE,16250,3750,30,1.1
2026-07-01,2026-07-28,1580.0,PE,0,0,0,220.65
2026-07-01,2026-08-25,1080.0,CE,0,0,0,268.35
2026-07-01,2026-08-25,1080.0,PE,0,0,0,4.5
2026-07-01,2026-08-25,1120.0,CE,0,0,0,232.45
2026-07-01,2026-08-25,1120.0,PE,0,0,0,8.0
2026-07-01,2026-08-25,1140.0,CE,0,0,0,215.15
2026-07-01,2026-08-25,1140.0,PE,0,0,0,10.4
2026-07-01,2026-08-25,1160.0,CE,0,0,0,198.4
2026-07-01,2026-08-25,1160.0,PE,0,0,0,13.35
2026-07-01,2026-08-25,1180.0,CE,0,0,0,182.25
2026-07-01,2026-08-25,1180.0,PE,0,0,0,16.9
2026-07-01,2026-08-25,1200.0,CE,0,0,0,166.7
2026-07-01,2026-08-25,1200.0,PE,0,0,0,21.1
2026-07-01,2026-08-25,1220.0,CE,0,0,0,151.9
2026-07-01,2026-08-25,1220.0,PE,0,0,0,26.0
2026-07-01,2026-08-25,1240.0,CE,0,0,0,137.75
2026-07-01,2026-08-25,1240.0,PE,0,0,0,31.55
2026-07-01,2026-08-25,1250.0,CE,0,0,0,134.65
2026-07-01,2026-08-25,1250.0,PE,0,0,0,15.75
2026-07-01,2026-08-25,1260.0,CE,0,0,0,124.45
2026-07-01,2026-08-25,1260.0,PE,0,0,0,37.95
2026-07-01,2026-08-25,1270.0,CE,0,0,0,119.6
2026-07-01,2026-08-25,1270.0,PE,0,0,0,20.5
2026-07-01,2026-08-25,1280.0,CE,0,0,0,111.95
2026-07-01,2026-08-25,1280.0,PE,0,0,0,45.15
2026-07-01,2026-08-25,1290.0,CE,0,0,0,105.35
2026-07-01,2026-08-25,1290.0,PE,0,0,0,26.05
2026-07-01,2026-08-25,1300.0,CE,0,0,0,100.25
2026-07-01,2026-08-25,1300.0,PE,27500,2500,12,40.0
2026-07-01,2026-08-25,1310.0,CE,0,0,0,92.15
2026-07-01,2026-08-25,1310.0,PE,0,0,0,32.65
2026-07-01,2026-08-25,1320.0,CE,0,0,0,89.4
2026-07-01,2026-08-25,1320.0,PE,0,0,0,62.0
2026-07-01,2026-08-25,1330.0,CE,0,0,0,80.0
2026-07-01,2026-08-25,1330.0,PE,0,0,0,40.3
2026-07-01,2026-08-25,1340.0,CE,0,0,0,79.4
2026-07-01,2026-08-25,1340.0,PE,0,0,0,71.7
2026-07-01,2026-08-25,1350.0,CE,0,0,0,68.95
2026-07-01,2026-08-25,1350.0,PE,0,0,0,49.05
2026-07-01,2026-08-25,1360.0,CE,0,0,0,70.15
2026-07-01,2026-08-25,1360.0,PE,0,0,0,82.2
2026-07-01,2026-08-25,1370.0,CE,0,0,0,58.9
2026-07-01,2026-08-25,1370.0,PE,0,0,0,58.85
2026-07-01,2026-08-25,1380.0,CE,0,0,0,61.75
2026-07-01,2026-08-25,1380.0,PE,0,0,0,93.5
2026-07-01,2026-08-25,1390.0,CE,0,0,0,49.95
2026-07-01,2026-08-25,1390.0,PE,0,0,0,69.7
2026-07-01,2026-08-25,1400.0,CE,0,0,0,54.15
2026-07-01,2026-08-25,1400.0,PE,0,0,0,105.55
2026-07-01,2026-08-25,1410.0,CE,0,0,0,42.05
2026-07-01,2026-08-25,1410.0,PE,0,0,0,81.6
2026-07-01,2026-08-25,1420.0,CE,0,0,0,47.25
2026-07-01,2026-08-25,1420.0,PE,0,0,0,118.4
2026-07-01,2026-08-25,1430.0,CE,0,0,0,35.1
2026-07-01,2026-08-25,1430.0,PE,0,0,0,94.45
2026-07-01,2026-08-25,1440.0,CE,0,0,0,41.1
2026-07-01,2026-08-25,1440.0,PE,0,0,0,131.9
2026-07-01,2026-08-25,1450.0,CE,0,0,0,29.05
2026-07-01,2026-08-25,1450.0,PE,0,0,0,108.2
2026-07-01,2026-08-25,1460.0,CE,0,0,0,35.55
2026-07-01,2026-08-25,1460.0,PE,0,0,0,146.1
2026-07-01,2026-08-25,1470.0,CE,0,0,0,23.95
2026-07-01,2026-08-25,1470.0,PE,0,0,0,122.9
2026-07-01,2026-08-25,1480.0,CE,0,0,0,30.75
2026-07-01,2026-08-25,1480.0,PE,0,0,0,160.95
2026-07-01,2026-08-25,1500.0,CE,0,0,0,26.35
2026-07-01,2026-08-25,1500.0,PE,0,0,0,176.3
2026-07-01,2026-08-25,1520.0,CE,0,0,0,22.55
2026-07-01,2026-08-25,1520.0,PE,0,0,0,192.2
2026-07-01,2026-08-25,1540.0,CE,0,0,0,19.25
2026-07-01,2026-08-25,1540.0,PE,0,0,0,208.55
2026-07-01,2026-08-25,1560.0,CE,0,0,0,16.35
2026-07-01,2026-08-25,1560.0,PE,0,0,0,225.4
2026-07-01,2026-09-29,1160.0,CE,0,0,0,223.8
2026-07-01,2026-09-29,1160.0,PE,0,0,0,8.9
2026-07-01,2026-09-29,1200.0,CE,0,0,0,190.2
2026-07-01,2026-09-29,1200.0,PE,0,0,0,14.7
2026-07-01,2026-09-29,1240.0,CE,0,0,0,159.05
2026-07-01,2026-09-29,1240.0,PE,0,0,0,22.95
2026-07-01,2026-09-29,1260.0,CE,0,0,0,144.6
2026-07-01,2026-09-29,1260.0,PE,0,0,0,28.15
2026-07-01,2026-09-29,1280.0,CE,0,0,0,130.75
2026-07-01,2026-09-29,1280.0,PE,0,0,0,34.0
2026-07-01,2026-09-29,1300.0,CE,0,0,0,117.8
2026-07-01,2026-09-29,1300.0,PE,0,0,0,40.75
2026-07-01,2026-09-29,1320.0,CE,0,0,0,105.65
2026-07-01,2026-09-29,1320.0,PE,0,0,0,48.3
2026-07-01,2026-09-29,1340.0,CE,0,0,0,94.35
2026-07-01,2026-09-29,1340.0,PE,0,0,0,56.7
2026-07-01,2026-09-29,1360.0,CE,0,0,0,83.85
2026-07-01,2026-09-29,1360.0,PE,0,0,0,65.9
2026-07-01,2026-09-29,1380.0,CE,0,0,0,74.2
2026-07-01,2026-09-29,1380.0,PE,0,0,0,75.95
2026-07-01,2026-09-29,1400.0,CE,0,0,0,65.4
2026-07-01,2026-09-29,1400.0,PE,0,0,0,86.8
2026-07-01,2026-09-29,1420.0,CE,0,0,0,57.35
2026-07-01,2026-09-29,1420.0,PE,0,0,0,98.5
2026-07-01,2026-09-29,1440.0,CE,0,0,0,50.1
2026-07-01,2026-09-29,1440.0,PE,0,0,0,110.9
2026-07-01,2026-09-29,1460.0,CE,0,0,0,43.55
2026-07-01,2026-09-29,1460.0,PE,0,0,0,124.05
2026-07-01,2026-09-29,1480.0,CE,0,0,0,37.7
2026-07-01,2026-09-29,1480.0,PE,0,0,0,137.9
2026-07-01,2026-09-29,1520.0,CE,0,0,0,28.0
2026-07-01,2026-09-29,1520.0,PE,0,0,0,167.6
2026-07-01,2026-09-29,1560.0,CE,0,0,0,20.4
2026-07-01,2026-09-29,1560.0,PE,0,0,0,199.35
2026-07-02,2026-07-28,1060.0,CE,3125,0,1,280.45
2026-07-02,2026-07-28,1060.0,PE,42500,0,319,0.45
2026-07-02,2026-07-28,1080.0,PE,17500,-4375,133,0.65
2026-07-02,2026-07-28,1100.0,CE,3750,0,0,243.3
2026-07-02,2026-07-28,1100.0,PE,57500,3125,12,0.85
2026-07-02,2026-07-28,1120.0,CE,625,0,0,223.75
2026-07-02,2026-07-28,1120.0,PE,3125,1250,4,1.0
2026-07-02,2026-07-28,1140.0,CE,0,0,0,238.8
2026-07-02,2026-07-28,1140.0,PE,38750,625,3,1.5
2026-07-02,2026-07-28,1150.0,CE,6250,0,0,180.4
2026-07-02,2026-07-28,1150.0,PE,301250,625,49,1.0
2026-07-02,2026-07-28,1160.0,CE,0,0,0,221.45
2026-07-02,2026-07-28,1160.0,PE,31875,-5000,8,1.4
2026-07-02,2026-07-28,1170.0,CE,3125,0,0,176.55
2026-07-02,2026-07-28,1170.0,PE,31875,8125,46,1.75
2026-07-02,2026-07-28,1180.0,CE,1250,0,0,170.6
2026-07-02,2026-07-28,1180.0,PE,18750,-2500,17,1.85
2026-07-02,2026-07-28,1190.0,PE,295000,261875,496,2.35
2026-07-02,2026-07-28,1200.0,CE,11875,0,0,153.45
2026-07-02,2026-07-28,1200.0,PE,175000,-6250,176,3.0
2026-07-02,2026-07-28,1210.0,PE,26250,-2500,32,3.65
2026-07-02,2026-07-28,1220.0,CE,625,0,0,134.7
2026-07-02,2026-07-28,1220.0,PE,54375,-13750,77,4.5
2026-07-02,2026-07-28,1230.0,CE,625,0,0,125.85
2026-07-02,2026-07-28,1230.0,PE,96875,35000,153,5.4
2026-07-02,2026-07-28,1240.0,CE,1875,0,0,78.0
2026-07-02,2026-07-28,1240.0,PE,71250,-10625,59,6.75
2026-07-02,2026-07-28,1250.0,CE,4375,0,0,106.0
2026-07-02,2026-07-28,1250.0,PE,147500,8750,111,8.2
2026-07-02,2026-07-28,1260.0,CE,63750,-5000,33,89.9
2026-07-02,2026-07-28,1260.0,PE,81875,26875,81,9.8
2026-07-02,2026-07-28,1270.0,CE,20000,0,0,89.4
2026-07-02,2026-07-28,1270.0,PE,47500,-1875,89,11.85
2026-07-02,2026-07-28,1280.0,CE,36250,0,0,83.8
2026-07-02,2026-07-28,1280.0,PE,102500,3750,212,14.15
2026-07-02,2026-07-28,1290.0,CE,38125,-2500,26,66.5
2026-07-02,2026-07-28,1290.0,PE,81875,19375,330,16.9
2026-07-02,2026-07-28,1300.0,CE,194375,7500,189,59.7
2026-07-02,2026-07-28,1300.0,PE,407500,-8125,897,20.0
2026-07-02,2026-07-28,1310.0,CE,48125,0,73,53.95
2026-07-02,2026-07-28,1310.0,PE,170000,10625,394,23.5
2026-07-02,2026-07-28,1320.0,CE,138125,-1875,235,47.5
2026-07-02,2026-07-28,1320.0,PE,219375,34375,524,27.35
2026-07-02,2026-07-28,1330.0,CE,108750,625,444,42.2
2026-07-02,2026-07-28,1330.0,PE,266875,38750,633,31.75
2026-07-02,2026-07-28,1340.0,CE,336250,103750,1879,36.95
2026-07-02,2026-07-28,1340.0,PE,415625,130000,916,36.8
2026-07-02,2026-07-28,1350.0,CE,274375,22500,1477,32.25
2026-07-02,2026-07-28,1350.0,PE,304375,37500,604,41.55
2026-07-02,2026-07-28,1360.0,CE,931875,31250,1249,27.8
2026-07-02,2026-07-28,1360.0,PE,131250,10000,451,47.3
2026-07-02,2026-07-28,1370.0,CE,153125,20625,517,23.9
2026-07-02,2026-07-28,1370.0,PE,21250,-13750,87,53.8
2026-07-02,2026-07-28,1380.0,CE,506875,-29375,738,20.6
2026-07-02,2026-07-28,1380.0,PE,103750,-6250,30,60.3
2026-07-02,2026-07-28,1390.0,CE,113750,18750,234,17.75
2026-07-02,2026-07-28,1390.0,PE,26250,0,0,77.6
2026-07-02,2026-07-28,1400.0,CE,1382500,36875,1442,15.15
2026-07-02,2026-07-28,1400.0,PE,305000,-3125,60,73.5
2026-07-02,2026-07-28,1410.0,CE,218750,-625,163,12.7
2026-07-02,2026-07-28,1410.0,PE,43750,0,0,81.25
2026-07-02,2026-07-28,1420.0,CE,261250,65000,359,10.85
2026-07-02,2026-07-28,1420.0,PE,15625,0,0,75.75
2026-07-02,2026-07-28,1430.0,CE,103125,5000,149,8.9
2026-07-02,2026-07-28,1430.0,PE,0,0,0,117.9
2026-07-02,2026-07-28,1440.0,CE,1246250,280000,1014,7.45
2026-07-02,2026-07-28,1440.0,PE,1250,0,0,104.25
2026-07-02,2026-07-28,1450.0,CE,245625,-8125,302,6.25
2026-07-02,2026-07-28,1450.0,PE,0,0,0,132.7
2026-07-02,2026-07-28,1460.0,CE,125000,625,136,5.1
2026-07-02,2026-07-28,1460.0,PE,0,0,0,128.55
2026-07-02,2026-07-28,1470.0,CE,34375,625,53,4.35
2026-07-02,2026-07-28,1470.0,PE,625,0,0,130.1
2026-07-02,2026-07-28,1480.0,CE,73125,15625,95,3.65
2026-07-02,2026-07-28,1480.0,PE,1875,0,0,145.3
2026-07-02,2026-07-28,1490.0,CE,6875,625,10,3.1
2026-07-02,2026-07-28,1500.0,CE,882500,260625,1429,2.6
2026-07-02,2026-07-28,1500.0,PE,3750,0,0,116.0
2026-07-02,2026-07-28,1520.0,CE,250000,5000,154,2.25
2026-07-02,2026-07-28,1520.0,PE,10625,0,0,182.0
2026-07-02,2026-07-28,1540.0,CE,31250,-5625,42,2.0
2026-07-02,2026-07-28,1540.0,PE,0,0,0,187.9
2026-07-02,2026-07-28,1560.0,CE,98750,32500,105,1.4
2026-07-02,2026-07-28,1560.0,PE,4375,0,0,165.0
2026-07-02,2026-07-28,1580.0,CE,36250,20000,64,1.0
2026-07-02,2026-08-25,1140.0,CE,0,0,0,215.15
2026-07-02,2026-08-25,1140.0,PE,0,0,0,10.4
2026-07-02,2026-08-25,1160.0,CE,0,0,0,198.4
2026-07-02,2026-08-25,1160.0,PE,0,0,0,13.35
2026-07-02,2026-08-25,1180.0,CE,0,0,0,182.25
2026-07-02,2026-08-25,1180.0,PE,0,0,0,16.9
2026-07-02,2026-08-25,1200.0,CE,0,0,0,166.7
2026-07-02,2026-08-25,1200.0,PE,0,0,0,21.1
2026-07-02,2026-08-25,1220.0,CE,0,0,0,151.9
2026-07-02,2026-08-25,1220.0,PE,0,0,0,26.0
2026-07-02,2026-08-25,1230.0,CE,0,0,0,150.65
2026-07-02,2026-08-25,1230.0,PE,0,0,0,11.9
2026-07-02,2026-08-25,1240.0,CE,0,0,0,137.75
2026-07-02,2026-08-25,1240.0,PE,0,0,0,31.55
2026-07-02,2026-08-25,1250.0,CE,0,0,0,134.65
2026-07-02,2026-08-25,1250.0,PE,0,0,0,15.75
2026-07-02,2026-08-25,1260.0,CE,0,0,0,124.45
2026-07-02,2026-08-25,1260.0,PE,0,0,0,37.95
2026-07-02,2026-08-25,1270.0,CE,0,0,0,119.6
2026-07-02,2026-08-25,1270.0,PE,0,0,0,20.5
2026-07-02,2026-08-25,1280.0,CE,0,0,0,111.95
2026-07-02,2026-08-25,1280.0,PE,0,0,0,45.15
2026-07-02,2026-08-25,1290.0,CE,0,0,0,105.35
2026-07-02,2026-08-25,1290.0,PE,0,0,0,26.05
2026-07-02,2026-08-25,1300.0,CE,0,0,0,100.25
2026-07-02,2026-08-25,1300.0,PE,25000,-2500,4,34.0
2026-07-02,2026-08-25,1310.0,CE,0,0,0,92.15
2026-07-02,2026-08-25,1310.0,PE,0,0,0,32.65
2026-07-02,2026-08-25,1320.0,CE,0,0,0,89.4
2026-07-02,2026-08-25,1320.0,PE,0,0,0,62.0
2026-07-02,2026-08-25,1330.0,CE,0,0,0,80.0
2026-07-02,2026-08-25,1330.0,PE,0,0,0,40.3
2026-07-02,2026-08-25,1340.0,CE,0,0,0,79.4
2026-07-02,2026-08-25,1340.0,PE,0,0,0,71.7
2026-07-02,2026-08-25,1350.0,CE,0,0,0,68.95
2026-07-02,2026-08-25,1350.0,PE,0,0,0,49.05
2026-07-02,2026-08-25,1360.0,CE,0,0,0,70.15
2026-07-02,2026-08-25,1360.0,PE,0,0,0,82.2
2026-07-02,2026-08-25,1370.0,CE,0,0,0,58.9
2026-07-02,2026-08-25,1370.0,PE,0,0,0,58.85
2026-07-02,2026-08-25,1380.0,CE,0,0,0,61.75
2026-07-02,2026-08-25,1380.0,PE,0,0,0,93.5
2026-07-02,2026-08-25,1390.0,CE,0,0,0,49.95
2026-07-02,2026-08-25,1390.0,PE,0,0,0,69.7
2026-07-02,2026-08-25,1400.0,CE,0,0,0,54.15
2026-07-02,2026-08-25,1400.0,PE,0,0,0,105.55
2026-07-02,2026-08-25,1410.0,CE,0,0,0,42.05
2026-07-02,2026-08-25,1410.0,PE,0,0,0,81.6
2026-07-02,2026-08-25,1420.0,CE,0,0,0,47.25
2026-07-02,2026-08-25,1420.0,PE,0,0,0,118.4
2026-07-02,2026-08-25,1430.0,CE,0,0,0,35.1
2026-07-02,2026-08-25,1430.0,PE,0,0,0,94.45
2026-07-02,2026-08-25,1440.0,CE,0,0,0,41.1
2026-07-02,2026-08-25,1440.0,PE,0,0,0,131.9
2026-07-02,2026-08-25,1450.0,CE,0,0,0,29.05
2026-07-02,2026-08-25,1450.0,PE,0,0,0,108.2
2026-07-02,2026-08-25,1460.0,CE,0,0,0,35.55
2026-07-02,2026-08-25,1460.0,PE,0,0,0,146.1
2026-07-02,2026-08-25,1480.0,CE,0,0,0,30.75
2026-07-02,2026-08-25,1480.0,PE,0,0,0,160.95
2026-07-02,2026-08-25,1500.0,CE,0,0,0,26.35
2026-07-02,2026-08-25,1500.0,PE,0,0,0,176.3
2026-07-02,2026-08-25,1520.0,CE,0,0,0,22.55
2026-07-02,2026-08-25,1520.0,PE,0,0,0,192.2
2026-07-02,2026-08-25,1540.0,CE,0,0,0,19.25
2026-07-02,2026-08-25,1540.0,PE,0,0,0,208.55
2026-07-02,2026-09-29,1120.0,CE,0,0,0,259.35
2026-07-02,2026-09-29,1120.0,PE,0,0,0,5.05
2026-07-02,2026-09-29,1160.0,CE,0,0,0,223.8
2026-07-02,2026-09-29,1160.0,PE,0,0,0,8.9
2026-07-02,2026-09-29,1200.0,CE,0,0,0,190.2
2026-07-02,2026-09-29,1200.0,PE,0,0,0,14.7
2026-07-02,2026-09-29,1220.0,CE,0,0,0,174.3
2026-07-02,2026-09-29,1220.0,PE,0,0,0,18.5
2026-07-02,2026-09-29,1240.0,CE,0,0,0,159.05
2026-07-02,2026-09-29,1240.0,PE,0,0,0,22.95
2026-07-02,2026-09-29,1260.0,CE,0,0,0,144.6
2026-07-02,2026-09-29,1260.0,PE,0,0,0,28.15
2026-07-02,2026-09-29,1280.0,CE,0,0,0,130.75
2026-07-02,2026-09-29,1280.0,PE,0,0,0,34.0
2026-07-02,2026-09-29,1300.0,CE,0,0,0,117.8
2026-07-02,2026-09-29,1300.0,PE,0,0,0,40.75
2026-07-02,2026-09-29,1320.0,CE,0,0,0,105.65
2026-07-02,2026-09-29,1320.0,PE,0,0,0,48.3
2026-07-02,2026-09-29,1340.0,CE,0,0,0,94.35
2026-07-02,2026-09-29,1340.0,PE,0,0,0,56.7
2026-07-02,2026-09-29,1360.0,CE,0,0,0,83.85
2026-07-02,2026-09-29,1360.0,PE,0,0,0,65.9
2026-07-02,2026-09-29,1380.0,CE,0,0,0,74.2
2026-07-02,2026-09-29,1380.0,PE,0,0,0,75.95
2026-07-02,2026-09-29,1400.0,CE,0,0,0,65.4
2026-07-02,2026-09-29,1400.0,PE,0,0,0,86.8
2026-07-02,2026-09-29,1420.0,CE,0,0,0,57.35
2026-07-02,2026-09-29,1420.0,PE,0,0,0,98.5
2026-07-02,2026-09-29,1440.0,CE,0,0,0,50.1
2026-07-02,2026-09-29,1440.0,PE,0,0,0,110.9
2026-07-02,2026-09-29,1460.0,CE,0,0,0,43.55
2026-07-02,2026-09-29,1460.0,PE,0,0,0,124.05
2026-07-02,2026-09-29,1480.0,CE,0,0,0,37.7
2026-07-02,2026-09-29,1480.0,PE,0,0,0,137.9
2026-07-02,2026-09-29,1520.0,CE,0,0,0,28.0
2026-07-02,2026-09-29,1520.0,PE,0,0,0,167.6
2026-07-03,2026-07-28,1060.0,CE,3125,0,0,280.45
2026-07-03,2026-07-28,1060.0,PE,43750,1250,236,0.35
2026-07-03,2026-07-28,1080.0,PE,12500,-5000,50,0.45
2026-07-03,2026-07-28,1100.0,CE,3750,0,0,243.3
2026-07-03,2026-07-28,1100.0,PE,28125,-29375,100,0.55
2026-07-03,2026-07-28,1120.0,CE,625,0,0,223.75
2026-07-03,2026-07-28,1120.0,PE,3125,0,3,0.85
2026-07-03,2026-07-28,1140.0,CE,0,0,0,238.8
2026-07-03,2026-07-28,1140.0,PE,32500,-6250,17,0.85
2026-07-03,2026-07-28,1150.0,CE,6250,0,0,180.4
2026-07-03,2026-07-28,1150.0,PE,298750,-2500,84,0.7
2026-07-03,2026-07-28,1160.0,CE,0,0,0,221.45
2026-07-03,2026-07-28,1160.0,PE,29375,-2500,5,0.8
2026-07-03,2026-07-28,1170.0,CE,3125,0,0,176.55
2026-07-03,2026-07-28,1170.0,PE,31875,0,0,1.75
2026-07-03,2026-07-28,1180.0,CE,1250,0,0,170.6
2026-07-03,2026-07-28,1180.0,PE,17500,-1250,12,1.25
2026-07-03,2026-07-28,1190.0,PE,293750,-1250,40,1.4
2026-07-03,2026-07-28,1200.0,CE,11875,0,0,153.45
2026-07-03,2026-07-28,1200.0,PE,170000,-5000,68,1.95
2026-07-03,2026-07-28,1210.0,PE,24375,-1875,7,2.1
2026-07-03,2026-07-28,1220.0,CE,625,0,0,134.7
2026-07-03,2026-07-28,1220.0,PE,32500,-21875,107,2.6
2026-07-03,2026-07-28,1230.0,CE,625,0,0,125.85
2026-07-03,2026-07-28,1230.0,PE,133125,36250,337,3.15
2026-07-03,2026-07-28,1240.0,CE,1875,0,0,78.0
2026-07-03,2026-07-28,1240.0,PE,62500,-8750,85,3.95
2026-07-03,2026-07-28,1250.0,CE,4375,0,0,106.0
2026-07-03,2026-07-28,1250.0,PE,162500,15000,237,4.75
2026-07-03,2026-07-28,1260.0,CE,63750,0,0,89.9
2026-07-03,2026-07-28,1260.0,PE,98750,16875,127,6.2
2026-07-03,2026-07-28,1270.0,CE,20000,0,0,89.4
2026-07-03,2026-07-28,1270.0,PE,61250,13750,80,7.55
2026-07-03,2026-07-28,1280.0,CE,36250,0,0,83.8
2026-07-03,2026-07-28,1280.0,PE,98125,-4375,114,8.65
2026-07-03,2026-07-28,1290.0,CE,38125,0,0,66.5
2026-07-03,2026-07-28,1290.0,PE,83750,1875,143,10.55
2026-07-03,2026-07-28,1300.0,CE,151250,-43125,160,74.15
2026-07-03,2026-07-28,1300.0,PE,355000,-52500,688,12.75
2026-07-03,2026-07-28,1310.0,CE,48125,0,0,53.95
2026-07-03,2026-07-28,1310.0,PE,197500,27500,371,14.7
2026-07-03,2026-07-28,1320.0,CE,133125,-5000,83,60.3
2026-07-03,2026-07-28,1320.0,PE,200000,-19375,395,17.75
2026-07-03,2026-07-28,1330.0,CE,95000,-13750,93,53.9
2026-07-03,2026-07-28,1330.0,PE,281250,14375,522,20.7
2026-07-03,2026-07-28,1340.0,CE,291875,-44375,502,47.8
2026-07-03,2026-07-28,1340.0,PE,409375,-6250,753,24.3
2026-07-03,2026-07-28,1350.0,CE,239375,-35000,971,40.65
2026-07-03,2026-07-28,1350.0,PE,321250,16875,909,29.7
2026-07-03,2026-07-28,1360.0,CE,1002500,70625,2364,35.35
2026-07-03,2026-07-28,1360.0,PE,184375,53125,794,33.6
2026-07-03,2026-07-28,1370.0,CE,236250,83125,2407,31.5
2026-07-03,2026-07-28,1370.0,PE,129375,108125,1304,39.15
2026-07-03,2026-07-28,1380.0,CE,651250,144375,3788,26.75
2026-07-03,2026-07-28,1380.0,PE,124375,20625,728,44.45
2026-07-03,2026-07-28,1390.0,CE,230000,116250,1262,22.25
2026-07-03,2026-07-28,1390.0,PE,59375,33125,164,50.5
2026-07-03,2026-07-28,1400.0,CE,2178750,796250,10551,19.45
2026-07-03,2026-07-28,1400.0,PE,243750,-61250,368,57.15
2026-07-03,2026-07-28,1410.0,CE,227500,8750,634,15.85
2026-07-03,2026-07-28,1410.0,PE,38125,-5625,69,65.15
2026-07-03,2026-07-28,1420.0,CE,283750,22500,689,13.8
2026-07-03,2026-07-28,1420.0,PE,17500,1875,13,69.5
2026-07-03,2026-07-28,1430.0,CE,119375,16250,268,11.15
2026-07-03,2026-07-28,1430.0,PE,0,0,0,117.9
2026-07-03,2026-07-28,1440.0,CE,1197500,-48750,1129,9.25
2026-07-03,2026-07-28,1440.0,PE,1250,0,0,104.25
2026-07-03,2026-07-28,1450.0,CE,257500,11875,492,7.8
2026-07-03,2026-07-28,1450.0,PE,0,0,0,132.7
2026-07-03,2026-07-28,1460.0,CE,194375,69375,363,6.5
2026-07-03,2026-07-28,1460.0,PE,0,0,0,128.55
2026-07-03,2026-07-28,1470.0,CE,69375,35000,173,5.15
2026-07-03,2026-07-28,1470.0,PE,625,0,0,130.1
2026-07-03,2026-07-28,1480.0,CE,95625,22500,434,4.35
2026-07-03,2026-07-28,1480.0,PE,1875,0,0,145.3
2026-07-03,2026-07-28,1490.0,CE,21250,14375,141,3.25
2026-07-03,2026-07-28,1500.0,CE,992500,110000,1804,2.95
2026-07-03,2026-07-28,1500.0,PE,3750,0,0,116.0
2026-07-03,2026-07-28,1520.0,CE,259375,9375,233,2.25
2026-07-03,2026-07-28,1520.0,PE,10625,0,0,182.0
2026-07-03,2026-07-28,1540.0,CE,36875,5625,41,1.95
2026-07-03,2026-07-28,1540.0,PE,0,0,0,187.9
2026-07-03,2026-07-28,1560.0,CE,76250,-22500,166,1.1
2026-07-03,2026-07-28,1560.0,PE,4375,0,0,165.0
2026-07-03,2026-07-28,1580.0,CE,34375,-1875,38,1.1
2026-07-03,2026-08-25,1140.0,CE,0,0,0,215.15
2026-07-03,2026-08-25,1140.0,PE,0,0,0,10.4
2026-07-03,2026-08-25,1160.0,CE,0,0,0,198.4
2026-07-03,2026-08-25,1160.0,PE,0,0,0,13.35
2026-07-03,2026-08-25,1180.0,CE,0,0,0,182.25
2026-07-03,2026-08-25,1180.0,PE,0,0,0,16.9
2026-07-03,2026-08-25,1200.0,CE,0,0,0,166.7
2026-07-03,2026-08-25,1200.0,PE,0,0,0,21.1
2026-07-03,2026-08-25,1220.0,CE,0,0,0,151.9
2026-07-03,2026-08-25,1220.0,PE,0,0,0,26.0
2026-07-03,2026-08-25,1230.0,CE,0,0,0,150.65
2026-07-03,2026-08-25,1230.0,PE,0,0,0,11.9
2026-07-03,2026-08-25,1240.0,CE,0,0,0,137.75
2026-07-03,2026-08-25,1240.0,PE,0,0,0,31.55
2026-07-03,2026-08-25,1250.0,CE,0,0,0,134.65
2026-07-03,2026-08-25,1250.0,PE,0,0,0,15.75
2026-07-03,2026-08-25,1260.0,CE,0,0,0,124.45
2026-07-03,2026-08-25,1260.0,PE,0,0,0,37.95
2026-07-03,2026-08-25,1270.0,CE,0,0,0,119.6
2026-07-03,2026-08-25,1270.0,PE,0,0,0,20.5
2026-07-03,2026-08-25,1280.0,CE,0,0,0,111.95
2026-07-03,2026-08-25,1280.0,PE,0,0,0,45.15
2026-07-03,2026-08-25,1290.0,CE,0,0,0,105.35
2026-07-03,2026-08-25,1290.0,PE,0,0,0,26.05
2026-07-03,2026-08-25,1300.0,CE,0,0,0,100.25
2026-07-03,2026-08-25,1300.0,PE,57500,32500,62,22.9
2026-07-03,2026-08-25,1310.0,CE,0,0,0,92.15
2026-07-03,2026-08-25,1310.0,PE,0,0,0,32.65
2026-07-03,2026-08-25,1320.0,CE,0,0,0,89.4
2026-07-03,2026-08-25,1320.0,PE,0,0,0,62.0
2026-07-03,2026-08-25,1330.0,CE,0,0,0,80.0
2026-07-03,2026-08-25,1330.0,PE,0,0,0,40.3
2026-07-03,2026-08-25,1340.0,CE,0,0,0,79.4
2026-07-03,2026-08-25,1340.0,PE,0,0,0,71.7
2026-07-03,2026-08-25,1350.0,CE,0,0,0,68.95
2026-07-03,2026-08-25,1350.0,PE,0,0,0,49.05
2026-07-03,2026-08-25,1360.0,CE,0,0,0,70.15
2026-07-03,2026-08-25,1360.0,PE,0,0,0,82.2
2026-07-03,2026-08-25,1370.0,CE,0,0,0,58.9
2026-07-03,2026-08-25,1370.0,PE,0,0,0,58.85
2026-07-03,2026-08-25,1380.0,CE,0,0,0,61.75
2026-07-03,2026-08-25,1380.0,PE,0,0,0,93.5
2026-07-03,2026-08-25,1390.0,CE,0,0,0,49.95
2026-07-03,2026-08-25,1390.0,PE,0,0,0,69.7
2026-07-03,2026-08-25,1400.0,CE,23125,23125,38,33.3
2026-07-03,2026-08-25,1400.0,PE,0,0,0,105.55
2026-07-03,2026-08-25,1410.0,CE,0,0,0,42.05
2026-07-03,2026-08-25,1410.0,PE,0,0,0,81.6
2026-07-03,2026-08-25,1420.0,CE,0,0,0,47.25
2026-07-03,2026-08-25,1420.0,PE,0,0,0,118.4
2026-07-03,2026-08-25,1430.0,CE,0,0,0,35.1
2026-07-03,2026-08-25,1430.0,PE,0,0,0,94.45
2026-07-03,2026-08-25,1440.0,CE,0,0,0,41.1
2026-07-03,2026-08-25,1440.0,PE,0,0,0,131.9
2026-07-03,2026-08-25,1450.0,CE,1875,1875,3,20.0
2026-07-03,2026-08-25,1450.0,PE,0,0,0,108.2
2026-07-03,2026-08-25,1460.0,CE,0,0,0,35.55
2026-07-03,2026-08-25,1460.0,PE,0,0,0,146.1
2026-07-03,2026-08-25,1470.0,CE,0,0,0,23.95
2026-07-03,2026-08-25,1470.0,PE,0,0,0,122.9
2026-07-03,2026-08-25,1480.0,CE,0,0,0,30.75
2026-07-03,2026-08-25,1480.0,PE,0,0,0,160.95
2026-07-03,2026-08-25,1500.0,CE,0,0,0,26.35
2026-07-03,2026-08-25,1500.0,PE,0,0,0,176.3
2026-07-03,2026-08-25,1520.0,CE,0,0,0,22.55
2026-07-03,2026-08-25,1520.0,PE,0,0,0,192.2
2026-07-03,2026-08-25,1540.0,CE,0,0,0,19.25
2026-07-03,2026-08-25,1540.0,PE,0,0,0,208.55
2026-07-03,2026-09-29,1120.0,CE,0,0,0,259.35
2026-07-03,2026-09-29,1120.0,PE,0,0,0,5.05
2026-07-03,2026-09-29,1160.0,CE,0,0,0,223.8
2026-07-03,2026-09-29,1160.0,PE,0,0,0,8.9
2026-07-03,2026-09-29,1200.0,CE,0,0,0,190.2
2026-07-03,2026-09-29,1200.0,PE,0,0,0,14.7
2026-07-03,2026-09-29,1220.0,CE,0,0,0,174.3
2026-07-03,2026-09-29,1220.0,PE,0,0,0,18.5
2026-07-03,2026-09-29,1240.0,CE,0,0,0,159.05
2026-07-03,2026-09-29,1240.0,PE,0,0,0,22.95
2026-07-03,2026-09-29,1260.0,CE,0,0,0,144.6
2026-07-03,2026-09-29,1260.0,PE,0,0,0,28.15
2026-07-03,2026-09-29,1280.0,CE,0,0,0,130.75
2026-07-03,2026-09-29,1280.0,PE,0,0,0,34.0
2026-07-03,2026-09-29,1300.0,CE,0,0,0,117.8
2026-07-03,2026-09-29,1300.0,PE,0,0,0,40.75
2026-07-03,2026-09-29,1320.0,CE,0,0,0,105.65
2026-07-03,2026-09-29,1320.0,PE,0,0,0,48.3
2026-07-03,2026-09-29,1340.0,CE,0,0,0,94.35
2026-07-03,2026-09-29,1340.0,PE,0,0,0,56.7
2026-07-03,2026-09-29,1360.0,CE,0,0,0,83.85
2026-07-03,2026-09-29,1360.0,PE,0,0,0,65.9
2026-07-03,2026-09-29,1380.0,CE,0,0,0,74.2
2026-07-03,2026-09-29,1380.0,PE,0,0,0,75.95
2026-07-03,2026-09-29,1400.0,CE,0,0,0,65.4
2026-07-03,2026-09-29,1400.0,PE,0,0,0,86.8
2026-07-03,2026-09-29,1420.0,CE,0,0,0,57.35
2026-07-03,2026-09-29,1420.0,PE,0,0,0,98.5
2026-07-03,2026-09-29,1440.0,CE,0,0,0,50.1
2026-07-03,2026-09-29,1440.0,PE,0,0,0,110.9
2026-07-03,2026-09-29,1460.0,CE,0,0,0,43.55
2026-07-03,2026-09-29,1460.0,PE,0,0,0,124.05
2026-07-03,2026-09-29,1480.0,CE,0,0,0,37.7
2026-07-03,2026-09-29,1480.0,PE,0,0,0,137.9
2026-07-03,2026-09-29,1520.0,CE,0,0,0,28.0
2026-07-03,2026-09-29,1520.0,PE,0,0,0,167.6
2026-07-03,2026-09-29,1560.0,CE,0,0,0,20.4
2026-07-03,2026-09-29,1560.0,PE,0,0,0,199.35
2026-07-07,2026-07-28,1060.0,CE,3125,0,0,280.45
2026-07-07,2026-07-28,1060.0,PE,46875,0,5,0.45
2026-07-07,2026-07-28,1080.0,PE,12500,0,1,0.4
2026-07-07,2026-07-28,1100.0,CE,3750,0,0,243.3
2026-07-07,2026-07-28,1100.0,PE,25625,-625,2,0.35
2026-07-07,2026-07-28,1120.0,CE,625,0,0,223.75
2026-07-07,2026-07-28,1120.0,PE,3125,0,0,0.6
2026-07-07,2026-07-28,1140.0,CE,3125,3125,7,224.15
2026-07-07,2026-07-28,1140.0,PE,31875,-625,4,0.65
2026-07-07,2026-07-28,1150.0,CE,6250,0,0,180.4
2026-07-07,2026-07-28,1150.0,PE,299375,625,790,0.55
2026-07-07,2026-07-28,1160.0,CE,3125,3125,5,201.95
2026-07-07,2026-07-28,1160.0,PE,29375,0,0,1.0
2026-07-07,2026-07-28,1170.0,CE,3125,0,0,176.55
2026-07-07,2026-07-28,1170.0,PE,31875,625,7,1.15
2026-07-07,2026-07-28,1180.0,CE,1250,0,0,170.6
2026-07-07,2026-07-28,1180.0,PE,18125,625,1,1.5
2026-07-07,2026-07-28,1190.0,PE,288750,0,0,1.4
2026-07-07,2026-07-28,1200.0,CE,11875,0,0,153.45
2026-07-07,2026-07-28,1200.0,PE,170000,-3125,79,1.75
2026-07-07,2026-07-28,1210.0,PE,23125,0,0,1.75
2026-07-07,2026-07-28,1220.0,CE,625,0,0,134.7
2026-07-07,2026-07-28,1220.0,PE,39375,-1250,16,2.25
2026-07-07,2026-07-28,1230.0,CE,625,0,0,125.85
2026-07-07,2026-07-28,1230.0,PE,135000,625,110,3.05
2026-07-07,2026-07-28,1240.0,CE,1875,0,0,78.0
2026-07-07,2026-07-28,1240.0,PE,38750,-3750,54,3.7
2026-07-07,2026-07-28,1250.0,CE,4375,0,0,106.0
2026-07-07,2026-07-28,1250.0,PE,143125,-7500,100,4.5
2026-07-07,2026-07-28,1260.0,CE,63750,0,0,89.9
2026-07-07,2026-07-28,1260.0,PE,95000,-1875,25,5.55
2026-07-07,2026-07-28,1270.0,CE,20000,0,3,87.5
2026-07-07,2026-07-28,1270.0,PE,60625,625,12,7.3
2026-07-07,2026-07-28,1280.0,CE,33125,0,0,89.75
2026-07-07,2026-07-28,1280.0,PE,95625,-625,66,9.0
2026-07-07,2026-07-28,1290.0,CE,38125,0,0,66.5
2026-07-07,2026-07-28,1290.0,PE,82500,-2500,25,10.55
2026-07-07,2026-07-28,1300.0,CE,156875,-1875,29,62.95
2026-07-07,2026-07-28,1300.0,PE,350000,5625,395,13.0
2026-07-07,2026-07-28,1310.0,CE,48125,0,7,60.7
2026-07-07,2026-07-28,1310.0,PE,208125,3125,36,15.55
2026-07-07,2026-07-28,1320.0,CE,133125,0,0,60.3
2026-07-07,2026-07-28,1320.0,PE,195625,-6875,148,18.7
2026-07-07,2026-07-28,1330.0,CE,96250,-6875,63,43.6
2026-07-07,2026-07-28,1330.0,PE,285625,-8125,170,22.25
2026-07-07,2026-07-28,1340.0,CE,288125,2500,192,37.55
2026-07-07,2026-07-28,1340.0,PE,398750,-5000,559,26.65
2026-07-07,2026-07-28,1350.0,CE,283750,3750,371,32.45
2026-07-07,2026-07-28,1350.0,PE,330000,-10625,849,31.4
2026-07-07,2026-07-28,1360.0,CE,966250,-18750,1187,27.9
2026-07-07,2026-07-28,1360.0,PE,250625,28125,662,36.25
2026-07-07,2026-07-28,1370.0,CE,267500,17500,768,23.45
2026-07-07,2026-07-28,1370.0,PE,115625,-16875,304,42.15
2026-07-07,2026-07-28,1380.0,CE,558125,-8125,1233,19.75
2026-07-07,2026-07-28,1380.0,PE,113125,-2500,192,48.75
2026-07-07,2026-07-28,1390.0,CE,240000,9375,435,16.35
2026-07-07,2026-07-28,1390.0,PE,67500,8125,91,54.05
2026-07-07,2026-07-28,1400.0,CE,2310625,13750,3015,13.75
2026-07-07,2026-07-28,1400.0,PE,246875,625,57,63.35
2026-07-07,2026-07-28,1410.0,CE,248750,-625,318,11.2
2026-07-07,2026-07-28,1410.0,PE,37500,0,0,61.55
2026-07-07,2026-07-28,1420.0,CE,268750,-8750,209,9.3
2026-07-07,2026-07-28,1420.0,PE,16875,-625,2,75.65
2026-07-07,2026-07-28,1430.0,CE,135625,12500,98,7.7
2026-07-07,2026-07-28,1430.0,PE,0,0,0,117.9
2026-07-07,2026-07-28,1440.0,CE,1375625,-8125,301,5.9
2026-07-07,2026-07-28,1440.0,PE,1250,0,0,104.25
2026-07-07,2026-07-28,1450.0,CE,259375,5000,148,5.05
2026-07-07,2026-07-28,1450.0,PE,0,0,0,132.7
2026-07-07,2026-07-28,1460.0,CE,220000,-8125,130,4.05
2026-07-07,2026-07-28,1460.0,PE,0,0,0,128.55
2026-07-07,2026-07-28,1470.0,CE,52500,-3750,58,3.4
2026-07-07,2026-07-28,1470.0,PE,625,0,0,130.1
2026-07-07,2026-07-28,1480.0,CE,90000,625,23,2.75
2026-07-07,2026-07-28,1480.0,PE,1875,0,0,145.3
2026-07-07,2026-07-28,1490.0,CE,38125,2500,6,1.85
2026-07-07,2026-07-28,1490.0,PE,0,0,0,164.15
2026-07-07,2026-07-28,1500.0,CE,973125,625,300,1.8
2026-07-07,2026-07-28,1500.0,PE,5000,625,1,147.0
2026-07-07,2026-07-28,1520.0,CE,167500,-5625,78,1.4
2026-07-07,2026-07-28,1520.0,PE,4375,0,0,170.0
2026-07-07,2026-07-28,1540.0,CE,36875,-6250,20,1.25
2026-07-07,2026-07-28,1540.0,PE,0,0,0,187.9
2026-07-07,2026-07-28,1560.0,CE,98125,25625,75,1.0
2026-07-07,2026-07-28,1560.0,PE,4375,0,0,165.0
2026-07-07,2026-07-28,1580.0,CE,36875,1875,12,0.75
2026-07-07,2026-07-28,1580.0,PE,0,0,0,220.65
2026-07-07,2026-08-25,1140.0,CE,0,0,0,215.15
2026-07-07,2026-08-25,1140.0,PE,0,0,0,10.4
2026-07-07,2026-08-25,1160.0,CE,0,0,0,198.4
2026-07-07,2026-08-25,1160.0,PE,0,0,0,13.35
2026-07-07,2026-08-25,1180.0,CE,0,0,0,182.25
2026-07-07,2026-08-25,1180.0,PE,0,0,0,16.9
2026-07-07,2026-08-25,1200.0,CE,0,0,0,166.7
2026-07-07,2026-08-25,1200.0,PE,0,0,0,21.1
2026-07-07,2026-08-25,1220.0,CE,0,0,0,151.9
2026-07-07,2026-08-25,1220.0,PE,0,0,0,26.0
2026-07-07,2026-08-25,1230.0,CE,0,0,0,150.65
2026-07-07,2026-08-25,1230.0,PE,0,0,0,11.9
2026-07-07,2026-08-25,1240.0,CE,0,0,0,137.75
2026-07-07,2026-08-25,1240.0,PE,0,0,0,31.55
2026-07-07,2026-08-25,1250.0,CE,0,0,0,134.65
2026-07-07,2026-08-25,1250.0,PE,0,0,0,15.75
2026-07-07,2026-08-25,1260.0,CE,0,0,0,124.45
2026-07-07,2026-08-25,1260.0,PE,0,0,0,37.95
2026-07-07,2026-08-25,1270.0,CE,0,0,0,119.6
2026-07-07,2026-08-25,1270.0,PE,0,0,0,20.5
2026-07-07,2026-08-25,1280.0,CE,0,0,0,111.95
2026-07-07,2026-08-25,1280.0,PE,0,0,0,45.15
2026-07-07,2026-08-25,1290.0,CE,0,0,0,105.35
2026-07-07,2026-08-25,1290.0,PE,0,0,0,26.05
2026-07-07,2026-08-25,1300.0,CE,21875,13125,21,73.6
2026-07-07,2026-08-25,1300.0,PE,78750,7500,17,25.0
2026-07-07,2026-08-25,1310.0,CE,0,0,0,92.15
2026-07-07,2026-08-25,1310.0,PE,0,0,0,32.65
2026-07-07,2026-08-25,1320.0,CE,0,0,0,89.4
2026-07-07,2026-08-25,1320.0,PE,0,0,0,62.0
2026-07-07,2026-08-25,1330.0,CE,0,0,0,80.0
2026-07-07,2026-08-25,1330.0,PE,0,0,0,40.3
2026-07-07,2026-08-25,1340.0,CE,0,0,0,79.4
2026-07-07,2026-08-25,1340.0,PE,625,625,1,35.65
2026-07-07,2026-08-25,1350.0,CE,625,625,1,46.4
2026-07-07,2026-08-25,1350.0,PE,0,0,0,49.05
2026-07-07,2026-08-25,1360.0,CE,0,0,0,70.15
2026-07-07,2026-08-25,1360.0,PE,0,0,0,82.2
2026-07-07,2026-08-25,1370.0,CE,625,0,0,77.25
2026-07-07,2026-08-25,1370.0,PE,0,0,0,58.85
2026-07-07,2026-08-25,1380.0,CE,1250,0,0,38.7
2026-07-07,2026-08-25,1380.0,PE,0,0,0,93.5
2026-07-07,2026-08-25,1390.0,CE,3125,0,0,30.0
2026-07-07,2026-08-25,1390.0,PE,0,0,0,69.7
2026-07-07,2026-08-25,1400.0,CE,26875,3125,5,27.8
2026-07-07,2026-08-25,1400.0,PE,0,0,0,105.55
2026-07-07,2026-08-25,1410.0,CE,0,0,0,42.05
2026-07-07,2026-08-25,1410.0,PE,0,0,0,81.6
2026-07-07,2026-08-25,1420.0,CE,0,0,0,47.25
2026-07-07,2026-08-25,1420.0,PE,0,0,0,118.4
2026-07-07,2026-08-25,1430.0,CE,0,0,0,35.1
2026-07-07,2026-08-25,1430.0,PE,0,0,0,94.45
2026-07-07,2026-08-25,1440.0,CE,0,0,0,41.1
2026-07-07,2026-08-25,1440.0,PE,0,0,0,131.9
2026-07-07,2026-08-25,1450.0,CE,1875,0,0,20.0
2026-07-07,2026-08-25,1450.0,PE,0,0,0,108.2
2026-07-07,2026-08-25,1460.0,CE,0,0,0,35.55
2026-07-07,2026-08-25,1460.0,PE,0,0,0,146.1
2026-07-07,2026-08-25,1470.0,CE,0,0,0,23.95
2026-07-07,2026-08-25,1470.0,PE,0,0,0,122.9
2026-07-07,2026-08-25,1480.0,CE,0,0,0,30.75
2026-07-07,2026-08-25,1480.0,PE,0,0,0,160.95
2026-07-07,2026-08-25,1490.0,CE,0,0,0,19.5
2026-07-07,2026-08-25,1490.0,PE,0,0,0,138.3
2026-07-07,2026-08-25,1500.0,CE,0,0,0,26.35
2026-07-07,2026-08-25,1500.0,PE,0,0,0,176.3
2026-07-07,2026-08-25,1520.0,CE,0,0,0,22.55
2026-07-07,2026-08-25,1520.0,PE,6250,0,0,171.75
2026-07-07,2026-08-25,1540.0,CE,0,0,0,19.25
2026-07-07,2026-08-25,1540.0,PE,0,0,0,208.55
2026-07-07,2026-08-25,1560.0,CE,0,0,0,16.35
2026-07-07,2026-08-25,1560.0,PE,0,0,0,225.4
2026-07-07,2026-08-25,1580.0,CE,0,0,0,13.8
2026-07-07,2026-08-25,1580.0,PE,0,0,0,242.55
2026-07-07,2026-09-29,1120.0,CE,0,0,0,259.35
2026-07-07,2026-09-29,1120.0,PE,0,0,0,5.05
2026-07-07,2026-09-29,1160.0,CE,0,0,0,223.8
2026-07-07,2026-09-29,1160.0,PE,0,0,0,8.9
2026-07-07,2026-09-29,1200.0,CE,0,0,0,190.2
2026-07-07,2026-09-29,1200.0,PE,0,0,0,14.7
2026-07-07,2026-09-29,1220.0,CE,0,0,0,174.3
2026-07-07,2026-09-29,1220.0,PE,0,0,0,18.5
2026-07-07,2026-09-29,1240.0,CE,0,0,0,159.05
2026-07-07,2026-09-29,1240.0,PE,0,0,0,22.95
2026-07-07,2026-09-29,1260.0,CE,0,0,0,144.6
2026-07-07,2026-09-29,1260.0,PE,0,0,0,28.15
2026-07-07,2026-09-29,1280.0,CE,0,0,0,130.75
2026-07-07,2026-09-29,1280.0,PE,0,0,0,34.0
2026-07-07,2026-09-29,1300.0,CE,0,0,0,117.8
2026-07-07,2026-09-29,1300.0,PE,0,0,0,40.75
2026-07-07,2026-09-29,1320.0,CE,0,0,0,105.65
2026-07-07,2026-09-29,1320.0,PE,0,0,0,48.3
2026-07-07,2026-09-29,1340.0,CE,0,0,0,94.35
2026-07-07,2026-09-29,1340.0,PE,0,0,0,56.7
2026-07-07,2026-09-29,1360.0,CE,0,0,0,83.85
2026-07-07,2026-09-29,1360.0,PE,0,0,0,65.9
2026-07-07,2026-09-29,1380.0,CE,0,0,0,74.2
2026-07-07,2026-09-29,1380.0,PE,0,0,0,75.95
2026-07-07,2026-09-29,1400.0,CE,0,0,0,65.4
2026-07-07,2026-09-29,1400.0,PE,0,0,0,86.8
2026-07-07,2026-09-29,1420.0,CE,0,0,0,57.35
2026-07-07,2026-09-29,1420.0,PE,0,0,0,98.5
2026-07-07,2026-09-29,1440.0,CE,0,0,0,50.1
2026-07-07,2026-09-29,1440.0,PE,0,0,0,110.9
2026-07-07,2026-09-29,1460.0,CE,0,0,0,43.55
2026-07-07,2026-09-29,1460.0,PE,0,0,0,124.05
2026-07-07,2026-09-29,1480.0,CE,0,0,0,37.7
2026-07-07,2026-09-29,1480.0,PE,0,0,0,137.9
2026-07-07,2026-09-29,1500.0,CE,0,0,0,32.6
2026-07-07,2026-09-29,1500.0,PE,0,0,0,152.5
2026-07-07,2026-09-29,1520.0,CE,0,0,0,28.0
2026-07-07,2026-09-29,1520.0,PE,0,0,0,167.6
2026-07-07,2026-09-29,1560.0,CE,0,0,0,20.4
2026-07-07,2026-09-29,1560.0,PE,0,0,0,199.35
2026-07-08,2026-07-28,1060.0,CE,1250,-1875,3,281.9
2026-07-08,2026-07-28,1060.0,PE,46250,-625,5,0.4
2026-07-08,2026-07-28,1080.0,PE,23125,10625,28,0.5
2026-07-08,2026-07-28,1100.0,CE,3750,0,3,258.65
2026-07-08,2026-07-28,1100.0,PE,25625,0,0,0.35
2026-07-08,2026-07-28,1120.0,CE,625,0,0,223.75
2026-07-08,2026-07-28,1120.0,PE,3125,0,0,0.6
2026-07-08,2026-07-28,1140.0,CE,3125,0,0,224.15
2026-07-08,2026-07-28,1140.0,PE,31875,0,0,0.65
2026-07-08,2026-07-28,1150.0,CE,6250,0,3,188.85
2026-07-08,2026-07-28,1150.0,PE,299375,0,213,0.65
2026-07-08,2026-07-28,1160.0,CE,3125,0,3,199.5
2026-07-08,2026-07-28,1160.0,PE,28125,-1250,6,1.0
2026-07-08,2026-07-28,1170.0,CE,3125,0,0,176.55
2026-07-08,2026-07-28,1170.0,PE,31875,0,0,1.15
2026-07-08,2026-07-28,1180.0,CE,1250,0,0,170.6
2026-07-08,2026-07-28,1180.0,PE,14375,-3750,8,1.05
2026-07-08,2026-07-28,1190.0,PE,287500,-1250,8,1.8
2026-07-08,2026-07-28,1200.0,CE,11875,0,0,153.45
2026-07-08,2026-07-28,1200.0,PE,216250,46250,108,2.05
2026-07-08,2026-07-28,1210.0,PE,23125,0,0,1.75
2026-07-08,2026-07-28,1220.0,CE,625,0,0,134.7
2026-07-08,2026-07-28,1220.0,PE,47500,8125,46,3.05
2026-07-08,2026-07-28,1230.0,CE,625,0,0,125.85
2026-07-08,2026-07-28,1230.0,PE,143125,8125,92,3.8
2026-07-08,2026-07-28,1240.0,CE,1875,0,0,78.0
2026-07-08,2026-07-28,1240.0,PE,51250,12500,103,4.75
2026-07-08,2026-07-28,1250.0,CE,5000,625,2,120.0
2026-07-08,2026-07-28,1250.0,PE,146250,3125,203,5.7
2026-07-08,2026-07-28,1260.0,CE,62500,-1250,10,89.6
2026-07-08,2026-07-28,1260.0,PE,90625,-4375,66,7.4
2026-07-08,2026-07-28,1270.0,CE,20000,0,12,81.9
2026-07-08,2026-07-28,1270.0,PE,59375,-1250,24,9.4
2026-07-08,2026-07-28,1280.0,CE,33125,0,0,89.75
2026-07-08,2026-07-28,1280.0,PE,109375,13750,96,11.05
2026-07-08,2026-07-28,1290.0,CE,38125,0,0,66.5
2026-07-08,2026-07-28,1290.0,PE,80000,-2500,90,13.7
2026-07-08,2026-07-28,1300.0,CE,186250,29375,365,59.0
2026-07-08,2026-07-28,1300.0,PE,345625,-4375,629,16.25
2026-07-08,2026-07-28,1310.0,CE,48125,0,0,60.7
2026-07-08,2026-07-28,1310.0,PE,207500,-625,127,19.35
2026-07-08,2026-07-28,1320.0,CE,126875,-6250,66,46.5
2026-07-08,2026-07-28,1320.0,PE,182500,-13125,333,23.0
2026-07-08,2026-07-28,1330.0,CE,114375,18125,232,40.4
2026-07-08,2026-07-28,1330.0,PE,262500,-23125,432,27.05
2026-07-08,2026-07-28,1340.0,CE,276875,-11250,949,34.95
2026-07-08,2026-07-28,1340.0,PE,364375,-34375,1229,31.85
2026-07-08,2026-07-28,1350.0,CE,340625,56875,1271,30.15
2026-07-08,2026-07-28,1350.0,PE,355000,25000,1887,36.9
2026-07-08,2026-07-28,1360.0,CE,910625,-55625,2444,25.55
2026-07-08,2026-07-28,1360.0,PE,298750,48125,1248,42.4
2026-07-08,2026-07-28,1370.0,CE,401250,133750,3244,21.85
2026-07-08,2026-07-28,1370.0,PE,118750,3125,652,48.0
2026-07-08,2026-07-28,1380.0,CE,935625,377500,6082,18.15
2026-07-08,2026-07-28,1380.0,PE,108750,-4375,426,54.45
2026-07-08,2026-07-28,1390.0,CE,278125,38125,1099,15.15
2026-07-08,2026-07-28,1390.0,PE,60000,-7500,59,61.65
2026-07-08,2026-07-28,1400.0,CE,2545000,234375,7038,12.55
2026-07-08,2026-07-28,1400.0,PE,240000,-6875,40,68.9
2026-07-08,2026-07-28,1410.0,CE,285000,36250,544,10.6
2026-07-08,2026-07-28,1410.0,PE,37500,0,0,61.55
2026-07-08,2026-07-28,1420.0,CE,280000,11250,482,8.7
2026-07-08,2026-07-28,1420.0,PE,21875,5000,16,71.6
2026-07-08,2026-07-28,1430.0,CE,255000,119375,465,7.05
2026-07-08,2026-07-28,1430.0,PE,0,0,0,117.9
2026-07-08,2026-07-28,1440.0,CE,1368125,-7500,1371,5.7
2026-07-08,2026-07-28,1440.0,PE,6250,5000,13,91.2
2026-07-08,2026-07-28,1450.0,CE,230625,-28750,406,4.85
2026-07-08,2026-07-28,1450.0,PE,0,0,0,132.7
2026-07-08,2026-07-28,1460.0,CE,535000,315000,1085,3.95
2026-07-08,2026-07-28,1460.0,PE,0,0,0,128.55
2026-07-08,2026-07-28,1470.0,CE,60000,7500,141,3.25
2026-07-08,2026-07-28,1470.0,PE,625,0,0,130.1
2026-07-08,2026-07-28,1480.0,CE,102500,12500,70,2.65
2026-07-08,2026-07-28,1480.0,PE,1875,0,0,145.3
2026-07-08,2026-07-28,1490.0,CE,41875,3750,26,2.45
2026-07-08,2026-07-28,1490.0,PE,0,0,0,164.15
2026-07-08,2026-07-28,1500.0,CE,983750,10625,786,1.85
2026-07-08,2026-07-28,1500.0,PE,5000,0,5,165.6
2026-07-08,2026-07-28,1520.0,CE,163125,-4375,32,1.35
2026-07-08,2026-07-28,1520.0,PE,4375,0,0,170.0
2026-07-08,2026-07-28,1540.0,CE,39375,2500,4,1.35
2026-07-08,2026-07-28,1540.0,PE,0,0,0,187.9
2026-07-08,2026-07-28,1560.0,CE,109375,11250,60,0.9
2026-07-08,2026-07-28,1560.0,PE,4375,0,0,165.0
2026-07-08,2026-07-28,1580.0,CE,33750,-3125,27,0.85
2026-07-08,2026-07-28,1580.0,PE,0,0,0,220.65
2026-07-08,2026-08-25,1140.0,CE,625,625,1,230.0
2026-07-08,2026-08-25,1140.0,PE,0,0,0,10.4
2026-07-08,2026-08-25,1160.0,CE,0,0,0,198.4
2026-07-08,2026-08-25,1160.0,PE,0,0,0,13.35
2026-07-08,2026-08-25,1180.0,CE,0,0,0,182.25
2026-07-08,2026-08-25,1180.0,PE,0,0,0,16.9
2026-07-08,2026-08-25,1200.0,CE,0,0,0,166.7
2026-07-08,2026-08-25,1200.0,PE,0,0,0,21.1
2026-07-08,2026-08-25,1220.0,CE,0,0,0,151.9
2026-07-08,2026-08-25,1220.0,PE,0,0,0,26.0
2026-07-08,2026-08-25,1230.0,CE,0,0,0,150.65
2026-07-08,2026-08-25,1230.0,PE,0,0,0,11.9
2026-07-08,2026-08-25,1240.0,CE,0,0,0,137.75
2026-07-08,2026-08-25,1240.0,PE,0,0,0,31.55
2026-07-08,2026-08-25,1250.0,CE,0,0,0,134.65
2026-07-08,2026-08-25,1250.0,PE,0,0,0,15.75
2026-07-08,2026-08-25,1260.0,CE,0,0,0,124.45
2026-07-08,2026-08-25,1260.0,PE,0,0,0,37.95
2026-07-08,2026-08-25,1270.0,CE,0,0,0,119.6
2026-07-08,2026-08-25,1270.0,PE,0,0,0,20.5
2026-07-08,2026-08-25,1280.0,CE,0,0,0,111.95
2026-07-08,2026-08-25,1280.0,PE,625,625,1,22.5
2026-07-08,2026-08-25,1290.0,CE,0,0,0,105.35
2026-07-08,2026-08-25,1290.0,PE,0,0,0,26.05
2026-07-08,2026-08-25,1300.0,CE,21875,0,0,73.6
2026-07-08,2026-08-25,1300.0,PE,86875,8125,22,30.8
2026-07-08,2026-08-25,1310.0,CE,0,0,0,92.15
2026-07-08,2026-08-25,1310.0,PE,0,0,0,32.65
2026-07-08,2026-08-25,1320.0,CE,0,0,0,89.4
2026-07-08,2026-08-25,1320.0,PE,0,0,0,62.0
2026-07-08,2026-08-25,1330.0,CE,0,0,0,80.0
2026-07-08,2026-08-25,1330.0,PE,0,0,0,40.3
2026-07-08,2026-08-25,1340.0,CE,0,0,0,79.4
2026-07-08,2026-08-25,1340.0,PE,625,0,0,35.65
2026-07-08,2026-08-25,1350.0,CE,2500,1875,3,42.7
2026-07-08,2026-08-25,1350.0,PE,0,0,0,49.05
2026-07-08,2026-08-25,1360.0,CE,0,0,0,70.15
2026-07-08,2026-08-25,1360.0,PE,0,0,0,82.2
2026-07-08,2026-08-25,1370.0,CE,625,0,0,77.25
2026-07-08,2026-08-25,1370.0,PE,0,0,0,58.85
2026-07-08,2026-08-25,1380.0,CE,1875,625,1,28.4
2026-07-08,2026-08-25,1380.0,PE,0,0,0,93.5
2026-07-08,2026-08-25,1390.0,CE,3125,0,0,30.0
2026-07-08,2026-08-25,1390.0,PE,0,0,0,69.7
2026-07-08,2026-08-25,1400.0,CE,29375,2500,5,24.2
2026-07-08,2026-08-25,1400.0,PE,0,0,0,105.55
2026-07-08,2026-08-25,1410.0,CE,0,0,0,42.05
2026-07-08,2026-08-25,1410.0,PE,0,0,0,81.6
2026-07-08,2026-08-25,1420.0,CE,0,0,0,47.25
2026-07-08,2026-08-25,1420.0,PE,0,0,0,118.4
2026-07-08,2026-08-25,1430.0,CE,0,0,0,35.1
2026-07-08,2026-08-25,1430.0,PE,0,0,0,94.45
2026-07-08,2026-08-25,1440.0,CE,0,0,0,41.1
2026-07-08,2026-08-25,1440.0,PE,0,0,0,131.9
2026-07-08,2026-08-25,1450.0,CE,2500,625,2,14.5
2026-07-08,2026-08-25,1450.0,PE,0,0,0,108.2
2026-07-08,2026-08-25,1460.0,CE,0,0,0,35.55
2026-07-08,2026-08-25,1460.0,PE,0,0,0,146.1
2026-07-08,2026-08-25,1470.0,CE,0,0,0,23.95
2026-07-08,2026-08-25,1470.0,PE,0,0,0,122.9
2026-07-08,2026-08-25,1480.0,CE,0,0,0,30.75
2026-07-08,2026-08-25,1480.0,PE,0,0,0,160.95
2026-07-08,2026-08-25,1490.0,CE,0,0,0,19.5
2026-07-08,2026-08-25,1490.0,PE,0,0,0,138.3
2026-07-08,2026-08-25,1500.0,CE,0,0,0,26.35
2026-07-08,2026-08-25,1500.0,PE,625,625,2,170.0
2026-07-08,2026-08-25,1520.0,CE,0,0,0,22.55
2026-07-08,2026-08-25,1520.0,PE,6250,0,0,171.75
2026-07-08,2026-08-25,1540.0,CE,0,0,0,19.25
2026-07-08,2026-08-25,1540.0,PE,0,0,0,208.55
2026-07-08,2026-08-25,1560.0,CE,0,0,0,16.35
2026-07-08,2026-08-25,1560.0,PE,0,0,0,225.4
2026-07-08,2026-08-25,1580.0,CE,0,0,0,13.8
2026-07-08,2026-08-25,1580.0,PE,0,0,0,242.55
2026-07-08,2026-09-29,1120.0,CE,0,0,0,259.35
2026-07-08,2026-09-29,1120.0,PE,0,0,0,5.05
2026-07-08,2026-09-29,1160.0,CE,0,0,0,223.8
2026-07-08,2026-09-29,1160.0,PE,0,0,0,8.9
2026-07-08,2026-09-29,1200.0,CE,0,0,0,190.2
2026-07-08,2026-09-29,1200.0,PE,0,0,0,14.7
2026-07-08,2026-09-29,1220.0,CE,0,0,0,174.3
2026-07-08,2026-09-29,1220.0,PE,0,0,0,18.5
2026-07-08,2026-09-29,1240.0,CE,0,0,0,159.05
2026-07-08,2026-09-29,1240.0,PE,0,0,0,22.95
2026-07-08,2026-09-29,1260.0,CE,0,0,0,144.6
2026-07-08,2026-09-29,1260.0,PE,0,0,0,28.15
2026-07-08,2026-09-29,1280.0,CE,0,0,0,130.75
2026-07-08,2026-09-29,1280.0,PE,0,0,0,34.0
2026-07-08,2026-09-29,1300.0,CE,0,0,0,117.8
2026-07-08,2026-09-29,1300.0,PE,0,0,0,40.75
2026-07-08,2026-09-29,1320.0,CE,0,0,0,105.65
2026-07-08,2026-09-29,1320.0,PE,0,0,0,48.3
2026-07-08,2026-09-29,1340.0,CE,0,0,0,94.35
2026-07-08,2026-09-29,1340.0,PE,0,0,0,56.7
2026-07-08,2026-09-29,1360.0,CE,0,0,0,83.85
2026-07-08,2026-09-29,1360.0,PE,0,0,0,65.9
2026-07-08,2026-09-29,1380.0,CE,0,0,0,74.2
2026-07-08,2026-09-29,1380.0,PE,0,0,0,75.95
2026-07-08,2026-09-29,1400.0,CE,0,0,0,65.4
2026-07-08,2026-09-29,1400.0,PE,0,0,0,86.8
2026-07-08,2026-09-29,1420.0,CE,0,0,0,57.35
2026-07-08,2026-09-29,1420.0,PE,0,0,0,98.5
2026-07-08,2026-09-29,1440.0,CE,0,0,0,50.1
2026-07-08,2026-09-29,1440.0,PE,0,0,0,110.9
2026-07-08,2026-09-29,1460.0,CE,0,0,0,43.55
2026-07-08,2026-09-29,1460.0,PE,0,0,0,124.05
2026-07-08,2026-09-29,1480.0,CE,0,0,0,37.7
2026-07-08,2026-09-29,1480.0,PE,0,0,0,137.9
2026-07-08,2026-09-29,1500.0,CE,0,0,0,32.6
2026-07-08,2026-09-29,1500.0,PE,0,0,0,152.5
2026-07-08,2026-09-29,1520.0,CE,0,0,0,28.0
2026-07-08,2026-09-29,1520.0,PE,0,0,0,167.6
2026-07-08,2026-09-29,1560.0,CE,0,0,0,20.4
2026-07-08,2026-09-29,1560.0,PE,0,0,0,199.35
2026-07-09,2026-07-28,1060.0,CE,3750,2500,11,185.0
2026-07-09,2026-07-28,1060.0,PE,47500,1250,146,0.95
2026-07-09,2026-07-28,1080.0,CE,0,0,0,293.3
2026-07-09,2026-07-28,1080.0,PE,66875,43750,166,1.55
2026-07-09,2026-07-28,1090.0,CE,0,0,0,251.45
2026-07-09,2026-07-28,1090.0,PE,0,0,0,2.35
2026-07-09,2026-07-28,1100.0,CE,10000,6250,17,154.7
2026-07-09,2026-07-28,1100.0,PE,257500,231875,1512,2.5
2026-07-09,2026-07-28,1110.0,CE,0,0,0,232.7
2026-07-09,2026-07-28,1110.0,PE,0,0,0,3.4
2026-07-09,2026-07-28,1120.0,CE,3125,2500,12,136.1
2026-07-09,2026-07-28,1120.0,PE,53125,50000,306,3.8
2026-07-09,2026-07-28,1130.0,CE,0,0,0,214.35
2026-07-09,2026-07-28,1130.0,PE,0,0,0,4.85
2026-07-09,2026-07-28,1140.0,CE,7500,4375,17,113.15
2026-07-09,2026-07-28,1140.0,PE,120000,88125,705,5.45
2026-07-09,2026-07-28,1150.0,CE,14375,8125,31,108.85
2026-07-09,2026-07-28,1150.0,PE,430625,131250,3086,6.55
2026-07-09,2026-07-28,1160.0,CE,5625,2500,9,94.35
2026-07-09,2026-07-28,1160.0,PE,146250,118125,1319,8.4
2026-07-09,2026-07-28,1170.0,CE,125000,121875,344,88.15
2026-07-09,2026-07-28,1170.0,PE,146250,114375,815,9.65
2026-07-09,2026-07-28,1180.0,CE,22500,21250,199,83.8
2026-07-09,2026-07-28,1180.0,PE,255000,240625,1316,11.55
2026-07-09,2026-07-28,1190.0,CE,0,0,0,162.35
2026-07-09,2026-07-28,1190.0,PE,430625,143125,1718,13.95
2026-07-09,2026-07-28,1200.0,CE,64375,52500,234,68.2
2026-07-09,2026-07-28,1200.0,PE,868750,652500,6646,16.45
2026-07-09,2026-07-28,1210.0,CE,0,0,0,146.3
2026-07-09,2026-07-28,1210.0,PE,86250,63125,863,19.35
2026-07-09,2026-07-28,1220.0,CE,38125,37500,198,55.1
2026-07-09,2026-07-28,1220.0,PE,194375,146875,1992,23.05
2026-07-09,2026-07-28,1230.0,CE,30000,29375,320,48.5
2026-07-09,2026-07-28,1230.0,PE,234375,91250,2300,26.6
2026-07-09,2026-07-28,1240.0,CE,116875,115000,843,43.25
2026-07-09,2026-07-28,1240.0,PE,271875,220625,3695,30.75
2026-07-09,2026-07-28,1250.0,CE,240000,235000,1551,37.65
2026-07-09,2026-07-28,1250.0,PE,446250,300000,5312,35.65
2026-07-09,2026-07-28,1260.0,CE,378750,316250,2412,32.95
2026-07-09,2026-07-28,1260.0,PE,566875,476250,5190,40.75
2026-07-09,2026-07-28,1270.0,CE,461250,441250,5063,28.5
2026-07-09,2026-07-28,1270.0,PE,362500,303125,4254,46.4
2026-07-09,2026-07-28,1280.0,CE,400625,367500,5287,24.8
2026-07-09,2026-07-28,1280.0,PE,203750,94375,4348,51.95
2026-07-09,2026-07-28,1290.0,CE,230000,191875,3024,21.4
2026-07-09,2026-07-28,1290.0,PE,117500,37500,2609,57.75
2026-07-09,2026-07-28,1300.0,CE,1136875,950625,12576,18.15
2026-07-09,2026-07-28,1300.0,PE,561250,215625,9612,65.9
2026-07-09,2026-07-28,1310.0,CE,375000,326875,4006,15.7
2026-07-09,2026-07-28,1310.0,PE,200625,-6875,3124,73.5
2026-07-09,2026-07-28,1320.0,CE,721250,594375,7839,13.35
2026-07-09,2026-07-28,1320.0,PE,259375,76875,4857,81.35
2026-07-09,2026-07-28,1330.0,CE,373750,259375,5657,11.5
2026-07-09,2026-07-28,1330.0,PE,278750,16250,2373,88.8
2026-07-09,2026-07-28,1340.0,CE,671875,395000,7094,9.75
2026-07-09,2026-07-28,1340.0,PE,271250,-93125,1604,96.05
2026-07-09,2026-07-28,1350.0,CE,678750,338125,6421,8.3
2026-07-09,2026-07-28,1350.0,PE,356250,1250,1524,106.65
2026-07-09,2026-07-28,1360.0,CE,1016250,105625,4126,7.2
2026-07-09,2026-07-28,1360.0,PE,309375,10625,765,115.2
2026-07-09,2026-07-28,1370.0,CE,619375,218125,2803,6.15
2026-07-09,2026-07-28,1370.0,PE,117500,-1250,223,124.5
2026-07-09,2026-07-28,1380.0,CE,1390000,454375,5219,5.35
2026-07-09,2026-07-28,1380.0,PE,91875,-16875,212,134.95
2026-07-09,2026-07-28,1390.0,CE,367500,89375,1672,4.55
2026-07-09,2026-07-28,1390.0,PE,58125,-1875,40,143.85
2026-07-09,2026-07-28,1400.0,CE,3238125,693125,7060,3.95
2026-07-09,2026-07-28,1400.0,PE,261250,21250,360,152.15
2026-07-09,2026-07-28,1410.0,CE,269375,-15625,924,3.35
2026-07-09,2026-07-28,1410.0,PE,82500,45000,167,152.65
2026-07-09,2026-07-28,1420.0,CE,301875,21875,720,2.95
2026-07-09,2026-07-28,1420.0,PE,20625,-1250,29,151.45
2026-07-09,2026-07-28,1430.0,CE,208125,-46875,457,2.5
2026-07-09,2026-07-28,1430.0,PE,1250,1250,4,165.6
2026-07-09,2026-07-28,1440.0,CE,1440625,72500,3267,2.15
2026-07-09,2026-07-28,1440.0,PE,6875,625,22,186.0
2026-07-09,2026-07-28,1450.0,CE,303125,72500,1131,1.9
2026-07-09,2026-07-28,1450.0,PE,625,625,4,180.25
2026-07-09,2026-07-28,1460.0,CE,545625,10625,962,1.7
2026-07-09,2026-07-28,1460.0,PE,1875,1875,6,206.3
2026-07-09,2026-07-28,1470.0,CE,80625,20625,197,1.45
2026-07-09,2026-07-28,1470.0,PE,1875,1250,3,207.9
2026-07-09,2026-07-28,1480.0,CE,93750,-8750,106,1.5
2026-07-09,2026-07-28,1480.0,PE,2500,625,5,215.8
2026-07-09,2026-07-28,1490.0,CE,40625,-1250,23,1.15
2026-07-09,2026-07-28,1490.0,PE,1250,1250,4,225.85
2026-07-09,2026-07-28,1500.0,CE,1010000,26250,1375,0.95
2026-07-09,2026-07-28,1500.0,PE,5000,0,1,175.5
2026-07-09,2026-07-28,1520.0,CE,183750,20625,215,0.9
2026-07-09,2026-07-28,1520.0,PE,5000,625,3,256.75
2026-07-09,2026-07-28,1540.0,CE,68750,29375,76,0.9
2026-07-09,2026-07-28,1540.0,PE,5000,5000,18,282.15
2026-07-09,2026-07-28,1560.0,CE,109375,0,24,0.6
2026-07-09,2026-07-28,1560.0,PE,6875,2500,4,296.65
2026-07-09,2026-07-28,1580.0,CE,31875,-1875,11,0.7
2026-07-09,2026-07-28,1580.0,PE,3750,3750,14,326.4
2026-07-09,2026-08-25,1080.0,CE,0,0,0,268.35
2026-07-09,2026-08-25,1080.0,PE,0,0,0,4.5
2026-07-09,2026-08-25,1090.0,CE,0,0,0,278.3
2026-07-09,2026-08-25,1090.0,PE,0,0,0,0.85
2026-07-09,2026-08-25,1100.0,CE,0,0,0,250.2
2026-07-09,2026-08-25,1100.0,PE,5625,5625,10,8.2
2026-07-09,2026-08-25,1110.0,CE,0,0,0,258.95
2026-07-09,2026-08-25,1110.0,PE,0,0,0,1.35
2026-07-09,2026-08-25,1120.0,CE,0,0,0,232.45
2026-07-09,2026-08-25,1120.0,PE,0,0,0,8.0
2026-07-09,2026-08-25,1130.0,CE,0,0,0,239.9
2026-07-09,2026-08-25,1130.0,PE,0,0,0,2.1
2026-07-09,2026-08-25,1140.0,CE,625,0,0,230.0
2026-07-09,2026-08-25,1140.0,PE,63125,63125,137,14.3
2026-07-09,2026-08-25,1150.0,CE,0,0,0,221.1
2026-07-09,2026-08-25,1150.0,PE,0,0,0,3.1
2026-07-09,2026-08-25,1160.0,CE,0,0,0,198.4
2026-07-09,2026-08-25,1160.0,PE,13125,13125,41,18.6
2026-07-09,2026-08-25,1170.0,CE,0,0,0,202.7
2026-07-09,2026-08-25,1170.0,PE,0,0,0,4.5
2026-07-09,2026-08-25,1180.0,CE,0,0,0,182.25
2026-07-09,2026-08-25,1180.0,PE,21875,21875,85,25.45
2026-07-09,2026-08-25,1190.0,CE,0,0,0,184.75
2026-07-09,2026-08-25,1190.0,PE,0,0,0,6.35
2026-07-09,2026-08-25,1200.0,CE,1250,1250,2,76.0
2026-07-09,2026-08-25,1200.0,PE,116875,116875,413,30.1
2026-07-09,2026-08-25,1210.0,CE,0,0,0,167.35
2026-07-09,2026-08-25,1210.0,PE,0,0,0,8.8
2026-07-09,2026-08-25,1220.0,CE,0,0,0,151.9
2026-07-09,2026-08-25,1220.0,PE,2500,2500,7,42.0
2026-07-09,2026-08-25,1230.0,CE,0,0,0,150.65
2026-07-09,2026-08-25,1230.0,PE,0,0,0,11.9
2026-07-09,2026-08-25,1240.0,CE,6875,6875,18,49.6
2026-07-09,2026-08-25,1240.0,PE,0,0,0,31.55
2026-07-09,2026-08-25,1250.0,CE,1250,1250,3,42.95
2026-07-09,2026-08-25,1250.0,PE,7500,7500,15,55.25
2026-07-09,2026-08-25,1260.0,CE,0,0,0,124.45
2026-07-09,2026-08-25,1260.0,PE,0,0,0,37.95
2026-07-09,2026-08-25,1270.0,CE,12500,12500,45,37.75
2026-07-09,2026-08-25,1270.0,PE,8750,8750,26,68.0
2026-07-09,2026-08-25,1280.0,CE,0,0,0,111.95
2026-07-09,2026-08-25,1280.0,PE,3750,3125,5,64.0
2026-07-09,2026-08-25,1290.0,CE,3750,3750,6,28.25
2026-07-09,2026-08-25,1290.0,PE,625,625,1,44.95
2026-07-09,2026-08-25,1300.0,CE,88125,66250,189,27.9
2026-07-09,2026-08-25,1300.0,PE,85625,-1250,320,83.85
2026-07-09,2026-08-25,1310.0,CE,0,0,0,92.15
2026-07-09,2026-08-25,1310.0,PE,625,625,1,84.25
2026-07-09,2026-08-25,1320.0,CE,1250,1250,2,20.0
2026-07-09,2026-08-25,1320.0,PE,625,625,1,91.6
2026-07-09,2026-08-25,1330.0,CE,0,0,0,80.0
2026-07-09,2026-08-25,1330.0,PE,3125,3125,5,99.25
2026-07-09,2026-08-25,1340.0,CE,0,0,0,79.4
2026-07-09,2026-08-25,1340.0,PE,625,0,1,90.9
2026-07-09,2026-08-25,1350.0,CE,38750,36250,129,16.15
2026-07-09,2026-08-25,1350.0,PE,4375,4375,7,127.2
2026-07-09,2026-08-25,1360.0,CE,0,0,0,70.15
2026-07-09,2026-08-25,1360.0,PE,0,0,0,82.2
2026-07-09,2026-08-25,1370.0,CE,625,0,0,77.25
2026-07-09,2026-08-25,1370.0,PE,625,625,1,142.0
2026-07-09,2026-08-25,1380.0,CE,1875,0,0,28.4
2026-07-09,2026-08-25,1380.0,PE,0,0,0,93.5
2026-07-09,2026-08-25,1390.0,CE,3125,0,0,30.0
2026-07-09,2026-08-25,1390.0,PE,0,0,0,69.7
2026-07-09,2026-08-25,1400.0,CE,62500,33125,157,9.25
2026-07-09,2026-08-25,1400.0,PE,0,0,0,105.55
2026-07-09,2026-08-25,1410.0,CE,1875,1875,5,8.6
2026-07-09,2026-08-25,1410.0,PE,0,0,0,81.6
2026-07-09,2026-08-25,1420.0,CE,0,0,0,47.25
2026-07-09,2026-08-25,1420.0,PE,0,0,0,118.4
2026-07-09,2026-08-25,1430.0,CE,0,0,0,35.1
2026-07-09,2026-08-25,1430.0,PE,0,0,0,94.45
2026-07-09,2026-08-25,1440.0,CE,0,0,0,41.1
2026-07-09,2026-08-25,1440.0,PE,0,0,0,131.9
2026-07-09,2026-08-25,1450.0,CE,16250,13750,30,5.45
2026-07-09,2026-08-25,1450.0,PE,3750,3750,6,207.5
2026-07-09,2026-08-25,1460.0,CE,0,0,0,35.55
2026-07-09,2026-08-25,1460.0,PE,0,0,0,146.1
2026-07-09,2026-08-25,1470.0,CE,0,0,0,23.95
2026-07-09,2026-08-25,1470.0,PE,0,0,0,122.9
2026-07-09,2026-08-25,1480.0,CE,0,0,0,30.75
2026-07-09,2026-08-25,1480.0,PE,0,0,0,160.95
2026-07-09,2026-08-25,1490.0,CE,0,0,0,19.5
2026-07-09,2026-08-25,1490.0,PE,0,0,0,138.3
2026-07-09,2026-08-25,1500.0,CE,0,0,0,26.35
2026-07-09,2026-08-25,1500.0,PE,1250,625,1,200.0
2026-07-09,2026-08-25,1520.0,CE,0,0,0,22.55
2026-07-09,2026-08-25,1520.0,PE,6250,0,0,171.75
2026-07-09,2026-08-25,1540.0,CE,0,0,0,19.25
2026-07-09,2026-08-25,1540.0,PE,0,0,0,208.55
2026-07-09,2026-08-25,1560.0,CE,0,0,0,16.35
2026-07-09,2026-08-25,1560.0,PE,0,0,0,225.4
2026-07-09,2026-08-25,1580.0,CE,0,0,0,13.8
2026-07-09,2026-08-25,1580.0,PE,0,0,0,242.55
2026-07-09,2026-09-29,1080.0,CE,0,0,0,296.35
2026-07-09,2026-09-29,1080.0,PE,0,0,0,2.65
2026-07-09,2026-09-29,1100.0,CE,0,0,0,277.65
2026-07-09,2026-09-29,1100.0,PE,0,0,0,3.7
2026-07-09,2026-09-29,1120.0,CE,0,0,0,259.35
2026-07-09,2026-09-29,1120.0,PE,6250,6250,10,18.0
2026-07-09,2026-09-29,1140.0,CE,0,0,0,241.35
2026-07-09,2026-09-29,1140.0,PE,0,0,0,6.75
2026-07-09,2026-09-29,1160.0,CE,0,0,0,223.8
2026-07-09,2026-09-29,1160.0,PE,6875,6875,12,27.0
2026-07-09,2026-09-29,1180.0,CE,0,0,0,206.7
2026-07-09,2026-09-29,1180.0,PE,0,0,0,11.5
2026-07-09,2026-09-29,1200.0,CE,0,0,0,190.2
2026-07-09,2026-09-29,1200.0,PE,23750,23750,43,44.0
2026-07-09,2026-09-29,1220.0,CE,0,0,0,174.3
2026-07-09,2026-09-29,1220.0,PE,0,0,0,18.5
2026-07-09,2026-09-29,1240.0,CE,0,0,0,159.05
2026-07-09,2026-09-29,1240.0,PE,0,0,0,22.95
2026-07-09,2026-09-29,1260.0,CE,0,0,0,144.6
2026-07-09,2026-09-29,1260.0,PE,0,0,0,28.15
2026-07-09,2026-09-29,1280.0,CE,0,0,0,130.75
2026-07-09,2026-09-29,1280.0,PE,0,0,0,34.0
2026-07-09,2026-09-29,1300.0,CE,0,0,0,117.8
2026-07-09,2026-09-29,1300.0,PE,0,0,0,40.75
2026-07-09,2026-09-29,1320.0,CE,0,0,0,105.65
2026-07-09,2026-09-29,1320.0,PE,0,0,0,48.3
2026-07-09,2026-09-29,1340.0,CE,0,0,0,94.35
2026-07-09,2026-09-29,1340.0,PE,0,0,0,56.7
2026-07-09,2026-09-29,1360.0,CE,0,0,0,83.85
2026-07-09,2026-09-29,1360.0,PE,0,0,0,65.9
2026-07-09,2026-09-29,1380.0,CE,0,0,0,74.2
2026-07-09,2026-09-29,1380.0,PE,0,0,0,75.95
2026-07-09,2026-09-29,1400.0,CE,0,0,0,65.4
2026-07-09,2026-09-29,1400.0,PE,0,0,0,86.8
2026-07-09,2026-09-29,1420.0,CE,0,0,0,57.35
2026-07-09,2026-09-29,1420.0,PE,0,0,0,98.5
2026-07-09,2026-09-29,1440.0,CE,0,0,0,50.1
2026-07-09,2026-09-29,1440.0,PE,0,0,0,110.9
2026-07-09,2026-09-29,1460.0,CE,0,0,0,43.55
2026-07-09,2026-09-29,1460.0,PE,0,0,0,124.05
2026-07-09,2026-09-29,1480.0,CE,0,0,0,37.7
2026-07-09,2026-09-29,1480.0,PE,0,0,0,137.9
2026-07-09,2026-09-29,1500.0,CE,0,0,0,32.6
2026-07-09,2026-09-29,1500.0,PE,0,0,0,152.5
2026-07-09,2026-09-29,1520.0,CE,0,0,0,28.0
2026-07-09,2026-09-29,1520.0,PE,0,0,0,167.6
2026-07-09,2026-09-29,1560.0,CE,0,0,0,20.4
2026-07-09,2026-09-29,1560.0,PE,0,0,0,199.35
2026-07-10,2026-07-28,1060.0,CE,5000,1250,5,186.2
2026-07-10,2026-07-28,1060.0,PE,90000,42500,319,0.65
2026-07-10,2026-07-28,1080.0,CE,0,0,0,293.3
2026-07-10,2026-07-28,1080.0,PE,55625,-11250,284,1.0
2026-07-10,2026-07-28,1090.0,CE,0,0,0,251.45
2026-07-10,2026-07-28,1090.0,PE,625,625,1,2.9
2026-07-10,2026-07-28,1100.0,CE,10625,625,2,147.6
2026-07-10,2026-07-28,1100.0,PE,268750,11250,999,1.6
2026-07-10,2026-07-28,1110.0,CE,0,0,0,232.7
2026-07-10,2026-07-28,1110.0,PE,10625,10625,61,1.95
2026-07-10,2026-07-28,1120.0,CE,3750,625,10,131.1
2026-07-10,2026-07-28,1120.0,PE,98750,45625,433,2.25
2026-07-10,2026-07-28,1130.0,CE,0,0,0,214.35
2026-07-10,2026-07-28,1130.0,PE,0,0,0,4.85
2026-07-10,2026-07-28,1140.0,CE,5625,-1875,13,112.0
2026-07-10,2026-07-28,1140.0,PE,106875,-13125,841,3.7
2026-07-10,2026-07-28,1150.0,CE,20000,5625,36,103.7
2026-07-10,2026-07-28,1150.0,PE,435000,4375,1654,4.55
2026-07-10,2026-07-28,1160.0,CE,5625,0,8,94.85
2026-07-10,2026-07-28,1160.0,PE,148750,2500,715,5.65
2026-07-10,2026-07-28,1170.0,CE,113750,-11250,69,85.15
2026-07-10,2026-07-28,1170.0,PE,173750,27500,544,6.95
2026-07-10,2026-07-28,1180.0,CE,23125,625,2,77.85
2026-07-10,2026-07-28,1180.0,PE,210625,-44375,1025,8.95
2026-07-10,2026-07-28,1190.0,CE,0,0,0,162.35
2026-07-10,2026-07-28,1190.0,PE,387500,-43125,982,11.0
2026-07-10,2026-07-28,1200.0,CE,161250,96875,656,62.75
2026-07-10,2026-07-28,1200.0,PE,978125,109375,4349,13.15
2026-07-10,2026-07-28,1210.0,CE,625,625,1,60.6
2026-07-10,2026-07-28,1210.0,PE,123125,36875,1423,16.15
2026-07-10,2026-07-28,1220.0,CE,118750,80625,994,48.95
2026-07-10,2026-07-28,1220.0,PE,273125,78750,2309,19.4
2026-07-10,2026-07-28,1230.0,CE,138125,108125,1522,43.05
2026-07-10,2026-07-28,1230.0,PE,298750,64375,2970,23.2
2026-07-10,2026-07-28,1240.0,CE,323750,206875,4537,37.35
2026-07-10,2026-07-28,1240.0,PE,541250,269375,6102,27.5
2026-07-10,2026-07-28,1250.0,CE,651875,411875,6942,32.2
2026-07-10,2026-07-28,1250.0,PE,768750,322500,4453,32.6
2026-07-10,2026-07-28,1260.0,CE,495625,116875,3114,27.5
2026-07-10,2026-07-28,1260.0,PE,533750,-33125,2149,37.8
2026-07-10,2026-07-28,1270.0,CE,518125,56875,4334,23.5
2026-07-10,2026-07-28,1270.0,PE,420000,57500,912,43.75
2026-07-10,2026-07-28,1280.0,CE,415000,14375,3361,19.9
2026-07-10,2026-07-28,1280.0,PE,286875,83125,908,49.45
2026-07-10,2026-07-28,1290.0,CE,741250,511250,2676,16.6
2026-07-10,2026-07-28,1290.0,PE,92500,-25000,246,57.6
2026-07-10,2026-07-28,1300.0,CE,1226250,89375,7831,14.1
2026-07-10,2026-07-28,1300.0,PE,501250,-60000,575,63.5
2026-07-10,2026-07-28,1310.0,CE,316250,-58750,1368,11.95
2026-07-10,2026-07-28,1310.0,PE,95625,-105000,263,71.6
2026-07-10,2026-07-28,1320.0,CE,688750,-32500,1694,10.0
2026-07-10,2026-07-28,1320.0,PE,242500,-16875,192,79.7
2026-07-10,2026-07-28,1330.0,CE,363750,-10000,1148,8.45
2026-07-10,2026-07-28,1330.0,PE,213750,-65000,215,87.15
2026-07-10,2026-07-28,1340.0,CE,648125,-23750,1271,7.15
2026-07-10,2026-07-28,1340.0,PE,258125,-13125,273,96.85
2026-07-10,2026-07-28,1350.0,CE,712500,33750,1502,6.0
2026-07-10,2026-07-28,1350.0,PE,348750,-7500,141,105.85
2026-07-10,2026-07-28,1360.0,CE,1205625,189375,1435,5.05
2026-07-10,2026-07-28,1360.0,PE,305625,-3750,59,114.7
2026-07-10,2026-07-28,1370.0,CE,648125,28750,977,4.35
2026-07-10,2026-07-28,1370.0,PE,148750,31250,87,126.65
2026-07-10,2026-07-28,1380.0,CE,1557500,167500,1447,3.85
2026-07-10,2026-07-28,1380.0,PE,90625,-1250,11,132.75
2026-07-10,2026-07-28,1390.0,CE,365625,-1875,380,3.3
2026-07-10,2026-07-28,1390.0,PE,58125,0,7,141.95
2026-07-10,2026-07-28,1400.0,CE,3625000,386875,3572,2.85
2026-07-10,2026-07-28,1400.0,PE,261250,0,40,149.95
2026-07-10,2026-07-28,1410.0,CE,235625,-33750,295,2.5
2026-07-10,2026-07-28,1410.0,PE,82500,0,0,152.65
2026-07-10,2026-07-28,1420.0,CE,330625,28750,649,2.2
2026-07-10,2026-07-28,1420.0,PE,20625,0,0,151.45
2026-07-10,2026-07-28,1430.0,CE,228750,20625,200,2.05
2026-07-10,2026-07-28,1430.0,PE,1250,0,0,165.6
2026-07-10,2026-07-28,1440.0,CE,1205000,-235625,1628,1.75
2026-07-10,2026-07-28,1440.0,PE,6875,0,0,186.0
2026-07-10,2026-07-28,1450.0,CE,344375,41250,435,1.45
2026-07-10,2026-07-28,1450.0,PE,625,0,0,180.25
2026-07-10,2026-07-28,1460.0,CE,542500,-3125,51,1.25
2026-07-10,2026-07-28,1460.0,PE,1875,0,0,206.3
2026-07-10,2026-07-28,1470.0,CE,86250,5625,27,1.1
2026-07-10,2026-07-28,1470.0,PE,1875,0,3,218.3
2026-07-10,2026-07-28,1480.0,CE,94375,625,13,1.2
2026-07-10,2026-07-28,1480.0,PE,2500,0,0,215.8
2026-07-10,2026-07-28,1490.0,CE,41875,1250,3,1.15
2026-07-10,2026-07-28,1490.0,PE,1250,0,0,225.85
2026-07-10,2026-07-28,1500.0,CE,1005625,-4375,248,0.85
2026-07-10,2026-07-28,1500.0,PE,5000,0,0,175.5
2026-07-10,2026-07-28,1520.0,CE,198750,15000,85,0.8
2026-07-10,2026-07-28,1520.0,PE,3750,-1250,16,269.75
2026-07-10,2026-07-28,1540.0,CE,68750,0,3,0.7
2026-07-10,2026-07-28,1540.0,PE,5000,0,0,282.15
2026-07-10,2026-07-28,1560.0,CE,103750,-5625,41,0.6
2026-07-10,2026-07-28,1560.0,PE,4375,-2500,4,311.4
2026-07-10,2026-07-28,1580.0,CE,32500,625,10,0.45
2026-07-10,2026-07-28,1580.0,PE,3750,0,0,326.4
2026-07-10,2026-08-25,1060.0,CE,0,0,0,286.8
2026-07-10,2026-08-25,1060.0,PE,0,0,0,3.25
2026-07-10,2026-08-25,1080.0,CE,0,0,0,268.35
2026-07-10,2026-08-25,1080.0,PE,0,0,0,4.5
2026-07-10,2026-08-25,1090.0,CE,0,0,0,278.3
2026-07-10,2026-08-25,1090.0,PE,0,0,0,0.85
2026-07-10,2026-08-25,1100.0,CE,0,0,0,250.2
2026-07-10,2026-08-25,1100.0,PE,17500,11875,48,6.2
2026-07-10,2026-08-25,1110.0,CE,0,0,0,258.95
2026-07-10,2026-08-25,1110.0,PE,0,0,0,1.35
2026-07-10,2026-08-25,1120.0,CE,0,0,0,232.45
2026-07-10,2026-08-25,1120.0,PE,0,0,0,8.0
2026-07-10,2026-08-25,1130.0,CE,0,0,0,239.9
2026-07-10,2026-08-25,1130.0,PE,0,0,0,2.1
2026-07-10,2026-08-25,1140.0,CE,625,0,0,230.0
2026-07-10,2026-08-25,1140.0,PE,94375,31250,111,11.9
2026-07-10,2026-08-25,1150.0,CE,0,0,0,221.1
2026-07-10,2026-08-25,1150.0,PE,0,0,0,3.1
2026-07-10,2026-08-25,1160.0,CE,0,0,0,198.4
2026-07-10,2026-08-25,1160.0,PE,13750,625,15,17.0
2026-07-10,2026-08-25,1170.0,CE,0,0,0,202.7
2026-07-10,2026-08-25,1170.0,PE,0,0,0,4.5
2026-07-10,2026-08-25,1180.0,CE,0,0,0,182.25
2026-07-10,2026-08-25,1180.0,PE,23125,1250,6,22.2
2026-07-10,2026-08-25,1190.0,CE,0,0,0,184.75
2026-07-10,2026-08-25,1190.0,PE,0,0,0,6.35
2026-07-10,2026-08-25,1200.0,CE,1875,625,1,70.0
2026-07-10,2026-08-25,1200.0,PE,135000,18125,101,27.1
2026-07-10,2026-08-25,1210.0,CE,0,0,0,167.35
2026-07-10,2026-08-25,1210.0,PE,0,0,0,8.8
2026-07-10,2026-08-25,1220.0,CE,0,0,0,151.9
2026-07-10,2026-08-25,1220.0,PE,2500,0,2,39.0
2026-07-10,2026-08-25,1230.0,CE,0,0,0,150.65
2026-07-10,2026-08-25,1230.0,PE,0,0,0,11.9
2026-07-10,2026-08-25,1240.0,CE,21875,15000,71,47.5
2026-07-10,2026-08-25,1240.0,PE,0,0,0,31.55
2026-07-10,2026-08-25,1250.0,CE,20000,18750,47,43.25
2026-07-10,2026-08-25,1250.0,PE,13750,6250,31,47.55
2026-07-10,2026-08-25,1260.0,CE,0,0,0,124.45
2026-07-10,2026-08-25,1260.0,PE,0,0,0,37.95
2026-07-10,2026-08-25,1270.0,CE,12500,0,18,34.5
2026-07-10,2026-08-25,1270.0,PE,8750,0,0,68.0
2026-07-10,2026-08-25,1280.0,CE,3750,3750,6,35.15
2026-07-10,2026-08-25,1280.0,PE,3750,0,0,64.0
2026-07-10,2026-08-25,1290.0,CE,3750,0,0,28.25
2026-07-10,2026-08-25,1290.0,PE,625,0,0,44.95
2026-07-10,2026-08-25,1300.0,CE,145000,56875,489,25.25
2026-07-10,2026-08-25,1300.0,PE,85625,0,28,80.0
2026-07-10,2026-08-25,1310.0,CE,0,0,0,92.15
2026-07-10,2026-08-25,1310.0,PE,625,0,0,84.25
2026-07-10,2026-08-25,1320.0,CE,1250,0,0,20.0
2026-07-10,2026-08-25,1320.0,PE,625,0,0,91.6
2026-07-10,2026-08-25,1330.0,CE,0,0,0,80.0
2026-07-10,2026-08-25,1330.0,PE,3125,0,0,99.25
2026-07-10,2026-08-25,1340.0,CE,0,0,0,79.4
2026-07-10,2026-08-25,1340.0,PE,625,0,0,90.9
2026-07-10,2026-08-25,1350.0,CE,42500,3750,47,14.4
2026-07-10,2026-08-25,1350.0,PE,4375,0,0,127.2
2026-07-10,2026-08-25,1360.0,CE,0,0,0,70.15
2026-07-10,2026-08-25,1360.0,PE,0,0,0,82.2
2026-07-10,2026-08-25,1370.0,CE,625,0,0,77.25
2026-07-10,2026-08-25,1370.0,PE,625,0,0,142.0
2026-07-10,2026-08-25,1380.0,CE,1875,0,0,28.4
2026-07-10,2026-08-25,1380.0,PE,0,0,0,93.5
2026-07-10,2026-08-25,1390.0,CE,3125,0,0,30.0
2026-07-10,2026-08-25,1390.0,PE,0,0,0,69.7
2026-07-10,2026-08-25,1400.0,CE,94375,31875,117,8.55
2026-07-10,2026-08-25,1400.0,PE,0,0,0,105.55
2026-07-10,2026-08-25,1410.0,CE,1875,0,0,8.6
2026-07-10,2026-08-25,1410.0,PE,0,0,0,81.6
2026-07-10,2026-08-25,1420.0,CE,0,0,0,47.25
2026-07-10,2026-08-25,1420.0,PE,0,0,0,118.4
2026-07-10,2026-08-25,1430.0,CE,0,0,0,35.1
2026-07-10,2026-08-25,1430.0,PE,0,0,0,94.45
2026-07-10,2026-08-25,1440.0,CE,0,0,0,41.1
2026-07-10,2026-08-25,1440.0,PE,0,0,0,131.9
2026-07-10,2026-08-25,1450.0,CE,16250,0,0,5.45
2026-07-10,2026-08-25,1450.0,PE,3750,0,0,207.5
2026-07-10,2026-08-25,1460.0,CE,0,0,0,35.55
2026-07-10,2026-08-25,1460.0,PE,0,0,0,146.1
2026-07-10,2026-08-25,1470.0,CE,0,0,0,23.95
2026-07-10,2026-08-25,1470.0,PE,0,0,0,122.9
2026-07-10,2026-08-25,1480.0,CE,0,0,0,30.75
2026-07-10,2026-08-25,1480.0,PE,0,0,0,160.95
2026-07-10,2026-08-25,1490.0,CE,0,0,0,19.5
2026-07-10,2026-08-25,1490.0,PE,0,0,0,138.3
2026-07-10,2026-08-25,1500.0,CE,0,0,0,26.35
2026-07-10,2026-08-25,1500.0,PE,1250,0,0,200.0
2026-07-10,2026-08-25,1520.0,CE,0,0,0,22.55
2026-07-10,2026-08-25,1520.0,PE,6250,0,0,171.75
2026-07-10,2026-08-25,1540.0,CE,0,0,0,19.25
2026-07-10,2026-08-25,1540.0,PE,0,0,0,208.55
2026-07-10,2026-08-25,1560.0,CE,0,0,0,16.35
2026-07-10,2026-08-25,1560.0,PE,0,0,0,225.4
2026-07-10,2026-08-25,1580.0,CE,0,0,0,13.8
2026-07-10,2026-08-25,1580.0,PE,0,0,0,242.55
2026-07-10,2026-09-29,1080.0,CE,0,0,0,296.35
2026-07-10,2026-09-29,1080.0,PE,0,0,0,2.65
2026-07-10,2026-09-29,1100.0,CE,0,0,0,277.65
2026-07-10,2026-09-29,1100.0,PE,625,625,1,10.5
2026-07-10,2026-09-29,1120.0,CE,0,0,0,259.35
2026-07-10,2026-09-29,1120.0,PE,6250,0,0,18.0
2026-07-10,2026-09-29,1140.0,CE,0,0,0,241.35
2026-07-10,2026-09-29,1140.0,PE,0,0,0,6.75
2026-07-10,2026-09-29,1160.0,CE,0,0,0,223.8
2026-07-10,2026-09-29,1160.0,PE,6875,0,2,25.0
2026-07-10,2026-09-29,1180.0,CE,0,0,0,206.7
2026-07-10,2026-09-29,1180.0,PE,0,0,0,11.5
2026-07-10,2026-09-29,1200.0,CE,0,0,0,190.2
2026-07-10,2026-09-29,1200.0,PE,25000,1250,4,38.0
2026-07-10,2026-09-29,1220.0,CE,0,0,0,174.3
2026-07-10,2026-09-29,1220.0,PE,0,0,0,18.5
2026-07-10,2026-09-29,1240.0,CE,0,0,0,159.05
2026-07-10,2026-09-29,1240.0,PE,0,0,0,22.95
2026-07-10,2026-09-29,1260.0,CE,0,0,0,144.6
2026-07-10,2026-09-29,1260.0,PE,0,0,0,28.15
2026-07-10,2026-09-29,1280.0,CE,0,0,0,130.75
2026-07-10,2026-09-29,1280.0,PE,0,0,0,34.0
2026-07-10,2026-09-29,1300.0,CE,0,0,0,117.8
2026-07-10,2026-09-29,1300.0,PE,0,0,0,40.75
2026-07-10,2026-09-29,1320.0,CE,0,0,0,105.65
2026-07-10,2026-09-29,1320.0,PE,0,0,0,48.3
2026-07-10,2026-09-29,1340.0,CE,0,0,0,94.35
2026-07-10,2026-09-29,1340.0,PE,0,0,0,56.7
2026-07-10,2026-09-29,1360.0,CE,0,0,0,83.85
2026-07-10,2026-09-29,1360.0,PE,0,0,0,65.9
2026-07-10,2026-09-29,1380.0,CE,0,0,0,74.2
2026-07-10,2026-09-29,1380.0,PE,0,0,0,75.95
2026-07-10,2026-09-29,1400.0,CE,0,0,0,65.4
2026-07-10,2026-09-29,1400.0,PE,0,0,0,86.8
2026-07-10,2026-09-29,1420.0,CE,0,0,0,57.35
2026-07-10,2026-09-29,1420.0,PE,0,0,0,98.5
2026-07-10,2026-09-29,1440.0,CE,0,0,0,50.1
2026-07-10,2026-09-29,1440.0,PE,0,0,0,110.9
2026-07-10,2026-09-29,1460.0,CE,0,0,0,43.55
2026-07-10,2026-09-29,1460.0,PE,0,0,0,124.05
2026-07-10,2026-09-29,1480.0,CE,0,0,0,37.7
2026-07-10,2026-09-29,1480.0,PE,0,0,0,137.9
2026-07-10,2026-09-29,1500.0,CE,0,0,0,32.6
2026-07-10,2026-09-29,1500.0,PE,0,0,0,152.5
2026-07-10,2026-09-29,1520.0,CE,0,0,0,28.0
2026-07-10,2026-09-29,1520.0,PE,0,0,0,167.6
2026-07-10,2026-09-29,1560.0,CE,0,0,0,20.4
2026-07-10,2026-09-29,1560.0,PE,0,0,0,199.35
