date,expiry,strike,opt_type,oi,chg_oi,volume,close
2026-06-05,2026-06-30,74.0,CE,735750,0,0,18.95
2026-06-05,2026-06-30,74.0,PE,249750,-81000,12,0.08
2026-06-05,2026-06-30,75.0,CE,0,0,0,17.27
2026-06-05,2026-06-30,75.0,PE,0,0,0,0.62
2026-06-05,2026-06-30,76.0,CE,128250,0,0,20.45
2026-06-05,2026-06-30,76.0,PE,351000,-27000,25,0.15
2026-06-05,2026-06-30,77.0,CE,0,0,0,15.55
2026-06-05,2026-06-30,77.0,PE,0,0,0,0.89
2026-06-05,2026-06-30,78.0,CE,33750,-13500,5,15.47
2026-06-05,2026-06-30,78.0,PE,897750,-6750,3,0.18
2026-06-05,2026-06-30,79.0,CE,0,0,0,13.91
2026-06-05,2026-06-30,79.0,PE,0,0,0,1.23
2026-06-05,2026-06-30,80.0,CE,1147500,0,0,16.21
2026-06-05,2026-06-30,80.0,PE,4286250,189000,182,0.2
2026-06-05,2026-06-30,81.0,CE,141750,0,0,13.27
2026-06-05,2026-06-30,81.0,PE,1127250,33750,62,0.23
2026-06-05,2026-06-30,82.0,CE,108000,0,0,10.35
2026-06-05,2026-06-30,82.0,PE,668250,195750,134,0.26
2026-06-05,2026-06-30,83.0,CE,81000,0,0,8.56
2026-06-05,2026-06-30,83.0,PE,857250,-67500,148,0.32
2026-06-05,2026-06-30,84.0,CE,6750,0,0,8.3
2026-06-05,2026-06-30,84.0,PE,526500,60750,162,0.38
2026-06-05,2026-06-30,85.0,CE,1593000,-128250,90,9.17
2026-06-05,2026-06-30,85.0,PE,5987250,945000,751,0.47
2026-06-05,2026-06-30,86.0,CE,94500,0,0,9.82
2026-06-05,2026-06-30,86.0,PE,857250,-54000,192,0.57
2026-06-05,2026-06-30,87.0,CE,445500,20250,5,6.6
2026-06-05,2026-06-30,87.0,PE,1741500,-330750,338,0.74
2026-06-05,2026-06-30,88.0,CE,600750,-20250,43,6.52
2026-06-05,2026-06-30,88.0,PE,1809000,47250,482,0.93
2026-06-05,2026-06-30,89.0,CE,729000,47250,48,5.75
2026-06-05,2026-06-30,89.0,PE,1525500,-108000,428,1.16
2026-06-05,2026-06-30,90.0,CE,4353750,-27000,438,4.9
2026-06-05,2026-06-30,90.0,PE,6648750,-189000,1599,1.42
2026-06-05,2026-06-30,91.0,CE,911250,-168750,180,4.24
2026-06-05,2026-06-30,91.0,PE,3503250,-357750,508,1.75
2026-06-05,2026-06-30,92.0,CE,4819500,432000,772,3.64
2026-06-05,2026-06-30,92.0,PE,2922750,128250,921,2.13
2026-06-05,2026-06-30,93.0,CE,4056750,-816750,1344,3.13
2026-06-05,2026-06-30,93.0,PE,2436750,-317250,1113,2.62
2026-06-05,2026-06-30,94.0,CE,3287250,-587250,1460,2.67
2026-06-05,2026-06-30,94.0,PE,1282500,-162000,827,3.11
2026-06-05,2026-06-30,95.0,CE,12561750,2085750,3206,2.25
2026-06-05,2026-06-30,95.0,PE,3361500,465750,1150,3.75
2026-06-05,2026-06-30,96.0,CE,6594750,715500,1999,1.91
2026-06-05,2026-06-30,96.0,PE,1748250,-13500,264,4.35
2026-06-05,2026-06-30,97.0,CE,5899500,-74250,1297,1.59
2026-06-05,2026-06-30,97.0,PE,1383750,-87750,68,4.98
2026-06-05,2026-06-30,98.0,CE,3199500,54000,1173,1.34
2026-06-05,2026-06-30,98.0,PE,1370250,-13500,7,5.1
2026-06-05,2026-06-30,99.0,CE,5359500,-209250,529,1.14
2026-06-05,2026-06-30,99.0,PE,222750,0,0,5.22
2026-06-05,2026-06-30,100.0,CE,22902750,1620000,2835,0.97
2026-06-05,2026-06-30,100.0,PE,1836000,-735750,350,7.31
2026-06-05,2026-06-30,101.0,CE,1181250,-87750,192,0.83
2026-06-05,2026-06-30,101.0,PE,20250,0,0,8.99
2026-06-05,2026-06-30,102.0,CE,1890000,20250,237,0.71
2026-06-05,2026-06-30,102.0,PE,0,0,0,11.43
2026-06-05,2026-06-30,103.0,CE,938250,-74250,138,0.59
2026-06-05,2026-06-30,103.0,PE,13500,0,0,10.72
2026-06-05,2026-06-30,104.0,CE,2538000,-81000,301,0.51
2026-06-05,2026-06-30,104.0,PE,20250,0,0,13.43
2026-06-05,2026-06-30,105.0,CE,5305500,796500,730,0.44
2026-06-05,2026-06-30,105.0,PE,27000,0,0,8.5
2026-06-05,2026-06-30,106.0,CE,3449250,168750,351,0.38
2026-06-05,2026-06-30,106.0,PE,114750,0,2,12.93
2026-06-05,2026-06-30,107.0,CE,148500,27000,52,0.35
2026-06-05,2026-06-30,107.0,PE,0,0,0,16.42
2026-06-05,2026-06-30,108.0,CE,378000,-87750,70,0.3
2026-06-05,2026-06-30,108.0,PE,0,0,0,30.11
2026-06-05,2026-06-30,109.0,CE,0,0,0,1.11
2026-06-05,2026-06-30,109.0,PE,0,0,0,18.13
2026-06-05,2026-06-30,110.0,CE,3145500,-20250,264,0.24
2026-06-05,2026-06-30,110.0,PE,13500,0,0,13.37
2026-06-05,2026-07-28,74.0,CE,0,0,0,18.91
2026-06-05,2026-07-28,74.0,PE,0,0,0,0.95
2026-06-05,2026-07-28,75.0,CE,0,0,0,17.06
2026-06-05,2026-07-28,75.0,PE,0,0,0,0.62
2026-06-05,2026-07-28,76.0,CE,0,0,0,17.26
2026-06-05,2026-07-28,76.0,PE,6750,0,0,0.65
2026-06-05,2026-07-28,77.0,CE,0,0,0,15.34
2026-06-05,2026-07-28,77.0,PE,0,0,0,0.88
2026-06-05,2026-07-28,78.0,CE,0,0,0,15.68
2026-06-05,2026-07-28,78.0,PE,6750,0,0,0.88
2026-06-05,2026-07-28,79.0,CE,0,0,0,13.7
2026-06-05,2026-07-28,79.0,PE,0,0,0,1.22
2026-06-05,2026-07-28,80.0,CE,0,0,0,15.71
2026-06-05,2026-07-28,80.0,PE,371250,20250,3,0.52
2026-06-05,2026-07-28,81.0,CE,0,0,0,12.15
2026-06-05,2026-07-28,81.0,PE,0,0,0,1.65
2026-06-05,2026-07-28,82.0,CE,0,0,0,12.75
2026-06-05,2026-07-28,82.0,PE,0,0,0,2.67
2026-06-05,2026-07-28,83.0,CE,0,0,0,10.7
2026-06-05,2026-07-28,83.0,PE,0,0,0,2.18
2026-06-05,2026-07-28,84.0,CE,0,0,0,11.41
2026-06-05,2026-07-28,84.0,PE,0,0,0,3.31
2026-06-05,2026-07-28,85.0,CE,81000,33750,5,9.05
2026-06-05,2026-07-28,85.0,PE,661500,229500,43,1.5
2026-06-05,2026-07-28,86.0,CE,0,0,0,10.17
2026-06-05,2026-07-28,86.0,PE,0,0,0,4.04
2026-06-05,2026-07-28,87.0,CE,0,0,0,8.1
2026-06-05,2026-07-28,87.0,PE,0,0,0,3.54
2026-06-05,2026-07-28,88.0,CE,27000,6750,2,7.0
2026-06-05,2026-07-28,88.0,PE,0,0,0,4.86
2026-06-05,2026-07-28,89.0,CE,13500,0,0,4.45
2026-06-05,2026-07-28,89.0,PE,0,0,0,4.39
2026-06-05,2026-07-28,90.0,CE,155250,0,0,9.0
2026-06-05,2026-07-28,90.0,PE,452250,87750,34,2.65
2026-06-05,2026-07-28,91.0,CE,0,0,0,5.96
2026-06-05,2026-07-28,91.0,PE,6750,0,0,2.0
2026-06-05,2026-07-28,92.0,CE,0,0,0,7.0
2026-06-05,2026-07-28,92.0,PE,0,0,0,6.78
2026-06-05,2026-07-28,93.0,CE,0,0,0,5.05
2026-06-05,2026-07-28,93.0,PE,6750,6750,1,4.07
2026-06-05,2026-07-28,94.0,CE,27000,0,0,2.78
2026-06-05,2026-07-28,94.0,PE,0,0,0,7.87
2026-06-05,2026-07-28,95.0,CE,283500,54000,55,3.8
2026-06-05,2026-07-28,95.0,PE,6750,0,0,3.25
2026-06-05,2026-07-28,96.0,CE,60750,0,3,2.88
2026-06-05,2026-07-28,96.0,PE,6750,0,0,4.25
2026-06-05,2026-07-28,97.0,CE,27000,13500,3,3.05
2026-06-05,2026-07-28,97.0,PE,0,0,0,8.89
2026-06-05,2026-07-28,98.0,CE,33750,6750,3,2.65
2026-06-05,2026-07-28,98.0,PE,0,0,0,10.31
2026-06-05,2026-07-28,99.0,CE,6750,0,0,3.36
2026-06-05,2026-07-28,99.0,PE,0,0,0,10.26
2026-06-05,2026-07-28,100.0,CE,2639250,297000,155,1.91
2026-06-05,2026-07-28,100.0,PE,425250,0,0,7.0
2026-06-05,2026-07-28,101.0,CE,1680750,0,11,1.68
2026-06-05,2026-07-28,101.0,PE,168750,0,0,7.12
2026-06-05,2026-07-28,102.0,CE,2166750,-6750,15,1.26
2026-06-05,2026-07-28,102.0,PE,0,0,0,13.07
2026-06-05,2026-07-28,103.0,CE,1329750,0,17,1.17
2026-06-05,2026-07-28,103.0,PE,20250,0,0,8.56
2026-06-05,2026-07-28,104.0,CE,2571750,-33750,57,1.02
2026-06-05,2026-07-28,104.0,PE,0,0,0,14.55
2026-06-05,2026-07-28,105.0,CE,1923750,121500,84,0.99
2026-06-05,2026-07-28,105.0,PE,0,0,0,14.87
2026-06-05,2026-07-28,106.0,CE,0,0,0,2.51
2026-06-05,2026-07-28,106.0,PE,20250,20250,3,13.98
2026-06-05,2026-07-28,107.0,CE,0,0,0,1.31
2026-06-05,2026-07-28,107.0,PE,0,0,0,16.54
2026-06-05,2026-07-28,108.0,CE,0,0,0,2.13
2026-06-05,2026-07-28,108.0,PE,0,0,0,17.68
2026-06-05,2026-07-28,109.0,CE,0,0,0,1.05
2026-06-05,2026-07-28,109.0,PE,0,0,0,18.26
2026-06-05,2026-07-28,110.0,CE,67500,67500,19,0.6
2026-06-05,2026-07-28,110.0,PE,0,0,0,19.33
2026-06-05,2026-08-25,74.0,CE,0,0,0,18.7
2026-06-05,2026-08-25,74.0,PE,0,0,0,0.94
2026-06-05,2026-08-25,76.0,CE,0,0,0,17.05
2026-06-05,2026-08-25,76.0,PE,0,0,0,1.26
2026-06-05,2026-08-25,78.0,CE,0,0,0,15.47
2026-06-05,2026-08-25,78.0,PE,0,0,0,1.65
2026-06-05,2026-08-25,80.0,CE,0,0,0,13.97
2026-06-05,2026-08-25,80.0,PE,0,0,0,2.12
2026-06-05,2026-08-25,82.0,CE,0,0,0,12.55
2026-06-05,2026-08-25,82.0,PE,0,0,0,2.67
2026-06-05,2026-08-25,84.0,CE,0,0,0,11.21
2026-06-05,2026-08-25,84.0,PE,0,0,0,3.3
2026-06-05,2026-08-25,86.0,CE,0,0,0,9.98
2026-06-05,2026-08-25,86.0,PE,0,0,0,4.04
2026-06-05,2026-08-25,88.0,CE,0,0,0,8.83
2026-06-05,2026-08-25,88.0,PE,0,0,0,4.86
2026-06-05,2026-08-25,90.0,CE,0,0,0,7.78
2026-06-05,2026-08-25,90.0,PE,0,0,0,5.78
2026-06-05,2026-08-25,92.0,CE,0,0,0,6.82
2026-06-05,2026-08-25,92.0,PE,0,0,0,6.79
2026-06-05,2026-08-25,94.0,CE,0,0,0,5.96
2026-06-05,2026-08-25,94.0,PE,0,0,0,7.9
2026-06-05,2026-08-25,96.0,CE,0,0,0,5.17
2026-06-05,2026-08-25,96.0,PE,0,0,0,9.09
2026-06-05,2026-08-25,98.0,CE,0,0,0,4.48
2026-06-05,2026-08-25,98.0,PE,0,0,0,10.36
2026-06-05,2026-08-25,100.0,CE,0,0,0,3.85
2026-06-05,2026-08-25,100.0,PE,0,0,0,11.71
2026-06-05,2026-08-25,102.0,CE,0,0,0,3.31
2026-06-05,2026-08-25,102.0,PE,0,0,0,13.13
2026-06-05,2026-08-25,104.0,CE,0,0,0,2.83
2026-06-05,2026-08-25,104.0,PE,0,0,0,14.62
2026-06-05,2026-08-25,106.0,CE,0,0,0,2.41
2026-06-05,2026-08-25,106.0,PE,0,0,0,16.17
2026-06-05,2026-08-25,108.0,CE,0,0,0,2.04
2026-06-05,2026-08-25,108.0,PE,0,0,0,17.77
2026-06-05,2026-08-25,110.0,CE,0,0,0,1.72
2026-06-05,2026-08-25,110.0,PE,0,0,0,19.43
2026-06-08,2026-06-30,74.0,CE,735750,0,0,18.95
2026-06-08,2026-06-30,74.0,PE,243000,-6750,1,0.1
2026-06-08,2026-06-30,75.0,CE,0,0,0,17.27
2026-06-08,2026-06-30,75.0,PE,0,0,0,0.62
2026-06-08,2026-06-30,76.0,CE,128250,0,4,15.57
2026-06-08,2026-06-30,76.0,PE,391500,40500,7,0.12
2026-06-08,2026-06-30,77.0,CE,0,0,0,15.55
2026-06-08,2026-06-30,77.0,PE,0,0,0,0.89
2026-06-08,2026-06-30,78.0,CE,33750,0,0,15.47
2026-06-08,2026-06-30,78.0,PE,945000,47250,39,0.19
2026-06-08,2026-06-30,79.0,CE,0,0,0,13.91
2026-06-08,2026-06-30,79.0,PE,0,0,0,1.23
2026-06-08,2026-06-30,80.0,CE,1134000,-13500,5,10.01
2026-06-08,2026-06-30,80.0,PE,4144500,-141750,201,0.3
2026-06-08,2026-06-30,81.0,CE,141750,0,0,13.27
2026-06-08,2026-06-30,81.0,PE,1134000,6750,79,0.39
2026-06-08,2026-06-30,82.0,CE,114750,6750,1,9.5
2026-06-08,2026-06-30,82.0,PE,695250,27000,95,0.48
2026-06-08,2026-06-30,83.0,CE,81000,0,2,9.0
2026-06-08,2026-06-30,83.0,PE,884250,27000,115,0.61
2026-06-08,2026-06-30,84.0,CE,33750,27000,6,6.87
2026-06-08,2026-06-30,84.0,PE,553500,27000,88,0.77
2026-06-08,2026-06-30,85.0,CE,1667250,74250,39,5.73
2026-06-08,2026-06-30,85.0,PE,5994000,6750,652,1.02
2026-06-08,2026-06-30,86.0,CE,94500,0,0,9.82
2026-06-08,2026-06-30,86.0,PE,850500,-6750,181,1.2
2026-06-08,2026-06-30,87.0,CE,472500,27000,12,4.5
2026-06-08,2026-06-30,87.0,PE,1687500,-54000,286,1.62
2026-06-08,2026-06-30,88.0,CE,654750,54000,30,3.74
2026-06-08,2026-06-30,88.0,PE,1842750,33750,480,1.93
2026-06-08,2026-06-30,89.0,CE,756000,27000,71,3.36
2026-06-08,2026-06-30,89.0,PE,1471500,-54000,391,2.44
2026-06-08,2026-06-30,90.0,CE,5373000,1019250,1094,2.8
2026-06-08,2026-06-30,90.0,PE,6459750,-189000,1555,2.87
2026-06-08,2026-06-30,91.0,CE,1788750,877500,675,2.36
2026-06-08,2026-06-30,91.0,PE,3348000,-155250,379,3.31
2026-06-08,2026-06-30,92.0,CE,5150250,330750,1120,1.99
2026-06-08,2026-06-30,92.0,PE,2990250,67500,527,3.88
2026-06-08,2026-06-30,93.0,CE,4785750,729000,1560,1.68
2026-06-08,2026-06-30,93.0,PE,2200500,-236250,335,4.68
2026-06-08,2026-06-30,94.0,CE,3449250,162000,790,1.4
2026-06-08,2026-06-30,94.0,PE,1282500,0,92,5.44
2026-06-08,2026-06-30,95.0,CE,14465250,1903500,2412,1.17
2026-06-08,2026-06-30,95.0,PE,3449250,87750,300,5.92
2026-06-08,2026-06-30,96.0,CE,6608250,13500,830,0.96
2026-06-08,2026-06-30,96.0,PE,1647000,-101250,20,7.44
2026-06-08,2026-06-30,97.0,CE,5865750,-33750,535,0.82
2026-06-08,2026-06-30,97.0,PE,1390500,6750,12,8.31
2026-06-08,2026-06-30,98.0,CE,3570750,371250,361,0.69
2026-06-08,2026-06-30,98.0,PE,1370250,0,1,7.35
2026-06-08,2026-06-30,99.0,CE,5096250,-263250,225,0.6
2026-06-08,2026-06-30,99.0,PE,222750,0,0,5.22
2026-06-08,2026-06-30,100.0,CE,21998250,-904500,1831,0.5
2026-06-08,2026-06-30,100.0,PE,1458000,-378000,115,10.48
2026-06-08,2026-06-30,101.0,CE,870750,-310500,163,0.43
2026-06-08,2026-06-30,101.0,PE,20250,0,0,8.99
2026-06-08,2026-06-30,102.0,CE,1586250,-303750,276,0.39
2026-06-08,2026-06-30,102.0,PE,0,0,0,11.43
2026-06-08,2026-06-30,103.0,CE,870750,-67500,156,0.34
2026-06-08,2026-06-30,103.0,PE,13500,0,0,10.72
2026-06-08,2026-06-30,104.0,CE,1694250,-843750,323,0.29
2026-06-08,2026-06-30,104.0,PE,20250,0,0,13.43
2026-06-08,2026-06-30,105.0,CE,4988250,-317250,476,0.25
2026-06-08,2026-06-30,105.0,PE,27000,0,0,8.5
2026-06-08,2026-06-30,106.0,CE,3348000,-101250,205,0.22
2026-06-08,2026-06-30,106.0,PE,114750,0,0,12.93
2026-06-08,2026-06-30,107.0,CE,94500,-54000,50,0.21
2026-06-08,2026-06-30,107.0,PE,0,0,0,16.42
2026-06-08,2026-06-30,108.0,CE,330750,-47250,35,0.2
2026-06-08,2026-06-30,108.0,PE,0,0,0,30.11
2026-06-08,2026-06-30,109.0,CE,0,0,0,1.11
2026-06-08,2026-06-30,109.0,PE,0,0,0,18.13
2026-06-08,2026-06-30,110.0,CE,3138750,-6750,119,0.16
2026-06-08,2026-06-30,110.0,PE,13500,0,0,13.37
2026-06-08,2026-07-28,74.0,CE,0,0,0,18.91
2026-06-08,2026-07-28,74.0,PE,0,0,0,0.95
2026-06-08,2026-07-28,75.0,CE,0,0,0,17.06
2026-06-08,2026-07-28,75.0,PE,0,0,0,0.62
2026-06-08,2026-07-28,76.0,CE,0,0,0,17.26
2026-06-08,2026-07-28,76.0,PE,13500,6750,1,0.65
2026-06-08,2026-07-28,77.0,CE,0,0,0,15.34
2026-06-08,2026-07-28,77.0,PE,0,0,0,0.88
2026-06-08,2026-07-28,78.0,CE,0,0,0,15.68
2026-06-08,2026-07-28,78.0,PE,6750,0,0,0.88
2026-06-08,2026-07-28,79.0,CE,0,0,0,13.7
2026-06-08,2026-07-28,79.0,PE,0,0,0,1.22
2026-06-08,2026-07-28,80.0,CE,0,0,0,15.71
2026-06-08,2026-07-28,80.0,PE,621000,249750,76,1.21
2026-06-08,2026-07-28,81.0,CE,0,0,0,12.15
2026-06-08,2026-07-28,81.0,PE,0,0,0,1.65
2026-06-08,2026-07-28,82.0,CE,0,0,0,12.75
2026-06-08,2026-07-28,82.0,PE,0,0,0,2.67
2026-06-08,2026-07-28,83.0,CE,0,0,0,10.7
2026-06-08,2026-07-28,83.0,PE,0,0,0,2.18
2026-06-08,2026-07-28,84.0,CE,0,0,0,11.41
2026-06-08,2026-07-28,84.0,PE,0,0,0,3.31
2026-06-08,2026-07-28,85.0,CE,87750,6750,1,7.78
2026-06-08,2026-07-28,85.0,PE,810000,148500,50,2.38
2026-06-08,2026-07-28,86.0,CE,0,0,0,10.17
2026-06-08,2026-07-28,86.0,PE,0,0,0,4.04
2026-06-08,2026-07-28,87.0,CE,6750,6750,1,6.53
2026-06-08,2026-07-28,87.0,PE,0,0,0,3.54
2026-06-08,2026-07-28,88.0,CE,27000,0,0,7.0
2026-06-08,2026-07-28,88.0,PE,0,0,0,4.86
2026-06-08,2026-07-28,89.0,CE,13500,0,0,4.45
2026-06-08,2026-07-28,89.0,PE,0,0,0,4.39
2026-06-08,2026-07-28,90.0,CE,256500,101250,22,4.62
2026-06-08,2026-07-28,90.0,PE,492750,40500,25,4.01
2026-06-08,2026-07-28,91.0,CE,0,0,0,5.96
2026-06-08,2026-07-28,91.0,PE,6750,0,1,4.65
2026-06-08,2026-07-28,92.0,CE,0,0,0,7.0
2026-06-08,2026-07-28,92.0,PE,0,0,0,6.78
2026-06-08,2026-07-28,93.0,CE,6750,6750,1,3.69
2026-06-08,2026-07-28,93.0,PE,6750,0,0,4.07
2026-06-08,2026-07-28,94.0,CE,20250,-6750,1,3.44
2026-06-08,2026-07-28,94.0,PE,0,0,0,7.87
2026-06-08,2026-07-28,95.0,CE,290250,6750,17,2.51
2026-06-08,2026-07-28,95.0,PE,33750,27000,4,6.77
2026-06-08,2026-07-28,96.0,CE,87750,27000,5,2.41
2026-06-08,2026-07-28,96.0,PE,6750,0,0,4.25
2026-06-08,2026-07-28,97.0,CE,27000,0,0,3.05
2026-06-08,2026-07-28,97.0,PE,0,0,0,8.89
2026-06-08,2026-07-28,98.0,CE,27000,-6750,1,2.01
2026-06-08,2026-07-28,98.0,PE,0,0,0,10.31
2026-06-08,2026-07-28,99.0,CE,6750,0,0,3.36
2026-06-08,2026-07-28,99.0,PE,0,0,0,10.26
2026-06-08,2026-07-28,100.0,CE,3051000,411750,128,1.43
2026-06-08,2026-07-28,100.0,PE,425250,0,0,7.0
2026-06-08,2026-07-28,101.0,CE,1687500,6750,81,1.25
2026-06-08,2026-07-28,101.0,PE,182250,13500,4,11.12
2026-06-08,2026-07-28,102.0,CE,2160000,-6750,132,1.1
2026-06-08,2026-07-28,102.0,PE,0,0,0,13.07
2026-06-08,2026-07-28,103.0,CE,1397250,67500,108,0.99
2026-06-08,2026-07-28,103.0,PE,54000,33750,5,12.74
2026-06-08,2026-07-28,104.0,CE,2639250,67500,126,0.9
2026-06-08,2026-07-28,104.0,PE,20250,20250,3,13.72
2026-06-08,2026-07-28,105.0,CE,1984500,60750,122,0.83
2026-06-08,2026-07-28,105.0,PE,0,0,0,14.87
2026-06-08,2026-07-28,106.0,CE,0,0,0,2.51
2026-06-08,2026-07-28,106.0,PE,20250,0,0,13.98
2026-06-08,2026-07-28,107.0,CE,0,0,0,1.31
2026-06-08,2026-07-28,107.0,PE,0,0,0,16.54
2026-06-08,2026-07-28,108.0,CE,0,0,0,2.13
2026-06-08,2026-07-28,108.0,PE,0,0,0,17.68
2026-06-08,2026-07-28,109.0,CE,0,0,0,1.05
2026-06-08,2026-07-28,109.0,PE,0,0,0,18.26
2026-06-08,2026-07-28,110.0,CE,222750,155250,33,0.55
2026-06-08,2026-07-28,110.0,PE,0,0,0,19.33
2026-06-08,2026-08-25,74.0,CE,0,0,0,18.7
2026-06-08,2026-08-25,74.0,PE,0,0,0,0.94
2026-06-08,2026-08-25,76.0,CE,0,0,0,17.05
2026-06-08,2026-08-25,76.0,PE,0,0,0,1.26
2026-06-08,2026-08-25,78.0,CE,0,0,0,15.47
2026-06-08,2026-08-25,78.0,PE,0,0,0,1.65
2026-06-08,2026-08-25,80.0,CE,0,0,0,13.97
2026-06-08,2026-08-25,80.0,PE,0,0,0,2.12
2026-06-08,2026-08-25,82.0,CE,0,0,0,12.55
2026-06-08,2026-08-25,82.0,PE,0,0,0,2.67
2026-06-08,2026-08-25,84.0,CE,0,0,0,11.21
2026-06-08,2026-08-25,84.0,PE,0,0,0,3.3
2026-06-08,2026-08-25,86.0,CE,0,0,0,9.98
2026-06-08,2026-08-25,86.0,PE,0,0,0,4.04
2026-06-08,2026-08-25,88.0,CE,0,0,0,8.83
2026-06-08,2026-08-25,88.0,PE,0,0,0,4.86
2026-06-08,2026-08-25,90.0,CE,0,0,0,7.78
2026-06-08,2026-08-25,90.0,PE,0,0,0,5.78
2026-06-08,2026-08-25,92.0,CE,0,0,0,6.82
2026-06-08,2026-08-25,92.0,PE,0,0,0,6.79
2026-06-08,2026-08-25,94.0,CE,0,0,0,5.96
2026-06-08,2026-08-25,94.0,PE,0,0,0,7.9
2026-06-08,2026-08-25,96.0,CE,0,0,0,5.17
2026-06-08,2026-08-25,96.0,PE,0,0,0,9.09
2026-06-08,2026-08-25,98.0,CE,0,0,0,4.48
2026-06-08,2026-08-25,98.0,PE,0,0,0,10.36
2026-06-08,2026-08-25,100.0,CE,6750,6750,1,2.2
2026-06-08,2026-08-25,100.0,PE,0,0,0,11.71
2026-06-08,2026-08-25,102.0,CE,0,0,0,3.31
2026-06-08,2026-08-25,102.0,PE,0,0,0,13.13
2026-06-08,2026-08-25,104.0,CE,0,0,0,2.83
2026-06-08,2026-08-25,104.0,PE,0,0,0,14.62
2026-06-08,2026-08-25,106.0,CE,0,0,0,2.41
2026-06-08,2026-08-25,106.0,PE,0,0,0,16.17
2026-06-08,2026-08-25,108.0,CE,0,0,0,2.04
2026-06-08,2026-08-25,108.0,PE,0,0,0,17.77
2026-06-08,2026-08-25,110.0,CE,0,0,0,1.72
2026-06-08,2026-08-25,110.0,PE,0,0,0,19.43
2026-06-09,2026-06-30,74.0,CE,735750,0,0,18.95
2026-06-09,2026-06-30,74.0,PE,243000,0,1,0.1
2026-06-09,2026-06-30,75.0,CE,20250,20250,6,15.0
2026-06-09,2026-06-30,75.0,PE,0,0,0,0.62
2026-06-09,2026-06-30,76.0,CE,128250,0,1,14.64
2026-06-09,2026-06-30,76.0,PE,398250,6750,4,0.11
2026-06-09,2026-06-30,77.0,CE,0,0,0,15.55
2026-06-09,2026-06-30,77.0,PE,0,0,0,0.89
2026-06-09,2026-06-30,78.0,CE,33750,0,1,12.7
2026-06-09,2026-06-30,78.0,PE,945000,0,10,0.14
2026-06-09,2026-06-30,79.0,CE,0,0,0,13.91
2026-06-09,2026-06-30,79.0,PE,0,0,0,1.23
2026-06-09,2026-06-30,80.0,CE,1107000,-27000,13,10.85
2026-06-09,2026-06-30,80.0,PE,4016250,-128250,88,0.21
2026-06-09,2026-06-30,81.0,CE,155250,13500,10,9.75
2026-06-09,2026-06-30,81.0,PE,1127250,-6750,55,0.26
2026-06-09,2026-06-30,82.0,CE,108000,-6750,3,8.86
2026-06-09,2026-06-30,82.0,PE,722250,27000,31,0.36
2026-06-09,2026-06-30,83.0,CE,87750,6750,10,7.94
2026-06-09,2026-06-30,83.0,PE,850500,-33750,25,0.43
2026-06-09,2026-06-30,84.0,CE,60750,27000,11,7.1
2026-06-09,2026-06-30,84.0,PE,627750,74250,55,0.56
2026-06-09,2026-06-30,85.0,CE,1680750,13500,13,6.29
2026-06-09,2026-06-30,85.0,PE,5967000,-27000,353,0.75
2026-06-09,2026-06-30,86.0,CE,108000,13500,12,5.5
2026-06-09,2026-06-30,86.0,PE,945000,94500,123,0.94
2026-06-09,2026-06-30,87.0,CE,506250,33750,36,4.81
2026-06-09,2026-06-30,87.0,PE,1633500,-54000,138,1.21
2026-06-09,2026-06-30,88.0,CE,742500,87750,91,4.16
2026-06-09,2026-06-30,88.0,PE,1937250,94500,210,1.52
2026-06-09,2026-06-30,89.0,CE,729000,-27000,192,3.52
2026-06-09,2026-06-30,89.0,PE,1410750,-60750,329,1.96
2026-06-09,2026-06-30,90.0,CE,6675750,1302750,2141,3.09
2026-06-09,2026-06-30,90.0,PE,6696000,236250,681,2.37
2026-06-09,2026-06-30,91.0,CE,2511000,722250,832,2.59
2026-06-09,2026-06-30,91.0,PE,3415500,67500,224,2.82
2026-06-09,2026-06-30,92.0,CE,5535000,384750,911,2.16
2026-06-09,2026-06-30,92.0,PE,3226500,236250,177,3.41
2026-06-09,2026-06-30,93.0,CE,4860000,74250,921,1.78
2026-06-09,2026-06-30,93.0,PE,2234250,33750,31,4.11
2026-06-09,2026-06-30,94.0,CE,3712500,263250,282,1.52
2026-06-09,2026-06-30,94.0,PE,1275750,-6750,7,5.29
2026-06-09,2026-06-30,95.0,CE,14181750,-283500,1493,1.26
2026-06-09,2026-06-30,95.0,PE,2990250,-459000,182,5.65
2026-06-09,2026-06-30,96.0,CE,7215750,607500,758,1.04
2026-06-09,2026-06-30,96.0,PE,1613250,-33750,13,6.31
2026-06-09,2026-06-30,97.0,CE,6014250,148500,272,0.87
2026-06-09,2026-06-30,97.0,PE,1370250,-20250,8,7.26
2026-06-09,2026-06-30,98.0,CE,3327750,-243000,204,0.73
2026-06-09,2026-06-30,98.0,PE,1323000,-47250,13,8.05
2026-06-09,2026-06-30,99.0,CE,4988250,-108000,72,0.61
2026-06-09,2026-06-30,99.0,PE,222750,0,0,5.22
2026-06-09,2026-06-30,100.0,CE,22707000,708750,997,0.53
2026-06-09,2026-06-30,100.0,PE,1397250,-60750,23,9.96
2026-06-09,2026-06-30,101.0,CE,877500,6750,57,0.45
2026-06-09,2026-06-30,101.0,PE,20250,0,0,8.99
2026-06-09,2026-06-30,102.0,CE,1559250,-27000,189,0.4
2026-06-09,2026-06-30,102.0,PE,0,0,0,11.43
2026-06-09,2026-06-30,103.0,CE,803250,-67500,80,0.35
2026-06-09,2026-06-30,103.0,PE,13500,0,2,12.73
2026-06-09,2026-06-30,104.0,CE,1613250,-81000,66,0.3
2026-06-09,2026-06-30,104.0,PE,27000,6750,2,13.68
2026-06-09,2026-06-30,105.0,CE,4772250,-216000,222,0.26
2026-06-09,2026-06-30,105.0,PE,27000,0,0,8.5
2026-06-09,2026-06-30,106.0,CE,3321000,-27000,56,0.23
2026-06-09,2026-06-30,106.0,PE,114750,0,0,12.93
2026-06-09,2026-06-30,107.0,CE,87750,-6750,3,0.21
2026-06-09,2026-06-30,107.0,PE,0,0,0,16.42
2026-06-09,2026-06-30,108.0,CE,317250,-13500,3,0.2
2026-06-09,2026-06-30,108.0,PE,0,0,0,30.11
2026-06-09,2026-06-30,109.0,CE,0,0,0,1.11
2026-06-09,2026-06-30,109.0,PE,0,0,0,18.13
2026-06-09,2026-06-30,110.0,CE,3105000,-33750,23,0.16
2026-06-09,2026-06-30,110.0,PE,13500,0,0,13.37
2026-06-09,2026-07-28,74.0,CE,0,0,0,18.91
2026-06-09,2026-07-28,74.0,PE,0,0,0,0.95
2026-06-09,2026-07-28,75.0,CE,0,0,0,17.06
2026-06-09,2026-07-28,75.0,PE,0,0,0,0.62
2026-06-09,2026-07-28,76.0,CE,0,0,0,17.26
2026-06-09,2026-07-28,76.0,PE,13500,0,0,0.65
2026-06-09,2026-07-28,77.0,CE,0,0,0,15.34
2026-06-09,2026-07-28,77.0,PE,27000,27000,4,0.67
2026-06-09,2026-07-28,78.0,CE,0,0,0,15.68
2026-06-09,2026-07-28,78.0,PE,6750,0,0,0.88
2026-06-09,2026-07-28,79.0,CE,0,0,0,13.7
2026-06-09,2026-07-28,79.0,PE,20250,20250,3,0.89
2026-06-09,2026-07-28,80.0,CE,33750,33750,5,11.66
2026-06-09,2026-07-28,80.0,PE,621000,0,7,0.93
2026-06-09,2026-07-28,81.0,CE,0,0,0,12.15
2026-06-09,2026-07-28,81.0,PE,0,0,0,1.65
2026-06-09,2026-07-28,82.0,CE,0,0,0,12.75
2026-06-09,2026-07-28,82.0,PE,0,0,0,2.67
2026-06-09,2026-07-28,83.0,CE,0,0,0,10.7
2026-06-09,2026-07-28,83.0,PE,0,0,0,2.18
2026-06-09,2026-07-28,84.0,CE,0,0,0,11.41
2026-06-09,2026-07-28,84.0,PE,0,0,0,3.31
2026-06-09,2026-07-28,85.0,CE,94500,6750,8,8.2
2026-06-09,2026-07-28,85.0,PE,810000,0,11,1.94
2026-06-09,2026-07-28,86.0,CE,0,0,0,10.17
2026-06-09,2026-07-28,86.0,PE,0,0,0,4.04
2026-06-09,2026-07-28,87.0,CE,6750,0,0,6.53
2026-06-09,2026-07-28,87.0,PE,0,0,0,3.54
2026-06-09,2026-07-28,88.0,CE,27000,0,0,7.0
2026-06-09,2026-07-28,88.0,PE,0,0,0,4.86
2026-06-09,2026-07-28,89.0,CE,13500,0,0,4.45
2026-06-09,2026-07-28,89.0,PE,0,0,0,4.39
2026-06-09,2026-07-28,90.0,CE,351000,94500,33,5.0
2026-06-09,2026-07-28,90.0,PE,567000,74250,26,3.7
2026-06-09,2026-07-28,91.0,CE,0,0,0,5.96
2026-06-09,2026-07-28,91.0,PE,6750,0,0,4.65
2026-06-09,2026-07-28,92.0,CE,0,0,0,7.0
2026-06-09,2026-07-28,92.0,PE,0,0,0,6.78
2026-06-09,2026-07-28,93.0,CE,6750,0,0,3.69
2026-06-09,2026-07-28,93.0,PE,0,-6750,1,5.0
2026-06-09,2026-07-28,94.0,CE,20250,0,0,3.44
2026-06-09,2026-07-28,94.0,PE,0,0,0,7.87
2026-06-09,2026-07-28,95.0,CE,330750,40500,25,2.84
2026-06-09,2026-07-28,95.0,PE,40500,6750,7,6.45
2026-06-09,2026-07-28,96.0,CE,121500,33750,12,2.09
2026-06-09,2026-07-28,96.0,PE,6750,0,1,7.0
2026-06-09,2026-07-28,97.0,CE,20250,-6750,1,2.05
2026-06-09,2026-07-28,97.0,PE,0,0,0,8.89
2026-06-09,2026-07-28,98.0,CE,27000,0,3,1.98
2026-06-09,2026-07-28,98.0,PE,0,0,0,10.31
2026-06-09,2026-07-28,99.0,CE,0,-6750,1,1.72
2026-06-09,2026-07-28,99.0,PE,0,0,0,10.26
2026-06-09,2026-07-28,100.0,CE,3246750,195750,119,1.59
2026-06-09,2026-07-28,100.0,PE,425250,0,0,7.0
2026-06-09,2026-07-28,101.0,CE,1687500,0,30,1.38
2026-06-09,2026-07-28,101.0,PE,182250,0,0,11.12
2026-06-09,2026-07-28,102.0,CE,2160000,0,40,1.1
2026-06-09,2026-07-28,102.0,PE,0,0,0,13.07
2026-06-09,2026-07-28,103.0,CE,1397250,0,1,1.1
2026-06-09,2026-07-28,103.0,PE,54000,0,4,13.51
2026-06-09,2026-07-28,104.0,CE,2639250,0,25,0.98
2026-06-09,2026-07-28,104.0,PE,20250,0,0,13.72
2026-06-09,2026-07-28,105.0,CE,1869750,-114750,109,0.88
2026-06-09,2026-07-28,105.0,PE,0,0,0,14.87
2026-06-09,2026-07-28,106.0,CE,0,0,0,2.51
2026-06-09,2026-07-28,106.0,PE,20250,0,3,15.57
2026-06-09,2026-07-28,107.0,CE,0,0,0,1.31
2026-06-09,2026-07-28,107.0,PE,0,0,0,16.54
2026-06-09,2026-07-28,108.0,CE,0,0,0,2.13
2026-06-09,2026-07-28,108.0,PE,0,0,0,17.68
2026-06-09,2026-07-28,109.0,CE,0,0,0,1.05
2026-06-09,2026-07-28,109.0,PE,0,0,0,18.26
2026-06-09,2026-07-28,110.0,CE,330750,108000,17,0.55
2026-06-09,2026-07-28,110.0,PE,0,0,0,19.33
2026-06-09,2026-08-25,74.0,CE,0,0,0,18.7
2026-06-09,2026-08-25,74.0,PE,0,0,0,0.94
2026-06-09,2026-08-25,76.0,CE,0,0,0,17.05
2026-06-09,2026-08-25,76.0,PE,0,0,0,1.26
2026-06-09,2026-08-25,78.0,CE,0,0,0,15.47
2026-06-09,2026-08-25,78.0,PE,0,0,0,1.65
2026-06-09,2026-08-25,80.0,CE,0,0,0,13.97
2026-06-09,2026-08-25,80.0,PE,0,0,0,2.12
2026-06-09,2026-08-25,82.0,CE,0,0,0,12.55
2026-06-09,2026-08-25,82.0,PE,0,0,0,2.67
2026-06-09,2026-08-25,84.0,CE,0,0,0,11.21
2026-06-09,2026-08-25,84.0,PE,0,0,0,3.3
2026-06-09,2026-08-25,86.0,CE,0,0,0,9.98
2026-06-09,2026-08-25,86.0,PE,0,0,0,4.04
2026-06-09,2026-08-25,88.0,CE,0,0,0,8.83
2026-06-09,2026-08-25,88.0,PE,0,0,0,4.86
2026-06-09,2026-08-25,90.0,CE,0,0,0,7.78
2026-06-09,2026-08-25,90.0,PE,0,0,0,5.78
2026-06-09,2026-08-25,92.0,CE,0,0,0,6.82
2026-06-09,2026-08-25,92.0,PE,0,0,0,6.79
2026-06-09,2026-08-25,94.0,CE,0,0,0,5.96
2026-06-09,2026-08-25,94.0,PE,0,0,0,7.9
2026-06-09,2026-08-25,96.0,CE,0,0,0,5.17
2026-06-09,2026-08-25,96.0,PE,0,0,0,9.09
2026-06-09,2026-08-25,98.0,CE,0,0,0,4.48
2026-06-09,2026-08-25,98.0,PE,0,0,0,10.36
2026-06-09,2026-08-25,100.0,CE,6750,0,0,2.2
2026-06-09,2026-08-25,100.0,PE,0,0,0,11.71
2026-06-09,2026-08-25,102.0,CE,0,0,0,3.31
2026-06-09,2026-08-25,102.0,PE,0,0,0,13.13
2026-06-09,2026-08-25,104.0,CE,0,0,0,2.83
2026-06-09,2026-08-25,104.0,PE,0,0,0,14.62
2026-06-09,2026-08-25,106.0,CE,0,0,0,2.41
2026-06-09,2026-08-25,106.0,PE,0,0,0,16.17
2026-06-09,2026-08-25,108.0,CE,0,0,0,2.04
2026-06-09,2026-08-25,108.0,PE,0,0,0,17.77
2026-06-09,2026-08-25,110.0,CE,0,0,0,1.72
2026-06-09,2026-08-25,110.0,PE,0,0,0,19.43
2026-06-10,2026-06-30,74.0,CE,735750,0,0,18.95
2026-06-10,2026-06-30,74.0,PE,297000,54000,17,0.08
2026-06-10,2026-06-30,75.0,CE,20250,0,0,15.0
2026-06-10,2026-06-30,75.0,PE,0,0,0,0.62
2026-06-10,2026-06-30,76.0,CE,128250,0,0,14.64
2026-06-10,2026-06-30,76.0,PE,411750,13500,3,0.13
2026-06-10,2026-06-30,77.0,CE,0,0,0,15.55
2026-06-10,2026-06-30,77.0,PE,0,0,0,0.89
2026-06-10,2026-06-30,78.0,CE,33750,0,0,12.7
2026-06-10,2026-06-30,78.0,PE,965250,20250,102,0.2
2026-06-10,2026-06-30,79.0,CE,0,0,0,13.91
2026-06-10,2026-06-30,79.0,PE,0,0,0,1.23
2026-06-10,2026-06-30,80.0,CE,1012500,-94500,36,9.14
2026-06-10,2026-06-30,80.0,PE,4151250,135000,188,0.34
2026-06-10,2026-06-30,81.0,CE,128250,-27000,4,7.94
2026-06-10,2026-06-30,81.0,PE,1147500,20250,108,0.43
2026-06-10,2026-06-30,82.0,CE,108000,0,0,8.86
2026-06-10,2026-06-30,82.0,PE,715500,-6750,50,0.55
2026-06-10,2026-06-30,83.0,CE,87750,0,0,7.94
2026-06-10,2026-06-30,83.0,PE,1161000,310500,260,0.7
2026-06-10,2026-06-30,84.0,CE,67500,6750,1,6.12
2026-06-10,2026-06-30,84.0,PE,1876500,1248750,1653,0.92
2026-06-10,2026-06-30,85.0,CE,1667250,-13500,43,5.16
2026-06-10,2026-06-30,85.0,PE,6635250,668250,945,1.18
2026-06-10,2026-06-30,86.0,CE,108000,0,0,5.5
2026-06-10,2026-06-30,86.0,PE,1127250,182250,332,1.47
2026-06-10,2026-06-30,87.0,CE,600750,94500,112,3.61
2026-06-10,2026-06-30,87.0,PE,1734750,101250,199,1.82
2026-06-10,2026-06-30,88.0,CE,1215000,472500,280,3.09
2026-06-10,2026-06-30,88.0,PE,1849500,-87750,595,2.27
2026-06-10,2026-06-30,89.0,CE,1647000,918000,665,2.55
2026-06-10,2026-06-30,89.0,PE,1336500,-74250,680,2.77
2026-06-10,2026-06-30,90.0,CE,8538750,1863000,2367,2.1
2026-06-10,2026-06-30,90.0,PE,6432750,-263250,865,3.39
2026-06-10,2026-06-30,91.0,CE,2936250,425250,943,1.75
2026-06-10,2026-06-30,91.0,PE,3334500,-81000,137,3.99
2026-06-10,2026-06-30,92.0,CE,5521500,-13500,1200,1.43
2026-06-10,2026-06-30,92.0,PE,2855250,-371250,167,4.77
2026-06-10,2026-06-30,93.0,CE,4738500,-121500,1259,1.2
2026-06-10,2026-06-30,93.0,PE,2018250,-216000,110,5.33
2026-06-10,2026-06-30,94.0,CE,3273750,-438750,583,0.99
2026-06-10,2026-06-30,94.0,PE,1221750,-54000,18,5.98
2026-06-10,2026-06-30,95.0,CE,14539500,357750,1172,0.85
2026-06-10,2026-06-30,95.0,PE,2909250,-81000,46,7.15
2026-06-10,2026-06-30,96.0,CE,7128000,-87750,328,0.71
2026-06-10,2026-06-30,96.0,PE,1566000,-47250,21,7.65
2026-06-10,2026-06-30,97.0,CE,5892750,-121500,306,0.59
2026-06-10,2026-06-30,97.0,PE,1350000,-20250,6,8.42
2026-06-10,2026-06-30,98.0,CE,3557250,229500,246,0.5
2026-06-10,2026-06-30,98.0,PE,1363500,40500,14,8.43
2026-06-10,2026-06-30,99.0,CE,5042250,54000,115,0.42
2026-06-10,2026-06-30,99.0,PE,222750,0,0,5.22
2026-06-10,2026-06-30,100.0,CE,23091750,384750,1116,0.37
2026-06-10,2026-06-30,100.0,PE,1404000,6750,24,11.69
2026-06-10,2026-06-30,101.0,CE,1309500,432000,125,0.32
2026-06-10,2026-06-30,101.0,PE,20250,0,0,8.99
2026-06-10,2026-06-30,102.0,CE,1707750,148500,146,0.27
2026-06-10,2026-06-30,102.0,PE,0,0,0,11.43
2026-06-10,2026-06-30,103.0,CE,803250,0,46,0.23
2026-06-10,2026-06-30,103.0,PE,13500,0,0,12.73
2026-06-10,2026-06-30,104.0,CE,1606500,-6750,97,0.21
2026-06-10,2026-06-30,104.0,PE,27000,0,0,13.68
2026-06-10,2026-06-30,105.0,CE,4650750,-121500,224,0.19
2026-06-10,2026-06-30,105.0,PE,33750,6750,1,14.5
2026-06-10,2026-06-30,106.0,CE,2592000,-729000,225,0.16
2026-06-10,2026-06-30,106.0,PE,114750,0,0,12.93
2026-06-10,2026-06-30,107.0,CE,101250,13500,2,0.17
2026-06-10,2026-06-30,107.0,PE,0,0,0,16.42
2026-06-10,2026-06-30,108.0,CE,317250,0,3,0.13
2026-06-10,2026-06-30,108.0,PE,0,0,0,30.11
2026-06-10,2026-06-30,109.0,CE,0,0,0,1.11
2026-06-10,2026-06-30,109.0,PE,0,0,0,18.13
2026-06-10,2026-06-30,110.0,CE,2895750,-209250,74,0.11
2026-06-10,2026-06-30,110.0,PE,13500,0,0,13.37
2026-06-10,2026-07-28,74.0,CE,0,0,0,18.91
2026-06-10,2026-07-28,74.0,PE,0,0,0,0.95
2026-06-10,2026-07-28,75.0,CE,0,0,0,17.06
2026-06-10,2026-07-28,75.0,PE,0,0,0,0.62
2026-06-10,2026-07-28,76.0,CE,0,0,0,17.26
2026-06-10,2026-07-28,76.0,PE,40500,27000,7,0.59
2026-06-10,2026-07-28,77.0,CE,0,0,0,15.34
2026-06-10,2026-07-28,77.0,PE,27000,0,0,0.67
2026-06-10,2026-07-28,78.0,CE,0,0,0,15.68
2026-06-10,2026-07-28,78.0,PE,6750,0,0,0.88
2026-06-10,2026-07-28,79.0,CE,0,0,0,13.7
2026-06-10,2026-07-28,79.0,PE,20250,0,0,0.89
2026-06-10,2026-07-28,80.0,CE,135000,101250,16,10.37
2026-06-10,2026-07-28,80.0,PE,735750,114750,27,1.18
2026-06-10,2026-07-28,81.0,CE,0,0,0,12.15
2026-06-10,2026-07-28,81.0,PE,0,0,0,1.65
2026-06-10,2026-07-28,82.0,CE,0,0,0,12.75
2026-06-10,2026-07-28,82.0,PE,0,0,0,2.67
2026-06-10,2026-07-28,83.0,CE,0,0,0,10.7
2026-06-10,2026-07-28,83.0,PE,0,0,0,2.18
2026-06-10,2026-07-28,84.0,CE,0,0,0,11.41
2026-06-10,2026-07-28,84.0,PE,0,0,0,3.31
2026-06-10,2026-07-28,85.0,CE,87750,-6750,2,6.56
2026-06-10,2026-07-28,85.0,PE,783000,-27000,14,2.4
2026-06-10,2026-07-28,86.0,CE,0,0,0,10.17
2026-06-10,2026-07-28,86.0,PE,0,0,0,4.04
2026-06-10,2026-07-28,87.0,CE,6750,0,0,6.53
2026-06-10,2026-07-28,87.0,PE,0,0,0,3.54
2026-06-10,2026-07-28,88.0,CE,27000,0,0,7.0
2026-06-10,2026-07-28,88.0,PE,0,0,0,4.86
2026-06-10,2026-07-28,89.0,CE,13500,0,0,4.45
2026-06-10,2026-07-28,89.0,PE,0,0,0,4.39
2026-06-10,2026-07-28,90.0,CE,378000,27000,17,4.26
2026-06-10,2026-07-28,90.0,PE,573750,6750,2,4.3
2026-06-10,2026-07-28,91.0,CE,6750,6750,1,3.82
2026-06-10,2026-07-28,91.0,PE,6750,0,0,4.65
2026-06-10,2026-07-28,92.0,CE,0,0,0,7.0
2026-06-10,2026-07-28,92.0,PE,0,0,0,6.78
2026-06-10,2026-07-28,93.0,CE,6750,0,0,3.69
2026-06-10,2026-07-28,93.0,PE,0,0,0,5.0
2026-06-10,2026-07-28,94.0,CE,27000,6750,1,2.74
2026-06-10,2026-07-28,94.0,PE,0,0,0,7.87
2026-06-10,2026-07-28,95.0,CE,364500,33750,39,2.24
2026-06-10,2026-07-28,95.0,PE,60750,20250,3,6.94
2026-06-10,2026-07-28,96.0,CE,121500,0,0,2.09
2026-06-10,2026-07-28,96.0,PE,6750,0,0,7.0
2026-06-10,2026-07-28,97.0,CE,20250,0,0,2.05
2026-06-10,2026-07-28,97.0,PE,0,0,0,8.89
2026-06-10,2026-07-28,98.0,CE,27000,0,0,1.98
2026-06-10,2026-07-28,98.0,PE,0,0,0,10.31
2026-06-10,2026-07-28,99.0,CE,0,0,0,1.72
2026-06-10,2026-07-28,99.0,PE,0,0,0,10.26
2026-06-10,2026-07-28,100.0,CE,3483000,236250,126,1.29
2026-06-10,2026-07-28,100.0,PE,391500,-33750,9,11.94
2026-06-10,2026-07-28,101.0,CE,1687500,0,2,1.34
2026-06-10,2026-07-28,101.0,PE,182250,0,0,11.12
2026-06-10,2026-07-28,102.0,CE,2160000,0,0,1.1
2026-06-10,2026-07-28,102.0,PE,0,0,0,13.07
2026-06-10,2026-07-28,103.0,CE,1397250,0,0,1.1
2026-06-10,2026-07-28,103.0,PE,54000,0,0,13.51
2026-06-10,2026-07-28,104.0,CE,2646000,6750,4,0.8
2026-06-10,2026-07-28,104.0,PE,20250,0,0,13.72
2026-06-10,2026-07-28,105.0,CE,1890000,20250,7,0.78
2026-06-10,2026-07-28,105.0,PE,0,0,0,14.87
2026-06-10,2026-07-28,106.0,CE,0,0,0,2.51
2026-06-10,2026-07-28,106.0,PE,20250,0,0,15.57
2026-06-10,2026-07-28,107.0,CE,0,0,0,1.31
2026-06-10,2026-07-28,107.0,PE,0,0,0,16.54
2026-06-10,2026-07-28,108.0,CE,0,0,0,2.13
2026-06-10,2026-07-28,108.0,PE,0,0,0,17.68
2026-06-10,2026-07-28,109.0,CE,0,0,0,1.05
2026-06-10,2026-07-28,109.0,PE,0,0,0,18.26
2026-06-10,2026-07-28,110.0,CE,357750,27000,5,0.49
2026-06-10,2026-07-28,110.0,PE,0,0,0,19.33
2026-06-10,2026-08-25,74.0,CE,0,0,0,18.7
2026-06-10,2026-08-25,74.0,PE,0,0,0,0.94
2026-06-10,2026-08-25,76.0,CE,0,0,0,17.05
2026-06-10,2026-08-25,76.0,PE,0,0,0,1.26
2026-06-10,2026-08-25,78.0,CE,0,0,0,15.47
2026-06-10,2026-08-25,78.0,PE,0,0,0,1.65
2026-06-10,2026-08-25,80.0,CE,0,0,0,13.97
2026-06-10,2026-08-25,80.0,PE,0,0,0,2.12
2026-06-10,2026-08-25,82.0,CE,0,0,0,12.55
2026-06-10,2026-08-25,82.0,PE,0,0,0,2.67
2026-06-10,2026-08-25,84.0,CE,0,0,0,11.21
2026-06-10,2026-08-25,84.0,PE,0,0,0,3.3
2026-06-10,2026-08-25,86.0,CE,0,0,0,9.98
2026-06-10,2026-08-25,86.0,PE,0,0,0,4.04
2026-06-10,2026-08-25,88.0,CE,0,0,0,8.83
2026-06-10,2026-08-25,88.0,PE,0,0,0,4.86
2026-06-10,2026-08-25,90.0,CE,0,0,0,7.78
2026-06-10,2026-08-25,90.0,PE,0,0,0,5.78
2026-06-10,2026-08-25,92.0,CE,0,0,0,6.82
2026-06-10,2026-08-25,92.0,PE,0,0,0,6.79
2026-06-10,2026-08-25,94.0,CE,0,0,0,5.96
2026-06-10,2026-08-25,94.0,PE,0,0,0,7.9
2026-06-10,2026-08-25,96.0,CE,0,0,0,5.17
2026-06-10,2026-08-25,96.0,PE,0,0,0,9.09
2026-06-10,2026-08-25,98.0,CE,0,0,0,4.48
2026-06-10,2026-08-25,98.0,PE,0,0,0,10.36
2026-06-10,2026-08-25,100.0,CE,6750,0,0,2.2
2026-06-10,2026-08-25,100.0,PE,0,0,0,11.71
2026-06-10,2026-08-25,102.0,CE,0,0,0,3.31
2026-06-10,2026-08-25,102.0,PE,0,0,0,13.13
2026-06-10,2026-08-25,104.0,CE,0,0,0,2.83
2026-06-10,2026-08-25,104.0,PE,0,0,0,14.62
2026-06-10,2026-08-25,106.0,CE,0,0,0,2.41
2026-06-10,2026-08-25,106.0,PE,0,0,0,16.17
2026-06-10,2026-08-25,108.0,CE,0,0,0,2.04
2026-06-10,2026-08-25,108.0,PE,0,0,0,17.77
2026-06-10,2026-08-25,110.0,CE,0,0,0,1.72
2026-06-10,2026-08-25,110.0,PE,0,0,0,19.43
2026-06-11,2026-06-30,74.0,CE,735750,0,0,18.95
2026-06-11,2026-06-30,74.0,PE,303750,6750,1,0.08
2026-06-11,2026-06-30,75.0,CE,20250,0,0,15.0
2026-06-11,2026-06-30,75.0,PE,0,0,0,0.62
2026-06-11,2026-06-30,76.0,CE,108000,-20250,3,12.79
2026-06-11,2026-06-30,76.0,PE,411750,0,2,0.16
2026-06-11,2026-06-30,77.0,CE,0,0,0,15.55
2026-06-11,2026-06-30,77.0,PE,0,0,0,0.89
2026-06-11,2026-06-30,78.0,CE,33750,0,0,12.7
2026-06-11,2026-06-30,78.0,PE,945000,-20250,98,0.18
2026-06-11,2026-06-30,79.0,CE,0,0,0,13.91
2026-06-11,2026-06-30,79.0,PE,0,0,0,1.23
2026-06-11,2026-06-30,80.0,CE,978750,-33750,25,9.23
2026-06-11,2026-06-30,80.0,PE,4083750,-67500,199,0.28
2026-06-11,2026-06-30,81.0,CE,128250,0,0,7.94
2026-06-11,2026-06-30,81.0,PE,1127250,-20250,63,0.33
2026-06-11,2026-06-30,82.0,CE,108000,0,0,8.86
2026-06-11,2026-06-30,82.0,PE,769500,54000,35,0.46
2026-06-11,2026-06-30,83.0,CE,87750,0,0,7.94
2026-06-11,2026-06-30,83.0,PE,1235250,74250,81,0.6
2026-06-11,2026-06-30,84.0,CE,67500,0,16,5.93
2026-06-11,2026-06-30,84.0,PE,1586250,-290250,416,0.77
2026-06-11,2026-06-30,85.0,CE,1701000,33750,39,4.82
2026-06-11,2026-06-30,85.0,PE,6054750,-580500,885,1.0
2026-06-11,2026-06-30,86.0,CE,94500,-13500,43,4.35
2026-06-11,2026-06-30,86.0,PE,1194750,67500,158,1.24
2026-06-11,2026-06-30,87.0,CE,681750,81000,143,3.67
2026-06-11,2026-06-30,87.0,PE,1768500,33750,133,1.61
2026-06-11,2026-06-30,88.0,CE,1775250,560250,616,3.09
2026-06-11,2026-06-30,88.0,PE,1687500,-162000,762,2.02
2026-06-11,2026-06-30,89.0,CE,1741500,94500,466,2.53
2026-06-11,2026-06-30,89.0,PE,1431000,94500,302,2.52
2026-06-11,2026-06-30,90.0,CE,10138500,1599750,2170,2.15
2026-06-11,2026-06-30,90.0,PE,5751000,-681750,464,3.01
2026-06-11,2026-06-30,91.0,CE,2605500,-330750,269,1.76
2026-06-11,2026-06-30,91.0,PE,3300750,-33750,51,3.79
2026-06-11,2026-06-30,92.0,CE,5481000,-40500,628,1.43
2026-06-11,2026-06-30,92.0,PE,2814750,-40500,26,4.28
2026-06-11,2026-06-30,93.0,CE,4299750,-438750,265,1.17
2026-06-11,2026-06-30,93.0,PE,2018250,0,16,5.06
2026-06-11,2026-06-30,94.0,CE,2949750,-324000,239,0.99
2026-06-11,2026-06-30,94.0,PE,1215000,-6750,1,5.68
2026-06-11,2026-06-30,95.0,CE,14451750,-87750,987,0.84
2026-06-11,2026-06-30,95.0,PE,2902500,-6750,9,6.58
2026-06-11,2026-06-30,96.0,CE,6864750,-263250,382,0.7
2026-06-11,2026-06-30,96.0,PE,1566000,0,0,7.65
2026-06-11,2026-06-30,97.0,CE,5629500,-263250,303,0.57
2026-06-11,2026-06-30,97.0,PE,1323000,-27000,20,8.43
2026-06-11,2026-06-30,98.0,CE,3476250,-81000,277,0.49
2026-06-11,2026-06-30,98.0,PE,1363500,0,1,9.21
2026-06-11,2026-06-30,99.0,CE,5069250,27000,125,0.43
2026-06-11,2026-06-30,99.0,PE,229500,6750,2,10.16
2026-06-11,2026-06-30,100.0,CE,23274000,182250,709,0.38
2026-06-11,2026-06-30,100.0,PE,1404000,0,1,11.25
2026-06-11,2026-06-30,101.0,CE,1208250,-101250,83,0.33
2026-06-11,2026-06-30,101.0,PE,20250,0,0,8.99
2026-06-11,2026-06-30,102.0,CE,1761750,54000,143,0.28
2026-06-11,2026-06-30,102.0,PE,0,0,0,11.43
2026-06-11,2026-06-30,103.0,CE,702000,-101250,78,0.26
2026-06-11,2026-06-30,103.0,PE,13500,0,0,12.73
2026-06-11,2026-06-30,104.0,CE,1768500,162000,157,0.22
2026-06-11,2026-06-30,104.0,PE,27000,0,0,13.68
2026-06-11,2026-06-30,105.0,CE,3651750,-999000,465,0.19
2026-06-11,2026-06-30,105.0,PE,33750,0,0,14.5
2026-06-11,2026-06-30,106.0,CE,2524500,-67500,113,0.18
2026-06-11,2026-06-30,106.0,PE,114750,0,0,12.93
2026-06-11,2026-06-30,107.0,CE,101250,0,0,0.17
2026-06-11,2026-06-30,107.0,PE,0,0,0,16.42
2026-06-11,2026-06-30,108.0,CE,317250,0,8,0.14
2026-06-11,2026-06-30,108.0,PE,0,0,0,30.11
2026-06-11,2026-06-30,109.0,CE,0,0,0,1.11
2026-06-11,2026-06-30,109.0,PE,0,0,0,18.13
2026-06-11,2026-06-30,110.0,CE,2895750,0,13,0.12
2026-06-11,2026-06-30,110.0,PE,13500,0,0,13.37
2026-06-11,2026-07-28,74.0,CE,0,0,0,18.91
2026-06-11,2026-07-28,74.0,PE,0,0,0,0.95
2026-06-11,2026-07-28,75.0,CE,0,0,0,17.06
2026-06-11,2026-07-28,75.0,PE,0,0,0,0.62
2026-06-11,2026-07-28,76.0,CE,0,0,0,17.26
2026-06-11,2026-07-28,76.0,PE,47250,6750,5,0.57
2026-06-11,2026-07-28,77.0,CE,0,0,0,15.34
2026-06-11,2026-07-28,77.0,PE,27000,0,0,0.67
2026-06-11,2026-07-28,78.0,CE,0,0,0,15.68
2026-06-11,2026-07-28,78.0,PE,6750,0,0,0.88
2026-06-11,2026-07-28,79.0,CE,0,0,0,13.7
2026-06-11,2026-07-28,79.0,PE,20250,0,0,0.89
2026-06-11,2026-07-28,80.0,CE,202500,67500,11,9.99
2026-06-11,2026-07-28,80.0,PE,958500,222750,78,0.92
2026-06-11,2026-07-28,81.0,CE,0,0,0,12.15
2026-06-11,2026-07-28,81.0,PE,0,0,0,1.65
2026-06-11,2026-07-28,82.0,CE,0,0,0,12.75
2026-06-11,2026-07-28,82.0,PE,60750,60750,13,1.43
2026-06-11,2026-07-28,83.0,CE,0,0,0,10.7
2026-06-11,2026-07-28,83.0,PE,0,0,0,2.18
2026-06-11,2026-07-28,84.0,CE,0,0,0,11.41
2026-06-11,2026-07-28,84.0,PE,391500,391500,59,1.77
2026-06-11,2026-07-28,85.0,CE,175500,87750,26,6.55
2026-06-11,2026-07-28,85.0,PE,1471500,688500,208,2.12
2026-06-11,2026-07-28,86.0,CE,0,0,0,10.17
2026-06-11,2026-07-28,86.0,PE,20250,20250,3,2.49
2026-06-11,2026-07-28,87.0,CE,6750,0,0,6.53
2026-06-11,2026-07-28,87.0,PE,0,0,0,3.54
2026-06-11,2026-07-28,88.0,CE,33750,6750,1,5.5
2026-06-11,2026-07-28,88.0,PE,0,0,0,4.86
2026-06-11,2026-07-28,89.0,CE,13500,0,0,4.45
2026-06-11,2026-07-28,89.0,PE,0,0,0,4.39
2026-06-11,2026-07-28,90.0,CE,614250,236250,80,3.99
2026-06-11,2026-07-28,90.0,PE,648000,74250,27,4.25
2026-06-11,2026-07-28,91.0,CE,33750,27000,7,3.35
2026-06-11,2026-07-28,91.0,PE,6750,0,0,4.65
2026-06-11,2026-07-28,92.0,CE,0,0,0,7.0
2026-06-11,2026-07-28,92.0,PE,0,0,0,6.78
2026-06-11,2026-07-28,93.0,CE,20250,13500,3,2.6
2026-06-11,2026-07-28,93.0,PE,0,0,0,5.0
2026-06-11,2026-07-28,94.0,CE,27000,0,0,2.74
2026-06-11,2026-07-28,94.0,PE,0,0,0,7.87
2026-06-11,2026-07-28,95.0,CE,465750,101250,73,2.19
2026-06-11,2026-07-28,95.0,PE,60750,0,0,6.94
2026-06-11,2026-07-28,96.0,CE,128250,6750,4,2.08
2026-06-11,2026-07-28,96.0,PE,6750,0,0,7.0
2026-06-11,2026-07-28,97.0,CE,20250,0,0,2.05
2026-06-11,2026-07-28,97.0,PE,0,0,0,8.89
2026-06-11,2026-07-28,98.0,CE,27000,0,0,1.98
2026-06-11,2026-07-28,98.0,PE,0,0,0,10.31
2026-06-11,2026-07-28,99.0,CE,0,0,0,1.72
2026-06-11,2026-07-28,99.0,PE,0,0,0,10.26
2026-06-11,2026-07-28,100.0,CE,3861000,378000,187,1.3
2026-06-11,2026-07-28,100.0,PE,378000,-13500,2,11.85
2026-06-11,2026-07-28,101.0,CE,1687500,0,0,1.34
2026-06-11,2026-07-28,101.0,PE,182250,0,0,11.12
2026-06-11,2026-07-28,102.0,CE,2160000,0,1,1.09
2026-06-11,2026-07-28,102.0,PE,0,0,0,13.07
2026-06-11,2026-07-28,103.0,CE,1397250,0,15,0.98
2026-06-11,2026-07-28,103.0,PE,54000,0,0,13.51
2026-06-11,2026-07-28,104.0,CE,2652750,6750,1,0.75
2026-06-11,2026-07-28,104.0,PE,20250,0,0,13.72
2026-06-11,2026-07-28,105.0,CE,1869750,-20250,12,0.72
2026-06-11,2026-07-28,105.0,PE,0,0,0,14.87
2026-06-11,2026-07-28,106.0,CE,0,0,0,2.51
2026-06-11,2026-07-28,106.0,PE,20250,0,0,15.57
2026-06-11,2026-07-28,107.0,CE,0,0,0,1.31
2026-06-11,2026-07-28,107.0,PE,0,0,0,16.54
2026-06-11,2026-07-28,108.0,CE,0,0,0,2.13
2026-06-11,2026-07-28,108.0,PE,0,0,0,17.68
2026-06-11,2026-07-28,109.0,CE,0,0,0,1.05
2026-06-11,2026-07-28,109.0,PE,0,0,0,18.26
2026-06-11,2026-07-28,110.0,CE,425250,67500,32,0.48
2026-06-11,2026-07-28,110.0,PE,0,0,0,19.33
2026-06-11,2026-08-25,74.0,CE,0,0,0,18.7
2026-06-11,2026-08-25,74.0,PE,0,0,0,0.94
2026-06-11,2026-08-25,76.0,CE,0,0,0,17.05
2026-06-11,2026-08-25,76.0,PE,0,0,0,1.26
2026-06-11,2026-08-25,78.0,CE,0,0,0,15.47
2026-06-11,2026-08-25,78.0,PE,0,0,0,1.65
2026-06-11,2026-08-25,80.0,CE,0,0,0,13.97
2026-06-11,2026-08-25,80.0,PE,0,0,0,2.12
2026-06-11,2026-08-25,82.0,CE,0,0,0,12.55
2026-06-11,2026-08-25,82.0,PE,0,0,0,2.67
2026-06-11,2026-08-25,84.0,CE,0,0,0,11.21
2026-06-11,2026-08-25,84.0,PE,0,0,0,3.3
2026-06-11,2026-08-25,86.0,CE,0,0,0,9.98
2026-06-11,2026-08-25,86.0,PE,0,0,0,4.04
2026-06-11,2026-08-25,88.0,CE,0,0,0,8.83
2026-06-11,2026-08-25,88.0,PE,0,0,0,4.86
2026-06-11,2026-08-25,90.0,CE,0,0,0,7.78
2026-06-11,2026-08-25,90.0,PE,0,0,0,5.78
2026-06-11,2026-08-25,92.0,CE,0,0,0,6.82
2026-06-11,2026-08-25,92.0,PE,0,0,0,6.79
2026-06-11,2026-08-25,94.0,CE,0,0,0,5.96
2026-06-11,2026-08-25,94.0,PE,0,0,0,7.9
2026-06-11,2026-08-25,96.0,CE,0,0,0,5.17
2026-06-11,2026-08-25,96.0,PE,0,0,0,9.09
2026-06-11,2026-08-25,98.0,CE,0,0,0,4.48
2026-06-11,2026-08-25,98.0,PE,0,0,0,10.36
2026-06-11,2026-08-25,100.0,CE,6750,0,0,2.2
2026-06-11,2026-08-25,100.0,PE,0,0,0,11.71
2026-06-11,2026-08-25,102.0,CE,0,0,0,3.31
2026-06-11,2026-08-25,102.0,PE,0,0,0,13.13
2026-06-11,2026-08-25,104.0,CE,0,0,0,2.83
2026-06-11,2026-08-25,104.0,PE,0,0,0,14.62
2026-06-11,2026-08-25,106.0,CE,0,0,0,2.41
2026-06-11,2026-08-25,106.0,PE,0,0,0,16.17
2026-06-11,2026-08-25,108.0,CE,0,0,0,2.04
2026-06-11,2026-08-25,108.0,PE,0,0,0,17.77
2026-06-11,2026-08-25,110.0,CE,0,0,0,1.72
2026-06-11,2026-08-25,110.0,PE,0,0,0,19.43
2026-06-12,2026-06-30,74.0,CE,735750,0,2,17.18
2026-06-12,2026-06-30,74.0,PE,303750,0,3,0.05
2026-06-12,2026-06-30,75.0,CE,20250,0,0,15.0
2026-06-12,2026-06-30,75.0,PE,0,0,0,0.62
2026-06-12,2026-06-30,76.0,CE,108000,0,0,12.79
2026-06-12,2026-06-30,76.0,PE,405000,-6750,1,0.07
2026-06-12,2026-06-30,77.0,CE,0,0,0,15.55
2026-06-12,2026-06-30,77.0,PE,0,0,0,0.89
2026-06-12,2026-06-30,78.0,CE,33750,0,0,12.7
2026-06-12,2026-06-30,78.0,PE,877500,-67500,30,0.11
2026-06-12,2026-06-30,79.0,CE,0,0,0,13.91
2026-06-12,2026-06-30,79.0,PE,0,0,0,1.23
2026-06-12,2026-06-30,80.0,CE,978750,0,0,9.23
2026-06-12,2026-06-30,80.0,PE,4009500,-74250,107,0.16
2026-06-12,2026-06-30,81.0,CE,128250,0,0,7.94
2026-06-12,2026-06-30,81.0,PE,1120500,-6750,63,0.19
2026-06-12,2026-06-30,82.0,CE,108000,0,0,8.86
2026-06-12,2026-06-30,82.0,PE,729000,-40500,81,0.24
2026-06-12,2026-06-30,83.0,CE,87750,0,0,7.94
2026-06-12,2026-06-30,83.0,PE,924750,-310500,226,0.3
2026-06-12,2026-06-30,84.0,CE,67500,0,0,5.93
2026-06-12,2026-06-30,84.0,PE,1370250,-216000,144,0.38
2026-06-12,2026-06-30,85.0,CE,1768500,67500,37,6.83
2026-06-12,2026-06-30,85.0,PE,5872500,-182250,797,0.48
2026-06-12,2026-06-30,86.0,CE,94500,0,3,6.33
2026-06-12,2026-06-30,86.0,PE,958500,-236250,211,0.65
2026-06-12,2026-06-30,87.0,CE,567000,-114750,48,5.35
2026-06-12,2026-06-30,87.0,PE,1788750,20250,289,0.83
2026-06-12,2026-06-30,88.0,CE,1167750,-607500,341,4.64
2026-06-12,2026-06-30,88.0,PE,2031750,344250,569,1.04
2026-06-12,2026-06-30,89.0,CE,1289250,-452250,312,3.9
2026-06-12,2026-06-30,89.0,PE,1248750,-182250,505,1.35
2026-06-12,2026-06-30,90.0,CE,12028500,1890000,3051,3.3
2026-06-12,2026-06-30,90.0,PE,6405750,654750,884,1.76
2026-06-12,2026-06-30,91.0,CE,2146500,-459000,752,2.77
2026-06-12,2026-06-30,91.0,PE,3253500,-47250,83,2.28
2026-06-12,2026-06-30,92.0,CE,5346000,-135000,1639,2.29
2026-06-12,2026-06-30,92.0,PE,2733750,-81000,154,2.72
2026-06-12,2026-06-30,93.0,CE,4353750,54000,428,1.86
2026-06-12,2026-06-30,93.0,PE,1930500,-87750,130,3.31
2026-06-12,2026-06-30,94.0,CE,2889000,-60750,366,1.53
2026-06-12,2026-06-30,94.0,PE,1134000,-81000,42,3.99
2026-06-12,2026-06-30,95.0,CE,14748750,297000,1409,1.25
2026-06-12,2026-06-30,95.0,PE,2848500,-54000,91,4.64
2026-06-12,2026-06-30,96.0,CE,6540750,-324000,570,1.02
2026-06-12,2026-06-30,96.0,PE,1559250,-6750,1,5.11
2026-06-12,2026-06-30,97.0,CE,5548500,-81000,421,0.83
2026-06-12,2026-06-30,97.0,PE,1316250,-6750,5,6.11
2026-06-12,2026-06-30,98.0,CE,3361500,-114750,264,0.69
2026-06-12,2026-06-30,98.0,PE,1356750,-6750,2,7.85
2026-06-12,2026-06-30,99.0,CE,5096250,27000,82,0.55
2026-06-12,2026-06-30,99.0,PE,229500,0,0,10.16
2026-06-12,2026-06-30,100.0,CE,22970250,-303750,1252,0.47
2026-06-12,2026-06-30,100.0,PE,1363500,-40500,11,10.1
2026-06-12,2026-06-30,101.0,CE,1113750,-94500,60,0.41
2026-06-12,2026-06-30,101.0,PE,20250,0,0,8.99
2026-06-12,2026-06-30,102.0,CE,1944000,182250,196,0.36
2026-06-12,2026-06-30,102.0,PE,0,0,0,11.43
2026-06-12,2026-06-30,103.0,CE,702000,0,47,0.29
2026-06-12,2026-06-30,103.0,PE,13500,0,0,12.73
2026-06-12,2026-06-30,104.0,CE,1613250,-155250,263,0.25
2026-06-12,2026-06-30,104.0,PE,27000,0,0,13.68
2026-06-12,2026-06-30,105.0,CE,3408750,-243000,266,0.23
2026-06-12,2026-06-30,105.0,PE,33750,0,0,14.5
2026-06-12,2026-06-30,106.0,CE,2490750,-33750,116,0.19
2026-06-12,2026-06-30,106.0,PE,114750,0,0,12.93
2026-06-12,2026-06-30,107.0,CE,101250,0,0,0.17
2026-06-12,2026-06-30,107.0,PE,0,0,0,16.42
2026-06-12,2026-06-30,108.0,CE,324000,6750,2,0.17
2026-06-12,2026-06-30,108.0,PE,0,0,0,30.11
2026-06-12,2026-06-30,109.0,CE,0,0,0,1.11
2026-06-12,2026-06-30,109.0,PE,0,0,0,18.13
2026-06-12,2026-06-30,110.0,CE,2875500,-20250,47,0.13
2026-06-12,2026-06-30,110.0,PE,13500,0,0,13.37
2026-06-12,2026-07-28,74.0,CE,0,0,0,18.91
2026-06-12,2026-07-28,74.0,PE,0,0,0,0.95
2026-06-12,2026-07-28,75.0,CE,0,0,0,17.06
2026-06-12,2026-07-28,75.0,PE,0,0,0,0.62
2026-06-12,2026-07-28,76.0,CE,0,0,0,17.26
2026-06-12,2026-07-28,76.0,PE,47250,0,1,0.49
2026-06-12,2026-07-28,77.0,CE,0,0,0,15.34
2026-06-12,2026-07-28,77.0,PE,27000,0,0,0.67
2026-06-12,2026-07-28,78.0,CE,0,0,0,15.68
2026-06-12,2026-07-28,78.0,PE,6750,0,0,0.88
2026-06-12,2026-07-28,79.0,CE,0,0,0,13.7
2026-06-12,2026-07-28,79.0,PE,20250,0,0,0.89
2026-06-12,2026-07-28,80.0,CE,209250,6750,1,11.65
2026-06-12,2026-07-28,80.0,PE,803250,-155250,33,0.62
2026-06-12,2026-07-28,81.0,CE,0,0,0,12.15
2026-06-12,2026-07-28,81.0,PE,0,0,0,1.65
2026-06-12,2026-07-28,82.0,CE,0,0,0,12.75
2026-06-12,2026-07-28,82.0,PE,67500,6750,2,0.97
2026-06-12,2026-07-28,83.0,CE,0,0,0,10.7
2026-06-12,2026-07-28,83.0,PE,0,0,0,2.18
2026-06-12,2026-07-28,84.0,CE,0,0,0,11.41
2026-06-12,2026-07-28,84.0,PE,580500,189000,34,1.2
2026-06-12,2026-07-28,85.0,CE,175500,0,0,6.55
2026-06-12,2026-07-28,85.0,PE,1485000,13500,31,1.48
2026-06-12,2026-07-28,86.0,CE,0,0,0,10.17
2026-06-12,2026-07-28,86.0,PE,20250,0,0,2.49
2026-06-12,2026-07-28,87.0,CE,6750,0,0,6.53
2026-06-12,2026-07-28,87.0,PE,0,0,0,3.54
2026-06-12,2026-07-28,88.0,CE,33750,0,0,5.5
2026-06-12,2026-07-28,88.0,PE,0,0,0,4.86
2026-06-12,2026-07-28,89.0,CE,6750,-6750,1,5.5
2026-06-12,2026-07-28,89.0,PE,0,0,0,4.39
2026-06-12,2026-07-28,90.0,CE,769500,155250,34,5.08
2026-06-12,2026-07-28,90.0,PE,695250,47250,45,3.09
2026-06-12,2026-07-28,91.0,CE,60750,27000,11,4.69
2026-06-12,2026-07-28,91.0,PE,6750,0,0,4.65
2026-06-12,2026-07-28,92.0,CE,0,0,0,7.0
2026-06-12,2026-07-28,92.0,PE,0,0,0,6.78
2026-06-12,2026-07-28,93.0,CE,33750,13500,2,3.75
2026-06-12,2026-07-28,93.0,PE,0,0,0,5.0
2026-06-12,2026-07-28,94.0,CE,27000,0,0,2.74
2026-06-12,2026-07-28,94.0,PE,0,0,0,7.87
2026-06-12,2026-07-28,95.0,CE,560250,94500,85,2.94
2026-06-12,2026-07-28,95.0,PE,60750,0,0,6.94
2026-06-12,2026-07-28,96.0,CE,128250,0,1,2.08
2026-06-12,2026-07-28,96.0,PE,6750,0,0,7.0
2026-06-12,2026-07-28,97.0,CE,20250,0,0,2.05
2026-06-12,2026-07-28,97.0,PE,0,0,0,8.89
2026-06-12,2026-07-28,98.0,CE,27000,0,0,1.98
2026-06-12,2026-07-28,98.0,PE,0,0,0,10.31
2026-06-12,2026-07-28,99.0,CE,0,0,0,1.72
2026-06-12,2026-07-28,99.0,PE,0,0,0,10.26
2026-06-12,2026-07-28,100.0,CE,4016250,155250,159,1.57
2026-06-12,2026-07-28,100.0,PE,378000,0,10,9.35
2026-06-12,2026-07-28,101.0,CE,1687500,0,0,1.34
2026-06-12,2026-07-28,101.0,PE,182250,0,0,11.12
2026-06-12,2026-07-28,102.0,CE,2187000,27000,12,1.15
2026-06-12,2026-07-28,102.0,PE,0,0,0,13.07
2026-06-12,2026-07-28,103.0,CE,1451250,54000,24,1.15
2026-06-12,2026-07-28,103.0,PE,54000,0,0,13.51
2026-06-12,2026-07-28,104.0,CE,2666250,13500,39,1.02
2026-06-12,2026-07-28,104.0,PE,20250,0,3,13.88
2026-06-12,2026-07-28,105.0,CE,1842750,-27000,18,0.86
2026-06-12,2026-07-28,105.0,PE,0,0,0,14.87
2026-06-12,2026-07-28,106.0,CE,0,0,0,2.51
2026-06-12,2026-07-28,106.0,PE,20250,0,0,15.57
2026-06-12,2026-07-28,107.0,CE,0,0,0,1.31
2026-06-12,2026-07-28,107.0,PE,0,0,0,16.54
2026-06-12,2026-07-28,108.0,CE,0,0,0,2.13
2026-06-12,2026-07-28,108.0,PE,0,0,0,17.68
2026-06-12,2026-07-28,109.0,CE,13500,13500,29,0.57
2026-06-12,2026-07-28,109.0,PE,0,0,0,18.26
2026-06-12,2026-07-28,110.0,CE,364500,-60750,31,0.53
2026-06-12,2026-07-28,110.0,PE,0,0,0,19.33
2026-06-12,2026-08-25,74.0,CE,0,0,0,18.7
2026-06-12,2026-08-25,74.0,PE,0,0,0,0.94
2026-06-12,2026-08-25,76.0,CE,0,0,0,17.05
2026-06-12,2026-08-25,76.0,PE,0,0,0,1.26
2026-06-12,2026-08-25,78.0,CE,0,0,0,15.47
2026-06-12,2026-08-25,78.0,PE,0,0,0,1.65
2026-06-12,2026-08-25,80.0,CE,0,0,0,13.97
2026-06-12,2026-08-25,80.0,PE,0,0,0,2.12
2026-06-12,2026-08-25,82.0,CE,0,0,0,12.55
2026-06-12,2026-08-25,82.0,PE,0,0,0,2.67
2026-06-12,2026-08-25,84.0,CE,0,0,0,11.21
2026-06-12,2026-08-25,84.0,PE,0,0,0,3.3
2026-06-12,2026-08-25,86.0,CE,0,0,0,9.98
2026-06-12,2026-08-25,86.0,PE,0,0,0,4.04
2026-06-12,2026-08-25,88.0,CE,0,0,0,8.83
2026-06-12,2026-08-25,88.0,PE,0,0,0,4.86
2026-06-12,2026-08-25,90.0,CE,0,0,0,7.78
2026-06-12,2026-08-25,90.0,PE,0,0,0,5.78
2026-06-12,2026-08-25,92.0,CE,0,0,0,6.82
2026-06-12,2026-08-25,92.0,PE,0,0,0,6.79
2026-06-12,2026-08-25,94.0,CE,0,0,0,5.96
2026-06-12,2026-08-25,94.0,PE,0,0,0,7.9
2026-06-12,2026-08-25,96.0,CE,0,0,0,5.17
2026-06-12,2026-08-25,96.0,PE,0,0,0,9.09
2026-06-12,2026-08-25,98.0,CE,0,0,0,4.48
2026-06-12,2026-08-25,98.0,PE,0,0,0,10.36
2026-06-12,2026-08-25,100.0,CE,6750,0,0,2.2
2026-06-12,2026-08-25,100.0,PE,0,0,0,11.71
2026-06-12,2026-08-25,102.0,CE,0,0,0,3.31
2026-06-12,2026-08-25,102.0,PE,0,0,0,13.13
2026-06-12,2026-08-25,104.0,CE,0,0,0,2.83
2026-06-12,2026-08-25,104.0,PE,0,0,0,14.62
2026-06-12,2026-08-25,106.0,CE,0,0,0,2.41
2026-06-12,2026-08-25,106.0,PE,0,0,0,16.17
2026-06-12,2026-08-25,108.0,CE,0,0,0,2.04
2026-06-12,2026-08-25,108.0,PE,0,0,0,17.77
2026-06-12,2026-08-25,110.0,CE,0,0,0,1.72
2026-06-12,2026-08-25,110.0,PE,0,0,0,19.43
2026-06-15,2026-06-30,74.0,CE,735750,0,0,17.18
2026-06-15,2026-06-30,74.0,PE,310500,6750,1,0.1
2026-06-15,2026-06-30,75.0,CE,20250,0,0,15.0
2026-06-15,2026-06-30,75.0,PE,0,0,0,0.62
2026-06-15,2026-06-30,76.0,CE,108000,0,0,12.79
2026-06-15,2026-06-30,76.0,PE,405000,0,2,0.07
2026-06-15,2026-06-30,77.0,CE,0,0,0,15.55
2026-06-15,2026-06-30,77.0,PE,0,0,0,0.89
2026-06-15,2026-06-30,78.0,CE,33750,0,0,12.7
2026-06-15,2026-06-30,78.0,PE,870750,-6750,35,0.12
2026-06-15,2026-06-30,79.0,CE,0,0,0,13.91
2026-06-15,2026-06-30,79.0,PE,0,0,0,1.23
2026-06-15,2026-06-30,80.0,CE,945000,-33750,11,9.03
2026-06-15,2026-06-30,80.0,PE,4205250,195750,195,0.22
2026-06-15,2026-06-30,81.0,CE,128250,0,0,7.94
2026-06-15,2026-06-30,81.0,PE,1127250,6750,56,0.28
2026-06-15,2026-06-30,82.0,CE,108000,0,0,8.86
2026-06-15,2026-06-30,82.0,PE,776250,47250,75,0.38
2026-06-15,2026-06-30,83.0,CE,87750,0,0,7.94
2026-06-15,2026-06-30,83.0,PE,958500,33750,60,0.52
2026-06-15,2026-06-30,84.0,CE,74250,6750,1,5.6
2026-06-15,2026-06-30,84.0,PE,1282500,-87750,208,0.68
2026-06-15,2026-06-30,85.0,CE,1829250,60750,57,4.76
2026-06-15,2026-06-30,85.0,PE,5663250,-209250,481,0.91
2026-06-15,2026-06-30,86.0,CE,94500,0,0,6.33
2026-06-15,2026-06-30,86.0,PE,884250,-74250,173,1.19
2026-06-15,2026-06-30,87.0,CE,648000,81000,35,3.33
2026-06-15,2026-06-30,87.0,PE,1977750,189000,471,1.49
2026-06-15,2026-06-30,88.0,CE,1552500,384750,152,2.77
2026-06-15,2026-06-30,88.0,PE,2112750,81000,371,1.95
2026-06-15,2026-06-30,89.0,CE,2072250,783000,433,2.29
2026-06-15,2026-06-30,89.0,PE,1896750,648000,731,2.45
2026-06-15,2026-06-30,90.0,CE,13547250,1518750,3121,1.89
2026-06-15,2026-06-30,90.0,PE,6952500,546750,1350,2.97
2026-06-15,2026-06-30,91.0,CE,3010500,864000,909,1.54
2026-06-15,2026-06-30,91.0,PE,2274750,-978750,668,3.5
2026-06-15,2026-06-30,92.0,CE,6729750,1383750,1413,1.23
2026-06-15,2026-06-30,92.0,PE,2814750,81000,264,4.38
2026-06-15,2026-06-30,93.0,CE,4846500,492750,577,1.01
2026-06-15,2026-06-30,93.0,PE,1775250,-155250,174,5.19
2026-06-15,2026-06-30,94.0,CE,3233250,344250,774,0.83
2026-06-15,2026-06-30,94.0,PE,1073250,-60750,35,6.04
2026-06-15,2026-06-30,95.0,CE,17212500,2463750,1695,0.7
2026-06-15,2026-06-30,95.0,PE,2875500,27000,36,6.75
2026-06-15,2026-06-30,96.0,CE,7026750,486000,524,0.57
2026-06-15,2026-06-30,96.0,PE,1559250,0,0,5.11
2026-06-15,2026-06-30,97.0,CE,5190750,-357750,649,0.48
2026-06-15,2026-06-30,97.0,PE,1302750,-13500,5,7.72
2026-06-15,2026-06-30,98.0,CE,3476250,114750,202,0.41
2026-06-15,2026-06-30,98.0,PE,1296000,-60750,20,8.46
2026-06-15,2026-06-30,99.0,CE,5143500,47250,79,0.34
2026-06-15,2026-06-30,99.0,PE,229500,0,0,10.16
2026-06-15,2026-06-30,100.0,CE,24556500,1586250,1652,0.3
2026-06-15,2026-06-30,100.0,PE,1363500,0,7,10.75
2026-06-15,2026-06-30,101.0,CE,1134000,20250,48,0.26
2026-06-15,2026-06-30,101.0,PE,20250,0,0,8.99
2026-06-15,2026-06-30,102.0,CE,1849500,-94500,145,0.24
2026-06-15,2026-06-30,102.0,PE,0,0,0,11.43
2026-06-15,2026-06-30,103.0,CE,668250,-33750,35,0.2
2026-06-15,2026-06-30,103.0,PE,13500,0,0,12.73
2026-06-15,2026-06-30,104.0,CE,1620000,6750,83,0.17
2026-06-15,2026-06-30,104.0,PE,27000,0,0,13.68
2026-06-15,2026-06-30,105.0,CE,4029750,621000,267,0.16
2026-06-15,2026-06-30,105.0,PE,33750,0,0,14.5
2026-06-15,2026-06-30,106.0,CE,2025000,-465750,340,0.15
2026-06-15,2026-06-30,106.0,PE,114750,0,0,12.93
2026-06-15,2026-06-30,107.0,CE,101250,0,0,0.17
2026-06-15,2026-06-30,107.0,PE,0,0,0,16.42
2026-06-15,2026-06-30,108.0,CE,324000,0,0,0.17
2026-06-15,2026-06-30,108.0,PE,0,0,0,30.11
2026-06-15,2026-06-30,109.0,CE,0,0,0,1.11
2026-06-15,2026-06-30,109.0,PE,0,0,0,18.13
2026-06-15,2026-06-30,110.0,CE,2632500,-243000,198,0.1
2026-06-15,2026-06-30,110.0,PE,13500,0,0,13.37
2026-06-15,2026-07-28,74.0,CE,0,0,0,18.91
2026-06-15,2026-07-28,74.0,PE,0,0,0,0.95
2026-06-15,2026-07-28,75.0,CE,0,0,0,17.06
2026-06-15,2026-07-28,75.0,PE,6750,6750,1,0.4
2026-06-15,2026-07-28,76.0,CE,0,0,0,17.26
2026-06-15,2026-07-28,76.0,PE,33750,-13500,2,0.39
2026-06-15,2026-07-28,77.0,CE,0,0,0,15.34
2026-06-15,2026-07-28,77.0,PE,27000,0,0,0.67
2026-06-15,2026-07-28,78.0,CE,0,0,0,15.68
2026-06-15,2026-07-28,78.0,PE,6750,0,0,0.88
2026-06-15,2026-07-28,79.0,CE,0,0,0,13.7
2026-06-15,2026-07-28,79.0,PE,20250,0,0,0.89
2026-06-15,2026-07-28,80.0,CE,229500,20250,5,10.31
2026-06-15,2026-07-28,80.0,PE,1350000,546750,122,0.91
2026-06-15,2026-07-28,81.0,CE,0,0,0,12.15
2026-06-15,2026-07-28,81.0,PE,600750,600750,136,1.08
2026-06-15,2026-07-28,82.0,CE,0,0,0,12.75
2026-06-15,2026-07-28,82.0,PE,108000,40500,17,1.29
2026-06-15,2026-07-28,83.0,CE,0,0,0,10.7
2026-06-15,2026-07-28,83.0,PE,0,0,0,2.18
2026-06-15,2026-07-28,84.0,CE,0,0,0,11.41
2026-06-15,2026-07-28,84.0,PE,567000,-13500,9,1.8
2026-06-15,2026-07-28,85.0,CE,229500,54000,9,6.44
2026-06-15,2026-07-28,85.0,PE,1660500,175500,86,2.07
2026-06-15,2026-07-28,86.0,CE,0,0,0,10.17
2026-06-15,2026-07-28,86.0,PE,20250,0,0,2.49
2026-06-15,2026-07-28,87.0,CE,6750,0,0,6.53
2026-06-15,2026-07-28,87.0,PE,6750,6750,1,2.9
2026-06-15,2026-07-28,88.0,CE,54000,20250,4,4.77
2026-06-15,2026-07-28,88.0,PE,6750,6750,1,3.0
2026-06-15,2026-07-28,89.0,CE,6750,0,0,5.5
2026-06-15,2026-07-28,89.0,PE,0,0,0,4.39
2026-06-15,2026-07-28,90.0,CE,1424250,654750,148,3.76
2026-06-15,2026-07-28,90.0,PE,729000,33750,66,4.2
2026-06-15,2026-07-28,91.0,CE,121500,60750,18,3.33
2026-06-15,2026-07-28,91.0,PE,67500,60750,12,4.85
2026-06-15,2026-07-28,92.0,CE,6750,6750,1,3.54
2026-06-15,2026-07-28,92.0,PE,33750,33750,8,5.45
2026-06-15,2026-07-28,93.0,CE,33750,0,0,3.75
2026-06-15,2026-07-28,93.0,PE,13500,13500,2,4.42
2026-06-15,2026-07-28,94.0,CE,27000,0,0,2.74
2026-06-15,2026-07-28,94.0,PE,6750,6750,5,5.14
2026-06-15,2026-07-28,95.0,CE,1242000,681750,139,2.1
2026-06-15,2026-07-28,95.0,PE,74250,13500,2,7.24
2026-06-15,2026-07-28,96.0,CE,135000,6750,3,2.13
2026-06-15,2026-07-28,96.0,PE,27000,20250,11,7.3
2026-06-15,2026-07-28,97.0,CE,20250,0,0,2.05
2026-06-15,2026-07-28,97.0,PE,0,0,0,8.89
2026-06-15,2026-07-28,98.0,CE,67500,40500,8,1.46
2026-06-15,2026-07-28,98.0,PE,0,0,0,10.31
2026-06-15,2026-07-28,99.0,CE,6750,6750,1,1.5
2026-06-15,2026-07-28,99.0,PE,20250,20250,3,9.69
2026-06-15,2026-07-28,100.0,CE,5170500,1154250,361,1.18
2026-06-15,2026-07-28,100.0,PE,344250,-33750,9,11.45
2026-06-15,2026-07-28,101.0,CE,1687500,0,1,1.31
2026-06-15,2026-07-28,101.0,PE,182250,0,3,12.09
2026-06-15,2026-07-28,102.0,CE,2193750,6750,46,0.9
2026-06-15,2026-07-28,102.0,PE,0,0,0,13.07
2026-06-15,2026-07-28,103.0,CE,1451250,0,25,0.81
2026-06-15,2026-07-28,103.0,PE,54000,0,0,13.51
2026-06-15,2026-07-28,104.0,CE,2632500,-33750,11,0.8
2026-06-15,2026-07-28,104.0,PE,20250,0,0,13.88
2026-06-15,2026-07-28,105.0,CE,1674000,-168750,57,0.66
2026-06-15,2026-07-28,105.0,PE,0,0,0,14.87
2026-06-15,2026-07-28,106.0,CE,0,0,0,2.51
2026-06-15,2026-07-28,106.0,PE,20250,0,1,16.53
2026-06-15,2026-07-28,107.0,CE,0,0,0,1.31
2026-06-15,2026-07-28,107.0,PE,0,0,0,16.54
2026-06-15,2026-07-28,108.0,CE,54000,54000,89,0.52
2026-06-15,2026-07-28,108.0,PE,0,0,0,17.68
2026-06-15,2026-07-28,109.0,CE,13500,0,21,0.46
2026-06-15,2026-07-28,109.0,PE,0,0,0,18.26
2026-06-15,2026-07-28,110.0,CE,479250,114750,39,0.42
2026-06-15,2026-07-28,110.0,PE,13500,13500,2,20.0
2026-06-15,2026-08-25,74.0,CE,0,0,0,18.7
2026-06-15,2026-08-25,74.0,PE,0,0,0,0.94
2026-06-15,2026-08-25,76.0,CE,0,0,0,17.05
2026-06-15,2026-08-25,76.0,PE,0,0,0,1.26
2026-06-15,2026-08-25,78.0,CE,0,0,0,15.47
2026-06-15,2026-08-25,78.0,PE,0,0,0,1.65
2026-06-15,2026-08-25,80.0,CE,0,0,0,13.97
2026-06-15,2026-08-25,80.0,PE,0,0,0,2.12
2026-06-15,2026-08-25,82.0,CE,0,0,0,12.55
2026-06-15,2026-08-25,82.0,PE,0,0,0,2.67
2026-06-15,2026-08-25,84.0,CE,0,0,0,11.21
2026-06-15,2026-08-25,84.0,PE,0,0,0,3.3
2026-06-15,2026-08-25,86.0,CE,0,0,0,9.98
2026-06-15,2026-08-25,86.0,PE,0,0,0,4.04
2026-06-15,2026-08-25,88.0,CE,0,0,0,8.83
2026-06-15,2026-08-25,88.0,PE,0,0,0,4.86
2026-06-15,2026-08-25,90.0,CE,0,0,0,7.78
2026-06-15,2026-08-25,90.0,PE,0,0,0,5.78
2026-06-15,2026-08-25,92.0,CE,0,0,0,6.82
2026-06-15,2026-08-25,92.0,PE,0,0,0,6.79
2026-06-15,2026-08-25,94.0,CE,0,0,0,5.96
2026-06-15,2026-08-25,94.0,PE,0,0,0,7.9
2026-06-15,2026-08-25,96.0,CE,0,0,0,5.17
2026-06-15,2026-08-25,96.0,PE,0,0,0,9.09
2026-06-15,2026-08-25,98.0,CE,0,0,0,4.48
2026-06-15,2026-08-25,98.0,PE,0,0,0,10.36
2026-06-15,2026-08-25,100.0,CE,6750,0,0,2.2
2026-06-15,2026-08-25,100.0,PE,0,0,0,11.71
2026-06-15,2026-08-25,102.0,CE,0,0,0,3.31
2026-06-15,2026-08-25,102.0,PE,0,0,0,13.13
2026-06-15,2026-08-25,104.0,CE,0,0,0,2.83
2026-06-15,2026-08-25,104.0,PE,0,0,0,14.62
2026-06-15,2026-08-25,106.0,CE,0,0,0,2.41
2026-06-15,2026-08-25,106.0,PE,0,0,0,16.17
2026-06-15,2026-08-25,108.0,CE,0,0,0,2.04
2026-06-15,2026-08-25,108.0,PE,0,0,0,17.77
2026-06-15,2026-08-25,110.0,CE,0,0,0,1.72
2026-06-15,2026-08-25,110.0,PE,0,0,0,19.43
2026-06-16,2026-06-30,74.0,CE,729000,-6750,1,14.25
2026-06-16,2026-06-30,74.0,PE,317250,6750,1,0.09
2026-06-16,2026-06-30,75.0,CE,20250,0,0,15.0
2026-06-16,2026-06-30,75.0,PE,0,0,0,0.62
2026-06-16,2026-06-30,76.0,CE,87750,-20250,3,12.28
2026-06-16,2026-06-30,76.0,PE,398250,-6750,2,0.04
2026-06-16,2026-06-30,77.0,CE,0,0,0,15.55
2026-06-16,2026-06-30,77.0,PE,0,0,0,0.89
2026-06-16,2026-06-30,78.0,CE,33750,0,0,12.7
2026-06-16,2026-06-30,78.0,PE,857250,-13500,54,0.11
2026-06-16,2026-06-30,79.0,CE,0,0,0,13.91
2026-06-16,2026-06-30,79.0,PE,0,0,0,1.23
2026-06-16,2026-06-30,80.0,CE,938250,-6750,27,8.59
2026-06-16,2026-06-30,80.0,PE,4205250,0,196,0.2
2026-06-16,2026-06-30,81.0,CE,101250,-27000,5,7.57
2026-06-16,2026-06-30,81.0,PE,1154250,27000,122,0.27
2026-06-16,2026-06-30,82.0,CE,108000,0,0,8.86
2026-06-16,2026-06-30,82.0,PE,2558250,1782000,544,0.36
2026-06-16,2026-06-30,83.0,CE,94500,6750,10,5.59
2026-06-16,2026-06-30,83.0,PE,1073250,114750,205,0.47
2026-06-16,2026-06-30,84.0,CE,74250,0,0,5.6
2026-06-16,2026-06-30,84.0,PE,1296000,13500,165,0.62
2026-06-16,2026-06-30,85.0,CE,1748250,-81000,119,4.32
2026-06-16,2026-06-30,85.0,PE,5899500,236250,864,0.83
2026-06-16,2026-06-30,86.0,CE,101250,6750,2,3.65
2026-06-16,2026-06-30,86.0,PE,1019250,135000,171,1.11
2026-06-16,2026-06-30,87.0,CE,1100250,452250,260,2.89
2026-06-16,2026-06-30,87.0,PE,2220750,243000,401,1.45
2026-06-16,2026-06-30,88.0,CE,2943000,1390500,982,2.33
2026-06-16,2026-06-30,88.0,PE,1991250,-121500,733,1.9
2026-06-16,2026-06-30,89.0,CE,2200500,128250,917,1.83
2026-06-16,2026-06-30,89.0,PE,2004750,108000,425,2.43
2026-06-16,2026-06-30,90.0,CE,15599250,2052000,2520,1.51
2026-06-16,2026-06-30,90.0,PE,6311250,-641250,378,3.08
2026-06-16,2026-06-30,91.0,CE,3381750,371250,858,1.22
2026-06-16,2026-06-30,91.0,PE,1991250,-283500,113,3.74
2026-06-16,2026-06-30,92.0,CE,6615000,-114750,1391,0.97
2026-06-16,2026-06-30,92.0,PE,2747250,-67500,17,5.24
2026-06-16,2026-06-30,93.0,CE,4596750,-249750,452,0.78
2026-06-16,2026-06-30,93.0,PE,1775250,0,1,5.75
2026-06-16,2026-06-30,94.0,CE,3132000,-101250,475,0.63
2026-06-16,2026-06-30,94.0,PE,1059750,-13500,12,6.2
2026-06-16,2026-06-30,95.0,CE,17158500,-54000,949,0.53
2026-06-16,2026-06-30,95.0,PE,2868750,-6750,2,7.41
2026-06-16,2026-06-30,96.0,CE,7195500,168750,435,0.43
2026-06-16,2026-06-30,96.0,PE,1559250,0,2,8.5
2026-06-16,2026-06-30,97.0,CE,5042250,-148500,362,0.36
2026-06-16,2026-06-30,97.0,PE,1302750,0,0,7.72
2026-06-16,2026-06-30,98.0,CE,3570750,94500,557,0.32
2026-06-16,2026-06-30,98.0,PE,1329750,33750,10,9.79
2026-06-16,2026-06-30,99.0,CE,5481000,337500,243,0.26
2026-06-16,2026-06-30,99.0,PE,229500,0,0,10.16
2026-06-16,2026-06-30,100.0,CE,25029000,472500,3653,0.24
2026-06-16,2026-06-30,100.0,PE,1356750,-6750,6,12.28
2026-06-16,2026-06-30,101.0,CE,1262250,128250,175,0.22
2026-06-16,2026-06-30,101.0,PE,20250,0,0,8.99
2026-06-16,2026-06-30,102.0,CE,1775250,-74250,131,0.19
2026-06-16,2026-06-30,102.0,PE,0,0,0,11.43
2026-06-16,2026-06-30,103.0,CE,472500,-195750,122,0.18
2026-06-16,2026-06-30,103.0,PE,13500,0,0,12.73
2026-06-16,2026-06-30,104.0,CE,1242000,-378000,222,0.16
2026-06-16,2026-06-30,104.0,PE,27000,0,0,13.68
2026-06-16,2026-06-30,105.0,CE,2929500,-1100250,273,0.14
2026-06-16,2026-06-30,105.0,PE,40500,6750,2,16.67
2026-06-16,2026-06-30,106.0,CE,1957500,-67500,114,0.14
2026-06-16,2026-06-30,106.0,PE,114750,0,0,12.93
2026-06-16,2026-06-30,107.0,CE,101250,0,0,0.17
2026-06-16,2026-06-30,107.0,PE,0,0,0,16.42
2026-06-16,2026-06-30,108.0,CE,297000,-27000,4,0.12
2026-06-16,2026-06-30,108.0,PE,0,0,0,30.11
2026-06-16,2026-06-30,109.0,CE,0,0,0,1.11
2026-06-16,2026-06-30,109.0,PE,0,0,0,18.13
2026-06-16,2026-06-30,110.0,CE,2268000,-364500,100,0.1
2026-06-16,2026-06-30,110.0,PE,13500,0,0,13.37
2026-06-16,2026-07-28,74.0,CE,0,0,0,18.91
2026-06-16,2026-07-28,74.0,PE,0,0,0,0.95
2026-06-16,2026-07-28,75.0,CE,0,0,0,17.06
2026-06-16,2026-07-28,75.0,PE,6750,0,0,0.4
2026-06-16,2026-07-28,76.0,CE,0,0,0,17.26
2026-06-16,2026-07-28,76.0,PE,33750,0,1,0.46
2026-06-16,2026-07-28,77.0,CE,0,0,0,15.34
2026-06-16,2026-07-28,77.0,PE,81000,54000,19,0.57
2026-06-16,2026-07-28,78.0,CE,0,0,0,15.68
2026-06-16,2026-07-28,78.0,PE,0,-6750,1,0.69
2026-06-16,2026-07-28,79.0,CE,0,0,0,13.7
2026-06-16,2026-07-28,79.0,PE,20250,0,2,0.87
2026-06-16,2026-07-28,80.0,CE,492750,263250,44,9.85
2026-06-16,2026-07-28,80.0,PE,1437750,87750,26,0.85
2026-06-16,2026-07-28,81.0,CE,0,0,0,12.15
2026-06-16,2026-07-28,81.0,PE,627750,27000,4,1.06
2026-06-16,2026-07-28,82.0,CE,0,0,0,12.75
2026-06-16,2026-07-28,82.0,PE,101250,-6750,5,1.23
2026-06-16,2026-07-28,83.0,CE,0,0,0,10.7
2026-06-16,2026-07-28,83.0,PE,0,0,0,2.18
2026-06-16,2026-07-28,84.0,CE,0,0,0,11.41
2026-06-16,2026-07-28,84.0,PE,1174500,607500,142,1.73
2026-06-16,2026-07-28,85.0,CE,324000,94500,19,6.13
2026-06-16,2026-07-28,85.0,PE,2004750,344250,164,2.04
2026-06-16,2026-07-28,86.0,CE,0,0,0,10.17
2026-06-16,2026-07-28,86.0,PE,27000,6750,1,2.4
2026-06-16,2026-07-28,87.0,CE,6750,0,0,6.53
2026-06-16,2026-07-28,87.0,PE,27000,20250,4,3.25
2026-06-16,2026-07-28,88.0,CE,67500,13500,13,4.3
2026-06-16,2026-07-28,88.0,PE,20250,13500,2,3.38
2026-06-16,2026-07-28,89.0,CE,6750,0,0,5.5
2026-06-16,2026-07-28,89.0,PE,0,0,0,4.39
2026-06-16,2026-07-28,90.0,CE,2106000,681750,163,3.37
2026-06-16,2026-07-28,90.0,PE,749250,20250,69,4.27
2026-06-16,2026-07-28,91.0,CE,148500,27000,8,2.85
2026-06-16,2026-07-28,91.0,PE,67500,0,0,4.85
2026-06-16,2026-07-28,92.0,CE,6750,0,0,3.54
2026-06-16,2026-07-28,92.0,PE,33750,0,0,5.45
2026-06-16,2026-07-28,93.0,CE,40500,6750,5,2.22
2026-06-16,2026-07-28,93.0,PE,20250,6750,1,6.6
2026-06-16,2026-07-28,94.0,CE,27000,0,0,2.74
2026-06-16,2026-07-28,94.0,PE,6750,0,0,5.14
2026-06-16,2026-07-28,95.0,CE,1383750,141750,96,1.79
2026-06-16,2026-07-28,95.0,PE,94500,20250,4,7.75
2026-06-16,2026-07-28,96.0,CE,135000,0,0,2.13
2026-06-16,2026-07-28,96.0,PE,27000,0,0,7.3
2026-06-16,2026-07-28,97.0,CE,20250,0,0,2.05
2026-06-16,2026-07-28,97.0,PE,0,0,0,8.89
2026-06-16,2026-07-28,98.0,CE,81000,13500,2,1.33
2026-06-16,2026-07-28,98.0,PE,0,0,0,10.31
2026-06-16,2026-07-28,99.0,CE,6750,0,0,1.5
2026-06-16,2026-07-28,99.0,PE,20250,0,0,9.69
2026-06-16,2026-07-28,100.0,CE,6223500,1053000,391,0.97
2026-06-16,2026-07-28,100.0,PE,384750,40500,11,12.5
2026-06-16,2026-07-28,101.0,CE,1687500,0,0,1.31
2026-06-16,2026-07-28,101.0,PE,182250,0,2,13.0
2026-06-16,2026-07-28,102.0,CE,2187000,-6750,11,0.8
2026-06-16,2026-07-28,102.0,PE,0,0,0,13.07
2026-06-16,2026-07-28,103.0,CE,1451250,0,14,0.67
2026-06-16,2026-07-28,103.0,PE,54000,0,0,13.51
2026-06-16,2026-07-28,104.0,CE,2632500,0,20,0.57
2026-06-16,2026-07-28,104.0,PE,20250,0,0,13.88
2026-06-16,2026-07-28,105.0,CE,1640250,-33750,127,0.55
2026-06-16,2026-07-28,105.0,PE,0,0,0,14.87
2026-06-16,2026-07-28,106.0,CE,148500,148500,89,0.5
2026-06-16,2026-07-28,106.0,PE,20250,0,0,16.53
2026-06-16,2026-07-28,107.0,CE,20250,20250,3,0.45
2026-06-16,2026-07-28,107.0,PE,0,0,0,16.54
2026-06-16,2026-07-28,108.0,CE,54000,0,0,0.52
2026-06-16,2026-07-28,108.0,PE,0,0,0,17.68
2026-06-16,2026-07-28,109.0,CE,13500,0,0,0.46
2026-06-16,2026-07-28,109.0,PE,0,0,0,18.26
2026-06-16,2026-07-28,110.0,CE,479250,0,0,0.42
2026-06-16,2026-07-28,110.0,PE,13500,0,0,20.0
2026-06-16,2026-08-25,74.0,CE,0,0,0,18.7
2026-06-16,2026-08-25,74.0,PE,0,0,0,0.94
2026-06-16,2026-08-25,76.0,CE,0,0,0,17.05
2026-06-16,2026-08-25,76.0,PE,0,0,0,1.26
2026-06-16,2026-08-25,78.0,CE,0,0,0,15.47
2026-06-16,2026-08-25,78.0,PE,0,0,0,1.65
2026-06-16,2026-08-25,80.0,CE,0,0,0,13.97
2026-06-16,2026-08-25,80.0,PE,0,0,0,2.12
2026-06-16,2026-08-25,82.0,CE,0,0,0,12.55
2026-06-16,2026-08-25,82.0,PE,0,0,0,2.67
2026-06-16,2026-08-25,84.0,CE,0,0,0,11.21
2026-06-16,2026-08-25,84.0,PE,0,0,0,3.3
2026-06-16,2026-08-25,86.0,CE,0,0,0,9.98
2026-06-16,2026-08-25,86.0,PE,0,0,0,4.04
2026-06-16,2026-08-25,88.0,CE,0,0,0,8.83
2026-06-16,2026-08-25,88.0,PE,0,0,0,4.86
2026-06-16,2026-08-25,90.0,CE,0,0,0,7.78
2026-06-16,2026-08-25,90.0,PE,0,0,0,5.78
2026-06-16,2026-08-25,92.0,CE,0,0,0,6.82
2026-06-16,2026-08-25,92.0,PE,0,0,0,6.79
2026-06-16,2026-08-25,94.0,CE,0,0,0,5.96
2026-06-16,2026-08-25,94.0,PE,0,0,0,7.9
2026-06-16,2026-08-25,96.0,CE,0,0,0,5.17
2026-06-16,2026-08-25,96.0,PE,0,0,0,9.09
2026-06-16,2026-08-25,98.0,CE,0,0,0,4.48
2026-06-16,2026-08-25,98.0,PE,0,0,0,10.36
2026-06-16,2026-08-25,100.0,CE,6750,0,0,2.2
2026-06-16,2026-08-25,100.0,PE,0,0,0,11.71
2026-06-16,2026-08-25,102.0,CE,0,0,0,3.31
2026-06-16,2026-08-25,102.0,PE,0,0,0,13.13
2026-06-16,2026-08-25,104.0,CE,0,0,0,2.83
2026-06-16,2026-08-25,104.0,PE,0,0,0,14.62
2026-06-16,2026-08-25,106.0,CE,0,0,0,2.41
2026-06-16,2026-08-25,106.0,PE,0,0,0,16.17
2026-06-16,2026-08-25,108.0,CE,0,0,0,2.04
2026-06-16,2026-08-25,108.0,PE,0,0,0,17.77
2026-06-16,2026-08-25,110.0,CE,0,0,0,1.72
2026-06-16,2026-08-25,110.0,PE,0,0,0,19.43
2026-06-17,2026-06-30,74.0,CE,729000,0,0,14.25
2026-06-17,2026-06-30,74.0,PE,317250,0,1,0.05
2026-06-17,2026-06-30,75.0,CE,20250,0,0,15.0
2026-06-17,2026-06-30,75.0,PE,0,0,0,0.62
2026-06-17,2026-06-30,76.0,CE,87750,0,0,12.28
2026-06-17,2026-06-30,76.0,PE,398250,0,1,0.05
2026-06-17,2026-06-30,77.0,CE,0,0,0,15.55
2026-06-17,2026-06-30,77.0,PE,0,0,0,0.89
2026-06-17,2026-06-30,78.0,CE,33750,0,0,12.7
2026-06-17,2026-06-30,78.0,PE,864000,6750,9,0.11
2026-06-17,2026-06-30,79.0,CE,0,0,0,13.91
2026-06-17,2026-06-30,79.0,PE,0,0,0,1.23
2026-06-17,2026-06-30,80.0,CE,891000,-47250,23,8.53
2026-06-17,2026-06-30,80.0,PE,4131000,-74250,258,0.19
2026-06-17,2026-06-30,81.0,CE,81000,-20250,4,7.74
2026-06-17,2026-06-30,81.0,PE,1215000,60750,89,0.24
2026-06-17,2026-06-30,82.0,CE,108000,0,0,8.86
2026-06-17,2026-06-30,82.0,PE,2517750,-40500,225,0.32
2026-06-17,2026-06-30,83.0,CE,101250,6750,6,5.94
2026-06-17,2026-06-30,83.0,PE,1032750,-40500,245,0.44
2026-06-17,2026-06-30,84.0,CE,108000,33750,7,4.92
2026-06-17,2026-06-30,84.0,PE,1397250,101250,89,0.6
2026-06-17,2026-06-30,85.0,CE,1761750,13500,23,4.21
2026-06-17,2026-06-30,85.0,PE,6210000,310500,562,0.8
2026-06-17,2026-06-30,86.0,CE,162000,60750,41,3.44
2026-06-17,2026-06-30,86.0,PE,1120500,101250,114,1.08
2026-06-17,2026-06-30,87.0,CE,1329750,229500,174,2.82
2026-06-17,2026-06-30,87.0,PE,2146500,-74250,225,1.43
2026-06-17,2026-06-30,88.0,CE,3570750,627750,878,2.29
2026-06-17,2026-06-30,88.0,PE,2382750,391500,618,1.88
2026-06-17,2026-06-30,89.0,CE,2544750,344250,1112,1.82
2026-06-17,2026-06-30,89.0,PE,2200500,195750,293,2.39
2026-06-17,2026-06-30,90.0,CE,17010000,1410750,2606,1.44
2026-06-17,2026-06-30,90.0,PE,6338250,27000,172,3.0
2026-06-17,2026-06-30,91.0,CE,3557250,175500,801,1.13
2026-06-17,2026-06-30,91.0,PE,2004750,13500,43,3.74
2026-06-17,2026-06-30,92.0,CE,6723000,108000,1146,0.89
2026-06-17,2026-06-30,92.0,PE,2686500,-60750,17,4.42
2026-06-17,2026-06-30,93.0,CE,4806000,209250,698,0.72
2026-06-17,2026-06-30,93.0,PE,1761750,-13500,2,5.14
2026-06-17,2026-06-30,94.0,CE,3638250,506250,361,0.58
2026-06-17,2026-06-30,94.0,PE,1046250,-13500,6,5.9
2026-06-17,2026-06-30,95.0,CE,16834500,-324000,750,0.48
2026-06-17,2026-06-30,95.0,PE,2862000,-6750,6,6.97
2026-06-17,2026-06-30,96.0,CE,7107750,-87750,327,0.4
2026-06-17,2026-06-30,96.0,PE,1552500,-6750,1,8.0
2026-06-17,2026-06-30,97.0,CE,5062500,20250,193,0.34
2026-06-17,2026-06-30,97.0,PE,1296000,-6750,1,8.95
2026-06-17,2026-06-30,98.0,CE,3658500,87750,165,0.29
2026-06-17,2026-06-30,98.0,PE,1323000,-6750,1,9.73
2026-06-17,2026-06-30,99.0,CE,5447250,-33750,194,0.24
2026-06-17,2026-06-30,99.0,PE,229500,0,0,10.16
2026-06-17,2026-06-30,100.0,CE,26372250,1343250,1198,0.22
2026-06-17,2026-06-30,100.0,PE,1350000,-6750,7,11.7
2026-06-17,2026-06-30,101.0,CE,1242000,-20250,18,0.19
2026-06-17,2026-06-30,101.0,PE,20250,0,0,8.99
2026-06-17,2026-06-30,102.0,CE,1795500,20250,37,0.18
2026-06-17,2026-06-30,102.0,PE,0,0,0,11.43
2026-06-17,2026-06-30,103.0,CE,499500,27000,47,0.16
2026-06-17,2026-06-30,103.0,PE,13500,0,0,12.73
2026-06-17,2026-06-30,104.0,CE,1073250,-168750,119,0.14
2026-06-17,2026-06-30,104.0,PE,27000,0,0,13.68
2026-06-17,2026-06-30,105.0,CE,2774250,-155250,105,0.13
2026-06-17,2026-06-30,105.0,PE,40500,0,0,16.67
2026-06-17,2026-06-30,106.0,CE,1930500,-27000,29,0.12
2026-06-17,2026-06-30,106.0,PE,114750,0,0,12.93
2026-06-17,2026-06-30,107.0,CE,121500,20250,4,0.13
2026-06-17,2026-06-30,107.0,PE,0,0,0,16.42
2026-06-17,2026-06-30,108.0,CE,276750,-20250,3,0.11
2026-06-17,2026-06-30,108.0,PE,0,0,0,30.11
2026-06-17,2026-06-30,109.0,CE,0,0,0,1.11
2026-06-17,2026-06-30,109.0,PE,0,0,0,18.13
2026-06-17,2026-06-30,110.0,CE,1802250,-465750,114,0.09
2026-06-17,2026-06-30,110.0,PE,27000,13500,3,21.67
2026-06-17,2026-07-28,74.0,CE,0,0,0,18.91
2026-06-17,2026-07-28,74.0,PE,0,0,0,0.95
2026-06-17,2026-07-28,75.0,CE,0,0,0,17.06
2026-06-17,2026-07-28,75.0,PE,6750,0,0,0.4
2026-06-17,2026-07-28,76.0,CE,0,0,0,17.26
2026-06-17,2026-07-28,76.0,PE,33750,0,0,0.46
2026-06-17,2026-07-28,77.0,CE,0,0,0,15.34
2026-06-17,2026-07-28,77.0,PE,81000,0,0,0.57
2026-06-17,2026-07-28,78.0,CE,0,0,0,15.68
2026-06-17,2026-07-28,78.0,PE,0,0,0,0.69
2026-06-17,2026-07-28,79.0,CE,0,0,0,13.7
2026-06-17,2026-07-28,79.0,PE,33750,13500,4,0.71
2026-06-17,2026-07-28,80.0,CE,546750,54000,9,9.85
2026-06-17,2026-07-28,80.0,PE,1525500,87750,20,0.82
2026-06-17,2026-07-28,81.0,CE,0,0,0,12.15
2026-06-17,2026-07-28,81.0,PE,1039500,411750,83,1.0
2026-06-17,2026-07-28,82.0,CE,0,0,0,12.75
2026-06-17,2026-07-28,82.0,PE,216000,114750,20,1.26
2026-06-17,2026-07-28,83.0,CE,0,0,0,10.7
2026-06-17,2026-07-28,83.0,PE,47250,47250,7,1.53
2026-06-17,2026-07-28,84.0,CE,0,0,0,11.41
2026-06-17,2026-07-28,84.0,PE,1377000,202500,54,1.69
2026-06-17,2026-07-28,85.0,CE,330750,6750,2,6.0
2026-06-17,2026-07-28,85.0,PE,2011500,6750,15,2.01
2026-06-17,2026-07-28,86.0,CE,0,0,0,10.17
2026-06-17,2026-07-28,86.0,PE,54000,27000,5,2.3
2026-06-17,2026-07-28,87.0,CE,13500,6750,2,4.8
2026-06-17,2026-07-28,87.0,PE,33750,6750,4,2.72
2026-06-17,2026-07-28,88.0,CE,135000,67500,17,4.28
2026-06-17,2026-07-28,88.0,PE,13500,-6750,7,3.28
2026-06-17,2026-07-28,89.0,CE,6750,0,0,5.5
2026-06-17,2026-07-28,89.0,PE,0,0,0,4.39
2026-06-17,2026-07-28,90.0,CE,2362500,256500,148,3.35
2026-06-17,2026-07-28,90.0,PE,769500,20250,10,4.36
2026-06-17,2026-07-28,91.0,CE,189000,40500,10,3.0
2026-06-17,2026-07-28,91.0,PE,67500,0,0,4.85
2026-06-17,2026-07-28,92.0,CE,94500,87750,16,2.66
2026-06-17,2026-07-28,92.0,PE,60750,27000,5,5.53
2026-06-17,2026-07-28,93.0,CE,47250,6750,2,2.31
2026-06-17,2026-07-28,93.0,PE,20250,0,0,6.6
2026-06-17,2026-07-28,94.0,CE,27000,0,2,2.07
2026-06-17,2026-07-28,94.0,PE,6750,0,0,5.14
2026-06-17,2026-07-28,95.0,CE,1640250,256500,73,1.78
2026-06-17,2026-07-28,95.0,PE,94500,0,0,7.75
2026-06-17,2026-07-28,96.0,CE,135000,0,0,2.13
2026-06-17,2026-07-28,96.0,PE,27000,0,0,7.3
2026-06-17,2026-07-28,97.0,CE,20250,0,0,2.05
2026-06-17,2026-07-28,97.0,PE,0,0,0,8.89
2026-06-17,2026-07-28,98.0,CE,168750,87750,24,1.22
2026-06-17,2026-07-28,98.0,PE,0,0,0,10.31
2026-06-17,2026-07-28,99.0,CE,256500,249750,43,1.07
2026-06-17,2026-07-28,99.0,PE,20250,0,0,9.69
2026-06-17,2026-07-28,100.0,CE,6466500,243000,141,0.96
2026-06-17,2026-07-28,100.0,PE,398250,13500,10,11.71
2026-06-17,2026-07-28,101.0,CE,1687500,0,0,1.31
2026-06-17,2026-07-28,101.0,PE,182250,0,0,13.0
2026-06-17,2026-07-28,102.0,CE,2187000,0,36,0.74
2026-06-17,2026-07-28,102.0,PE,0,0,0,13.07
2026-06-17,2026-07-28,103.0,CE,1451250,0,6,0.65
2026-06-17,2026-07-28,103.0,PE,54000,0,0,13.51
2026-06-17,2026-07-28,104.0,CE,2565000,-67500,18,0.58
2026-06-17,2026-07-28,104.0,PE,20250,0,0,13.88
2026-06-17,2026-07-28,105.0,CE,1822500,182250,96,0.53
2026-06-17,2026-07-28,105.0,PE,0,0,0,14.87
2026-06-17,2026-07-28,106.0,CE,263250,114750,71,0.49
2026-06-17,2026-07-28,106.0,PE,20250,0,0,16.53
2026-06-17,2026-07-28,107.0,CE,20250,0,0,0.45
2026-06-17,2026-07-28,107.0,PE,0,0,0,16.54
2026-06-17,2026-07-28,108.0,CE,54000,0,0,0.52
2026-06-17,2026-07-28,108.0,PE,0,0,0,17.68
2026-06-17,2026-07-28,109.0,CE,13500,0,0,0.46
2026-06-17,2026-07-28,109.0,PE,0,0,0,18.26
2026-06-17,2026-07-28,110.0,CE,479250,0,0,0.42
2026-06-17,2026-07-28,110.0,PE,13500,0,0,20.0
2026-06-17,2026-08-25,74.0,CE,0,0,0,18.7
2026-06-17,2026-08-25,74.0,PE,0,0,0,0.94
2026-06-17,2026-08-25,76.0,CE,0,0,0,17.05
2026-06-17,2026-08-25,76.0,PE,0,0,0,1.26
2026-06-17,2026-08-25,78.0,CE,0,0,0,15.47
2026-06-17,2026-08-25,78.0,PE,0,0,0,1.65
2026-06-17,2026-08-25,80.0,CE,0,0,0,13.97
2026-06-17,2026-08-25,80.0,PE,0,0,0,2.12
2026-06-17,2026-08-25,82.0,CE,0,0,0,12.55
2026-06-17,2026-08-25,82.0,PE,0,0,0,2.67
2026-06-17,2026-08-25,84.0,CE,0,0,0,11.21
2026-06-17,2026-08-25,84.0,PE,0,0,0,3.3
2026-06-17,2026-08-25,86.0,CE,0,0,0,9.98
2026-06-17,2026-08-25,86.0,PE,0,0,0,4.04
2026-06-17,2026-08-25,88.0,CE,0,0,0,8.83
2026-06-17,2026-08-25,88.0,PE,0,0,0,4.86
2026-06-17,2026-08-25,90.0,CE,0,0,0,7.78
2026-06-17,2026-08-25,90.0,PE,0,0,0,5.78
2026-06-17,2026-08-25,92.0,CE,0,0,0,6.82
2026-06-17,2026-08-25,92.0,PE,0,0,0,6.79
2026-06-17,2026-08-25,94.0,CE,0,0,0,5.96
2026-06-17,2026-08-25,94.0,PE,0,0,0,7.9
2026-06-17,2026-08-25,96.0,CE,0,0,0,5.17
2026-06-17,2026-08-25,96.0,PE,0,0,0,9.09
2026-06-17,2026-08-25,98.0,CE,0,0,0,4.48
2026-06-17,2026-08-25,98.0,PE,0,0,0,10.36
2026-06-17,2026-08-25,100.0,CE,6750,0,0,2.2
2026-06-17,2026-08-25,100.0,PE,0,0,0,11.71
2026-06-17,2026-08-25,102.0,CE,0,0,0,3.31
2026-06-17,2026-08-25,102.0,PE,0,0,0,13.13
2026-06-17,2026-08-25,104.0,CE,0,0,0,2.83
2026-06-17,2026-08-25,104.0,PE,0,0,0,14.62
2026-06-17,2026-08-25,106.0,CE,0,0,0,2.41
2026-06-17,2026-08-25,106.0,PE,0,0,0,16.17
2026-06-17,2026-08-25,108.0,CE,0,0,0,2.04
2026-06-17,2026-08-25,108.0,PE,0,0,0,17.77
2026-06-17,2026-08-25,110.0,CE,0,0,0,1.72
2026-06-17,2026-08-25,110.0,PE,0,0,0,19.43
2026-06-18,2026-06-30,74.0,CE,729000,0,0,14.25
2026-06-18,2026-06-30,74.0,PE,256500,-60750,9,0.03
2026-06-18,2026-06-30,75.0,CE,20250,0,0,15.0
2026-06-18,2026-06-30,75.0,PE,6750,6750,2,0.05
2026-06-18,2026-06-30,76.0,CE,87750,0,0,12.28
2026-06-18,2026-06-30,76.0,PE,249750,-148500,31,0.05
2026-06-18,2026-06-30,77.0,CE,0,0,0,15.55
2026-06-18,2026-06-30,77.0,PE,0,0,0,0.89
2026-06-18,2026-06-30,78.0,CE,33750,0,0,12.7
2026-06-18,2026-06-30,78.0,PE,722250,-141750,24,0.07
2026-06-18,2026-06-30,79.0,CE,0,0,0,13.91
2026-06-18,2026-06-30,79.0,PE,0,0,0,1.23
2026-06-18,2026-06-30,80.0,CE,884250,-6750,10,8.66
2026-06-18,2026-06-30,80.0,PE,4225500,94500,75,0.13
2026-06-18,2026-06-30,81.0,CE,81000,0,5,8.21
2026-06-18,2026-06-30,81.0,PE,1201500,-13500,86,0.17
2026-06-18,2026-06-30,82.0,CE,108000,0,0,8.86
2026-06-18,2026-06-30,82.0,PE,2504250,-13500,10,0.26
2026-06-18,2026-06-30,83.0,CE,101250,0,0,5.94
2026-06-18,2026-06-30,83.0,PE,1100250,67500,51,0.32
2026-06-18,2026-06-30,84.0,CE,128250,20250,6,4.9
2026-06-18,2026-06-30,84.0,PE,924750,-472500,357,0.43
2026-06-18,2026-06-30,85.0,CE,1748250,-13500,29,4.31
2026-06-18,2026-06-30,85.0,PE,6574500,364500,660,0.6
2026-06-18,2026-06-30,86.0,CE,175500,13500,53,3.48
2026-06-18,2026-06-30,86.0,PE,1059750,-60750,72,0.83
2026-06-18,2026-06-30,87.0,CE,1451250,121500,185,2.95
2026-06-18,2026-06-30,87.0,PE,2193750,47250,200,1.15
2026-06-18,2026-06-30,88.0,CE,3996000,425250,731,2.39
2026-06-18,2026-06-30,88.0,PE,2484000,101250,629,1.57
2026-06-18,2026-06-30,89.0,CE,3132000,587250,1260,1.89
2026-06-18,2026-06-30,89.0,PE,2733750,533250,441,2.1
2026-06-18,2026-06-30,90.0,CE,18859500,1849500,2544,1.52
2026-06-18,2026-06-30,90.0,PE,6358500,20250,244,2.66
2026-06-18,2026-06-30,91.0,CE,3543750,-13500,701,1.2
2026-06-18,2026-06-30,91.0,PE,1977750,-27000,69,3.34
2026-06-18,2026-06-30,92.0,CE,7317000,594000,1072,0.95
2026-06-18,2026-06-30,92.0,PE,2598750,-87750,32,4.42
2026-06-18,2026-06-30,93.0,CE,4785750,-20250,441,0.77
2026-06-18,2026-06-30,93.0,PE,1755000,-6750,1,5.25
2026-06-18,2026-06-30,94.0,CE,3354750,-283500,638,0.63
2026-06-18,2026-06-30,94.0,PE,1046250,0,0,5.9
2026-06-18,2026-06-30,95.0,CE,16119000,-715500,797,0.51
2026-06-18,2026-06-30,95.0,PE,2848500,-13500,4,6.7
2026-06-18,2026-06-30,96.0,CE,7128000,20250,473,0.43
2026-06-18,2026-06-30,96.0,PE,1566000,13500,2,7.43
2026-06-18,2026-06-30,97.0,CE,4792500,-270000,318,0.35
2026-06-18,2026-06-30,97.0,PE,1309500,13500,5,8.85
2026-06-18,2026-06-30,98.0,CE,3388500,-270000,257,0.28
2026-06-18,2026-06-30,98.0,PE,1323000,0,0,9.73
2026-06-18,2026-06-30,99.0,CE,5487750,40500,33,0.25
2026-06-18,2026-06-30,99.0,PE,229500,0,0,10.16
2026-06-18,2026-06-30,100.0,CE,22504500,-3867750,1116,0.22
2026-06-18,2026-06-30,100.0,PE,1350000,0,0,11.7
2026-06-18,2026-06-30,101.0,CE,1181250,-60750,45,0.2
2026-06-18,2026-06-30,101.0,PE,20250,0,0,8.99
2026-06-18,2026-06-30,102.0,CE,1755000,-40500,79,0.17
2026-06-18,2026-06-30,102.0,PE,0,0,0,11.43
2026-06-18,2026-06-30,103.0,CE,506250,6750,21,0.15
2026-06-18,2026-06-30,103.0,PE,13500,0,0,12.73
2026-06-18,2026-06-30,104.0,CE,992250,-81000,45,0.13
2026-06-18,2026-06-30,104.0,PE,27000,0,0,13.68
2026-06-18,2026-06-30,105.0,CE,2760750,-13500,62,0.12
2026-06-18,2026-06-30,105.0,PE,40500,0,0,16.67
2026-06-18,2026-06-30,106.0,CE,1937250,6750,6,0.11
2026-06-18,2026-06-30,106.0,PE,114750,0,0,12.93
2026-06-18,2026-06-30,107.0,CE,121500,0,4,0.12
2026-06-18,2026-06-30,107.0,PE,0,0,0,16.42
2026-06-18,2026-06-30,108.0,CE,276750,0,3,0.1
2026-06-18,2026-06-30,108.0,PE,0,0,0,30.11
2026-06-18,2026-06-30,109.0,CE,0,0,0,1.11
2026-06-18,2026-06-30,109.0,PE,0,0,0,18.13
2026-06-18,2026-06-30,110.0,CE,1707750,-94500,19,0.07
2026-06-18,2026-06-30,110.0,PE,27000,0,0,21.67
2026-06-18,2026-07-28,74.0,CE,0,0,0,18.91
2026-06-18,2026-07-28,74.0,PE,0,0,0,0.95
2026-06-18,2026-07-28,75.0,CE,0,0,0,17.06
2026-06-18,2026-07-28,75.0,PE,6750,0,0,0.4
2026-06-18,2026-07-28,76.0,CE,0,0,0,17.26
2026-06-18,2026-07-28,76.0,PE,33750,0,0,0.46
2026-06-18,2026-07-28,77.0,CE,0,0,0,15.34
2026-06-18,2026-07-28,77.0,PE,101250,20250,5,0.45
2026-06-18,2026-07-28,78.0,CE,0,0,0,15.68
2026-06-18,2026-07-28,78.0,PE,6750,6750,1,0.5
2026-06-18,2026-07-28,79.0,CE,0,0,0,13.7
2026-06-18,2026-07-28,79.0,PE,47250,13500,7,0.65
2026-06-18,2026-07-28,80.0,CE,580500,33750,5,10.03
2026-06-18,2026-07-28,80.0,PE,1532250,6750,43,0.75
2026-06-18,2026-07-28,81.0,CE,0,0,0,12.15
2026-06-18,2026-07-28,81.0,PE,2079000,1039500,197,0.91
2026-06-18,2026-07-28,82.0,CE,0,0,0,12.75
2026-06-18,2026-07-28,82.0,PE,432000,216000,39,1.16
2026-06-18,2026-07-28,83.0,CE,0,0,0,10.7
2026-06-18,2026-07-28,83.0,PE,47250,0,0,1.53
2026-06-18,2026-07-28,84.0,CE,0,0,0,11.41
2026-06-18,2026-07-28,84.0,PE,1586250,209250,53,1.58
2026-06-18,2026-07-28,85.0,CE,398250,67500,10,6.06
2026-06-18,2026-07-28,85.0,PE,2052000,40500,34,1.91
2026-06-18,2026-07-28,86.0,CE,0,0,0,10.17
2026-06-18,2026-07-28,86.0,PE,141750,87750,16,2.3
2026-06-18,2026-07-28,87.0,CE,13500,0,0,4.8
2026-06-18,2026-07-28,87.0,PE,33750,0,2,2.75
2026-06-18,2026-07-28,88.0,CE,216000,81000,33,4.37
2026-06-18,2026-07-28,88.0,PE,13500,0,1,3.34
2026-06-18,2026-07-28,89.0,CE,6750,0,0,5.5
2026-06-18,2026-07-28,89.0,PE,74250,74250,11,3.55
2026-06-18,2026-07-28,90.0,CE,2808000,445500,188,3.54
2026-06-18,2026-07-28,90.0,PE,796500,27000,10,4.22
2026-06-18,2026-07-28,91.0,CE,229500,40500,9,3.16
2026-06-18,2026-07-28,91.0,PE,67500,0,0,4.85
2026-06-18,2026-07-28,92.0,CE,162000,67500,11,2.73
2026-06-18,2026-07-28,92.0,PE,60750,0,0,5.53
2026-06-18,2026-07-28,93.0,CE,101250,54000,12,2.43
2026-06-18,2026-07-28,93.0,PE,20250,0,0,6.6
2026-06-18,2026-07-28,94.0,CE,27000,0,0,2.07
2026-06-18,2026-07-28,94.0,PE,6750,0,1,6.53
2026-06-18,2026-07-28,95.0,CE,1815750,175500,100,1.89
2026-06-18,2026-07-28,95.0,PE,121500,27000,7,7.25
2026-06-18,2026-07-28,96.0,CE,148500,13500,11,1.7
2026-06-18,2026-07-28,96.0,PE,27000,0,0,7.3
2026-06-18,2026-07-28,97.0,CE,20250,0,0,2.05
2026-06-18,2026-07-28,97.0,PE,0,0,0,8.89
2026-06-18,2026-07-28,98.0,CE,249750,81000,20,1.29
2026-06-18,2026-07-28,98.0,PE,0,0,0,10.31
2026-06-18,2026-07-28,99.0,CE,499500,243000,43,1.12
2026-06-18,2026-07-28,99.0,PE,20250,0,0,9.69
2026-06-18,2026-07-28,100.0,CE,6635250,168750,200,1.01
2026-06-18,2026-07-28,100.0,PE,398250,0,0,11.71
2026-06-18,2026-07-28,101.0,CE,1795500,108000,26,0.88
2026-06-18,2026-07-28,101.0,PE,182250,0,0,13.0
2026-06-18,2026-07-28,102.0,CE,2200500,13500,15,0.8
2026-06-18,2026-07-28,102.0,PE,0,0,0,13.07
2026-06-18,2026-07-28,103.0,CE,1404000,-47250,19,0.69
2026-06-18,2026-07-28,103.0,PE,54000,0,0,13.51
2026-06-18,2026-07-28,104.0,CE,2558250,-6750,6,0.64
2026-06-18,2026-07-28,104.0,PE,20250,0,0,13.88
2026-06-18,2026-07-28,105.0,CE,1802250,-20250,11,0.59
2026-06-18,2026-07-28,105.0,PE,0,0,0,14.87
2026-06-18,2026-07-28,106.0,CE,317250,54000,57,0.52
2026-06-18,2026-07-28,106.0,PE,20250,0,0,16.53
2026-06-18,2026-07-28,107.0,CE,20250,0,0,0.45
2026-06-18,2026-07-28,107.0,PE,0,0,0,16.54
2026-06-18,2026-07-28,108.0,CE,54000,0,0,0.52
2026-06-18,2026-07-28,108.0,PE,0,0,0,17.68
2026-06-18,2026-07-28,109.0,CE,13500,0,0,0.46
2026-06-18,2026-07-28,109.0,PE,0,0,0,18.26
2026-06-18,2026-07-28,110.0,CE,627750,148500,26,0.38
2026-06-18,2026-07-28,110.0,PE,13500,0,0,20.0
2026-06-18,2026-08-25,74.0,CE,0,0,0,18.7
2026-06-18,2026-08-25,74.0,PE,0,0,0,0.94
2026-06-18,2026-08-25,76.0,CE,0,0,0,17.05
2026-06-18,2026-08-25,76.0,PE,0,0,0,1.26
2026-06-18,2026-08-25,78.0,CE,0,0,0,15.47
2026-06-18,2026-08-25,78.0,PE,0,0,0,1.65
2026-06-18,2026-08-25,80.0,CE,0,0,0,13.97
2026-06-18,2026-08-25,80.0,PE,0,0,0,2.12
2026-06-18,2026-08-25,82.0,CE,0,0,0,12.55
2026-06-18,2026-08-25,82.0,PE,0,0,0,2.67
2026-06-18,2026-08-25,84.0,CE,0,0,0,11.21
2026-06-18,2026-08-25,84.0,PE,0,0,0,3.3
2026-06-18,2026-08-25,86.0,CE,0,0,0,9.98
2026-06-18,2026-08-25,86.0,PE,0,0,0,4.04
2026-06-18,2026-08-25,88.0,CE,0,0,0,8.83
2026-06-18,2026-08-25,88.0,PE,0,0,0,4.86
2026-06-18,2026-08-25,90.0,CE,0,0,0,7.78
2026-06-18,2026-08-25,90.0,PE,0,0,0,5.78
2026-06-18,2026-08-25,92.0,CE,0,0,0,6.82
2026-06-18,2026-08-25,92.0,PE,0,0,0,6.79
2026-06-18,2026-08-25,94.0,CE,0,0,0,5.96
2026-06-18,2026-08-25,94.0,PE,0,0,0,7.9
2026-06-18,2026-08-25,96.0,CE,0,0,0,5.17
2026-06-18,2026-08-25,96.0,PE,0,0,0,9.09
2026-06-18,2026-08-25,98.0,CE,0,0,0,4.48
2026-06-18,2026-08-25,98.0,PE,0,0,0,10.36
2026-06-18,2026-08-25,100.0,CE,6750,0,0,2.2
2026-06-18,2026-08-25,100.0,PE,0,0,0,11.71
2026-06-18,2026-08-25,102.0,CE,0,0,0,3.31
2026-06-18,2026-08-25,102.0,PE,0,0,0,13.13
2026-06-18,2026-08-25,104.0,CE,0,0,0,2.83
2026-06-18,2026-08-25,104.0,PE,0,0,0,14.62
2026-06-18,2026-08-25,106.0,CE,0,0,0,2.41
2026-06-18,2026-08-25,106.0,PE,0,0,0,16.17
2026-06-18,2026-08-25,108.0,CE,0,0,0,2.04
2026-06-18,2026-08-25,108.0,PE,0,0,0,17.77
2026-06-18,2026-08-25,110.0,CE,0,0,0,1.72
2026-06-18,2026-08-25,110.0,PE,0,0,0,19.43
2026-06-19,2026-06-30,74.0,CE,722250,-6750,2,14.88
2026-06-19,2026-06-30,74.0,PE,243000,-13500,2,0.03
2026-06-19,2026-06-30,75.0,CE,20250,0,0,15.0
2026-06-19,2026-06-30,75.0,PE,6750,0,0,0.05
2026-06-19,2026-06-30,76.0,CE,87750,0,0,12.28
2026-06-19,2026-06-30,76.0,PE,249750,0,1,0.04
2026-06-19,2026-06-30,77.0,CE,0,0,0,15.55
2026-06-19,2026-06-30,77.0,PE,0,0,0,0.89
2026-06-19,2026-06-30,78.0,CE,33750,0,1,10.87
2026-06-19,2026-06-30,78.0,PE,695250,-27000,10,0.04
2026-06-19,2026-06-30,79.0,CE,0,0,0,13.91
2026-06-19,2026-06-30,79.0,PE,0,0,0,1.23
2026-06-19,2026-06-30,80.0,CE,877500,-6750,4,9.19
2026-06-19,2026-06-30,80.0,PE,4151250,-74250,24,0.12
2026-06-19,2026-06-30,81.0,CE,81000,0,0,8.21
2026-06-19,2026-06-30,81.0,PE,1194750,-6750,3,0.18
2026-06-19,2026-06-30,82.0,CE,108000,0,0,8.86
2026-06-19,2026-06-30,82.0,PE,2517750,13500,10,0.18
2026-06-19,2026-06-30,83.0,CE,101250,0,2,5.95
2026-06-19,2026-06-30,83.0,PE,951750,-148500,53,0.26
2026-06-19,2026-06-30,84.0,CE,128250,0,0,4.9
2026-06-19,2026-06-30,84.0,PE,884250,-40500,36,0.35
2026-06-19,2026-06-30,85.0,CE,1694250,-54000,20,4.27
2026-06-19,2026-06-30,85.0,PE,6014250,-560250,474,0.48
2026-06-19,2026-06-30,86.0,CE,162000,-13500,22,3.46
2026-06-19,2026-06-30,86.0,PE,1127250,67500,109,0.71
2026-06-19,2026-06-30,87.0,CE,1424250,-27000,120,2.65
2026-06-19,2026-06-30,87.0,PE,2214000,20250,192,1.06
2026-06-19,2026-06-30,88.0,CE,4387500,391500,655,2.13
2026-06-19,2026-06-30,88.0,PE,2605500,121500,591,1.44
2026-06-19,2026-06-30,89.0,CE,4117500,985500,1056,1.64
2026-06-19,2026-06-30,89.0,PE,2976750,243000,278,1.99
2026-06-19,2026-06-30,90.0,CE,19129500,270000,1692,1.29
2026-06-19,2026-06-30,90.0,PE,6419250,60750,175,2.61
2026-06-19,2026-06-30,91.0,CE,3996000,452250,471,0.99
2026-06-19,2026-06-30,91.0,PE,1829250,-148500,43,3.32
2026-06-19,2026-06-30,92.0,CE,7182000,-135000,1049,0.76
2026-06-19,2026-06-30,92.0,PE,2727000,128250,84,4.45
2026-06-19,2026-06-30,93.0,CE,4644000,-141750,156,0.6
2026-06-19,2026-06-30,93.0,PE,1755000,0,0,5.25
2026-06-19,2026-06-30,94.0,CE,3557250,202500,312,0.49
2026-06-19,2026-06-30,94.0,PE,1046250,0,0,5.9
2026-06-19,2026-06-30,95.0,CE,16159500,40500,638,0.4
2026-06-19,2026-06-30,95.0,PE,2922750,74250,29,6.85
2026-06-19,2026-06-30,96.0,CE,7168500,40500,122,0.33
2026-06-19,2026-06-30,96.0,PE,1539000,-27000,17,7.85
2026-06-19,2026-06-30,97.0,CE,4725000,-67500,161,0.27
2026-06-19,2026-06-30,97.0,PE,1309500,0,0,8.85
2026-06-19,2026-06-30,98.0,CE,3098250,-290250,165,0.22
2026-06-19,2026-06-30,98.0,PE,1323000,0,0,9.73
2026-06-19,2026-06-30,99.0,CE,5251500,-236250,116,0.19
2026-06-19,2026-06-30,99.0,PE,229500,0,0,10.16
2026-06-19,2026-06-30,100.0,CE,19892250,-2612250,1065,0.17
2026-06-19,2026-06-30,100.0,PE,1350000,0,1,11.5
2026-06-19,2026-06-30,101.0,CE,1026000,-155250,38,0.15
2026-06-19,2026-06-30,101.0,PE,20250,0,0,8.99
2026-06-19,2026-06-30,102.0,CE,1559250,-195750,48,0.14
2026-06-19,2026-06-30,102.0,PE,0,0,0,11.43
2026-06-19,2026-06-30,103.0,CE,432000,-74250,23,0.12
2026-06-19,2026-06-30,103.0,PE,13500,0,0,12.73
2026-06-19,2026-06-30,104.0,CE,985500,-6750,68,0.12
2026-06-19,2026-06-30,104.0,PE,27000,0,0,13.68
2026-06-19,2026-06-30,105.0,CE,2706750,-54000,117,0.11
2026-06-19,2026-06-30,105.0,PE,40500,0,0,16.67
2026-06-19,2026-06-30,106.0,CE,1815750,-121500,50,0.1
2026-06-19,2026-06-30,106.0,PE,114750,0,0,12.93
2026-06-19,2026-06-30,107.0,CE,121500,0,0,0.12
2026-06-19,2026-06-30,107.0,PE,0,0,0,16.42
2026-06-19,2026-06-30,108.0,CE,270000,-6750,1,0.08
2026-06-19,2026-06-30,108.0,PE,0,0,0,30.11
2026-06-19,2026-06-30,109.0,CE,0,0,0,1.11
2026-06-19,2026-06-30,109.0,PE,0,0,0,18.13
2026-06-19,2026-06-30,110.0,CE,1707750,0,10,0.07
2026-06-19,2026-06-30,110.0,PE,27000,0,0,21.67
2026-06-19,2026-07-28,74.0,CE,0,0,0,18.91
2026-06-19,2026-07-28,74.0,PE,0,0,0,0.95
2026-06-19,2026-07-28,75.0,CE,0,0,0,17.06
2026-06-19,2026-07-28,75.0,PE,6750,0,0,0.4
2026-06-19,2026-07-28,76.0,CE,0,0,0,17.26
2026-06-19,2026-07-28,76.0,PE,60750,27000,10,0.38
2026-06-19,2026-07-28,77.0,CE,0,0,0,15.34
2026-06-19,2026-07-28,77.0,PE,168750,67500,39,0.41
2026-06-19,2026-07-28,78.0,CE,0,0,0,15.68
2026-06-19,2026-07-28,78.0,PE,6750,0,0,0.5
2026-06-19,2026-07-28,79.0,CE,0,0,0,13.7
2026-06-19,2026-07-28,79.0,PE,128250,81000,16,0.57
2026-06-19,2026-07-28,80.0,CE,607500,27000,5,10.2
2026-06-19,2026-07-28,80.0,PE,1431000,-101250,106,0.68
2026-06-19,2026-07-28,81.0,CE,0,0,0,12.15
2026-06-19,2026-07-28,81.0,PE,2153250,74250,41,0.82
2026-06-19,2026-07-28,82.0,CE,0,0,0,12.75
2026-06-19,2026-07-28,82.0,PE,1012500,580500,137,1.0
2026-06-19,2026-07-28,83.0,CE,0,0,0,10.7
2026-06-19,2026-07-28,83.0,PE,47250,0,1,1.23
2026-06-19,2026-07-28,84.0,CE,0,0,0,11.41
2026-06-19,2026-07-28,84.0,PE,1586250,0,20,1.54
2026-06-19,2026-07-28,85.0,CE,432000,33750,5,6.0
2026-06-19,2026-07-28,85.0,PE,2126250,74250,81,1.8
2026-06-19,2026-07-28,86.0,CE,0,0,0,10.17
2026-06-19,2026-07-28,86.0,PE,168750,27000,5,2.13
2026-06-19,2026-07-28,87.0,CE,13500,0,0,4.8
2026-06-19,2026-07-28,87.0,PE,54000,20250,4,2.52
2026-06-19,2026-07-28,88.0,CE,236250,20250,18,4.34
2026-06-19,2026-07-28,88.0,PE,67500,54000,8,2.97
2026-06-19,2026-07-28,89.0,CE,67500,60750,11,3.83
2026-06-19,2026-07-28,89.0,PE,81000,6750,1,3.42
2026-06-19,2026-07-28,90.0,CE,3287250,479250,180,3.31
2026-06-19,2026-07-28,90.0,PE,1019250,222750,46,4.02
2026-06-19,2026-07-28,91.0,CE,236250,6750,6,2.8
2026-06-19,2026-07-28,91.0,PE,67500,0,0,4.85
2026-06-19,2026-07-28,92.0,CE,229500,67500,11,2.46
2026-06-19,2026-07-28,92.0,PE,60750,0,0,5.53
2026-06-19,2026-07-28,93.0,CE,189000,87750,20,2.25
2026-06-19,2026-07-28,93.0,PE,20250,0,0,6.6
2026-06-19,2026-07-28,94.0,CE,114750,87750,16,1.99
2026-06-19,2026-07-28,94.0,PE,6750,0,0,6.53
2026-06-19,2026-07-28,95.0,CE,1950750,135000,55,1.72
2026-06-19,2026-07-28,95.0,PE,128250,6750,1,7.1
2026-06-19,2026-07-28,96.0,CE,148500,0,0,1.7
2026-06-19,2026-07-28,96.0,PE,27000,0,0,7.3
2026-06-19,2026-07-28,97.0,CE,20250,0,0,2.05
2026-06-19,2026-07-28,97.0,PE,0,0,0,8.89
2026-06-19,2026-07-28,98.0,CE,263250,13500,4,1.19
2026-06-19,2026-07-28,98.0,PE,0,0,0,10.31
2026-06-19,2026-07-28,99.0,CE,607500,108000,70,0.98
2026-06-19,2026-07-28,99.0,PE,20250,0,0,9.69
2026-06-19,2026-07-28,100.0,CE,7013250,378000,184,0.88
2026-06-19,2026-07-28,100.0,PE,398250,0,0,11.71
2026-06-19,2026-07-28,101.0,CE,1795500,0,0,0.88
2026-06-19,2026-07-28,101.0,PE,182250,0,0,13.0
2026-06-19,2026-07-28,102.0,CE,2187000,-13500,22,0.7
2026-06-19,2026-07-28,102.0,PE,0,0,0,13.07
2026-06-19,2026-07-28,103.0,CE,1464750,60750,12,0.65
2026-06-19,2026-07-28,103.0,PE,54000,0,0,13.51
2026-06-19,2026-07-28,104.0,CE,2544750,-13500,10,0.55
2026-06-19,2026-07-28,104.0,PE,20250,0,0,13.88
2026-06-19,2026-07-28,105.0,CE,1734750,-67500,58,0.5
2026-06-19,2026-07-28,105.0,PE,0,0,0,14.87
2026-06-19,2026-07-28,106.0,CE,276750,-40500,16,0.47
2026-06-19,2026-07-28,106.0,PE,20250,0,0,16.53
2026-06-19,2026-07-28,107.0,CE,20250,0,0,0.45
2026-06-19,2026-07-28,107.0,PE,0,0,0,16.54
2026-06-19,2026-07-28,108.0,CE,216000,162000,33,0.4
2026-06-19,2026-07-28,108.0,PE,0,0,0,17.68
2026-06-19,2026-07-28,109.0,CE,13500,0,0,0.46
2026-06-19,2026-07-28,109.0,PE,0,0,0,18.26
2026-06-19,2026-07-28,110.0,CE,742500,114750,22,0.35
2026-06-19,2026-07-28,110.0,PE,13500,0,0,20.0
2026-06-19,2026-08-25,74.0,CE,0,0,0,18.7
2026-06-19,2026-08-25,74.0,PE,0,0,0,0.94
2026-06-19,2026-08-25,76.0,CE,0,0,0,17.05
2026-06-19,2026-08-25,76.0,PE,0,0,0,1.26
2026-06-19,2026-08-25,78.0,CE,0,0,0,15.47
2026-06-19,2026-08-25,78.0,PE,0,0,0,1.65
2026-06-19,2026-08-25,80.0,CE,0,0,0,13.97
2026-06-19,2026-08-25,80.0,PE,0,0,0,2.12
2026-06-19,2026-08-25,82.0,CE,0,0,0,12.55
2026-06-19,2026-08-25,82.0,PE,0,0,0,2.67
2026-06-19,2026-08-25,84.0,CE,0,0,0,11.21
2026-06-19,2026-08-25,84.0,PE,0,0,0,3.3
2026-06-19,2026-08-25,86.0,CE,0,0,0,9.98
2026-06-19,2026-08-25,86.0,PE,0,0,0,4.04
2026-06-19,2026-08-25,88.0,CE,0,0,0,8.83
2026-06-19,2026-08-25,88.0,PE,0,0,0,4.86
2026-06-19,2026-08-25,90.0,CE,0,0,0,7.78
2026-06-19,2026-08-25,90.0,PE,0,0,0,5.78
2026-06-19,2026-08-25,92.0,CE,0,0,0,6.82
2026-06-19,2026-08-25,92.0,PE,0,0,0,6.79
2026-06-19,2026-08-25,94.0,CE,0,0,0,5.96
2026-06-19,2026-08-25,94.0,PE,0,0,0,7.9
2026-06-19,2026-08-25,96.0,CE,0,0,0,5.17
2026-06-19,2026-08-25,96.0,PE,0,0,0,9.09
2026-06-19,2026-08-25,98.0,CE,0,0,0,4.48
2026-06-19,2026-08-25,98.0,PE,0,0,0,10.36
2026-06-19,2026-08-25,100.0,CE,6750,0,0,2.2
2026-06-19,2026-08-25,100.0,PE,0,0,0,11.71
2026-06-19,2026-08-25,102.0,CE,0,0,0,3.31
2026-06-19,2026-08-25,102.0,PE,0,0,0,13.13
2026-06-19,2026-08-25,104.0,CE,0,0,0,2.83
2026-06-19,2026-08-25,104.0,PE,0,0,0,14.62
2026-06-19,2026-08-25,106.0,CE,0,0,0,2.41
2026-06-19,2026-08-25,106.0,PE,0,0,0,16.17
2026-06-19,2026-08-25,108.0,CE,0,0,0,2.04
2026-06-19,2026-08-25,108.0,PE,0,0,0,17.77
2026-06-19,2026-08-25,110.0,CE,0,0,0,1.72
2026-06-19,2026-08-25,110.0,PE,0,0,0,19.43
2026-06-22,2026-06-30,74.0,CE,317250,-405000,70,14.97
2026-06-22,2026-06-30,74.0,PE,209250,-33750,7,0.03
2026-06-22,2026-06-30,75.0,CE,20250,0,0,15.0
2026-06-22,2026-06-30,75.0,PE,6750,0,0,0.05
2026-06-22,2026-06-30,76.0,CE,87750,0,0,12.28
2026-06-22,2026-06-30,76.0,PE,249750,0,2,0.04
2026-06-22,2026-06-30,77.0,CE,0,0,0,15.55
2026-06-22,2026-06-30,77.0,PE,0,0,0,0.89
2026-06-22,2026-06-30,78.0,CE,33750,0,0,10.87
2026-06-22,2026-06-30,78.0,PE,681750,-13500,3,0.04
2026-06-22,2026-06-30,79.0,CE,0,0,0,13.91
2026-06-22,2026-06-30,79.0,PE,0,0,0,1.23
2026-06-22,2026-06-30,80.0,CE,877500,0,5,8.84
2026-06-22,2026-06-30,80.0,PE,4090500,-60750,157,0.1
2026-06-22,2026-06-30,81.0,CE,60750,-20250,3,7.31
2026-06-22,2026-06-30,81.0,PE,506250,-688500,216,0.13
2026-06-22,2026-06-30,82.0,CE,121500,13500,12,6.16
2026-06-22,2026-06-30,82.0,PE,2558250,40500,94,0.18
2026-06-22,2026-06-30,83.0,CE,101250,0,0,5.95
2026-06-22,2026-06-30,83.0,PE,931500,-20250,71,0.22
2026-06-22,2026-06-30,84.0,CE,128250,0,6,5.45
2026-06-22,2026-06-30,84.0,PE,870750,-13500,252,0.32
2026-06-22,2026-06-30,85.0,CE,1667250,-27000,162,3.69
2026-06-22,2026-06-30,85.0,PE,5757750,-256500,849,0.47
2026-06-22,2026-06-30,86.0,CE,283500,121500,59,2.86
2026-06-22,2026-06-30,86.0,PE,1228500,101250,428,0.7
2026-06-22,2026-06-30,87.0,CE,1464750,40500,298,2.22
2026-06-22,2026-06-30,87.0,PE,2187000,-27000,523,1.0
2026-06-22,2026-06-30,88.0,CE,5379750,992250,1349,1.66
2026-06-22,2026-06-30,88.0,PE,2936250,330750,1047,1.42
2026-06-22,2026-06-30,89.0,CE,4630500,513000,1929,1.22
2026-06-22,2026-06-30,89.0,PE,2659500,-317250,604,1.96
2026-06-22,2026-06-30,90.0,CE,19656000,526500,2537,0.89
2026-06-22,2026-06-30,90.0,PE,6250500,-168750,307,2.64
2026-06-22,2026-06-30,91.0,CE,4097250,101250,1305,0.65
2026-06-22,2026-06-30,91.0,PE,1566000,-263250,84,3.5
2026-06-22,2026-06-30,92.0,CE,7269750,87750,2092,0.48
2026-06-22,2026-06-30,92.0,PE,2463750,-263250,49,4.24
2026-06-22,2026-06-30,93.0,CE,4718250,74250,768,0.36
2026-06-22,2026-06-30,93.0,PE,1748250,-6750,5,4.27
2026-06-22,2026-06-30,94.0,CE,3233250,-324000,680,0.28
2026-06-22,2026-06-30,94.0,PE,1012500,-33750,5,5.22
2026-06-22,2026-06-30,95.0,CE,14904000,-1255500,979,0.22
2026-06-22,2026-06-30,95.0,PE,2902500,-20250,4,6.8
2026-06-22,2026-06-30,96.0,CE,6446250,-722250,480,0.18
2026-06-22,2026-06-30,96.0,PE,1525500,-13500,3,6.9
2026-06-22,2026-06-30,97.0,CE,4387500,-337500,119,0.15
2026-06-22,2026-06-30,97.0,PE,1282500,-27000,5,9.1
2026-06-22,2026-06-30,98.0,CE,3442500,344250,349,0.13
2026-06-22,2026-06-30,98.0,PE,1275750,-47250,8,9.94
2026-06-22,2026-06-30,99.0,CE,5244750,-6750,106,0.11
2026-06-22,2026-06-30,99.0,PE,229500,0,0,10.16
2026-06-22,2026-06-30,100.0,CE,18636750,-1255500,767,0.1
2026-06-22,2026-06-30,100.0,PE,1147500,-202500,49,11.81
2026-06-22,2026-06-30,101.0,CE,735750,-290250,133,0.09
2026-06-22,2026-06-30,101.0,PE,20250,0,0,8.99
2026-06-22,2026-06-30,102.0,CE,1269000,-290250,121,0.09
2026-06-22,2026-06-30,102.0,PE,0,0,0,11.43
2026-06-22,2026-06-30,103.0,CE,492750,60750,36,0.08
2026-06-22,2026-06-30,103.0,PE,6750,-6750,1,14.82
2026-06-22,2026-06-30,104.0,CE,789750,-195750,43,0.06
2026-06-22,2026-06-30,104.0,PE,20250,-6750,1,15.83
2026-06-22,2026-06-30,105.0,CE,2409750,-297000,118,0.06
2026-06-22,2026-06-30,105.0,PE,33750,-6750,1,17.0
2026-06-22,2026-06-30,106.0,CE,1802250,-13500,20,0.05
2026-06-22,2026-06-30,106.0,PE,128250,13500,5,18.03
2026-06-22,2026-06-30,107.0,CE,135000,13500,12,0.06
2026-06-22,2026-06-30,107.0,PE,0,0,0,16.42
2026-06-22,2026-06-30,108.0,CE,290250,20250,73,0.05
2026-06-22,2026-06-30,108.0,PE,0,0,0,30.11
2026-06-22,2026-06-30,109.0,CE,0,0,0,1.11
2026-06-22,2026-06-30,109.0,PE,0,0,0,18.13
2026-06-22,2026-06-30,110.0,CE,1707750,0,0,0.07
2026-06-22,2026-06-30,110.0,PE,27000,0,6,21.99
2026-06-22,2026-07-28,74.0,CE,459000,459000,68,15.65
2026-06-22,2026-07-28,74.0,PE,0,0,0,0.95
2026-06-22,2026-07-28,75.0,CE,0,0,0,17.06
2026-06-22,2026-07-28,75.0,PE,13500,6750,1,0.25
2026-06-22,2026-07-28,76.0,CE,0,0,0,17.26
2026-06-22,2026-07-28,76.0,PE,67500,6750,1,0.28
2026-06-22,2026-07-28,77.0,CE,0,0,0,15.34
2026-06-22,2026-07-28,77.0,PE,148500,-20250,24,0.38
2026-06-22,2026-07-28,78.0,CE,0,0,0,15.68
2026-06-22,2026-07-28,78.0,PE,6750,0,0,0.5
2026-06-22,2026-07-28,79.0,CE,0,0,0,13.7
2026-06-22,2026-07-28,79.0,PE,175500,47250,30,0.57
2026-06-22,2026-07-28,80.0,CE,634500,27000,4,9.63
2026-06-22,2026-07-28,80.0,PE,1296000,-135000,87,0.69
2026-06-22,2026-07-28,81.0,CE,0,0,0,12.15
2026-06-22,2026-07-28,81.0,PE,2160000,6750,36,0.84
2026-06-22,2026-07-28,82.0,CE,0,0,0,12.75
2026-06-22,2026-07-28,82.0,PE,1107000,94500,29,1.0
2026-06-22,2026-07-28,83.0,CE,0,0,0,10.7
2026-06-22,2026-07-28,83.0,PE,47250,0,0,1.23
2026-06-22,2026-07-28,84.0,CE,0,0,0,11.41
2026-06-22,2026-07-28,84.0,PE,1707750,121500,24,1.53
2026-06-22,2026-07-28,85.0,CE,722250,290250,59,5.69
2026-06-22,2026-07-28,85.0,PE,2423250,297000,72,1.94
2026-06-22,2026-07-28,86.0,CE,0,0,0,10.17
2026-06-22,2026-07-28,86.0,PE,195750,27000,4,2.17
2026-06-22,2026-07-28,87.0,CE,13500,0,0,4.8
2026-06-22,2026-07-28,87.0,PE,60750,6750,3,2.28
2026-06-22,2026-07-28,88.0,CE,384750,148500,44,3.89
2026-06-22,2026-07-28,88.0,PE,141750,74250,20,2.99
2026-06-22,2026-07-28,89.0,CE,87750,20250,4,3.5
2026-06-22,2026-07-28,89.0,PE,94500,13500,2,3.42
2026-06-22,2026-07-28,90.0,CE,3483000,195750,210,2.97
2026-06-22,2026-07-28,90.0,PE,1323000,303750,64,3.94
2026-06-22,2026-07-28,91.0,CE,351000,114750,27,2.59
2026-06-22,2026-07-28,91.0,PE,67500,0,0,4.85
2026-06-22,2026-07-28,92.0,CE,276750,47250,15,2.21
2026-06-22,2026-07-28,92.0,PE,74250,13500,3,5.14
2026-06-22,2026-07-28,93.0,CE,182250,-6750,5,1.9
2026-06-22,2026-07-28,93.0,PE,195750,175500,26,5.98
2026-06-22,2026-07-28,94.0,CE,263250,148500,35,1.69
2026-06-22,2026-07-28,94.0,PE,6750,0,0,6.53
2026-06-22,2026-07-28,95.0,CE,2342250,391500,142,1.47
2026-06-22,2026-07-28,95.0,PE,128250,0,0,7.1
2026-06-22,2026-07-28,96.0,CE,155250,6750,1,1.56
2026-06-22,2026-07-28,96.0,PE,27000,0,0,7.3
2026-06-22,2026-07-28,97.0,CE,20250,0,0,2.05
2026-06-22,2026-07-28,97.0,PE,0,0,0,8.89
2026-06-22,2026-07-28,98.0,CE,263250,0,0,1.19
2026-06-22,2026-07-28,98.0,PE,6750,6750,1,9.9
2026-06-22,2026-07-28,99.0,CE,803250,195750,99,0.83
2026-06-22,2026-07-28,99.0,PE,20250,0,0,9.69
2026-06-22,2026-07-28,100.0,CE,7607250,594000,155,0.76
2026-06-22,2026-07-28,100.0,PE,445500,47250,21,11.1
2026-06-22,2026-07-28,101.0,CE,1795500,0,0,0.88
2026-06-22,2026-07-28,101.0,PE,182250,0,0,13.0
2026-06-22,2026-07-28,102.0,CE,2187000,0,21,0.59
2026-06-22,2026-07-28,102.0,PE,0,0,0,13.07
2026-06-22,2026-07-28,103.0,CE,1464750,0,3,0.56
2026-06-22,2026-07-28,103.0,PE,54000,0,0,13.51
2026-06-22,2026-07-28,104.0,CE,2625750,81000,45,0.45
2026-06-22,2026-07-28,104.0,PE,20250,0,0,13.88
2026-06-22,2026-07-28,105.0,CE,1714500,-20250,66,0.43
2026-06-22,2026-07-28,105.0,PE,0,0,0,14.87
2026-06-22,2026-07-28,106.0,CE,297000,20250,55,0.38
2026-06-22,2026-07-28,106.0,PE,20250,0,0,16.53
2026-06-22,2026-07-28,107.0,CE,20250,0,0,0.45
2026-06-22,2026-07-28,107.0,PE,0,0,0,16.54
2026-06-22,2026-07-28,108.0,CE,216000,0,0,0.4
2026-06-22,2026-07-28,108.0,PE,0,0,0,17.68
2026-06-22,2026-07-28,109.0,CE,13500,0,0,0.46
2026-06-22,2026-07-28,109.0,PE,0,0,0,18.26
2026-06-22,2026-07-28,110.0,CE,823500,81000,18,0.28
2026-06-22,2026-07-28,110.0,PE,13500,0,0,20.0
2026-06-22,2026-08-25,74.0,CE,0,0,0,18.7
2026-06-22,2026-08-25,74.0,PE,0,0,0,0.94
2026-06-22,2026-08-25,76.0,CE,0,0,0,17.05
2026-06-22,2026-08-25,76.0,PE,0,0,0,1.26
2026-06-22,2026-08-25,78.0,CE,0,0,0,15.47
2026-06-22,2026-08-25,78.0,PE,0,0,0,1.65
2026-06-22,2026-08-25,80.0,CE,0,0,0,13.97
2026-06-22,2026-08-25,80.0,PE,0,0,0,2.12
2026-06-22,2026-08-25,82.0,CE,0,0,0,12.55
2026-06-22,2026-08-25,82.0,PE,0,0,0,2.67
2026-06-22,2026-08-25,84.0,CE,0,0,0,11.21
2026-06-22,2026-08-25,84.0,PE,0,0,0,3.3
2026-06-22,2026-08-25,86.0,CE,0,0,0,9.98
2026-06-22,2026-08-25,86.0,PE,0,0,0,4.04
2026-06-22,2026-08-25,88.0,CE,0,0,0,8.83
2026-06-22,2026-08-25,88.0,PE,0,0,0,4.86
2026-06-22,2026-08-25,90.0,CE,0,0,0,7.78
2026-06-22,2026-08-25,90.0,PE,0,0,0,5.78
2026-06-22,2026-08-25,92.0,CE,0,0,0,6.82
2026-06-22,2026-08-25,92.0,PE,0,0,0,6.79
2026-06-22,2026-08-25,94.0,CE,0,0,0,5.96
2026-06-22,2026-08-25,94.0,PE,0,0,0,7.9
2026-06-22,2026-08-25,96.0,CE,0,0,0,5.17
2026-06-22,2026-08-25,96.0,PE,0,0,0,9.09
2026-06-22,2026-08-25,98.0,CE,0,0,0,4.48
2026-06-22,2026-08-25,98.0,PE,0,0,0,10.36
2026-06-22,2026-08-25,100.0,CE,6750,0,0,2.2
2026-06-22,2026-08-25,100.0,PE,0,0,0,11.71
2026-06-22,2026-08-25,102.0,CE,0,0,0,3.31
2026-06-22,2026-08-25,102.0,PE,0,0,0,13.13
2026-06-22,2026-08-25,104.0,CE,0,0,0,2.83
2026-06-22,2026-08-25,104.0,PE,0,0,0,14.62
2026-06-22,2026-08-25,106.0,CE,0,0,0,2.41
2026-06-22,2026-08-25,106.0,PE,0,0,0,16.17
2026-06-22,2026-08-25,108.0,CE,0,0,0,2.04
2026-06-22,2026-08-25,108.0,PE,0,0,0,17.77
2026-06-22,2026-08-25,110.0,CE,0,0,0,1.72
2026-06-22,2026-08-25,110.0,PE,0,0,0,19.43
2026-06-23,2026-06-30,74.0,CE,290250,-27000,8,11.12
2026-06-23,2026-06-30,74.0,PE,209250,0,6,0.05
2026-06-23,2026-06-30,75.0,CE,20250,0,0,15.0
2026-06-23,2026-06-30,75.0,PE,6750,0,0,0.05
2026-06-23,2026-06-30,76.0,CE,87750,0,1,9.0
2026-06-23,2026-06-30,76.0,PE,222750,-27000,15,0.02
2026-06-23,2026-06-30,77.0,CE,0,0,0,15.55
2026-06-23,2026-06-30,77.0,PE,0,0,0,0.89
2026-06-23,2026-06-30,78.0,CE,33750,0,0,10.87
2026-06-23,2026-06-30,78.0,PE,607500,-74250,325,0.09
2026-06-23,2026-06-30,79.0,CE,0,0,0,13.91
2026-06-23,2026-06-30,79.0,PE,0,0,0,1.23
2026-06-23,2026-06-30,80.0,CE,634500,-243000,83,5.48
2026-06-23,2026-06-30,80.0,PE,4299750,209250,759,0.21
2026-06-23,2026-06-30,81.0,CE,54000,-6750,10,4.55
2026-06-23,2026-06-30,81.0,PE,675000,168750,421,0.3
2026-06-23,2026-06-30,82.0,CE,135000,13500,3,3.93
2026-06-23,2026-06-30,82.0,PE,2517750,-40500,808,0.46
2026-06-23,2026-06-30,83.0,CE,108000,6750,2,2.21
2026-06-23,2026-06-30,83.0,PE,1296000,364500,742,0.65
2026-06-23,2026-06-30,84.0,CE,945000,816750,425,2.23
2026-06-23,2026-06-30,84.0,PE,1518750,648000,1476,1.01
2026-06-23,2026-06-30,85.0,CE,3044250,1377000,2263,1.67
2026-06-23,2026-06-30,85.0,PE,5400000,-357750,3485,1.41
2026-06-23,2026-06-30,86.0,CE,2409750,2126250,1259,1.19
2026-06-23,2026-06-30,86.0,PE,1188000,-40500,639,1.99
2026-06-23,2026-06-30,87.0,CE,2490750,1026000,1528,0.89
2026-06-23,2026-06-30,87.0,PE,1937250,-249750,1717,2.64
2026-06-23,2026-06-30,88.0,CE,6176250,796500,3463,0.63
2026-06-23,2026-06-30,88.0,PE,2031750,-904500,529,3.24
2026-06-23,2026-06-30,89.0,CE,3267000,-1363500,1962,0.47
2026-06-23,2026-06-30,89.0,PE,1842750,-816750,322,4.17
2026-06-23,2026-06-30,90.0,CE,15822000,-3834000,3689,0.35
2026-06-23,2026-06-30,90.0,PE,5602500,-648000,510,5.06
2026-06-23,2026-06-30,91.0,CE,4313250,216000,1477,0.28
2026-06-23,2026-06-30,91.0,PE,1174500,-391500,73,5.98
2026-06-23,2026-06-30,92.0,CE,6851250,-418500,1417,0.2
2026-06-23,2026-06-30,92.0,PE,2079000,-384750,94,6.94
2026-06-23,2026-06-30,93.0,CE,4812750,94500,633,0.16
2026-06-23,2026-06-30,93.0,PE,1620000,-128250,65,7.75
2026-06-23,2026-06-30,94.0,CE,3138750,-94500,505,0.14
2026-06-23,2026-06-30,94.0,PE,958500,-54000,14,9.0
2026-06-23,2026-06-30,95.0,CE,11427750,-3476250,1492,0.11
2026-06-23,2026-06-30,95.0,PE,2470500,-432000,97,10.7
2026-06-23,2026-06-30,96.0,CE,5035500,-1410750,609,0.11
2026-06-23,2026-06-30,96.0,PE,1505250,-20250,6,10.5
2026-06-23,2026-06-30,97.0,CE,3928500,-459000,378,0.1
2026-06-23,2026-06-30,97.0,PE,1275750,-6750,1,12.6
2026-06-23,2026-06-30,98.0,CE,3651750,209250,320,0.09
2026-06-23,2026-06-30,98.0,PE,1235250,-40500,9,12.89
2026-06-23,2026-06-30,99.0,CE,5163750,-81000,83,0.06
2026-06-23,2026-06-30,99.0,PE,229500,0,0,10.16
2026-06-23,2026-06-30,100.0,CE,16058250,-2578500,939,0.06
2026-06-23,2026-06-30,100.0,PE,978750,-168750,107,14.63
2026-06-23,2026-06-30,101.0,CE,675000,-60750,21,0.07
2026-06-23,2026-06-30,101.0,PE,20250,0,0,8.99
2026-06-23,2026-06-30,102.0,CE,1161000,-108000,56,0.07
2026-06-23,2026-06-30,102.0,PE,0,0,0,11.43
2026-06-23,2026-06-30,103.0,CE,371250,-121500,50,0.04
2026-06-23,2026-06-30,103.0,PE,6750,0,0,14.82
2026-06-23,2026-06-30,104.0,CE,681750,-108000,54,0.05
2026-06-23,2026-06-30,104.0,PE,20250,0,0,15.83
2026-06-23,2026-06-30,105.0,CE,1741500,-668250,231,0.05
2026-06-23,2026-06-30,105.0,PE,33750,0,0,17.0
2026-06-23,2026-06-30,106.0,CE,1397250,-405000,84,0.04
2026-06-23,2026-06-30,106.0,PE,128250,0,0,18.03
2026-06-23,2026-06-30,107.0,CE,135000,0,0,0.06
2026-06-23,2026-06-30,107.0,PE,0,0,0,16.42
2026-06-23,2026-06-30,108.0,CE,222750,-67500,32,0.03
2026-06-23,2026-06-30,108.0,PE,0,0,0,30.11
2026-06-23,2026-06-30,109.0,CE,0,0,0,1.11
2026-06-23,2026-06-30,109.0,PE,0,0,0,18.13
2026-06-23,2026-06-30,110.0,CE,1512000,-195750,103,0.03
2026-06-23,2026-06-30,110.0,PE,27000,0,0,21.99
2026-06-23,2026-07-28,74.0,CE,357750,-101250,27,12.16
2026-06-23,2026-07-28,74.0,PE,6750,6750,1,0.35
2026-06-23,2026-07-28,75.0,CE,0,0,0,17.06
2026-06-23,2026-07-28,75.0,PE,1215000,1201500,223,0.38
2026-06-23,2026-07-28,76.0,CE,0,0,0,17.26
2026-06-23,2026-07-28,76.0,PE,67500,0,1,0.45
2026-06-23,2026-07-28,77.0,CE,0,0,0,15.34
2026-06-23,2026-07-28,77.0,PE,229500,81000,80,0.58
2026-06-23,2026-07-28,78.0,CE,0,0,0,15.68
2026-06-23,2026-07-28,78.0,PE,27000,20250,3,0.5
2026-06-23,2026-07-28,79.0,CE,0,0,0,13.7
2026-06-23,2026-07-28,79.0,PE,438750,263250,86,0.95
2026-06-23,2026-07-28,80.0,CE,830250,195750,38,6.88
2026-06-23,2026-07-28,80.0,PE,1930500,634500,220,1.13
2026-06-23,2026-07-28,81.0,CE,0,0,0,12.15
2026-06-23,2026-07-28,81.0,PE,2139750,-20250,17,1.64
2026-06-23,2026-07-28,82.0,CE,13500,13500,2,5.4
2026-06-23,2026-07-28,82.0,PE,1086750,-20250,24,1.81
2026-06-23,2026-07-28,83.0,CE,54000,54000,9,5.1
2026-06-23,2026-07-28,83.0,PE,141750,94500,17,2.2
2026-06-23,2026-07-28,84.0,CE,0,0,0,11.41
2026-06-23,2026-07-28,84.0,PE,2335500,627750,242,2.77
2026-06-23,2026-07-28,85.0,CE,2004750,1282500,322,3.79
2026-06-23,2026-07-28,85.0,PE,2794500,371250,191,2.9
2026-06-23,2026-07-28,86.0,CE,94500,94500,31,3.42
2026-06-23,2026-07-28,86.0,PE,452250,256500,60,4.0
2026-06-23,2026-07-28,87.0,CE,155250,141750,32,2.98
2026-06-23,2026-07-28,87.0,PE,114750,54000,9,4.64
2026-06-23,2026-07-28,88.0,CE,715500,330750,90,2.59
2026-06-23,2026-07-28,88.0,PE,202500,60750,22,4.5
2026-06-23,2026-07-28,89.0,CE,216000,128250,31,2.21
2026-06-23,2026-07-28,89.0,PE,121500,27000,6,5.25
2026-06-23,2026-07-28,90.0,CE,5096250,1613250,563,1.94
2026-06-23,2026-07-28,90.0,PE,1768500,445500,100,6.0
2026-06-23,2026-07-28,91.0,CE,445500,94500,75,1.65
2026-06-23,2026-07-28,91.0,PE,67500,0,0,4.85
2026-06-23,2026-07-28,92.0,CE,479250,202500,52,1.42
2026-06-23,2026-07-28,92.0,PE,108000,33750,5,7.5
2026-06-23,2026-07-28,93.0,CE,337500,155250,45,1.27
2026-06-23,2026-07-28,93.0,PE,195750,0,0,5.98
2026-06-23,2026-07-28,94.0,CE,303750,40500,23,1.09
2026-06-23,2026-07-28,94.0,PE,6750,0,0,6.53
2026-06-23,2026-07-28,95.0,CE,3948750,1606500,447,0.95
2026-06-23,2026-07-28,95.0,PE,209250,81000,20,9.95
2026-06-23,2026-07-28,96.0,CE,283500,128250,31,0.73
2026-06-23,2026-07-28,96.0,PE,27000,0,0,7.3
2026-06-23,2026-07-28,97.0,CE,20250,0,0,2.05
2026-06-23,2026-07-28,97.0,PE,0,0,0,8.89
2026-06-23,2026-07-28,98.0,CE,263250,0,3,0.56
2026-06-23,2026-07-28,98.0,PE,6750,0,0,9.9
2026-06-23,2026-07-28,99.0,CE,864000,60750,27,0.49
2026-06-23,2026-07-28,99.0,PE,20250,0,0,9.69
2026-06-23,2026-07-28,100.0,CE,8349750,742500,557,0.5
2026-06-23,2026-07-28,100.0,PE,452250,6750,2,15.0
2026-06-23,2026-07-28,101.0,CE,1687500,-108000,60,0.42
2026-06-23,2026-07-28,101.0,PE,182250,0,0,13.0
2026-06-23,2026-07-28,102.0,CE,2200500,13500,49,0.36
2026-06-23,2026-07-28,102.0,PE,0,0,0,13.07
2026-06-23,2026-07-28,103.0,CE,1464750,0,0,0.56
2026-06-23,2026-07-28,103.0,PE,54000,0,0,13.51
2026-06-23,2026-07-28,104.0,CE,2625750,0,0,0.45
2026-06-23,2026-07-28,104.0,PE,20250,0,0,13.88
2026-06-23,2026-07-28,105.0,CE,1701000,-13500,9,0.25
2026-06-23,2026-07-28,105.0,PE,0,0,0,14.87
2026-06-23,2026-07-28,106.0,CE,297000,0,11,0.1
2026-06-23,2026-07-28,106.0,PE,20250,0,0,16.53
2026-06-23,2026-07-28,107.0,CE,20250,0,0,0.45
2026-06-23,2026-07-28,107.0,PE,0,0,0,16.54
2026-06-23,2026-07-28,108.0,CE,216000,0,0,0.4
2026-06-23,2026-07-28,108.0,PE,0,0,0,17.68
2026-06-23,2026-07-28,109.0,CE,13500,0,0,0.46
2026-06-23,2026-07-28,109.0,PE,0,0,0,18.26
2026-06-23,2026-07-28,110.0,CE,823500,0,3,0.2
2026-06-23,2026-07-28,110.0,PE,27000,13500,2,23.0
2026-06-23,2026-08-25,74.0,CE,0,0,0,18.7
2026-06-23,2026-08-25,74.0,PE,0,0,0,0.94
2026-06-23,2026-08-25,76.0,CE,0,0,0,17.05
2026-06-23,2026-08-25,76.0,PE,0,0,0,1.26
2026-06-23,2026-08-25,78.0,CE,0,0,0,15.47
2026-06-23,2026-08-25,78.0,PE,0,0,0,1.65
2026-06-23,2026-08-25,80.0,CE,0,0,0,13.97
2026-06-23,2026-08-25,80.0,PE,0,0,0,2.12
2026-06-23,2026-08-25,82.0,CE,0,0,0,12.55
2026-06-23,2026-08-25,82.0,PE,0,0,0,2.67
2026-06-23,2026-08-25,84.0,CE,0,0,0,11.21
2026-06-23,2026-08-25,84.0,PE,0,0,0,3.3
2026-06-23,2026-08-25,86.0,CE,0,0,0,9.98
2026-06-23,2026-08-25,86.0,PE,0,0,0,4.04
2026-06-23,2026-08-25,88.0,CE,0,0,0,8.83
2026-06-23,2026-08-25,88.0,PE,0,0,0,4.86
2026-06-23,2026-08-25,90.0,CE,0,0,0,7.78
2026-06-23,2026-08-25,90.0,PE,0,0,0,5.78
2026-06-23,2026-08-25,92.0,CE,0,0,0,6.82
2026-06-23,2026-08-25,92.0,PE,0,0,0,6.79
2026-06-23,2026-08-25,94.0,CE,0,0,0,5.96
2026-06-23,2026-08-25,94.0,PE,0,0,0,7.9
2026-06-23,2026-08-25,96.0,CE,0,0,0,5.17
2026-06-23,2026-08-25,96.0,PE,0,0,0,9.09
2026-06-23,2026-08-25,98.0,CE,0,0,0,4.48
2026-06-23,2026-08-25,98.0,PE,0,0,0,10.36
2026-06-23,2026-08-25,100.0,CE,6750,0,0,2.2
2026-06-23,2026-08-25,100.0,PE,0,0,0,11.71
2026-06-23,2026-08-25,102.0,CE,0,0,0,3.31
2026-06-23,2026-08-25,102.0,PE,0,0,0,13.13
2026-06-23,2026-08-25,104.0,CE,0,0,0,2.83
2026-06-23,2026-08-25,104.0,PE,0,0,0,14.62
2026-06-23,2026-08-25,106.0,CE,0,0,0,2.41
2026-06-23,2026-08-25,106.0,PE,0,0,0,16.17
2026-06-23,2026-08-25,108.0,CE,0,0,0,2.04
2026-06-23,2026-08-25,108.0,PE,0,0,0,17.77
2026-06-23,2026-08-25,110.0,CE,0,0,0,1.72
2026-06-23,2026-08-25,110.0,PE,0,0,0,19.43
2026-06-24,2026-06-30,74.0,CE,270000,-20250,4,12.05
2026-06-24,2026-06-30,74.0,PE,182250,-27000,4,0.01
2026-06-24,2026-06-30,75.0,CE,20250,0,0,15.0
2026-06-24,2026-06-30,75.0,PE,6750,0,0,0.05
2026-06-24,2026-06-30,76.0,CE,87750,0,0,9.0
2026-06-24,2026-06-30,76.0,PE,148500,-74250,13,0.01
2026-06-24,2026-06-30,77.0,CE,0,0,0,15.55
2026-06-24,2026-06-30,77.0,PE,0,0,0,0.89
2026-06-24,2026-06-30,78.0,CE,33750,0,1,8.55
2026-06-24,2026-06-30,78.0,PE,789750,182250,190,0.04
2026-06-24,2026-06-30,79.0,CE,0,0,2,6.7
2026-06-24,2026-06-30,79.0,PE,6750,6750,1,0.15
2026-06-24,2026-06-30,80.0,CE,594000,-40500,18,6.18
2026-06-24,2026-06-30,80.0,PE,4171500,-128250,419,0.12
2026-06-24,2026-06-30,81.0,CE,54000,0,0,4.55
2026-06-24,2026-06-30,81.0,PE,371250,-303750,290,0.15
2026-06-24,2026-06-30,82.0,CE,67500,-67500,30,4.64
2026-06-24,2026-06-30,82.0,PE,2544750,27000,416,0.23
2026-06-24,2026-06-30,83.0,CE,330750,222750,81,3.36
2026-06-24,2026-06-30,83.0,PE,1161000,-135000,510,0.33
2026-06-24,2026-06-30,84.0,CE,1437750,492750,438,2.55
2026-06-24,2026-06-30,84.0,PE,1485000,-33750,919,0.52
2026-06-24,2026-06-30,85.0,CE,2349000,-695250,1441,1.87
2026-06-24,2026-06-30,85.0,PE,5339250,-60750,1227,0.81
2026-06-24,2026-06-30,86.0,CE,2511000,101250,1245,1.3
2026-06-24,2026-06-30,86.0,PE,1485000,297000,1032,1.24
2026-06-24,2026-06-30,87.0,CE,2133000,-357750,1257,0.89
2026-06-24,2026-06-30,87.0,PE,1694250,-243000,412,1.79
2026-06-24,2026-06-30,88.0,CE,5528250,-648000,1701,0.59
2026-06-24,2026-06-30,88.0,PE,1822500,-209250,273,2.57
2026-06-24,2026-06-30,89.0,CE,2720250,-546750,964,0.4
2026-06-24,2026-06-30,89.0,PE,1620000,-222750,90,3.38
2026-06-24,2026-06-30,90.0,CE,13628250,-2193750,1817,0.29
2026-06-24,2026-06-30,90.0,PE,5278500,-324000,117,3.95
2026-06-24,2026-06-30,91.0,CE,4043250,-270000,927,0.21
2026-06-24,2026-06-30,91.0,PE,1046250,-128250,30,5.13
2026-06-24,2026-06-30,92.0,CE,6284250,-567000,719,0.15
2026-06-24,2026-06-30,92.0,PE,1890000,-189000,42,5.61
2026-06-24,2026-06-30,93.0,CE,4542750,-270000,251,0.11
2026-06-24,2026-06-30,93.0,PE,1262250,-357750,64,6.4
2026-06-24,2026-06-30,94.0,CE,2976750,-162000,298,0.08
2026-06-24,2026-06-30,94.0,PE,958500,0,3,9.0
2026-06-24,2026-06-30,95.0,CE,9436500,-1991250,1054,0.07
2026-06-24,2026-06-30,95.0,PE,2342250,-128250,24,8.61
2026-06-24,2026-06-30,96.0,CE,4259250,-776250,570,0.06
2026-06-24,2026-06-30,96.0,PE,1505250,0,0,10.5
2026-06-24,2026-06-30,97.0,CE,3165750,-762750,571,0.04
2026-06-24,2026-06-30,97.0,PE,1269000,-6750,2,12.15
2026-06-24,2026-06-30,98.0,CE,3469500,-182250,223,0.05
2026-06-24,2026-06-30,98.0,PE,1215000,-20250,8,11.5
2026-06-24,2026-06-30,99.0,CE,5197500,33750,142,0.02
2026-06-24,2026-06-30,99.0,PE,229500,0,0,10.16
2026-06-24,2026-06-30,100.0,CE,14924250,-1134000,630,0.02
2026-06-24,2026-06-30,100.0,PE,965250,-13500,13,13.49
2026-06-24,2026-06-30,101.0,CE,661500,-13500,30,0.04
2026-06-24,2026-06-30,101.0,PE,20250,0,0,8.99
2026-06-24,2026-06-30,102.0,CE,1140750,-20250,26,0.03
2026-06-24,2026-06-30,102.0,PE,0,0,0,11.43
2026-06-24,2026-06-30,103.0,CE,364500,-6750,3,0.01
2026-06-24,2026-06-30,103.0,PE,6750,0,0,14.82
2026-06-24,2026-06-30,104.0,CE,648000,-33750,8,0.03
2026-06-24,2026-06-30,104.0,PE,20250,0,0,15.83
2026-06-24,2026-06-30,105.0,CE,1512000,-229500,35,0.02
2026-06-24,2026-06-30,105.0,PE,33750,0,0,17.0
2026-06-24,2026-06-30,106.0,CE,1181250,-216000,52,0.02
2026-06-24,2026-06-30,106.0,PE,128250,0,0,18.03
2026-06-24,2026-06-30,107.0,CE,135000,0,0,0.06
2026-06-24,2026-06-30,107.0,PE,0,0,0,16.42
2026-06-24,2026-06-30,108.0,CE,222750,0,0,0.03
2026-06-24,2026-06-30,108.0,PE,0,0,0,30.11
2026-06-24,2026-06-30,109.0,CE,0,0,0,1.11
2026-06-24,2026-06-30,109.0,PE,0,0,0,18.13
2026-06-24,2026-06-30,110.0,CE,1444500,-67500,13,0.03
2026-06-24,2026-06-30,110.0,PE,20250,-6750,1,25.0
2026-06-24,2026-07-28,74.0,CE,114750,-243000,54,12.85
2026-06-24,2026-07-28,74.0,PE,13500,6750,2,0.35
2026-06-24,2026-07-28,75.0,CE,0,0,0,17.06
2026-06-24,2026-07-28,75.0,PE,1255500,40500,47,0.38
2026-06-24,2026-07-28,76.0,CE,0,0,0,17.26
2026-06-24,2026-07-28,76.0,PE,67500,0,5,0.37
2026-06-24,2026-07-28,77.0,CE,0,0,0,15.34
2026-06-24,2026-07-28,77.0,PE,330750,101250,69,0.47
2026-06-24,2026-07-28,78.0,CE,0,0,0,15.68
2026-06-24,2026-07-28,78.0,PE,81000,54000,16,0.58
2026-06-24,2026-07-28,79.0,CE,0,0,0,13.7
2026-06-24,2026-07-28,79.0,PE,452250,13500,2,0.92
2026-06-24,2026-07-28,80.0,CE,904500,74250,23,7.68
2026-06-24,2026-07-28,80.0,PE,2153250,222750,249,0.94
2026-06-24,2026-07-28,81.0,CE,0,0,0,12.15
2026-06-24,2026-07-28,81.0,PE,2214000,74250,14,1.14
2026-06-24,2026-07-28,82.0,CE,54000,40500,6,5.45
2026-06-24,2026-07-28,82.0,PE,1215000,128250,80,1.43
2026-06-24,2026-07-28,83.0,CE,67500,13500,3,5.69
2026-06-24,2026-07-28,83.0,PE,155250,13500,6,1.75
2026-06-24,2026-07-28,84.0,CE,81000,81000,14,5.06
2026-06-24,2026-07-28,84.0,PE,2349000,13500,58,2.13
2026-06-24,2026-07-28,85.0,CE,2146500,141750,276,4.06
2026-06-24,2026-07-28,85.0,PE,2862000,67500,110,2.46
2026-06-24,2026-07-28,86.0,CE,162000,67500,32,3.53
2026-06-24,2026-07-28,86.0,PE,492750,40500,16,2.96
2026-06-24,2026-07-28,87.0,CE,222750,67500,46,3.04
2026-06-24,2026-07-28,87.0,PE,209250,94500,19,3.52
2026-06-24,2026-07-28,88.0,CE,945000,229500,101,2.7
2026-06-24,2026-07-28,88.0,PE,256500,54000,9,3.62
2026-06-24,2026-07-28,89.0,CE,290250,74250,66,2.28
2026-06-24,2026-07-28,89.0,PE,182250,60750,10,5.25
2026-06-24,2026-07-28,90.0,CE,5636250,540000,539,1.99
2026-06-24,2026-07-28,90.0,PE,2065500,297000,72,5.22
2026-06-24,2026-07-28,91.0,CE,445500,0,31,1.9
2026-06-24,2026-07-28,91.0,PE,67500,0,0,4.85
2026-06-24,2026-07-28,92.0,CE,540000,60750,45,1.46
2026-06-24,2026-07-28,92.0,PE,108000,0,0,7.5
2026-06-24,2026-07-28,93.0,CE,344250,6750,22,1.24
2026-06-24,2026-07-28,93.0,PE,202500,6750,1,8.1
2026-06-24,2026-07-28,94.0,CE,357750,54000,16,1.2
2026-06-24,2026-07-28,94.0,PE,6750,0,0,6.53
2026-06-24,2026-07-28,95.0,CE,4448250,499500,409,0.92
2026-06-24,2026-07-28,95.0,PE,540000,330750,61,9.1
2026-06-24,2026-07-28,96.0,CE,317250,33750,7,0.55
2026-06-24,2026-07-28,96.0,PE,27000,0,0,7.3
2026-06-24,2026-07-28,97.0,CE,20250,0,0,2.05
2026-06-24,2026-07-28,97.0,PE,0,0,0,8.89
2026-06-24,2026-07-28,98.0,CE,270000,6750,2,0.72
2026-06-24,2026-07-28,98.0,PE,6750,0,0,9.9
2026-06-24,2026-07-28,99.0,CE,864000,0,18,0.6
2026-06-24,2026-07-28,99.0,PE,20250,0,0,9.69
2026-06-24,2026-07-28,100.0,CE,8525250,175500,251,0.49
2026-06-24,2026-07-28,100.0,PE,452250,0,1,13.0
2026-06-24,2026-07-28,101.0,CE,1694250,6750,2,0.4
2026-06-24,2026-07-28,101.0,PE,182250,0,0,13.0
2026-06-24,2026-07-28,102.0,CE,2214000,13500,11,0.42
2026-06-24,2026-07-28,102.0,PE,0,0,0,13.07
2026-06-24,2026-07-28,103.0,CE,1464750,0,17,0.34
2026-06-24,2026-07-28,103.0,PE,54000,0,0,13.51
2026-06-24,2026-07-28,104.0,CE,2625750,0,0,0.45
2026-06-24,2026-07-28,104.0,PE,20250,0,0,13.88
2026-06-24,2026-07-28,105.0,CE,1701000,0,6,0.34
2026-06-24,2026-07-28,105.0,PE,0,0,0,14.87
2026-06-24,2026-07-28,106.0,CE,297000,0,0,0.1
2026-06-24,2026-07-28,106.0,PE,20250,0,0,16.53
2026-06-24,2026-07-28,107.0,CE,20250,0,0,0.45
2026-06-24,2026-07-28,107.0,PE,0,0,0,16.54
2026-06-24,2026-07-28,108.0,CE,216000,0,0,0.4
2026-06-24,2026-07-28,108.0,PE,0,0,0,17.68
2026-06-24,2026-07-28,109.0,CE,13500,0,0,0.46
2026-06-24,2026-07-28,109.0,PE,0,0,0,18.26
2026-06-24,2026-07-28,110.0,CE,823500,0,0,0.2
2026-06-24,2026-07-28,110.0,PE,33750,6750,1,24.0
2026-06-24,2026-08-25,72.0,CE,0,0,0,20.42
2026-06-24,2026-08-25,72.0,PE,0,0,0,0.69
2026-06-24,2026-08-25,74.0,CE,0,0,0,18.7
2026-06-24,2026-08-25,74.0,PE,0,0,0,0.94
2026-06-24,2026-08-25,76.0,CE,0,0,0,17.05
2026-06-24,2026-08-25,76.0,PE,0,0,0,1.26
2026-06-24,2026-08-25,78.0,CE,0,0,0,15.47
2026-06-24,2026-08-25,78.0,PE,0,0,0,1.65
2026-06-24,2026-08-25,80.0,CE,0,0,0,13.97
2026-06-24,2026-08-25,80.0,PE,0,0,0,2.12
2026-06-24,2026-08-25,82.0,CE,0,0,0,12.55
2026-06-24,2026-08-25,82.0,PE,0,0,0,2.67
2026-06-24,2026-08-25,84.0,CE,0,0,0,11.21
2026-06-24,2026-08-25,84.0,PE,0,0,0,3.3
2026-06-24,2026-08-25,86.0,CE,0,0,0,9.98
2026-06-24,2026-08-25,86.0,PE,0,0,0,4.04
2026-06-24,2026-08-25,88.0,CE,0,0,0,8.83
2026-06-24,2026-08-25,88.0,PE,0,0,0,4.86
2026-06-24,2026-08-25,90.0,CE,0,0,0,7.78
2026-06-24,2026-08-25,90.0,PE,0,0,0,5.78
2026-06-24,2026-08-25,92.0,CE,0,0,0,6.82
2026-06-24,2026-08-25,92.0,PE,0,0,0,6.79
2026-06-24,2026-08-25,94.0,CE,0,0,0,5.96
2026-06-24,2026-08-25,94.0,PE,0,0,0,7.9
2026-06-24,2026-08-25,96.0,CE,0,0,0,5.17
2026-06-24,2026-08-25,96.0,PE,0,0,0,9.09
2026-06-24,2026-08-25,98.0,CE,0,0,0,4.48
2026-06-24,2026-08-25,98.0,PE,0,0,0,10.36
2026-06-24,2026-08-25,100.0,CE,6750,0,0,2.2
2026-06-24,2026-08-25,100.0,PE,0,0,0,11.71
2026-06-24,2026-08-25,102.0,CE,0,0,0,3.31
2026-06-24,2026-08-25,102.0,PE,0,0,0,13.13
2026-06-24,2026-08-25,104.0,CE,0,0,0,2.83
2026-06-24,2026-08-25,104.0,PE,0,0,0,14.62
2026-06-24,2026-08-25,106.0,CE,0,0,0,2.41
2026-06-24,2026-08-25,106.0,PE,0,0,0,16.17
2026-06-24,2026-08-25,108.0,CE,0,0,0,2.04
2026-06-24,2026-08-25,108.0,PE,0,0,0,17.77
2026-06-24,2026-08-25,110.0,CE,0,0,0,1.72
2026-06-24,2026-08-25,110.0,PE,0,0,0,19.43
2026-06-25,2026-06-30,74.0,CE,175500,-94500,16,10.79
2026-06-25,2026-06-30,74.0,PE,182250,0,0,0.01
2026-06-25,2026-06-30,75.0,CE,20250,0,0,15.0
2026-06-25,2026-06-30,75.0,PE,6750,0,0,0.05
2026-06-25,2026-06-30,76.0,CE,87750,0,0,9.0
2026-06-25,2026-06-30,76.0,PE,141750,-6750,1,0.01
2026-06-25,2026-06-30,77.0,CE,0,0,0,15.55
2026-06-25,2026-06-30,77.0,PE,0,0,0,0.89
2026-06-25,2026-06-30,78.0,CE,33750,0,0,8.55
2026-06-25,2026-06-30,78.0,PE,722250,-67500,17,0.05
2026-06-25,2026-06-30,79.0,CE,0,0,0,6.7
2026-06-25,2026-06-30,79.0,PE,6750,0,0,0.15
2026-06-25,2026-06-30,80.0,CE,560250,-33750,12,4.75
2026-06-25,2026-06-30,80.0,PE,3368250,-803250,319,0.1
2026-06-25,2026-06-30,81.0,CE,54000,0,0,4.55
2026-06-25,2026-06-30,81.0,PE,459000,87750,75,0.2
2026-06-25,2026-06-30,82.0,CE,67500,0,0,4.64
2026-06-25,2026-06-30,82.0,PE,2484000,-60750,187,0.34
2026-06-25,2026-06-30,83.0,CE,344250,13500,12,2.68
2026-06-25,2026-06-30,83.0,PE,1127250,-33750,362,0.55
2026-06-25,2026-06-30,84.0,CE,1329750,-108000,229,1.61
2026-06-25,2026-06-30,84.0,PE,1127250,-357750,348,0.8
2026-06-25,2026-06-30,85.0,CE,2673000,324000,445,1.06
2026-06-25,2026-06-30,85.0,PE,4421250,-918000,1014,1.28
2026-06-25,2026-06-30,86.0,CE,2389500,-121500,785,0.69
2026-06-25,2026-06-30,86.0,PE,1140750,-344250,182,1.9
2026-06-25,2026-06-30,87.0,CE,2200500,67500,461,0.44
2026-06-25,2026-06-30,87.0,PE,1471500,-222750,59,2.59
2026-06-25,2026-06-30,88.0,CE,4596750,-931500,784,0.3
2026-06-25,2026-06-30,88.0,PE,1782000,-40500,21,3.51
2026-06-25,2026-06-30,89.0,CE,2720250,0,245,0.21
2026-06-25,2026-06-30,89.0,PE,1498500,-121500,30,4.61
2026-06-25,2026-06-30,90.0,CE,10725750,-2902500,1139,0.14
2026-06-25,2026-06-30,90.0,PE,4974750,-303750,61,5.31
2026-06-25,2026-06-30,91.0,CE,3834000,-209250,186,0.11
2026-06-25,2026-06-30,91.0,PE,1046250,0,4,5.8
2026-06-25,2026-06-30,92.0,CE,6237000,-47250,295,0.08
2026-06-25,2026-06-30,92.0,PE,1829250,-60750,15,7.1
2026-06-25,2026-06-30,93.0,CE,4239000,-303750,93,0.06
2026-06-25,2026-06-30,93.0,PE,1262250,0,0,6.4
2026-06-25,2026-06-30,94.0,CE,2720250,-256500,89,0.04
2026-06-25,2026-06-30,94.0,PE,958500,0,0,9.0
2026-06-25,2026-06-30,95.0,CE,7384500,-2052000,596,0.04
2026-06-25,2026-06-30,95.0,PE,2146500,-195750,30,9.7
2026-06-25,2026-06-30,96.0,CE,3732750,-526500,233,0.04
2026-06-25,2026-06-30,96.0,PE,1464750,-40500,8,10.9
2026-06-25,2026-06-30,97.0,CE,2781000,-384750,103,0.02
2026-06-25,2026-06-30,97.0,PE,1269000,0,0,12.15
2026-06-25,2026-06-30,98.0,CE,3199500,-270000,93,0.03
2026-06-25,2026-06-30,98.0,PE,1174500,-40500,6,13.11
2026-06-25,2026-06-30,99.0,CE,4995000,-202500,33,0.01
2026-06-25,2026-06-30,99.0,PE,229500,0,0,10.16
2026-06-25,2026-06-30,100.0,CE,14330250,-594000,254,0.01
2026-06-25,2026-06-30,100.0,PE,830250,-135000,28,15.3
2026-06-25,2026-06-30,101.0,CE,594000,-67500,27,0.03
2026-06-25,2026-06-30,101.0,PE,20250,0,0,8.99
2026-06-25,2026-06-30,102.0,CE,729000,-411750,61,0.01
2026-06-25,2026-06-30,102.0,PE,0,0,0,11.43
2026-06-25,2026-06-30,103.0,CE,351000,-13500,3,0.01
2026-06-25,2026-06-30,103.0,PE,6750,0,0,14.82
2026-06-25,2026-06-30,104.0,CE,587250,-60750,9,0.02
2026-06-25,2026-06-30,104.0,PE,20250,0,0,15.83
2026-06-25,2026-06-30,105.0,CE,1363500,-148500,81,0.02
2026-06-25,2026-06-30,105.0,PE,27000,-6750,2,20.1
2026-06-25,2026-06-30,106.0,CE,1127250,-54000,8,0.01
2026-06-25,2026-06-30,106.0,PE,128250,0,8,20.9
2026-06-25,2026-06-30,107.0,CE,114750,-20250,5,0.01
2026-06-25,2026-06-30,107.0,PE,0,0,0,16.42
2026-06-25,2026-06-30,108.0,CE,222750,0,6,0.02
2026-06-25,2026-06-30,108.0,PE,0,0,0,30.11
2026-06-25,2026-06-30,109.0,CE,0,0,0,1.11
2026-06-25,2026-06-30,109.0,PE,0,0,0,18.13
2026-06-25,2026-06-30,110.0,CE,1005750,-438750,117,0.01
2026-06-25,2026-06-30,110.0,PE,20250,0,0,25.0
2026-06-25,2026-07-28,74.0,CE,182250,67500,17,11.65
2026-06-25,2026-07-28,74.0,PE,74250,60750,9,0.31
2026-06-25,2026-07-28,75.0,CE,0,0,0,17.06
2026-06-25,2026-07-28,75.0,PE,1235250,-20250,4,0.38
2026-06-25,2026-07-28,76.0,CE,0,0,0,17.26
2026-06-25,2026-07-28,76.0,PE,310500,243000,81,0.47
2026-06-25,2026-07-28,77.0,CE,0,0,0,15.34
2026-06-25,2026-07-28,77.0,PE,324000,-6750,70,0.59
2026-06-25,2026-07-28,78.0,CE,0,0,0,15.68
2026-06-25,2026-07-28,78.0,PE,81000,0,0,0.58
2026-06-25,2026-07-28,79.0,CE,0,0,0,13.7
2026-06-25,2026-07-28,79.0,PE,546750,94500,19,0.94
2026-06-25,2026-07-28,80.0,CE,978750,74250,20,6.59
2026-06-25,2026-07-28,80.0,PE,2490750,337500,318,1.14
2026-06-25,2026-07-28,81.0,CE,0,0,0,12.15
2026-06-25,2026-07-28,81.0,PE,2220750,6750,11,1.4
2026-06-25,2026-07-28,82.0,CE,54000,0,0,5.45
2026-06-25,2026-07-28,82.0,PE,1242000,27000,18,1.73
2026-06-25,2026-07-28,83.0,CE,60750,-6750,2,5.01
2026-06-25,2026-07-28,83.0,PE,155250,0,0,1.75
2026-06-25,2026-07-28,84.0,CE,121500,40500,7,4.22
2026-06-25,2026-07-28,84.0,PE,2342250,-6750,28,2.56
2026-06-25,2026-07-28,85.0,CE,2281500,135000,230,3.38
2026-06-25,2026-07-28,85.0,PE,3307500,445500,152,3.05
2026-06-25,2026-07-28,86.0,CE,391500,229500,51,2.95
2026-06-25,2026-07-28,86.0,PE,567000,74250,18,3.51
2026-06-25,2026-07-28,87.0,CE,297000,74250,37,2.55
2026-06-25,2026-07-28,87.0,PE,297000,87750,14,3.9
2026-06-25,2026-07-28,88.0,CE,1215000,270000,118,2.2
2026-06-25,2026-07-28,88.0,PE,263250,6750,2,4.4
2026-06-25,2026-07-28,89.0,CE,303750,13500,7,2.04
2026-06-25,2026-07-28,89.0,PE,182250,0,0,5.25
2026-06-25,2026-07-28,90.0,CE,6662250,1026000,578,1.62
2026-06-25,2026-07-28,90.0,PE,2349000,283500,129,6.24
2026-06-25,2026-07-28,91.0,CE,499500,54000,20,1.44
2026-06-25,2026-07-28,91.0,PE,67500,0,0,4.85
2026-06-25,2026-07-28,92.0,CE,688500,148500,49,1.19
2026-06-25,2026-07-28,92.0,PE,108000,0,0,7.5
2026-06-25,2026-07-28,93.0,CE,391500,47250,31,1.02
2026-06-25,2026-07-28,93.0,PE,202500,0,0,8.1
2026-06-25,2026-07-28,94.0,CE,364500,6750,7,1.04
2026-06-25,2026-07-28,94.0,PE,6750,0,0,6.53
2026-06-25,2026-07-28,95.0,CE,4765500,317250,256,0.75
2026-06-25,2026-07-28,95.0,PE,681750,141750,27,10.05
2026-06-25,2026-07-28,96.0,CE,351000,33750,47,0.64
2026-06-25,2026-07-28,96.0,PE,27000,0,0,7.3
2026-06-25,2026-07-28,97.0,CE,20250,0,0,2.05
2026-06-25,2026-07-28,97.0,PE,0,0,0,8.89
2026-06-25,2026-07-28,98.0,CE,270000,0,0,0.72
2026-06-25,2026-07-28,98.0,PE,6750,0,0,9.9
2026-06-25,2026-07-28,99.0,CE,837000,-27000,117,0.41
2026-06-25,2026-07-28,99.0,PE,20250,0,0,9.69
2026-06-25,2026-07-28,100.0,CE,8802000,276750,167,0.38
2026-06-25,2026-07-28,100.0,PE,432000,-20250,14,14.92
2026-06-25,2026-07-28,101.0,CE,1694250,0,0,0.4
2026-06-25,2026-07-28,101.0,PE,182250,0,0,13.0
2026-06-25,2026-07-28,102.0,CE,2214000,0,106,0.28
2026-06-25,2026-07-28,102.0,PE,0,0,0,13.07
2026-06-25,2026-07-28,103.0,CE,1464750,0,0,0.34
2026-06-25,2026-07-28,103.0,PE,54000,0,0,13.51
2026-06-25,2026-07-28,104.0,CE,2625750,0,0,0.45
2026-06-25,2026-07-28,104.0,PE,20250,0,0,13.88
2026-06-25,2026-07-28,105.0,CE,1667250,-33750,15,0.24
2026-06-25,2026-07-28,105.0,PE,6750,6750,1,19.4
2026-06-25,2026-07-28,106.0,CE,297000,0,0,0.1
2026-06-25,2026-07-28,106.0,PE,20250,0,0,16.53
2026-06-25,2026-07-28,107.0,CE,20250,0,0,0.45
2026-06-25,2026-07-28,107.0,PE,0,0,0,16.54
2026-06-25,2026-07-28,108.0,CE,216000,0,0,0.4
2026-06-25,2026-07-28,108.0,PE,0,0,0,17.68
2026-06-25,2026-07-28,109.0,CE,13500,0,0,0.46
2026-06-25,2026-07-28,109.0,PE,0,0,0,18.26
2026-06-25,2026-07-28,110.0,CE,823500,0,0,0.2
2026-06-25,2026-07-28,110.0,PE,33750,0,0,24.0
2026-06-25,2026-08-25,72.0,CE,0,0,0,20.42
2026-06-25,2026-08-25,72.0,PE,0,0,0,0.69
2026-06-25,2026-08-25,74.0,CE,0,0,0,18.7
2026-06-25,2026-08-25,74.0,PE,0,0,0,0.94
2026-06-25,2026-08-25,76.0,CE,0,0,0,17.05
2026-06-25,2026-08-25,76.0,PE,0,0,0,1.26
2026-06-25,2026-08-25,78.0,CE,0,0,0,15.47
2026-06-25,2026-08-25,78.0,PE,0,0,0,1.65
2026-06-25,2026-08-25,80.0,CE,0,0,0,13.97
2026-06-25,2026-08-25,80.0,PE,0,0,0,2.12
2026-06-25,2026-08-25,82.0,CE,0,0,0,12.55
2026-06-25,2026-08-25,82.0,PE,0,0,0,2.67
2026-06-25,2026-08-25,84.0,CE,0,0,0,11.21
2026-06-25,2026-08-25,84.0,PE,0,0,0,3.3
2026-06-25,2026-08-25,86.0,CE,0,0,0,9.98
2026-06-25,2026-08-25,86.0,PE,0,0,0,4.04
2026-06-25,2026-08-25,88.0,CE,0,0,0,8.83
2026-06-25,2026-08-25,88.0,PE,0,0,0,4.86
2026-06-25,2026-08-25,90.0,CE,0,0,0,7.78
2026-06-25,2026-08-25,90.0,PE,0,0,0,5.78
2026-06-25,2026-08-25,92.0,CE,0,0,0,6.82
2026-06-25,2026-08-25,92.0,PE,0,0,0,6.79
2026-06-25,2026-08-25,94.0,CE,0,0,0,5.96
2026-06-25,2026-08-25,94.0,PE,0,0,0,7.9
2026-06-25,2026-08-25,96.0,CE,0,0,0,5.17
2026-06-25,2026-08-25,96.0,PE,0,0,0,9.09
2026-06-25,2026-08-25,98.0,CE,0,0,0,4.48
2026-06-25,2026-08-25,98.0,PE,0,0,0,10.36
2026-06-25,2026-08-25,100.0,CE,6750,0,0,2.2
2026-06-25,2026-08-25,100.0,PE,0,0,0,11.71
2026-06-25,2026-08-25,102.0,CE,0,0,0,3.31
2026-06-25,2026-08-25,102.0,PE,0,0,0,13.13
2026-06-25,2026-08-25,104.0,CE,0,0,0,2.83
2026-06-25,2026-08-25,104.0,PE,0,0,0,14.62
2026-06-25,2026-08-25,106.0,CE,0,0,0,2.41
2026-06-25,2026-08-25,106.0,PE,0,0,0,16.17
2026-06-25,2026-08-25,108.0,CE,0,0,0,2.04
2026-06-25,2026-08-25,108.0,PE,0,0,0,17.77
2026-06-25,2026-08-25,110.0,CE,0,0,0,1.72
2026-06-25,2026-08-25,110.0,PE,0,0,0,19.43
2026-06-29,2026-06-30,72.0,CE,0,0,0,8.86
2026-06-29,2026-06-30,72.0,PE,0,0,0,3.3
2026-06-29,2026-06-30,74.0,CE,101250,-74250,14,11.3
2026-06-29,2026-06-30,74.0,PE,175500,-6750,1,0.01
2026-06-29,2026-06-30,75.0,CE,20250,0,0,15.0
2026-06-29,2026-06-30,75.0,PE,6750,0,0,0.05
2026-06-29,2026-06-30,76.0,CE,87750,0,2,9.16
2026-06-29,2026-06-30,76.0,PE,141750,0,0,0.01
2026-06-29,2026-06-30,77.0,CE,0,0,0,15.55
2026-06-29,2026-06-30,77.0,PE,0,0,0,0.89
2026-06-29,2026-06-30,78.0,CE,33750,0,0,8.55
2026-06-29,2026-06-30,78.0,PE,479250,-243000,54,0.02
2026-06-29,2026-06-30,79.0,CE,0,0,0,6.7
2026-06-29,2026-06-30,79.0,PE,6750,0,0,0.15
2026-06-29,2026-06-30,80.0,CE,499500,-60750,12,5.24
2026-06-29,2026-06-30,80.0,PE,2835000,-533250,213,0.05
2026-06-29,2026-06-30,81.0,CE,54000,0,0,4.55
2026-06-29,2026-06-30,81.0,PE,546750,87750,122,0.07
2026-06-29,2026-06-30,82.0,CE,74250,6750,18,3.59
2026-06-29,2026-06-30,82.0,PE,2362500,-121500,135,0.12
2026-06-29,2026-06-30,83.0,CE,283500,-60750,10,2.53
2026-06-29,2026-06-30,83.0,PE,1181250,54000,265,0.16
2026-06-29,2026-06-30,84.0,CE,965250,-364500,252,1.75
2026-06-29,2026-06-30,84.0,PE,769500,-357750,348,0.29
2026-06-29,2026-06-30,85.0,CE,2308500,-364500,1092,1.0
2026-06-29,2026-06-30,85.0,PE,4097250,-324000,1291,0.64
2026-06-29,2026-06-30,86.0,CE,1991250,-398250,944,0.55
2026-06-29,2026-06-30,86.0,PE,823500,-317250,125,1.19
2026-06-29,2026-06-30,87.0,CE,1424250,-776250,476,0.3
2026-06-29,2026-06-30,87.0,PE,850500,-621000,139,2.01
2026-06-29,2026-06-30,88.0,CE,3078000,-1518750,956,0.18
2026-06-29,2026-06-30,88.0,PE,1471500,-310500,91,2.89
2026-06-29,2026-06-30,89.0,CE,2106000,-614250,312,0.12
2026-06-29,2026-06-30,89.0,PE,1417500,-81000,50,3.95
2026-06-29,2026-06-30,90.0,CE,8154000,-2571750,1005,0.08
2026-06-29,2026-06-30,90.0,PE,3867750,-1107000,183,4.76
2026-06-29,2026-06-30,91.0,CE,3186000,-648000,622,0.09
2026-06-29,2026-06-30,91.0,PE,978750,-67500,18,5.8
2026-06-29,2026-06-30,92.0,CE,5001750,-1235250,500,0.05
2026-06-29,2026-06-30,92.0,PE,1343250,-486000,102,6.99
2026-06-29,2026-06-30,93.0,CE,4083750,-155250,199,0.06
2026-06-29,2026-06-30,93.0,PE,1100250,-162000,38,7.57
2026-06-29,2026-06-30,94.0,CE,2207250,-513000,176,0.04
2026-06-29,2026-06-30,94.0,PE,857250,-101250,26,8.64
2026-06-29,2026-06-30,95.0,CE,5919750,-1464750,395,0.02
2026-06-29,2026-06-30,95.0,PE,1377000,-769500,137,9.55
2026-06-29,2026-06-30,96.0,CE,2794500,-938250,285,0.03
2026-06-29,2026-06-30,96.0,PE,1282500,-182250,30,10.67
2026-06-29,2026-06-30,97.0,CE,2038500,-742500,221,0.01
2026-06-29,2026-06-30,97.0,PE,1194750,-74250,16,11.65
2026-06-29,2026-06-30,98.0,CE,2261250,-938250,212,0.02
2026-06-29,2026-06-30,98.0,PE,749250,-425250,77,12.8
2026-06-29,2026-06-30,99.0,CE,4974750,-20250,3,0.01
2026-06-29,2026-06-30,99.0,PE,229500,0,0,10.16
2026-06-29,2026-06-30,100.0,CE,13925250,-405000,65,0.01
2026-06-29,2026-06-30,100.0,PE,681750,-148500,22,15.12
2026-06-29,2026-06-30,101.0,CE,567000,-27000,8,0.01
2026-06-29,2026-06-30,101.0,PE,20250,0,0,8.99
2026-06-29,2026-06-30,102.0,CE,661500,-67500,13,0.02
2026-06-29,2026-06-30,102.0,PE,0,0,0,11.43
2026-06-29,2026-06-30,103.0,CE,303750,-47250,10,0.01
2026-06-29,2026-06-30,103.0,PE,6750,0,0,14.82
2026-06-29,2026-06-30,104.0,CE,513000,-74250,12,0.02
2026-06-29,2026-06-30,104.0,PE,20250,0,0,15.83
2026-06-29,2026-06-30,105.0,CE,1242000,-121500,20,0.02
2026-06-29,2026-06-30,105.0,PE,20250,-6750,2,20.6
2026-06-29,2026-06-30,106.0,CE,1026000,-101250,18,0.01
2026-06-29,2026-06-30,106.0,PE,47250,-81000,17,21.6
2026-06-29,2026-06-30,107.0,CE,101250,-13500,3,0.02
2026-06-29,2026-06-30,107.0,PE,0,0,0,16.42
2026-06-29,2026-06-30,108.0,CE,209250,-13500,3,0.01
2026-06-29,2026-06-30,108.0,PE,0,0,0,30.11
2026-06-29,2026-06-30,109.0,CE,0,0,0,1.11
2026-06-29,2026-06-30,109.0,PE,0,0,0,18.13
2026-06-29,2026-06-30,110.0,CE,958500,-47250,7,0.01
2026-06-29,2026-06-30,110.0,PE,20250,0,0,25.0
2026-06-29,2026-07-28,72.0,CE,0,0,0,20.63
2026-06-29,2026-07-28,72.0,PE,0,0,0,0.7
2026-06-29,2026-07-28,74.0,CE,256500,74250,14,11.85
2026-06-29,2026-07-28,74.0,PE,94500,20250,3,0.39
2026-06-29,2026-07-28,75.0,CE,0,0,0,17.06
2026-06-29,2026-07-28,75.0,PE,857250,-378000,150,0.35
2026-06-29,2026-07-28,76.0,CE,0,0,0,17.26
2026-06-29,2026-07-28,76.0,PE,310500,0,0,0.47
2026-06-29,2026-07-28,77.0,CE,0,0,0,15.34
2026-06-29,2026-07-28,77.0,PE,492750,168750,122,0.51
2026-06-29,2026-07-28,78.0,CE,0,0,0,15.68
2026-06-29,2026-07-28,78.0,PE,438750,357750,89,0.65
2026-06-29,2026-07-28,79.0,CE,0,0,0,13.7
2026-06-29,2026-07-28,79.0,PE,749250,202500,40,0.83
2026-06-29,2026-07-28,80.0,CE,1019250,40500,33,6.82
2026-06-29,2026-07-28,80.0,PE,2612250,121500,170,0.99
2026-06-29,2026-07-28,81.0,CE,0,0,0,12.15
2026-06-29,2026-07-28,81.0,PE,2220750,0,0,1.4
2026-06-29,2026-07-28,82.0,CE,54000,0,0,5.45
2026-06-29,2026-07-28,82.0,PE,1363500,121500,32,1.52
2026-06-29,2026-07-28,83.0,CE,74250,13500,2,4.8
2026-06-29,2026-07-28,83.0,PE,175500,20250,4,1.88
2026-06-29,2026-07-28,84.0,CE,330750,209250,72,4.17
2026-06-29,2026-07-28,84.0,PE,2470500,128250,68,2.25
2026-06-29,2026-07-28,85.0,CE,2524500,243000,421,3.6
2026-06-29,2026-07-28,85.0,PE,3807000,499500,363,2.64
2026-06-29,2026-07-28,86.0,CE,749250,357750,123,3.09
2026-06-29,2026-07-28,86.0,PE,911250,344250,68,3.19
2026-06-29,2026-07-28,87.0,CE,351000,54000,37,2.62
2026-06-29,2026-07-28,87.0,PE,452250,155250,61,3.66
2026-06-29,2026-07-28,88.0,CE,1640250,425250,155,2.26
2026-06-29,2026-07-28,88.0,PE,418500,155250,35,4.33
2026-06-29,2026-07-28,89.0,CE,418500,114750,52,1.91
2026-06-29,2026-07-28,89.0,PE,168750,-13500,8,5.0
2026-06-29,2026-07-28,90.0,CE,7701750,1039500,862,1.65
2026-06-29,2026-07-28,90.0,PE,2720250,371250,103,5.63
2026-06-29,2026-07-28,91.0,CE,675000,175500,76,1.39
2026-06-29,2026-07-28,91.0,PE,67500,0,1,6.31
2026-06-29,2026-07-28,92.0,CE,1275750,587250,152,1.21
2026-06-29,2026-07-28,92.0,PE,121500,13500,3,7.33
2026-06-29,2026-07-28,93.0,CE,452250,60750,27,1.0
2026-06-29,2026-07-28,93.0,PE,195750,-6750,41,8.25
2026-06-29,2026-07-28,94.0,CE,411750,47250,31,0.88
2026-06-29,2026-07-28,94.0,PE,13500,6750,1,8.87
2026-06-29,2026-07-28,95.0,CE,5420250,654750,346,0.75
2026-06-29,2026-07-28,95.0,PE,783000,101250,52,9.6
2026-06-29,2026-07-28,96.0,CE,398250,47250,30,0.63
2026-06-29,2026-07-28,96.0,PE,27000,0,6,11.63
2026-06-29,2026-07-28,97.0,CE,20250,0,0,2.05
2026-06-29,2026-07-28,97.0,PE,0,0,0,8.89
2026-06-29,2026-07-28,98.0,CE,270000,0,0,0.72
2026-06-29,2026-07-28,98.0,PE,13500,6750,1,12.51
2026-06-29,2026-07-28,99.0,CE,837000,0,1,0.4
2026-06-29,2026-07-28,99.0,PE,20250,0,0,9.69
2026-06-29,2026-07-28,100.0,CE,9139500,337500,266,0.38
2026-06-29,2026-07-28,100.0,PE,425250,-6750,35,14.54
2026-06-29,2026-07-28,101.0,CE,1694250,0,0,0.4
2026-06-29,2026-07-28,101.0,PE,182250,0,0,13.0
2026-06-29,2026-07-28,102.0,CE,2214000,0,12,0.27
2026-06-29,2026-07-28,102.0,PE,0,0,0,13.07
2026-06-29,2026-07-28,103.0,CE,1464750,0,0,0.34
2026-06-29,2026-07-28,103.0,PE,54000,0,0,13.51
2026-06-29,2026-07-28,104.0,CE,2625750,0,0,0.45
2026-06-29,2026-07-28,104.0,PE,20250,0,0,13.88
2026-06-29,2026-07-28,105.0,CE,1647000,-20250,6,0.2
2026-06-29,2026-07-28,105.0,PE,6750,0,0,19.4
2026-06-29,2026-07-28,106.0,CE,297000,0,0,0.1
2026-06-29,2026-07-28,106.0,PE,81000,60750,12,20.6
2026-06-29,2026-07-28,107.0,CE,20250,0,0,0.45
2026-06-29,2026-07-28,107.0,PE,0,0,0,16.54
2026-06-29,2026-07-28,108.0,CE,216000,0,0,0.4
2026-06-29,2026-07-28,108.0,PE,0,0,0,17.68
2026-06-29,2026-07-28,109.0,CE,13500,0,0,0.46
2026-06-29,2026-07-28,109.0,PE,0,0,0,18.26
2026-06-29,2026-07-28,110.0,CE,830250,6750,1,0.09
2026-06-29,2026-07-28,110.0,PE,40500,6750,1,23.94
2026-06-29,2026-08-25,72.0,CE,0,0,0,20.42
2026-06-29,2026-08-25,72.0,PE,0,0,0,0.69
2026-06-29,2026-08-25,74.0,CE,0,0,0,18.7
2026-06-29,2026-08-25,74.0,PE,0,0,0,0.94
2026-06-29,2026-08-25,76.0,CE,0,0,0,17.05
2026-06-29,2026-08-25,76.0,PE,0,0,0,1.26
2026-06-29,2026-08-25,78.0,CE,0,0,0,15.47
2026-06-29,2026-08-25,78.0,PE,0,0,0,1.65
2026-06-29,2026-08-25,80.0,CE,0,0,0,13.97
2026-06-29,2026-08-25,80.0,PE,0,0,0,2.12
2026-06-29,2026-08-25,82.0,CE,0,0,0,12.55
2026-06-29,2026-08-25,82.0,PE,0,0,0,2.67
2026-06-29,2026-08-25,84.0,CE,0,0,0,11.21
2026-06-29,2026-08-25,84.0,PE,0,0,0,3.3
2026-06-29,2026-08-25,86.0,CE,0,0,0,9.98
2026-06-29,2026-08-25,86.0,PE,0,0,0,4.04
2026-06-29,2026-08-25,88.0,CE,0,0,0,8.83
2026-06-29,2026-08-25,88.0,PE,0,0,0,4.86
2026-06-29,2026-08-25,90.0,CE,13500,13500,3,2.51
2026-06-29,2026-08-25,90.0,PE,0,0,0,5.78
2026-06-29,2026-08-25,92.0,CE,0,0,0,6.82
2026-06-29,2026-08-25,92.0,PE,0,0,0,6.79
2026-06-29,2026-08-25,94.0,CE,0,0,0,5.96
2026-06-29,2026-08-25,94.0,PE,0,0,0,7.9
2026-06-29,2026-08-25,96.0,CE,0,0,0,5.17
2026-06-29,2026-08-25,96.0,PE,0,0,0,9.09
2026-06-29,2026-08-25,98.0,CE,0,0,0,4.48
2026-06-29,2026-08-25,98.0,PE,0,0,0,10.36
2026-06-29,2026-08-25,100.0,CE,20250,13500,2,0.72
2026-06-29,2026-08-25,100.0,PE,0,0,0,11.71
2026-06-29,2026-08-25,102.0,CE,0,0,0,3.31
2026-06-29,2026-08-25,102.0,PE,0,0,0,13.13
2026-06-29,2026-08-25,104.0,CE,0,0,0,2.83
2026-06-29,2026-08-25,104.0,PE,0,0,0,14.62
2026-06-29,2026-08-25,106.0,CE,0,0,0,2.41
2026-06-29,2026-08-25,106.0,PE,0,0,0,16.17
2026-06-29,2026-08-25,108.0,CE,0,0,0,2.04
2026-06-29,2026-08-25,108.0,PE,0,0,0,17.77
2026-06-29,2026-08-25,110.0,CE,0,0,0,1.72
2026-06-29,2026-08-25,110.0,PE,0,0,0,19.43
2026-06-30,2026-06-30,72.0,CE,0,0,0,8.86
2026-06-30,2026-06-30,72.0,PE,0,0,0,3.3
2026-06-30,2026-06-30,74.0,CE,94500,-6750,1,10.85
2026-06-30,2026-06-30,74.0,PE,168750,-6750,1,0.01
2026-06-30,2026-06-30,75.0,CE,20250,0,0,15.0
2026-06-30,2026-06-30,75.0,PE,6750,0,0,0.05
2026-06-30,2026-06-30,76.0,CE,87750,0,0,9.16
2026-06-30,2026-06-30,76.0,PE,135000,-6750,1,0.01
2026-06-30,2026-06-30,77.0,CE,0,0,0,15.55
2026-06-30,2026-06-30,77.0,PE,0,0,0,0.89
2026-06-30,2026-06-30,78.0,CE,27000,-6750,3,7.4
2026-06-30,2026-06-30,78.0,PE,479250,0,0,0.02
2026-06-30,2026-06-30,79.0,CE,0,0,0,6.7
2026-06-30,2026-06-30,79.0,PE,27000,20250,5,0.01
2026-06-30,2026-06-30,80.0,CE,465750,-33750,12,5.01
2026-06-30,2026-06-30,80.0,PE,1802250,-1032750,399,0.01
2026-06-30,2026-06-30,81.0,CE,54000,0,1,2.93
2026-06-30,2026-06-30,81.0,PE,351000,-195750,185,0.02
2026-06-30,2026-06-30,82.0,CE,74250,0,0,3.59
2026-06-30,2026-06-30,82.0,PE,2254500,-108000,253,0.01
2026-06-30,2026-06-30,83.0,CE,243000,-40500,21,2.19
2026-06-30,2026-06-30,83.0,PE,594000,-587250,246,0.01
2026-06-30,2026-06-30,84.0,CE,708750,-256500,86,1.0
2026-06-30,2026-06-30,84.0,PE,675000,-94500,244,0.01
2026-06-30,2026-06-30,85.0,CE,1262250,-1046250,680,0.03
2026-06-30,2026-06-30,85.0,PE,985500,-3111750,936,0.02
2026-06-30,2026-06-30,86.0,CE,1228500,-762750,362,0.01
2026-06-30,2026-06-30,86.0,PE,351000,-472500,98,0.86
2026-06-30,2026-06-30,87.0,CE,931500,-492750,326,0.01
2026-06-30,2026-06-30,87.0,PE,621000,-229500,63,1.83
2026-06-30,2026-06-30,88.0,CE,2342250,-735750,374,0.01
2026-06-30,2026-06-30,88.0,PE,1140750,-330750,123,2.96
2026-06-30,2026-06-30,89.0,CE,1289250,-816750,269,0.01
2026-06-30,2026-06-30,89.0,PE,1140750,-276750,53,3.76
2026-06-30,2026-06-30,90.0,CE,5548500,-2605500,628,0.01
2026-06-30,2026-06-30,90.0,PE,2929500,-938250,171,4.98
2026-06-30,2026-06-30,91.0,CE,2538000,-648000,292,0.01
2026-06-30,2026-06-30,91.0,PE,904500,-74250,64,6.02
2026-06-30,2026-06-30,92.0,CE,4286250,-715500,205,0.01
2026-06-30,2026-06-30,92.0,PE,1174500,-168750,46,6.9
2026-06-30,2026-06-30,93.0,CE,3591000,-492750,153,0.01
2026-06-30,2026-06-30,93.0,PE,1046250,-54000,13,7.9
2026-06-30,2026-06-30,94.0,CE,2126250,-81000,55,0.01
2026-06-30,2026-06-30,94.0,PE,830250,-27000,34,8.7
2026-06-30,2026-06-30,95.0,CE,5406750,-513000,150,0.01
2026-06-30,2026-06-30,95.0,PE,1059750,-317250,107,10.0
2026-06-30,2026-06-30,96.0,CE,2241000,-553500,179,0.01
2026-06-30,2026-06-30,96.0,PE,1181250,-101250,52,10.7
2026-06-30,2026-06-30,97.0,CE,1971000,-67500,28,0.01
2026-06-30,2026-06-30,97.0,PE,1174500,-20250,22,11.97
2026-06-30,2026-06-30,98.0,CE,1964250,-297000,58,0.01
2026-06-30,2026-06-30,98.0,PE,735750,-13500,3,13.27
2026-06-30,2026-06-30,99.0,CE,4941000,-33750,5,0.01
2026-06-30,2026-06-30,99.0,PE,229500,0,0,10.16
2026-06-30,2026-06-30,100.0,CE,13810500,-114750,32,0.01
2026-06-30,2026-06-30,100.0,PE,533250,-148500,72,15.0
2026-06-30,2026-06-30,101.0,CE,519750,-47250,14,0.01
2026-06-30,2026-06-30,101.0,PE,20250,0,0,8.99
2026-06-30,2026-06-30,102.0,CE,567000,-94500,25,0.01
2026-06-30,2026-06-30,102.0,PE,0,0,0,11.43
2026-06-30,2026-06-30,103.0,CE,310500,6750,4,0.01
2026-06-30,2026-06-30,103.0,PE,6750,0,0,14.82
2026-06-30,2026-06-30,104.0,CE,432000,-81000,14,0.01
2026-06-30,2026-06-30,104.0,PE,20250,0,0,15.83
2026-06-30,2026-06-30,105.0,CE,1100250,-141750,31,0.01
2026-06-30,2026-06-30,105.0,PE,13500,-6750,1,20.0
2026-06-30,2026-06-30,106.0,CE,1026000,0,1,0.01
2026-06-30,2026-06-30,106.0,PE,47250,0,0,21.6
2026-06-30,2026-06-30,107.0,CE,87750,-13500,4,0.01
2026-06-30,2026-06-30,107.0,PE,0,0,0,16.42
2026-06-30,2026-06-30,108.0,CE,209250,0,0,0.01
2026-06-30,2026-06-30,108.0,PE,0,0,0,30.11
2026-06-30,2026-06-30,109.0,CE,0,0,0,1.11
2026-06-30,2026-06-30,109.0,PE,0,0,0,18.13
2026-06-30,2026-06-30,110.0,CE,884250,-74250,11,0.01
2026-06-30,2026-06-30,110.0,PE,13500,-6750,1,25.4
2026-06-30,2026-07-28,72.0,CE,0,0,0,20.63
2026-06-30,2026-07-28,72.0,PE,0,0,0,0.7
2026-06-30,2026-07-28,74.0,CE,263250,6750,3,12.01
2026-06-30,2026-07-28,74.0,PE,94500,0,0,0.39
2026-06-30,2026-07-28,75.0,CE,0,0,0,17.06
2026-06-30,2026-07-28,75.0,PE,864000,6750,63,0.29
2026-06-30,2026-07-28,76.0,CE,0,0,0,17.26
2026-06-30,2026-07-28,76.0,PE,310500,0,0,0.47
2026-06-30,2026-07-28,77.0,CE,0,0,0,15.34
2026-06-30,2026-07-28,77.0,PE,492750,0,0,0.51
2026-06-30,2026-07-28,78.0,CE,13500,13500,2,8.4
2026-06-30,2026-07-28,78.0,PE,317250,-121500,148,0.55
2026-06-30,2026-07-28,79.0,CE,0,0,0,13.7
2026-06-30,2026-07-28,79.0,PE,749250,0,0,0.83
2026-06-30,2026-07-28,80.0,CE,965250,-54000,59,6.7
2026-06-30,2026-07-28,80.0,PE,3820500,1208250,684,0.84
2026-06-30,2026-07-28,81.0,CE,0,0,0,12.15
2026-06-30,2026-07-28,81.0,PE,2443500,222750,161,1.04
2026-06-30,2026-07-28,82.0,CE,54000,0,0,5.45
2026-06-30,2026-07-28,82.0,PE,3935250,2571750,607,1.29
2026-06-30,2026-07-28,83.0,CE,74250,0,1,4.7
2026-06-30,2026-07-28,83.0,PE,297000,121500,111,1.62
2026-06-30,2026-07-28,84.0,CE,405000,74250,55,3.95
2026-06-30,2026-07-28,84.0,PE,2666250,195750,176,1.99
2026-06-30,2026-07-28,85.0,CE,3476250,951750,837,3.34
2026-06-30,2026-07-28,85.0,PE,5541750,1734750,694,2.41
2026-06-30,2026-07-28,86.0,CE,1012500,263250,320,2.81
2026-06-30,2026-07-28,86.0,PE,1147500,236250,140,2.86
2026-06-30,2026-07-28,87.0,CE,776250,425250,176,2.41
2026-06-30,2026-07-28,87.0,PE,688500,236250,132,3.48
2026-06-30,2026-07-28,88.0,CE,1896750,256500,292,2.01
2026-06-30,2026-07-28,88.0,PE,492750,74250,32,4.07
2026-06-30,2026-07-28,89.0,CE,526500,108000,91,1.7
2026-06-30,2026-07-28,89.0,PE,276750,108000,36,4.71
2026-06-30,2026-07-28,90.0,CE,10638000,2936250,1583,1.41
2026-06-30,2026-07-28,90.0,PE,3476250,756000,234,5.51
2026-06-30,2026-07-28,91.0,CE,702000,27000,37,1.19
2026-06-30,2026-07-28,91.0,PE,81000,13500,2,7.0
2026-06-30,2026-07-28,92.0,CE,1404000,128250,94,1.01
2026-06-30,2026-07-28,92.0,PE,135000,13500,12,7.92
2026-06-30,2026-07-28,93.0,CE,486000,33750,56,0.83
2026-06-30,2026-07-28,93.0,PE,195750,0,0,8.25
2026-06-30,2026-07-28,94.0,CE,513000,101250,129,0.72
2026-06-30,2026-07-28,94.0,PE,20250,6750,2,8.5
2026-06-30,2026-07-28,95.0,CE,6000750,580500,498,0.61
2026-06-30,2026-07-28,95.0,PE,891000,108000,21,9.82
2026-06-30,2026-07-28,96.0,CE,405000,6750,2,0.63
2026-06-30,2026-07-28,96.0,PE,27000,0,0,11.63
2026-06-30,2026-07-28,97.0,CE,20250,0,0,2.05
2026-06-30,2026-07-28,97.0,PE,0,0,0,8.89
2026-06-30,2026-07-28,98.0,CE,270000,0,0,0.72
2026-06-30,2026-07-28,98.0,PE,13500,0,0,12.51
2026-06-30,2026-07-28,99.0,CE,837000,0,1,0.4
2026-06-30,2026-07-28,99.0,PE,20250,0,0,9.69
2026-06-30,2026-07-28,100.0,CE,9207000,67500,197,0.31
2026-06-30,2026-07-28,100.0,PE,600750,175500,89,14.24
2026-06-30,2026-07-28,101.0,CE,1694250,0,0,0.4
2026-06-30,2026-07-28,101.0,PE,182250,0,0,13.0
2026-06-30,2026-07-28,102.0,CE,2214000,0,1,0.27
2026-06-30,2026-07-28,102.0,PE,0,0,0,13.07
2026-06-30,2026-07-28,103.0,CE,1464750,0,0,0.34
2026-06-30,2026-07-28,103.0,PE,54000,0,0,13.51
2026-06-30,2026-07-28,104.0,CE,2625750,0,0,0.45
2026-06-30,2026-07-28,104.0,PE,20250,0,0,13.88
2026-06-30,2026-07-28,105.0,CE,1505250,-141750,103,0.16
2026-06-30,2026-07-28,105.0,PE,6750,0,0,19.4
2026-06-30,2026-07-28,106.0,CE,290250,-6750,2,0.19
2026-06-30,2026-07-28,106.0,PE,81000,0,0,20.6
2026-06-30,2026-07-28,107.0,CE,13500,-6750,2,0.17
2026-06-30,2026-07-28,107.0,PE,0,0,0,16.54
2026-06-30,2026-07-28,108.0,CE,141750,-74250,11,0.14
2026-06-30,2026-07-28,108.0,PE,0,0,0,17.68
2026-06-30,2026-07-28,109.0,CE,13500,0,0,0.46
2026-06-30,2026-07-28,109.0,PE,0,0,0,18.26
2026-06-30,2026-07-28,110.0,CE,830250,0,1,0.11
2026-06-30,2026-07-28,110.0,PE,47250,6750,1,24.0
2026-06-30,2026-08-25,72.0,CE,0,0,0,20.42
2026-06-30,2026-08-25,72.0,PE,0,0,0,0.69
2026-06-30,2026-08-25,74.0,CE,0,0,0,18.7
2026-06-30,2026-08-25,74.0,PE,0,0,0,0.94
2026-06-30,2026-08-25,76.0,CE,0,0,0,17.05
2026-06-30,2026-08-25,76.0,PE,0,0,0,1.26
2026-06-30,2026-08-25,78.0,CE,0,0,0,15.47
2026-06-30,2026-08-25,78.0,PE,0,0,0,1.65
2026-06-30,2026-08-25,80.0,CE,0,0,0,13.97
2026-06-30,2026-08-25,80.0,PE,0,0,0,2.12
2026-06-30,2026-08-25,82.0,CE,0,0,0,12.55
2026-06-30,2026-08-25,82.0,PE,0,0,0,2.67
2026-06-30,2026-08-25,84.0,CE,0,0,0,11.21
2026-06-30,2026-08-25,84.0,PE,0,0,0,3.3
2026-06-30,2026-08-25,86.0,CE,0,0,0,9.98
2026-06-30,2026-08-25,86.0,PE,0,0,0,4.04
2026-06-30,2026-08-25,88.0,CE,0,0,0,8.83
2026-06-30,2026-08-25,88.0,PE,0,0,0,4.86
2026-06-30,2026-08-25,90.0,CE,13500,0,0,2.51
2026-06-30,2026-08-25,90.0,PE,0,0,0,5.78
2026-06-30,2026-08-25,92.0,CE,0,0,0,6.82
2026-06-30,2026-08-25,92.0,PE,0,0,0,6.79
2026-06-30,2026-08-25,94.0,CE,0,0,0,5.96
2026-06-30,2026-08-25,94.0,PE,0,0,0,7.9
2026-06-30,2026-08-25,96.0,CE,13500,13500,2,1.25
2026-06-30,2026-08-25,96.0,PE,0,0,0,9.09
2026-06-30,2026-08-25,98.0,CE,0,0,0,4.48
2026-06-30,2026-08-25,98.0,PE,0,0,0,10.36
2026-06-30,2026-08-25,100.0,CE,101250,81000,12,1.0
2026-06-30,2026-08-25,100.0,PE,0,0,0,11.71
2026-06-30,2026-08-25,102.0,CE,0,0,0,3.31
2026-06-30,2026-08-25,102.0,PE,0,0,0,13.13
2026-06-30,2026-08-25,104.0,CE,0,0,0,2.83
2026-06-30,2026-08-25,104.0,PE,0,0,0,14.62
2026-06-30,2026-08-25,106.0,CE,0,0,0,2.41
2026-06-30,2026-08-25,106.0,PE,0,0,0,16.17
2026-06-30,2026-08-25,108.0,CE,0,0,0,2.04
2026-06-30,2026-08-25,108.0,PE,0,0,0,17.77
2026-06-30,2026-08-25,110.0,CE,0,0,0,1.72
2026-06-30,2026-08-25,110.0,PE,0,0,0,19.43
2026-07-01,2026-07-28,72.0,CE,0,0,0,20.63
2026-07-01,2026-07-28,72.0,PE,0,0,0,0.7
2026-07-01,2026-07-28,74.0,CE,263250,0,0,12.01
2026-07-01,2026-07-28,74.0,PE,364500,270000,93,0.24
2026-07-01,2026-07-28,75.0,CE,0,0,0,17.06
2026-07-01,2026-07-28,75.0,PE,1343250,479250,234,0.29
2026-07-01,2026-07-28,76.0,CE,0,0,0,17.26
2026-07-01,2026-07-28,76.0,PE,486000,175500,184,0.38
2026-07-01,2026-07-28,77.0,CE,0,0,0,15.34
2026-07-01,2026-07-28,77.0,PE,546750,54000,113,0.51
2026-07-01,2026-07-28,78.0,CE,13500,0,0,8.4
2026-07-01,2026-07-28,78.0,PE,1626750,1309500,494,0.61
2026-07-01,2026-07-28,79.0,CE,0,0,0,13.7
2026-07-01,2026-07-28,79.0,PE,1228500,479250,132,0.83
2026-07-01,2026-07-28,80.0,CE,1026000,60750,86,5.85
2026-07-01,2026-07-28,80.0,PE,5636250,1815750,1141,1.03
2026-07-01,2026-07-28,81.0,CE,0,0,0,12.15
2026-07-01,2026-07-28,81.0,PE,2511000,67500,290,1.25
2026-07-01,2026-07-28,82.0,CE,54000,0,0,5.45
2026-07-01,2026-07-28,82.0,PE,5494500,1559250,610,1.57
2026-07-01,2026-07-28,83.0,CE,465750,391500,206,3.7
2026-07-01,2026-07-28,83.0,PE,560250,263250,226,1.94
2026-07-01,2026-07-28,84.0,CE,1282500,877500,618,3.16
2026-07-01,2026-07-28,84.0,PE,3516750,850500,482,2.35
2026-07-01,2026-07-28,85.0,CE,4752000,1275750,1313,2.66
2026-07-01,2026-07-28,85.0,PE,5670000,128250,705,2.8
2026-07-01,2026-07-28,86.0,CE,1674000,661500,489,2.23
2026-07-01,2026-07-28,86.0,PE,1491750,344250,255,3.37
2026-07-01,2026-07-28,87.0,CE,1640250,864000,511,1.84
2026-07-01,2026-07-28,87.0,PE,1221750,533250,233,3.98
2026-07-01,2026-07-28,88.0,CE,2430000,533250,652,1.52
2026-07-01,2026-07-28,88.0,PE,945000,452250,196,4.61
2026-07-01,2026-07-28,89.0,CE,526500,0,166,1.27
2026-07-01,2026-07-28,89.0,PE,337500,60750,98,5.31
2026-07-01,2026-07-28,90.0,CE,12858750,2220750,1356,1.04
2026-07-01,2026-07-28,90.0,PE,3894750,418500,259,6.13
2026-07-01,2026-07-28,91.0,CE,918000,216000,137,0.86
2026-07-01,2026-07-28,91.0,PE,81000,0,0,7.0
2026-07-01,2026-07-28,92.0,CE,1593000,189000,267,0.71
2026-07-01,2026-07-28,92.0,PE,135000,0,0,7.92
2026-07-01,2026-07-28,93.0,CE,729000,243000,139,0.59
2026-07-01,2026-07-28,93.0,PE,195750,0,0,8.25
2026-07-01,2026-07-28,94.0,CE,695250,182250,178,0.5
2026-07-01,2026-07-28,94.0,PE,20250,0,0,8.5
2026-07-01,2026-07-28,95.0,CE,6864750,864000,701,0.42
2026-07-01,2026-07-28,95.0,PE,918000,27000,79,10.38
2026-07-01,2026-07-28,96.0,CE,492750,87750,101,0.33
2026-07-01,2026-07-28,96.0,PE,27000,0,0,11.63
2026-07-01,2026-07-28,97.0,CE,54000,33750,8,0.26
2026-07-01,2026-07-28,97.0,PE,0,0,0,8.89
2026-07-01,2026-07-28,98.0,CE,256500,-13500,23,0.21
2026-07-01,2026-07-28,98.0,PE,13500,0,0,12.51
2026-07-01,2026-07-28,99.0,CE,884250,47250,30,0.21
2026-07-01,2026-07-28,99.0,PE,20250,0,0,9.69
2026-07-01,2026-07-28,100.0,CE,10179000,972000,459,0.18
2026-07-01,2026-07-28,100.0,PE,607500,6750,2,15.15
2026-07-01,2026-07-28,101.0,CE,1694250,0,29,0.15
2026-07-01,2026-07-28,101.0,PE,182250,0,0,13.0
2026-07-01,2026-07-28,102.0,CE,2220750,6750,81,0.13
2026-07-01,2026-07-28,102.0,PE,0,0,0,13.07
2026-07-01,2026-07-28,103.0,CE,1390500,-74250,47,0.11
2026-07-01,2026-07-28,103.0,PE,54000,0,0,13.51
2026-07-01,2026-07-28,104.0,CE,2625750,0,23,0.09
2026-07-01,2026-07-28,104.0,PE,20250,0,0,13.88
2026-07-01,2026-07-28,105.0,CE,1721250,216000,132,0.1
2026-07-01,2026-07-28,105.0,PE,6750,0,0,19.4
2026-07-01,2026-07-28,106.0,CE,297000,6750,31,0.09
2026-07-01,2026-07-28,106.0,PE,81000,0,0,20.6
2026-07-01,2026-07-28,107.0,CE,13500,0,0,0.17
2026-07-01,2026-07-28,107.0,PE,0,0,0,16.54
2026-07-01,2026-07-28,108.0,CE,135000,-6750,1,0.12
2026-07-01,2026-07-28,108.0,PE,0,0,0,17.68
2026-07-01,2026-07-28,109.0,CE,13500,0,0,0.46
2026-07-01,2026-07-28,109.0,PE,0,0,0,18.26
2026-07-01,2026-07-28,110.0,CE,654750,-175500,29,0.05
2026-07-01,2026-07-28,110.0,PE,47250,0,0,24.0
2026-07-01,2026-08-25,72.0,CE,0,0,0,20.42
2026-07-01,2026-08-25,72.0,PE,0,0,0,0.69
2026-07-01,2026-08-25,74.0,CE,0,0,0,18.7
2026-07-01,2026-08-25,74.0,PE,0,0,0,0.94
2026-07-01,2026-08-25,76.0,CE,0,0,0,17.05
2026-07-01,2026-08-25,76.0,PE,0,0,0,1.26
2026-07-01,2026-08-25,77.0,CE,0,0,0,10.5
2026-07-01,2026-08-25,77.0,PE,0,0,0,1.61
2026-07-01,2026-08-25,78.0,CE,0,0,0,15.47
2026-07-01,2026-08-25,78.0,PE,0,0,0,1.65
2026-07-01,2026-08-25,79.0,CE,0,0,0,9.07
2026-07-01,2026-08-25,79.0,PE,0,0,0,2.16
2026-07-01,2026-08-25,80.0,CE,0,0,0,13.97
2026-07-01,2026-08-25,80.0,PE,0,0,0,2.12
2026-07-01,2026-08-25,81.0,CE,0,0,0,7.77
2026-07-01,2026-08-25,81.0,PE,0,0,0,2.84
2026-07-01,2026-08-25,82.0,CE,0,0,0,12.55
2026-07-01,2026-08-25,82.0,PE,0,0,0,2.67
2026-07-01,2026-08-25,83.0,CE,0,0,0,6.59
2026-07-01,2026-08-25,83.0,PE,0,0,0,3.64
2026-07-01,2026-08-25,84.0,CE,0,0,0,11.21
2026-07-01,2026-08-25,84.0,PE,0,0,0,3.3
2026-07-01,2026-08-25,85.0,CE,0,0,0,5.53
2026-07-01,2026-08-25,85.0,PE,0,0,0,4.57
2026-07-01,2026-08-25,86.0,CE,0,0,0,9.98
2026-07-01,2026-08-25,86.0,PE,0,0,0,4.04
2026-07-01,2026-08-25,87.0,CE,0,0,0,4.6
2026-07-01,2026-08-25,87.0,PE,0,0,0,5.62
2026-07-01,2026-08-25,88.0,CE,0,0,0,8.83
2026-07-01,2026-08-25,88.0,PE,0,0,0,4.86
2026-07-01,2026-08-25,89.0,CE,0,0,0,3.79
2026-07-01,2026-08-25,89.0,PE,0,0,0,6.79
2026-07-01,2026-08-25,90.0,CE,81000,67500,18,2.11
2026-07-01,2026-08-25,90.0,PE,0,0,0,5.78
2026-07-01,2026-08-25,91.0,CE,0,0,0,3.09
2026-07-01,2026-08-25,91.0,PE,0,0,0,8.07
2026-07-01,2026-08-25,92.0,CE,0,0,0,6.82
2026-07-01,2026-08-25,92.0,PE,0,0,0,6.79
2026-07-01,2026-08-25,93.0,CE,0,0,0,2.5
2026-07-01,2026-08-25,93.0,PE,0,0,0,9.46
2026-07-01,2026-08-25,94.0,CE,0,0,0,5.96
2026-07-01,2026-08-25,94.0,PE,0,0,0,7.9
2026-07-01,2026-08-25,96.0,CE,13500,0,0,1.25
2026-07-01,2026-08-25,96.0,PE,0,0,0,9.09
2026-07-01,2026-08-25,98.0,CE,0,0,0,4.48
2026-07-01,2026-08-25,98.0,PE,0,0,0,10.36
2026-07-01,2026-08-25,100.0,CE,108000,6750,1,0.32
2026-07-01,2026-08-25,100.0,PE,0,0,0,11.71
2026-07-01,2026-08-25,102.0,CE,0,0,0,3.31
2026-07-01,2026-08-25,102.0,PE,0,0,0,13.13
2026-07-01,2026-08-25,104.0,CE,0,0,0,2.83
2026-07-01,2026-08-25,104.0,PE,0,0,0,14.62
2026-07-01,2026-08-25,106.0,CE,0,0,0,2.41
2026-07-01,2026-08-25,106.0,PE,0,0,0,16.17
2026-07-01,2026-08-25,108.0,CE,0,0,0,2.04
2026-07-01,2026-08-25,108.0,PE,0,0,0,17.77
2026-07-01,2026-08-25,110.0,CE,0,0,0,1.72
2026-07-01,2026-08-25,110.0,PE,0,0,0,19.43
2026-07-01,2026-09-29,72.0,CE,0,0,0,15.58
2026-07-01,2026-09-29,72.0,PE,0,0,0,1.32
2026-07-01,2026-09-29,76.0,CE,0,0,0,12.57
2026-07-01,2026-09-29,76.0,PE,0,0,0,2.24
2026-07-01,2026-09-29,78.0,CE,0,0,0,11.19
2026-07-01,2026-09-29,78.0,PE,0,0,0,2.84
2026-07-01,2026-09-29,80.0,CE,0,0,0,9.91
2026-07-01,2026-09-29,80.0,PE,0,0,0,3.53
2026-07-01,2026-09-29,82.0,CE,0,0,0,8.74
2026-07-01,2026-09-29,82.0,PE,0,0,0,4.32
2026-07-01,2026-09-29,84.0,CE,0,0,0,7.66
2026-07-01,2026-09-29,84.0,PE,0,0,0,5.21
2026-07-01,2026-09-29,86.0,CE,0,0,0,6.67
2026-07-01,2026-09-29,86.0,PE,0,0,0,6.19
2026-07-01,2026-09-29,88.0,CE,0,0,0,5.79
2026-07-01,2026-09-29,88.0,PE,0,0,0,7.28
2026-07-01,2026-09-29,90.0,CE,0,0,0,4.99
2026-07-01,2026-09-29,90.0,PE,0,0,0,8.45
2026-07-01,2026-09-29,92.0,CE,0,0,0,4.29
2026-07-01,2026-09-29,92.0,PE,0,0,0,9.72
2026-07-01,2026-09-29,94.0,CE,0,0,0,3.66
2026-07-01,2026-09-29,94.0,PE,0,0,0,11.06
2026-07-01,2026-09-29,96.0,CE,0,0,0,3.12
2026-07-01,2026-09-29,96.0,PE,0,0,0,12.48
2026-07-02,2026-07-28,70.0,CE,0,0,0,22.4
2026-07-02,2026-07-28,70.0,PE,0,0,0,0.5
2026-07-02,2026-07-28,72.0,CE,0,0,0,20.63
2026-07-02,2026-07-28,72.0,PE,0,0,0,0.7
2026-07-02,2026-07-28,74.0,CE,263250,0,0,12.01
2026-07-02,2026-07-28,74.0,PE,371250,6750,29,0.13
2026-07-02,2026-07-28,75.0,CE,0,0,0,17.06
2026-07-02,2026-07-28,75.0,PE,1147500,-195750,93,0.17
2026-07-02,2026-07-28,76.0,CE,0,0,0,17.26
2026-07-02,2026-07-28,76.0,PE,438750,-47250,59,0.24
2026-07-02,2026-07-28,77.0,CE,0,0,0,15.34
2026-07-02,2026-07-28,77.0,PE,560250,13500,106,0.31
2026-07-02,2026-07-28,78.0,CE,13500,0,0,8.4
2026-07-02,2026-07-28,78.0,PE,1356750,-270000,216,0.4
2026-07-02,2026-07-28,79.0,CE,0,0,0,13.7
2026-07-02,2026-07-28,79.0,PE,918000,-310500,154,0.51
2026-07-02,2026-07-28,80.0,CE,1464750,438750,110,6.69
2026-07-02,2026-07-28,80.0,PE,5130000,-506250,467,0.66
2026-07-02,2026-07-28,81.0,CE,74250,74250,15,5.92
2026-07-02,2026-07-28,81.0,PE,2558250,47250,181,0.84
2026-07-02,2026-07-28,82.0,CE,128250,74250,18,5.15
2026-07-02,2026-07-28,82.0,PE,5771250,276750,266,1.07
2026-07-02,2026-07-28,83.0,CE,459000,-6750,26,4.41
2026-07-02,2026-07-28,83.0,PE,816750,256500,138,1.36
2026-07-02,2026-07-28,84.0,CE,1005750,-276750,184,3.78
2026-07-02,2026-07-28,84.0,PE,3564000,47250,229,1.71
2026-07-02,2026-07-28,85.0,CE,5055750,303750,874,3.19
2026-07-02,2026-07-28,85.0,PE,5919750,249750,375,2.11
2026-07-02,2026-07-28,86.0,CE,2315250,641250,757,2.66
2026-07-02,2026-07-28,86.0,PE,1539000,47250,261,2.58
2026-07-02,2026-07-28,87.0,CE,1917000,276750,507,2.21
2026-07-02,2026-07-28,87.0,PE,1444500,222750,123,3.14
2026-07-02,2026-07-28,88.0,CE,3584250,1154250,693,1.82
2026-07-02,2026-07-28,88.0,PE,1431000,486000,161,3.73
2026-07-02,2026-07-28,89.0,CE,911250,384750,315,1.5
2026-07-02,2026-07-28,89.0,PE,776250,438750,113,4.38
2026-07-02,2026-07-28,90.0,CE,13270500,411750,1386,1.23
2026-07-02,2026-07-28,90.0,PE,4036500,141750,218,5.14
2026-07-02,2026-07-28,91.0,CE,857250,-60750,126,1.01
2026-07-02,2026-07-28,91.0,PE,81000,0,0,7.0
2026-07-02,2026-07-28,92.0,CE,1707750,114750,186,0.82
2026-07-02,2026-07-28,92.0,PE,195750,60750,20,6.45
2026-07-02,2026-07-28,93.0,CE,668250,-60750,159,0.68
2026-07-02,2026-07-28,93.0,PE,195750,0,0,8.25
2026-07-02,2026-07-28,94.0,CE,1113750,418500,287,0.56
2026-07-02,2026-07-28,94.0,PE,20250,0,0,8.5
2026-07-02,2026-07-28,95.0,CE,7249500,384750,643,0.46
2026-07-02,2026-07-28,95.0,PE,945000,27000,5,9.08
2026-07-02,2026-07-28,96.0,CE,567000,74250,94,0.38
2026-07-02,2026-07-28,96.0,PE,27000,0,0,11.63
2026-07-02,2026-07-28,97.0,CE,141750,87750,58,0.31
2026-07-02,2026-07-28,98.0,CE,324000,67500,51,0.27
2026-07-02,2026-07-28,98.0,PE,13500,0,0,12.51
2026-07-02,2026-07-28,99.0,CE,850500,-33750,59,0.24
2026-07-02,2026-07-28,99.0,PE,20250,0,0,9.69
2026-07-02,2026-07-28,100.0,CE,10644750,465750,275,0.2
2026-07-02,2026-07-28,100.0,PE,573750,-33750,13,13.69
2026-07-02,2026-07-28,101.0,CE,1687500,-6750,8,0.15
2026-07-02,2026-07-28,101.0,PE,182250,0,0,13.0
2026-07-02,2026-07-28,102.0,CE,2234250,13500,37,0.1
2026-07-02,2026-07-28,103.0,CE,1390500,0,1,0.11
2026-07-02,2026-07-28,103.0,PE,54000,0,0,13.51
2026-07-02,2026-07-28,104.0,CE,2551500,-74250,65,0.09
2026-07-02,2026-07-28,104.0,PE,20250,0,0,13.88
2026-07-02,2026-07-28,105.0,CE,1788750,67500,35,0.11
2026-07-02,2026-07-28,105.0,PE,6750,0,0,19.4
2026-07-02,2026-07-28,106.0,CE,182250,-114750,22,0.1
2026-07-02,2026-07-28,106.0,PE,81000,0,5,19.79
2026-07-02,2026-07-28,107.0,CE,13500,0,0,0.17
2026-07-02,2026-07-28,108.0,CE,121500,-13500,2,0.06
2026-07-02,2026-07-28,109.0,CE,13500,0,0,0.46
2026-07-02,2026-07-28,110.0,CE,627750,-27000,22,0.04
2026-07-02,2026-07-28,110.0,PE,47250,0,0,24.0
2026-07-02,2026-08-25,70.0,CE,0,0,0,22.19
2026-07-02,2026-08-25,70.0,PE,0,0,0,0.49
2026-07-02,2026-08-25,72.0,CE,0,0,0,20.42
2026-07-02,2026-08-25,72.0,PE,0,0,0,0.69
2026-07-02,2026-08-25,74.0,CE,0,0,0,18.7
2026-07-02,2026-08-25,74.0,PE,0,0,0,0.94
2026-07-02,2026-08-25,75.0,CE,0,0,0,12.03
2026-07-02,2026-08-25,75.0,PE,0,0,0,1.16
2026-07-02,2026-08-25,76.0,CE,0,0,0,17.05
2026-07-02,2026-08-25,76.0,PE,0,0,0,1.26
2026-07-02,2026-08-25,77.0,CE,0,0,0,10.5
2026-07-02,2026-08-25,77.0,PE,0,0,0,1.61
2026-07-02,2026-08-25,78.0,CE,0,0,0,15.47
2026-07-02,2026-08-25,78.0,PE,0,0,0,1.65
2026-07-02,2026-08-25,79.0,CE,0,0,0,9.07
2026-07-02,2026-08-25,79.0,PE,0,0,0,2.16
2026-07-02,2026-08-25,80.0,CE,0,0,0,13.97
2026-07-02,2026-08-25,80.0,PE,0,0,0,2.12
2026-07-02,2026-08-25,81.0,CE,0,0,0,7.77
2026-07-02,2026-08-25,81.0,PE,0,0,0,2.84
2026-07-02,2026-08-25,82.0,CE,0,0,0,12.55
2026-07-02,2026-08-25,82.0,PE,0,0,0,2.67
2026-07-02,2026-08-25,83.0,CE,0,0,0,6.59
2026-07-02,2026-08-25,83.0,PE,0,0,0,3.64
2026-07-02,2026-08-25,84.0,CE,0,0,0,11.21
2026-07-02,2026-08-25,84.0,PE,0,0,0,3.3
2026-07-02,2026-08-25,85.0,CE,0,0,0,5.53
2026-07-02,2026-08-25,85.0,PE,0,0,0,4.57
2026-07-02,2026-08-25,86.0,CE,0,0,0,9.98
2026-07-02,2026-08-25,86.0,PE,0,0,0,4.04
2026-07-02,2026-08-25,87.0,CE,0,0,0,4.6
2026-07-02,2026-08-25,87.0,PE,0,0,0,5.62
2026-07-02,2026-08-25,88.0,CE,0,0,0,8.83
2026-07-02,2026-08-25,88.0,PE,0,0,0,4.86
2026-07-02,2026-08-25,89.0,CE,0,0,0,3.79
2026-07-02,2026-08-25,89.0,PE,0,0,0,6.79
2026-07-02,2026-08-25,90.0,CE,94500,13500,4,2.31
2026-07-02,2026-08-25,90.0,PE,0,0,0,5.78
2026-07-02,2026-08-25,91.0,CE,0,0,0,3.09
2026-07-02,2026-08-25,91.0,PE,0,0,0,8.07
2026-07-02,2026-08-25,92.0,CE,0,0,0,6.82
2026-07-02,2026-08-25,92.0,PE,0,0,0,6.79
2026-07-02,2026-08-25,93.0,CE,0,0,0,2.5
2026-07-02,2026-08-25,93.0,PE,0,0,0,9.46
2026-07-02,2026-08-25,94.0,CE,0,0,0,5.96
2026-07-02,2026-08-25,94.0,PE,0,0,0,7.9
2026-07-02,2026-08-25,96.0,CE,13500,0,0,1.25
2026-07-02,2026-08-25,96.0,PE,0,0,0,9.09
2026-07-02,2026-08-25,98.0,CE,0,0,0,4.48
2026-07-02,2026-08-25,98.0,PE,0,0,0,10.36
2026-07-02,2026-08-25,100.0,CE,148500,40500,6,0.85
2026-07-02,2026-09-29,72.0,CE,0,0,0,15.58
2026-07-02,2026-09-29,72.0,PE,0,0,0,1.32
2026-07-02,2026-09-29,76.0,CE,0,0,0,12.57
2026-07-02,2026-09-29,76.0,PE,0,0,0,2.24
2026-07-02,2026-09-29,78.0,CE,0,0,0,11.19
2026-07-02,2026-09-29,78.0,PE,0,0,0,2.84
2026-07-02,2026-09-29,80.0,CE,0,0,0,9.91
2026-07-02,2026-09-29,80.0,PE,0,0,0,3.53
2026-07-02,2026-09-29,82.0,CE,0,0,0,8.74
2026-07-02,2026-09-29,82.0,PE,0,0,0,4.32
2026-07-02,2026-09-29,84.0,CE,0,0,0,7.66
2026-07-02,2026-09-29,84.0,PE,0,0,0,5.21
2026-07-02,2026-09-29,86.0,CE,0,0,0,6.67
2026-07-02,2026-09-29,86.0,PE,0,0,0,6.19
2026-07-02,2026-09-29,88.0,CE,0,0,0,5.79
2026-07-02,2026-09-29,88.0,PE,0,0,0,7.28
2026-07-02,2026-09-29,90.0,CE,0,0,0,4.99
2026-07-02,2026-09-29,90.0,PE,0,0,0,8.45
2026-07-02,2026-09-29,92.0,CE,0,0,0,4.29
2026-07-02,2026-09-29,92.0,PE,0,0,0,9.72
2026-07-02,2026-09-29,96.0,CE,0,0,0,3.12
2026-07-02,2026-09-29,96.0,PE,0,0,0,12.48
2026-07-03,2026-07-28,70.0,CE,0,0,0,22.4
2026-07-03,2026-07-28,70.0,PE,0,0,0,0.5
2026-07-03,2026-07-28,72.0,CE,0,0,0,20.63
2026-07-03,2026-07-28,72.0,PE,0,0,0,0.7
2026-07-03,2026-07-28,74.0,CE,263250,0,0,12.01
2026-07-03,2026-07-28,74.0,PE,357750,-13500,5,0.16
2026-07-03,2026-07-28,75.0,CE,0,0,0,17.06
2026-07-03,2026-07-28,75.0,PE,1161000,13500,27,0.18
2026-07-03,2026-07-28,76.0,CE,0,0,0,17.26
2026-07-03,2026-07-28,76.0,PE,506250,67500,61,0.23
2026-07-03,2026-07-28,77.0,CE,0,0,0,15.34
2026-07-03,2026-07-28,77.0,PE,594000,33750,84,0.3
2026-07-03,2026-07-28,78.0,CE,40500,27000,11,8.14
2026-07-03,2026-07-28,78.0,PE,1518750,162000,187,0.4
2026-07-03,2026-07-28,79.0,CE,0,0,12,7.2
2026-07-03,2026-07-28,79.0,PE,897750,-20250,103,0.52
2026-07-03,2026-07-28,80.0,CE,1417500,-47250,53,6.4
2026-07-03,2026-07-28,80.0,PE,5096250,-33750,254,0.67
2026-07-03,2026-07-28,81.0,CE,40500,-33750,10,5.56
2026-07-03,2026-07-28,81.0,PE,2747250,189000,149,0.86
2026-07-03,2026-07-28,82.0,CE,162000,33750,30,4.84
2026-07-03,2026-07-28,82.0,PE,5926500,155250,202,1.1
2026-07-03,2026-07-28,83.0,CE,533250,74250,69,4.14
2026-07-03,2026-07-28,83.0,PE,1309500,492750,231,1.39
2026-07-03,2026-07-28,84.0,CE,958500,-47250,136,3.5
2026-07-03,2026-07-28,84.0,PE,3861000,297000,236,1.74
2026-07-03,2026-07-28,85.0,CE,4914000,-141750,562,2.91
2026-07-03,2026-07-28,85.0,PE,5690250,-229500,537,2.17
2026-07-03,2026-07-28,86.0,CE,2578500,263250,734,2.42
2026-07-03,2026-07-28,86.0,PE,1903500,364500,346,2.66
2026-07-03,2026-07-28,87.0,CE,2362500,445500,871,1.98
2026-07-03,2026-07-28,87.0,PE,1626750,182250,242,3.2
2026-07-03,2026-07-28,88.0,CE,3982500,398250,535,1.62
2026-07-03,2026-07-28,88.0,PE,1579500,148500,130,3.85
2026-07-03,2026-07-28,89.0,CE,1120500,209250,299,1.3
2026-07-03,2026-07-28,89.0,PE,789750,13500,24,4.54
2026-07-03,2026-07-28,90.0,CE,14870250,1599750,1331,1.05
2026-07-03,2026-07-28,90.0,PE,4050000,13500,92,5.27
2026-07-03,2026-07-28,91.0,CE,999000,141750,273,0.85
2026-07-03,2026-07-28,91.0,PE,81000,0,0,7.0
2026-07-03,2026-07-28,92.0,CE,2011500,303750,289,0.68
2026-07-03,2026-07-28,92.0,PE,182250,-13500,16,6.87
2026-07-03,2026-07-28,93.0,CE,762750,94500,129,0.56
2026-07-03,2026-07-28,93.0,PE,195750,0,0,8.25
2026-07-03,2026-07-28,94.0,CE,1107000,-6750,152,0.46
2026-07-03,2026-07-28,94.0,PE,67500,47250,13,8.64
2026-07-03,2026-07-28,95.0,CE,7283250,33750,651,0.38
2026-07-03,2026-07-28,95.0,PE,938250,-6750,21,9.54
2026-07-03,2026-07-28,96.0,CE,857250,290250,121,0.31
2026-07-03,2026-07-28,96.0,PE,27000,0,0,11.63
2026-07-03,2026-07-28,97.0,CE,270000,128250,68,0.26
2026-07-03,2026-07-28,98.0,CE,337500,13500,17,0.22
2026-07-03,2026-07-28,98.0,PE,13500,0,0,12.51
2026-07-03,2026-07-28,99.0,CE,850500,0,9,0.18
2026-07-03,2026-07-28,99.0,PE,20250,0,0,9.69
2026-07-03,2026-07-28,100.0,CE,12042000,1397250,384,0.17
2026-07-03,2026-07-28,100.0,PE,567000,-6750,9,14.25
2026-07-03,2026-07-28,101.0,CE,1687500,0,0,0.15
2026-07-03,2026-07-28,101.0,PE,182250,0,0,13.0
2026-07-03,2026-07-28,102.0,CE,2207250,-27000,47,0.11
2026-07-03,2026-07-28,103.0,CE,1390500,0,0,0.11
2026-07-03,2026-07-28,103.0,PE,54000,0,0,13.51
2026-07-03,2026-07-28,104.0,CE,2659500,108000,23,0.09
2026-07-03,2026-07-28,104.0,PE,20250,0,0,13.88
2026-07-03,2026-07-28,105.0,CE,1775250,-13500,34,0.09
2026-07-03,2026-07-28,105.0,PE,6750,0,0,19.4
2026-07-03,2026-07-28,106.0,CE,182250,0,0,0.1
2026-07-03,2026-07-28,106.0,PE,81000,0,0,19.79
2026-07-03,2026-07-28,107.0,CE,13500,0,0,0.17
2026-07-03,2026-07-28,108.0,CE,108000,-13500,2,0.05
2026-07-03,2026-07-28,109.0,CE,13500,0,0,0.46
2026-07-03,2026-07-28,110.0,CE,587250,-40500,9,0.03
2026-07-03,2026-07-28,110.0,PE,47250,0,0,24.0
2026-07-03,2026-08-25,70.0,CE,0,0,0,22.19
2026-07-03,2026-08-25,70.0,PE,0,0,0,0.49
2026-07-03,2026-08-25,72.0,CE,0,0,0,20.42
2026-07-03,2026-08-25,72.0,PE,0,0,0,0.69
2026-07-03,2026-08-25,74.0,CE,0,0,0,18.7
2026-07-03,2026-08-25,74.0,PE,0,0,0,0.94
2026-07-03,2026-08-25,75.0,CE,0,0,0,12.03
2026-07-03,2026-08-25,75.0,PE,0,0,0,1.16
2026-07-03,2026-08-25,76.0,CE,0,0,0,17.05
2026-07-03,2026-08-25,76.0,PE,0,0,0,1.26
2026-07-03,2026-08-25,77.0,CE,0,0,0,10.5
2026-07-03,2026-08-25,77.0,PE,0,0,0,1.61
2026-07-03,2026-08-25,78.0,CE,0,0,0,15.47
2026-07-03,2026-08-25,78.0,PE,0,0,0,1.65
2026-07-03,2026-08-25,79.0,CE,0,0,0,9.07
2026-07-03,2026-08-25,79.0,PE,0,0,0,2.16
2026-07-03,2026-08-25,80.0,CE,0,0,0,13.97
2026-07-03,2026-08-25,80.0,PE,0,0,0,2.12
2026-07-03,2026-08-25,81.0,CE,0,0,0,7.77
2026-07-03,2026-08-25,81.0,PE,0,0,0,2.84
2026-07-03,2026-08-25,82.0,CE,0,0,0,12.55
2026-07-03,2026-08-25,82.0,PE,0,0,0,2.67
2026-07-03,2026-08-25,83.0,CE,0,0,0,6.59
2026-07-03,2026-08-25,83.0,PE,0,0,0,3.64
2026-07-03,2026-08-25,84.0,CE,0,0,0,11.21
2026-07-03,2026-08-25,84.0,PE,0,0,0,3.3
2026-07-03,2026-08-25,85.0,CE,0,0,0,5.53
2026-07-03,2026-08-25,85.0,PE,0,0,0,4.57
2026-07-03,2026-08-25,86.0,CE,0,0,0,9.98
2026-07-03,2026-08-25,86.0,PE,0,0,0,4.04
2026-07-03,2026-08-25,87.0,CE,0,0,0,4.6
2026-07-03,2026-08-25,87.0,PE,0,0,0,5.62
2026-07-03,2026-08-25,88.0,CE,0,0,0,8.83
2026-07-03,2026-08-25,88.0,PE,0,0,0,4.86
2026-07-03,2026-08-25,89.0,CE,0,0,0,3.79
2026-07-03,2026-08-25,89.0,PE,0,0,0,6.79
2026-07-03,2026-08-25,90.0,CE,121500,27000,6,2.4
2026-07-03,2026-08-25,90.0,PE,0,0,0,5.78
2026-07-03,2026-08-25,91.0,CE,0,0,0,3.09
2026-07-03,2026-08-25,91.0,PE,0,0,0,8.07
2026-07-03,2026-08-25,92.0,CE,0,0,0,6.82
2026-07-03,2026-08-25,92.0,PE,0,0,0,6.79
2026-07-03,2026-08-25,93.0,CE,0,0,0,2.5
2026-07-03,2026-08-25,93.0,PE,0,0,0,9.46
2026-07-03,2026-08-25,94.0,CE,0,0,0,5.96
2026-07-03,2026-08-25,94.0,PE,0,0,0,7.9
2026-07-03,2026-08-25,95.0,CE,0,0,0,2.01
2026-07-03,2026-08-25,95.0,PE,0,0,0,10.95
2026-07-03,2026-08-25,96.0,CE,27000,13500,2,1.25
2026-07-03,2026-08-25,96.0,PE,0,0,0,9.09
2026-07-03,2026-08-25,98.0,CE,0,0,0,4.48
2026-07-03,2026-08-25,98.0,PE,0,0,0,10.36
2026-07-03,2026-08-25,100.0,CE,148500,0,0,0.85
2026-07-03,2026-08-25,100.0,PE,0,0,0,11.71
2026-07-03,2026-09-29,72.0,CE,0,0,0,15.58
2026-07-03,2026-09-29,72.0,PE,0,0,0,1.32
2026-07-03,2026-09-29,76.0,CE,0,0,0,12.57
2026-07-03,2026-09-29,76.0,PE,0,0,0,2.24
2026-07-03,2026-09-29,78.0,CE,0,0,0,11.19
2026-07-03,2026-09-29,78.0,PE,0,0,0,2.84
2026-07-03,2026-09-29,80.0,CE,0,0,0,9.91
2026-07-03,2026-09-29,80.0,PE,0,0,0,3.53
2026-07-03,2026-09-29,82.0,CE,0,0,0,8.74
2026-07-03,2026-09-29,82.0,PE,0,0,0,4.32
2026-07-03,2026-09-29,84.0,CE,0,0,0,7.66
2026-07-03,2026-09-29,84.0,PE,0,0,0,5.21
2026-07-03,2026-09-29,86.0,CE,0,0,0,6.67
2026-07-03,2026-09-29,86.0,PE,0,0,0,6.19
2026-07-03,2026-09-29,88.0,CE,0,0,0,5.79
2026-07-03,2026-09-29,88.0,PE,0,0,0,7.28
2026-07-03,2026-09-29,90.0,CE,0,0,0,4.99
2026-07-03,2026-09-29,90.0,PE,0,0,0,8.45
2026-07-03,2026-09-29,92.0,CE,0,0,0,4.29
2026-07-03,2026-09-29,92.0,PE,0,0,0,9.72
2026-07-03,2026-09-29,94.0,CE,0,0,0,3.66
2026-07-03,2026-09-29,94.0,PE,0,0,0,11.06
2026-07-03,2026-09-29,96.0,CE,0,0,0,3.12
2026-07-03,2026-09-29,96.0,PE,0,0,0,12.48
