date,expiry,strike,opt_type,oi,chg_oi,volume,close
2026-06-05,2026-06-30,1100.0,CE,0,0,0,266.4
2026-06-05,2026-06-30,1100.0,PE,24500,24500,63,0.85
2026-06-05,2026-06-30,1120.0,CE,636500,0,13,180.0
2026-06-05,2026-06-30,1120.0,PE,829000,-7000,334,1.05
2026-06-05,2026-06-30,1140.0,CE,3500,0,0,221.4
2026-06-05,2026-06-30,1140.0,PE,272500,45000,446,1.4
2026-06-05,2026-06-30,1160.0,CE,21000,0,0,204.9
2026-06-05,2026-06-30,1160.0,PE,423000,28000,562,2.2
2026-06-05,2026-06-30,1180.0,CE,9000,0,0,135.15
2026-06-05,2026-06-30,1180.0,PE,671000,51500,1121,3.3
2026-06-05,2026-06-30,1190.0,CE,0,0,0,215.0
2026-06-05,2026-06-30,1190.0,PE,142500,94000,660,4.25
2026-06-05,2026-06-30,1200.0,CE,353000,58000,296,105.85
2026-06-05,2026-06-30,1200.0,PE,2301000,285500,2918,5.2
2026-06-05,2026-06-30,1210.0,CE,0,0,0,196.95
2026-06-05,2026-06-30,1210.0,PE,246000,33000,288,6.4
2026-06-05,2026-06-30,1220.0,CE,153000,2000,24,91.6
2026-06-05,2026-06-30,1220.0,PE,848500,112500,1094,7.9
2026-06-05,2026-06-30,1230.0,CE,215500,0,65,83.2
2026-06-05,2026-06-30,1230.0,PE,1145500,115000,1008,9.65
2026-06-05,2026-06-30,1240.0,CE,86000,41000,155,72.7
2026-06-05,2026-06-30,1240.0,PE,820500,52000,1382,11.75
2026-06-05,2026-06-30,1250.0,CE,688500,36000,472,65.45
2026-06-05,2026-06-30,1250.0,PE,1847500,145500,2641,14.35
2026-06-05,2026-06-30,1260.0,CE,181000,51500,603,58.45
2026-06-05,2026-06-30,1260.0,PE,1430000,95000,2314,17.25
2026-06-05,2026-06-30,1270.0,CE,291000,29000,643,51.9
2026-06-05,2026-06-30,1270.0,PE,728000,117000,2225,20.7
2026-06-05,2026-06-30,1280.0,CE,602000,339000,2497,45.95
2026-06-05,2026-06-30,1280.0,PE,1349500,42500,4284,24.65
2026-06-05,2026-06-30,1290.0,CE,751000,419000,4456,40.4
2026-06-05,2026-06-30,1290.0,PE,1332500,147500,3524,29.2
2026-06-05,2026-06-30,1300.0,CE,5681000,1305000,16416,35.45
2026-06-05,2026-06-30,1300.0,PE,4794000,439000,10935,33.9
2026-06-05,2026-06-30,1310.0,CE,1678000,166500,7145,30.65
2026-06-05,2026-06-30,1310.0,PE,964500,33000,2932,39.35
2026-06-05,2026-06-30,1320.0,CE,2846500,112500,7533,26.5
2026-06-05,2026-06-30,1320.0,PE,1518000,71000,2486,45.2
2026-06-05,2026-06-30,1330.0,CE,2289500,55000,4570,22.75
2026-06-05,2026-06-30,1330.0,PE,1303000,5000,687,51.4
2026-06-05,2026-06-30,1340.0,CE,2830500,91500,4732,19.5
2026-06-05,2026-06-30,1340.0,PE,1485500,-4000,311,57.75
2026-06-05,2026-06-30,1350.0,CE,6949000,571000,8173,16.7
2026-06-05,2026-06-30,1350.0,PE,3012000,-17000,569,64.6
2026-06-05,2026-06-30,1360.0,CE,4403000,160000,4219,14.05
2026-06-05,2026-06-30,1360.0,PE,2742500,-10500,238,72.3
2026-06-05,2026-06-30,1370.0,CE,3261000,47500,2222,11.95
2026-06-05,2026-06-30,1370.0,PE,2175000,-2500,96,80.2
2026-06-05,2026-06-30,1380.0,CE,3474000,120000,3577,10.1
2026-06-05,2026-06-30,1380.0,PE,1253000,-4500,97,87.9
2026-06-05,2026-06-30,1390.0,CE,1084000,59000,1407,8.6
2026-06-05,2026-06-30,1390.0,PE,374000,4500,56,95.65
2026-06-05,2026-06-30,1400.0,CE,10053000,338500,10646,7.3
2026-06-05,2026-06-30,1400.0,PE,2125500,16500,210,105.55
2026-06-05,2026-06-30,1410.0,CE,822500,51500,1015,6.2
2026-06-05,2026-06-30,1410.0,PE,119000,500,7,114.05
2026-06-05,2026-06-30,1420.0,CE,1433500,105000,1372,5.25
2026-06-05,2026-06-30,1420.0,PE,435000,9000,37,124.0
2026-06-05,2026-06-30,1430.0,CE,786000,47000,759,4.45
2026-06-05,2026-06-30,1430.0,PE,102500,0,0,113.5
2026-06-05,2026-06-30,1440.0,CE,1069000,63000,788,3.8
2026-06-05,2026-06-30,1440.0,PE,187000,30500,71,140.0
2026-06-05,2026-06-30,1450.0,CE,2857500,5500,2042,3.35
2026-06-05,2026-06-30,1450.0,PE,927500,-5000,11,151.7
2026-06-05,2026-06-30,1460.0,CE,666500,-28000,954,2.85
2026-06-05,2026-06-30,1460.0,PE,280500,0,0,142.5
2026-06-05,2026-06-30,1470.0,CE,921500,-12500,746,2.45
2026-06-05,2026-06-30,1470.0,PE,62000,0,0,140.85
2026-06-05,2026-06-30,1480.0,CE,821000,115000,557,2.25
2026-06-05,2026-06-30,1480.0,PE,71500,0,0,120.0
2026-06-05,2026-06-30,1490.0,CE,865000,-6500,267,1.9
2026-06-05,2026-06-30,1490.0,PE,10000,0,0,120.0
2026-06-05,2026-06-30,1500.0,CE,5686500,67000,3373,1.75
2026-06-05,2026-06-30,1500.0,PE,1570500,2000,11,196.8
2026-06-05,2026-06-30,1510.0,CE,445500,29500,259,1.45
2026-06-05,2026-06-30,1510.0,PE,5000,0,0,146.0
2026-06-05,2026-06-30,1520.0,CE,371500,10500,99,1.3
2026-06-05,2026-06-30,1520.0,PE,148000,0,0,210.0
2026-06-05,2026-06-30,1530.0,CE,212500,500,60,1.2
2026-06-05,2026-06-30,1530.0,PE,8000,0,0,163.0
2026-06-05,2026-06-30,1540.0,CE,257000,7000,72,1.1
2026-06-05,2026-06-30,1540.0,PE,47000,0,0,174.8
2026-06-05,2026-06-30,1550.0,CE,561500,22500,165,1.0
2026-06-05,2026-06-30,1550.0,PE,33000,500,3,243.0
2026-06-05,2026-06-30,1560.0,CE,847500,7500,326,0.85
2026-06-05,2026-06-30,1560.0,PE,694000,0,0,233.95
2026-06-05,2026-06-30,1570.0,CE,39000,-2000,14,0.8
2026-06-05,2026-06-30,1570.0,PE,7000,0,0,197.0
2026-06-05,2026-06-30,1580.0,CE,83000,1000,17,0.75
2026-06-05,2026-06-30,1580.0,PE,84000,0,0,254.0
2026-06-05,2026-06-30,1600.0,CE,1073500,-16000,1087,0.65
2026-06-05,2026-06-30,1600.0,PE,432000,5500,30,294.65
2026-06-05,2026-06-30,1620.0,CE,80500,0,11,0.6
2026-06-05,2026-06-30,1620.0,PE,36000,0,0,255.0
2026-06-05,2026-06-30,1640.0,CE,96500,7000,22,0.55
2026-06-05,2026-06-30,1640.0,PE,2500,0,0,271.0
2026-06-05,2026-06-30,1660.0,CE,884000,-6000,69,0.5
2026-06-05,2026-06-30,1660.0,PE,1536500,-1500,44,356.0
2026-06-05,2026-07-28,1100.0,CE,0,0,0,306.7
2026-06-05,2026-07-28,1100.0,PE,0,0,0,2.0
2026-06-05,2026-07-28,1120.0,CE,0,0,0,287.8
2026-06-05,2026-07-28,1120.0,PE,61500,3500,34,2.9
2026-06-05,2026-07-28,1140.0,CE,0,0,0,269.2
2026-06-05,2026-07-28,1140.0,PE,0,0,0,3.9
2026-06-05,2026-07-28,1160.0,CE,0,0,0,250.9
2026-06-05,2026-07-28,1160.0,PE,153500,25500,101,5.9
2026-06-05,2026-07-28,1180.0,CE,0,0,0,232.95
2026-06-05,2026-07-28,1180.0,PE,38000,19500,51,8.4
2026-06-05,2026-07-28,1190.0,CE,0,0,0,185.35
2026-06-05,2026-07-28,1190.0,PE,14000,0,0,8.3
2026-06-05,2026-07-28,1200.0,CE,16000,5500,11,121.8
2026-06-05,2026-07-28,1200.0,PE,348500,44500,261,11.5
2026-06-05,2026-07-28,1210.0,CE,0,0,0,168.1
2026-06-05,2026-07-28,1210.0,PE,500,0,0,13.4
2026-06-05,2026-07-28,1220.0,CE,0,0,0,198.55
2026-06-05,2026-07-28,1220.0,PE,11000,500,15,15.85
2026-06-05,2026-07-28,1230.0,CE,0,0,0,151.5
2026-06-05,2026-07-28,1230.0,PE,7000,1500,4,17.5
2026-06-05,2026-07-28,1240.0,CE,6000,2000,5,90.0
2026-06-05,2026-07-28,1240.0,PE,24000,-500,4,19.65
2026-06-05,2026-07-28,1250.0,CE,500,500,5,83.65
2026-06-05,2026-07-28,1250.0,PE,68000,6000,58,23.65
2026-06-05,2026-07-28,1260.0,CE,500,0,0,101.35
2026-06-05,2026-07-28,1260.0,PE,48500,4500,23,26.7
2026-06-05,2026-07-28,1270.0,CE,0,0,0,120.7
2026-06-05,2026-07-28,1270.0,PE,5500,1500,4,28.75
2026-06-05,2026-07-28,1280.0,CE,2000,2000,4,64.4
2026-06-05,2026-07-28,1280.0,PE,43000,8500,38,34.95
2026-06-05,2026-07-28,1290.0,CE,5500,5000,17,59.0
2026-06-05,2026-07-28,1290.0,PE,1000,0,0,36.0
2026-06-05,2026-07-28,1300.0,CE,285500,80500,366,54.1
2026-06-05,2026-07-28,1300.0,PE,514000,76000,386,44.15
2026-06-05,2026-07-28,1310.0,CE,26500,9500,31,48.9
2026-06-05,2026-07-28,1310.0,PE,6000,1000,4,49.75
2026-06-05,2026-07-28,1320.0,CE,99000,22500,104,45.0
2026-06-05,2026-07-28,1320.0,PE,27000,-1500,14,54.05
2026-06-05,2026-07-28,1330.0,CE,18500,3000,10,39.8
2026-06-05,2026-07-28,1330.0,PE,3000,0,0,45.1
2026-06-05,2026-07-28,1340.0,CE,79000,13000,58,37.1
2026-06-05,2026-07-28,1340.0,PE,60000,-6000,32,62.5
2026-06-05,2026-07-28,1350.0,CE,148500,43000,222,33.55
2026-06-05,2026-07-28,1350.0,PE,18500,2500,6,72.6
2026-06-05,2026-07-28,1360.0,CE,50000,9000,36,29.8
2026-06-05,2026-07-28,1360.0,PE,7000,1000,8,72.15
2026-06-05,2026-07-28,1370.0,CE,21000,4000,9,27.35
2026-06-05,2026-07-28,1370.0,PE,500,0,0,75.35
2026-06-05,2026-07-28,1380.0,CE,35000,24500,68,24.0
2026-06-05,2026-07-28,1380.0,PE,1000,0,0,74.15
2026-06-05,2026-07-28,1390.0,CE,0,0,0,51.35
2026-06-05,2026-07-28,1390.0,PE,0,0,0,70.8
2026-06-05,2026-07-28,1400.0,CE,1011000,94500,766,19.45
2026-06-05,2026-07-28,1400.0,PE,212000,15000,70,108.25
2026-06-05,2026-07-28,1410.0,CE,500,500,1,18.6
2026-06-05,2026-07-28,1410.0,PE,0,0,0,82.65
2026-06-05,2026-07-28,1420.0,CE,41000,7500,50,15.3
2026-06-05,2026-07-28,1420.0,PE,7500,500,1,125.0
2026-06-05,2026-07-28,1430.0,CE,500,0,0,24.0
2026-06-05,2026-07-28,1430.0,PE,0,0,0,95.45
2026-06-05,2026-07-28,1440.0,CE,62000,-2000,25,12.5
2026-06-05,2026-07-28,1440.0,PE,5000,2000,5,140.5
2026-06-05,2026-07-28,1450.0,CE,65500,10500,63,11.15
2026-06-05,2026-07-28,1450.0,PE,30500,9500,19,148.75
2026-06-05,2026-07-28,1460.0,CE,141500,12000,81,9.95
2026-06-05,2026-07-28,1460.0,PE,500,0,0,101.0
2026-06-05,2026-07-28,1470.0,CE,0,0,0,25.1
2026-06-05,2026-07-28,1470.0,PE,0,0,0,123.75
2026-06-05,2026-07-28,1480.0,CE,0,0,0,45.5
2026-06-05,2026-07-28,1480.0,PE,1000,1000,2,168.9
2026-06-05,2026-07-28,1500.0,CE,669000,22000,152,6.65
2026-06-05,2026-07-28,1500.0,PE,25000,11500,23,193.55
2026-06-05,2026-07-28,1520.0,CE,90500,3500,15,5.1
2026-06-05,2026-07-28,1520.0,PE,0,0,0,143.1
2026-06-05,2026-07-28,1540.0,CE,24000,1500,12,4.45
2026-06-05,2026-07-28,1540.0,PE,8500,0,0,224.55
2026-06-05,2026-07-28,1560.0,CE,3000,3000,6,3.5
2026-06-05,2026-07-28,1560.0,PE,0,0,0,173.45
2026-06-05,2026-07-28,1600.0,CE,283500,21500,66,2.4
2026-06-05,2026-07-28,1600.0,PE,6500,0,0,278.75
2026-06-05,2026-07-28,1680.0,CE,73000,3500,9,1.0
2026-06-05,2026-07-28,1680.0,PE,61000,31500,67,363.0
2026-06-05,2026-08-25,1120.0,CE,0,0,0,257.2
2026-06-05,2026-08-25,1120.0,PE,3500,1000,5,5.6
2026-06-05,2026-08-25,1160.0,CE,0,0,0,221.35
2026-06-05,2026-08-25,1160.0,PE,57500,-500,14,9.85
2026-06-05,2026-08-25,1180.0,CE,0,0,0,204.15
2026-06-05,2026-08-25,1180.0,PE,0,0,0,10.4
2026-06-05,2026-08-25,1200.0,CE,500,0,0,164.0
2026-06-05,2026-08-25,1200.0,PE,35000,5500,23,17.0
2026-06-05,2026-08-25,1220.0,CE,0,0,0,171.4
2026-06-05,2026-08-25,1220.0,PE,0,0,0,17.05
2026-06-05,2026-08-25,1240.0,CE,0,0,0,156.0
2026-06-05,2026-08-25,1240.0,PE,2000,0,0,25.55
2026-06-05,2026-08-25,1260.0,CE,0,0,0,141.35
2026-06-05,2026-08-25,1260.0,PE,3000,0,0,32.05
2026-06-05,2026-08-25,1280.0,CE,0,0,0,127.45
2026-06-05,2026-08-25,1280.0,PE,500,0,0,39.0
2026-06-05,2026-08-25,1300.0,CE,45500,15000,55,69.05
2026-06-05,2026-08-25,1300.0,PE,67500,7500,55,49.55
2026-06-05,2026-08-25,1320.0,CE,0,0,0,102.15
2026-06-05,2026-08-25,1320.0,PE,0,0,0,46.35
2026-06-05,2026-08-25,1340.0,CE,0,0,0,90.8
2026-06-05,2026-08-25,1340.0,PE,0,0,0,54.75
2026-06-05,2026-08-25,1360.0,CE,0,0,0,80.35
2026-06-05,2026-08-25,1360.0,PE,0,0,0,63.95
2026-06-05,2026-08-25,1380.0,CE,0,0,0,70.75
2026-06-05,2026-08-25,1380.0,PE,0,0,0,74.05
2026-06-05,2026-08-25,1400.0,CE,214000,14500,92,31.45
2026-06-05,2026-08-25,1400.0,PE,0,0,0,85.0
2026-06-05,2026-08-25,1420.0,CE,0,0,0,54.05
2026-06-05,2026-08-25,1420.0,PE,0,0,0,96.75
2026-06-05,2026-08-25,1440.0,CE,0,0,0,46.9
2026-06-05,2026-08-25,1440.0,PE,0,0,0,109.3
2026-06-05,2026-08-25,1460.0,CE,0,0,0,40.5
2026-06-05,2026-08-25,1460.0,PE,0,0,0,122.6
2026-06-05,2026-08-25,1480.0,CE,4000,0,0,14.35
2026-06-05,2026-08-25,1480.0,PE,0,0,0,136.65
2026-06-05,2026-08-25,1520.0,CE,49500,0,2,12.0
2026-06-05,2026-08-25,1520.0,PE,0,0,0,166.65
2026-06-05,2026-08-25,1560.0,CE,1000,0,0,7.0
2026-06-05,2026-08-25,1560.0,PE,0,0,0,198.85
2026-06-08,2026-06-30,1100.0,CE,0,0,0,266.4
2026-06-08,2026-06-30,1100.0,PE,172500,148000,1293,1.15
2026-06-08,2026-06-30,1120.0,CE,632000,-4500,48,152.4
2026-06-08,2026-06-30,1120.0,PE,824500,-4500,684,1.6
2026-06-08,2026-06-30,1140.0,CE,3000,-500,3,151.05
2026-06-08,2026-06-30,1140.0,PE,336000,63500,983,2.45
2026-06-08,2026-06-30,1160.0,CE,21000,0,0,204.9
2026-06-08,2026-06-30,1160.0,PE,587000,164000,1407,3.95
2026-06-08,2026-06-30,1170.0,CE,0,0,0,233.5
2026-06-08,2026-06-30,1170.0,PE,0,0,0,2.95
2026-06-08,2026-06-30,1180.0,CE,76500,67500,155,96.85
2026-06-08,2026-06-30,1180.0,PE,933500,262500,3487,6.05
2026-06-08,2026-06-30,1190.0,CE,0,0,0,215.0
2026-06-08,2026-06-30,1190.0,PE,105500,-37000,870,7.75
2026-06-08,2026-06-30,1200.0,CE,455500,102500,462,79.8
2026-06-08,2026-06-30,1200.0,PE,2562500,261500,6829,9.5
2026-06-08,2026-06-30,1210.0,CE,83500,83500,184,71.4
2026-06-08,2026-06-30,1210.0,PE,443500,197500,1937,11.55
2026-06-08,2026-06-30,1220.0,CE,362500,209500,509,64.95
2026-06-08,2026-06-30,1220.0,PE,1115500,267000,4585,13.95
2026-06-08,2026-06-30,1230.0,CE,264500,49000,366,58.35
2026-06-08,2026-06-30,1230.0,PE,1313500,168000,2811,16.9
2026-06-08,2026-06-30,1240.0,CE,280000,194000,952,51.0
2026-06-08,2026-06-30,1240.0,PE,1039500,219000,3204,20.25
2026-06-08,2026-06-30,1250.0,CE,944000,255500,1802,45.2
2026-06-08,2026-06-30,1250.0,PE,1985000,137500,6920,24.1
2026-06-08,2026-06-30,1260.0,CE,534500,353500,2803,39.35
2026-06-08,2026-06-30,1260.0,PE,1404000,-26000,4695,28.5
2026-06-08,2026-06-30,1270.0,CE,902500,611500,5624,34.3
2026-06-08,2026-06-30,1270.0,PE,1088000,360000,5764,33.3
2026-06-08,2026-06-30,1280.0,CE,2014000,1412000,11966,29.5
2026-06-08,2026-06-30,1280.0,PE,1506000,156500,6755,38.3
2026-06-08,2026-06-30,1290.0,CE,990000,239000,5421,25.05
2026-06-08,2026-06-30,1290.0,PE,1395000,62500,2203,43.85
2026-06-08,2026-06-30,1300.0,CE,6339000,658000,15479,21.15
2026-06-08,2026-06-30,1300.0,PE,4534500,-259500,4679,50.05
2026-06-08,2026-06-30,1310.0,CE,1847000,169000,4619,17.7
2026-06-08,2026-06-30,1310.0,PE,882500,-82000,837,56.5
2026-06-08,2026-06-30,1320.0,CE,3946000,1099500,10259,14.7
2026-06-08,2026-06-30,1320.0,PE,1406000,-112000,1068,63.2
2026-06-08,2026-06-30,1330.0,CE,2544500,255000,6482,12.45
2026-06-08,2026-06-30,1330.0,PE,1224500,-78500,366,70.85
2026-06-08,2026-06-30,1340.0,CE,2878000,47500,7385,10.4
2026-06-08,2026-06-30,1340.0,PE,1414500,-71000,367,79.35
2026-06-08,2026-06-30,1350.0,CE,7480000,531000,10056,8.65
2026-06-08,2026-06-30,1350.0,PE,2949500,-62500,361,87.2
2026-06-08,2026-06-30,1360.0,CE,4714000,311000,7407,7.2
2026-06-08,2026-06-30,1360.0,PE,2711000,-31500,161,95.7
2026-06-08,2026-06-30,1370.0,CE,3382500,121500,3351,6.1
2026-06-08,2026-06-30,1370.0,PE,2161500,-13500,63,105.4
2026-06-08,2026-06-30,1380.0,CE,3784000,310000,3814,5.15
2026-06-08,2026-06-30,1380.0,PE,1243000,-10000,70,113.65
2026-06-08,2026-06-30,1390.0,CE,1074500,-9500,1090,4.35
2026-06-08,2026-06-30,1390.0,PE,373000,-1000,2,120.35
2026-06-08,2026-06-30,1400.0,CE,10584500,531500,11736,3.8
2026-06-08,2026-06-30,1400.0,PE,2060500,-65000,436,132.1
2026-06-08,2026-06-30,1410.0,CE,893500,71000,1293,3.2
2026-06-08,2026-06-30,1410.0,PE,119000,0,0,114.05
2026-06-08,2026-06-30,1420.0,CE,1425000,-8500,2124,2.8
2026-06-08,2026-06-30,1420.0,PE,432500,-2500,16,148.65
2026-06-08,2026-06-30,1430.0,CE,714500,-71500,889,2.4
2026-06-08,2026-06-30,1430.0,PE,102500,0,0,113.5
2026-06-08,2026-06-30,1440.0,CE,1132500,63500,1232,2.2
2026-06-08,2026-06-30,1440.0,PE,185500,-1500,16,171.0
2026-06-08,2026-06-30,1450.0,CE,3072500,215000,3886,1.85
2026-06-08,2026-06-30,1450.0,PE,927000,-500,12,176.8
2026-06-08,2026-06-30,1460.0,CE,635000,-31500,1074,1.6
2026-06-08,2026-06-30,1460.0,PE,280500,0,0,142.5
2026-06-08,2026-06-30,1470.0,CE,854500,-67000,1398,1.4
2026-06-08,2026-06-30,1470.0,PE,61500,-500,3,196.4
2026-06-08,2026-06-30,1480.0,CE,828500,7500,1891,1.3
2026-06-08,2026-06-30,1480.0,PE,71500,0,0,120.0
2026-06-08,2026-06-30,1490.0,CE,747000,-118000,666,1.15
2026-06-08,2026-06-30,1490.0,PE,10000,0,0,120.0
2026-06-08,2026-06-30,1500.0,CE,5937000,250500,5495,1.05
2026-06-08,2026-06-30,1500.0,PE,1579000,8500,67,227.35
2026-06-08,2026-06-30,1510.0,CE,417000,-28500,359,0.95
2026-06-08,2026-06-30,1510.0,PE,5000,0,0,146.0
2026-06-08,2026-06-30,1520.0,CE,370500,-1000,206,0.9
2026-06-08,2026-06-30,1520.0,PE,148000,0,4,230.0
2026-06-08,2026-06-30,1530.0,CE,208000,-4500,234,0.8
2026-06-08,2026-06-30,1530.0,PE,8000,0,0,163.0
2026-06-08,2026-06-30,1540.0,CE,255500,-1500,180,0.75
2026-06-08,2026-06-30,1540.0,PE,47000,0,0,174.8
2026-06-08,2026-06-30,1550.0,CE,552000,-9500,194,0.65
2026-06-08,2026-06-30,1550.0,PE,33000,0,0,243.0
2026-06-08,2026-06-30,1560.0,CE,842000,-5500,205,0.65
2026-06-08,2026-06-30,1560.0,PE,694000,0,0,233.95
2026-06-08,2026-06-30,1570.0,CE,39000,0,0,0.8
2026-06-08,2026-06-30,1570.0,PE,7000,0,0,197.0
2026-06-08,2026-06-30,1580.0,CE,85000,2000,26,0.55
2026-06-08,2026-06-30,1580.0,PE,84000,0,0,254.0
2026-06-08,2026-06-30,1600.0,CE,1079500,6000,657,0.5
2026-06-08,2026-06-30,1600.0,PE,430500,-1500,22,326.0
2026-06-08,2026-06-30,1620.0,CE,66500,-14000,60,0.45
2026-06-08,2026-06-30,1620.0,PE,36000,0,0,255.0
2026-06-08,2026-06-30,1640.0,CE,92500,-4000,30,0.45
2026-06-08,2026-06-30,1640.0,PE,2500,0,0,271.0
2026-06-08,2026-06-30,1660.0,CE,884000,0,266,0.45
2026-06-08,2026-06-30,1660.0,PE,1516500,-20000,47,386.65
2026-06-08,2026-07-28,1100.0,CE,500,500,1,181.0
2026-06-08,2026-07-28,1100.0,PE,27000,27000,70,3.8
2026-06-08,2026-07-28,1120.0,CE,0,0,0,287.8
2026-06-08,2026-07-28,1120.0,PE,77000,15500,113,5.1
2026-06-08,2026-07-28,1140.0,CE,0,0,0,269.2
2026-06-08,2026-07-28,1140.0,PE,2500,2500,9,7.2
2026-06-08,2026-07-28,1160.0,CE,0,0,0,250.9
2026-06-08,2026-07-28,1160.0,PE,206000,52500,242,10.05
2026-06-08,2026-07-28,1170.0,CE,0,0,0,203.2
2026-06-08,2026-07-28,1170.0,PE,0,0,0,4.9
2026-06-08,2026-07-28,1180.0,CE,0,0,0,232.95
2026-06-08,2026-07-28,1180.0,PE,44000,6000,38,13.6
2026-06-08,2026-07-28,1190.0,CE,0,0,0,185.35
2026-06-08,2026-07-28,1190.0,PE,16500,2500,10,15.7
2026-06-08,2026-07-28,1200.0,CE,52500,36500,79,96.95
2026-06-08,2026-07-28,1200.0,PE,444000,95500,670,18.55
2026-06-08,2026-07-28,1210.0,CE,0,0,0,168.1
2026-06-08,2026-07-28,1210.0,PE,1000,500,1,19.8
2026-06-08,2026-07-28,1220.0,CE,0,0,0,198.55
2026-06-08,2026-07-28,1220.0,PE,33000,22000,136,23.8
2026-06-08,2026-07-28,1230.0,CE,0,0,0,151.5
2026-06-08,2026-07-28,1230.0,PE,7000,0,0,17.5
2026-06-08,2026-07-28,1240.0,CE,7000,1000,6,70.5
2026-06-08,2026-07-28,1240.0,PE,44500,20500,135,31.4
2026-06-08,2026-07-28,1250.0,CE,31500,31000,76,64.4
2026-06-08,2026-07-28,1250.0,PE,94500,26500,135,35.15
2026-06-08,2026-07-28,1260.0,CE,1000,500,1,59.0
2026-06-08,2026-07-28,1260.0,PE,53000,4500,69,39.95
2026-06-08,2026-07-28,1270.0,CE,48000,48000,129,52.75
2026-06-08,2026-07-28,1270.0,PE,10500,5000,18,42.75
2026-06-08,2026-07-28,1280.0,CE,101500,99500,265,49.45
2026-06-08,2026-07-28,1280.0,PE,56000,13000,57,50.15
2026-06-08,2026-07-28,1290.0,CE,13500,8000,30,44.85
2026-06-08,2026-07-28,1290.0,PE,1000,0,0,36.0
2026-06-08,2026-07-28,1300.0,CE,480500,195000,927,40.4
2026-06-08,2026-07-28,1300.0,PE,603500,89500,484,60.35
2026-06-08,2026-07-28,1310.0,CE,32500,6000,41,36.65
2026-06-08,2026-07-28,1310.0,PE,10000,4000,14,67.3
2026-06-08,2026-07-28,1320.0,CE,114500,15500,159,33.0
2026-06-08,2026-07-28,1320.0,PE,27500,500,28,73.85
2026-06-08,2026-07-28,1330.0,CE,22000,3500,12,29.9
2026-06-08,2026-07-28,1330.0,PE,3000,0,2,80.3
2026-06-08,2026-07-28,1340.0,CE,84000,5000,83,26.65
2026-06-08,2026-07-28,1340.0,PE,65000,5000,23,86.0
2026-06-08,2026-07-28,1350.0,CE,180500,32000,331,23.75
2026-06-08,2026-07-28,1350.0,PE,20500,2000,4,94.0
2026-06-08,2026-07-28,1360.0,CE,73000,23000,125,21.0
2026-06-08,2026-07-28,1360.0,PE,16000,9000,18,100.6
2026-06-08,2026-07-28,1370.0,CE,45000,24000,117,19.1
2026-06-08,2026-07-28,1370.0,PE,4000,3500,8,97.3
2026-06-08,2026-07-28,1380.0,CE,37500,2500,107,16.8
2026-06-08,2026-07-28,1380.0,PE,1500,500,1,105.0
2026-06-08,2026-07-28,1390.0,CE,500,500,1,18.95
2026-06-08,2026-07-28,1390.0,PE,0,0,0,70.8
2026-06-08,2026-07-28,1400.0,CE,1180500,169500,1148,13.45
2026-06-08,2026-07-28,1400.0,PE,251000,39000,133,130.5
2026-06-08,2026-07-28,1410.0,CE,500,0,0,18.6
2026-06-08,2026-07-28,1410.0,PE,0,0,0,82.65
2026-06-08,2026-07-28,1420.0,CE,54000,13000,149,10.6
2026-06-08,2026-07-28,1420.0,PE,7500,0,0,125.0
2026-06-08,2026-07-28,1430.0,CE,21000,20500,70,9.2
2026-06-08,2026-07-28,1430.0,PE,0,0,0,95.45
2026-06-08,2026-07-28,1440.0,CE,81000,19000,105,8.4
2026-06-08,2026-07-28,1440.0,PE,5000,0,0,140.5
2026-06-08,2026-07-28,1450.0,CE,122500,57000,277,7.65
2026-06-08,2026-07-28,1450.0,PE,30500,0,2,163.5
2026-06-08,2026-07-28,1460.0,CE,163000,21500,205,6.8
2026-06-08,2026-07-28,1460.0,PE,500,0,0,101.0
2026-06-08,2026-07-28,1470.0,CE,0,0,0,25.1
2026-06-08,2026-07-28,1470.0,PE,0,0,0,123.75
2026-06-08,2026-07-28,1480.0,CE,9000,9000,34,5.8
2026-06-08,2026-07-28,1480.0,PE,2000,1000,2,185.0
2026-06-08,2026-07-28,1500.0,CE,695500,26500,455,4.75
2026-06-08,2026-07-28,1500.0,PE,26500,1500,8,219.0
2026-06-08,2026-07-28,1520.0,CE,91000,500,114,3.85
2026-06-08,2026-07-28,1520.0,PE,0,0,0,143.1
2026-06-08,2026-07-28,1540.0,CE,25000,1000,8,2.75
2026-06-08,2026-07-28,1540.0,PE,8500,0,0,224.55
2026-06-08,2026-07-28,1560.0,CE,3000,0,0,3.5
2026-06-08,2026-07-28,1560.0,PE,0,0,0,173.45
2026-06-08,2026-07-28,1600.0,CE,332500,49000,147,2.0
2026-06-08,2026-07-28,1600.0,PE,6500,0,0,278.75
2026-06-08,2026-07-28,1680.0,CE,77000,4000,19,0.9
2026-06-08,2026-07-28,1680.0,PE,75000,14000,34,390.0
2026-06-08,2026-08-25,1080.0,CE,0,0,0,294.5
2026-06-08,2026-08-25,1080.0,PE,0,0,0,2.25
2026-06-08,2026-08-25,1120.0,CE,1500,1500,3,175.0
2026-06-08,2026-08-25,1120.0,PE,15500,12000,27,8.1
2026-06-08,2026-08-25,1160.0,CE,0,0,0,221.35
2026-06-08,2026-08-25,1160.0,PE,73500,16000,47,14.55
2026-06-08,2026-08-25,1180.0,CE,0,0,0,204.15
2026-06-08,2026-08-25,1180.0,PE,500,500,1,15.0
2026-06-08,2026-08-25,1200.0,CE,500,0,0,164.0
2026-06-08,2026-08-25,1200.0,PE,56500,21500,70,24.3
2026-06-08,2026-08-25,1220.0,CE,0,0,0,171.4
2026-06-08,2026-08-25,1220.0,PE,0,0,0,17.05
2026-06-08,2026-08-25,1240.0,CE,0,0,0,156.0
2026-06-08,2026-08-25,1240.0,PE,2500,500,1,26.0
2026-06-08,2026-08-25,1260.0,CE,0,0,0,141.35
2026-06-08,2026-08-25,1260.0,PE,4000,1000,2,39.0
2026-06-08,2026-08-25,1280.0,CE,0,0,0,127.45
2026-06-08,2026-08-25,1280.0,PE,500,0,0,39.0
2026-06-08,2026-08-25,1300.0,CE,100500,55000,161,54.75
2026-06-08,2026-08-25,1300.0,PE,82500,15000,74,65.75
2026-06-08,2026-08-25,1320.0,CE,0,0,0,102.15
2026-06-08,2026-08-25,1320.0,PE,0,0,0,46.35
2026-06-08,2026-08-25,1340.0,CE,0,0,0,90.8
2026-06-08,2026-08-25,1340.0,PE,0,0,0,54.75
2026-06-08,2026-08-25,1360.0,CE,0,0,0,80.35
2026-06-08,2026-08-25,1360.0,PE,0,0,0,63.95
2026-06-08,2026-08-25,1380.0,CE,0,0,0,70.75
2026-06-08,2026-08-25,1380.0,PE,1000,1000,2,100.0
2026-06-08,2026-08-25,1400.0,CE,242000,28000,148,23.9
2026-06-08,2026-08-25,1400.0,PE,0,0,0,85.0
2026-06-08,2026-08-25,1420.0,CE,2000,2000,9,22.0
2026-06-08,2026-08-25,1420.0,PE,0,0,0,96.75
2026-06-08,2026-08-25,1440.0,CE,0,0,0,46.9
2026-06-08,2026-08-25,1440.0,PE,0,0,0,109.3
2026-06-08,2026-08-25,1460.0,CE,0,0,0,40.5
2026-06-08,2026-08-25,1460.0,PE,0,0,0,122.6
2026-06-08,2026-08-25,1480.0,CE,4000,0,0,14.35
2026-06-08,2026-08-25,1480.0,PE,0,0,0,136.65
2026-06-08,2026-08-25,1520.0,CE,47500,-2000,39,7.8
2026-06-08,2026-08-25,1520.0,PE,0,0,0,166.65
2026-06-08,2026-08-25,1560.0,CE,1500,500,1,6.5
2026-06-08,2026-08-25,1560.0,PE,0,0,0,198.85
2026-06-09,2026-06-30,1060.0,CE,0,0,0,304.2
2026-06-09,2026-06-30,1060.0,PE,0,0,0,1.35
2026-06-09,2026-06-30,1080.0,CE,0,0,0,285.2
2026-06-09,2026-06-30,1080.0,PE,0,0,0,1.95
2026-06-09,2026-06-30,1100.0,CE,0,0,0,266.4
2026-06-09,2026-06-30,1100.0,PE,214500,42000,549,0.8
2026-06-09,2026-06-30,1120.0,CE,632000,0,0,152.4
2026-06-09,2026-06-30,1120.0,PE,930500,106000,526,1.1
2026-06-09,2026-06-30,1140.0,CE,4000,1000,7,128.5
2026-06-09,2026-06-30,1140.0,PE,398000,62000,752,1.65
2026-06-09,2026-06-30,1150.0,CE,0,0,0,252.35
2026-06-09,2026-06-30,1150.0,PE,52500,52500,245,2.1
2026-06-09,2026-06-30,1160.0,CE,21000,0,0,204.9
2026-06-09,2026-06-30,1160.0,PE,902500,315500,2110,2.7
2026-06-09,2026-06-30,1170.0,CE,0,0,0,233.5
2026-06-09,2026-06-30,1170.0,PE,101500,101500,507,3.3
2026-06-09,2026-06-30,1180.0,CE,101500,25000,61,101.4
2026-06-09,2026-06-30,1180.0,PE,1107500,174000,1773,4.15
2026-06-09,2026-06-30,1190.0,CE,46000,46000,105,92.35
2026-06-09,2026-06-30,1190.0,PE,225500,120000,947,5.25
2026-06-09,2026-06-30,1200.0,CE,513500,58000,953,85.05
2026-06-09,2026-06-30,1200.0,PE,2784000,221500,9292,6.65
2026-06-09,2026-06-30,1210.0,CE,171500,88000,457,76.4
2026-06-09,2026-06-30,1210.0,PE,601500,158000,2897,8.3
2026-06-09,2026-06-30,1220.0,CE,420500,58000,774,68.25
2026-06-09,2026-06-30,1220.0,PE,1195000,79500,5559,10.35
2026-06-09,2026-06-30,1230.0,CE,330000,65500,1307,61.4
2026-06-09,2026-06-30,1230.0,PE,1444500,131000,4302,12.85
2026-06-09,2026-06-30,1240.0,CE,395000,115000,1460,53.45
2026-06-09,2026-06-30,1240.0,PE,1190000,150500,5319,15.7
2026-06-09,2026-06-30,1250.0,CE,1139500,195500,3021,47.3
2026-06-09,2026-06-30,1250.0,PE,1937500,-47500,5972,19.0
2026-06-09,2026-06-30,1260.0,CE,843500,309000,7829,41.15
2026-06-09,2026-06-30,1260.0,PE,1609500,205500,7653,23.0
2026-06-09,2026-06-30,1270.0,CE,1262000,359500,10683,35.55
2026-06-09,2026-06-30,1270.0,PE,1452500,364500,6446,27.55
2026-06-09,2026-06-30,1280.0,CE,2492500,478500,11338,30.6
2026-06-09,2026-06-30,1280.0,PE,1809000,303000,4728,32.3
2026-06-09,2026-06-30,1290.0,CE,1217500,227500,4540,25.95
2026-06-09,2026-06-30,1290.0,PE,1389500,-5500,1801,37.85
2026-06-09,2026-06-30,1300.0,CE,6807000,468000,17078,22.05
2026-06-09,2026-06-30,1300.0,PE,4425000,-109500,2875,43.35
2026-06-09,2026-06-30,1310.0,CE,1891500,44500,5123,18.25
2026-06-09,2026-06-30,1310.0,PE,870500,-12000,383,49.65
2026-06-09,2026-06-30,1320.0,CE,4476000,530000,9214,15.05
2026-06-09,2026-06-30,1320.0,PE,1335000,-71000,739,56.2
2026-06-09,2026-06-30,1330.0,CE,2499500,-45000,7801,12.45
2026-06-09,2026-06-30,1330.0,PE,1135500,-89000,382,63.35
2026-06-09,2026-06-30,1340.0,CE,2841500,-36500,5295,10.4
2026-06-09,2026-06-30,1340.0,PE,1378000,-36500,220,71.6
2026-06-09,2026-06-30,1350.0,CE,7733000,253000,8583,8.6
2026-06-09,2026-06-30,1350.0,PE,2800000,-149500,521,79.9
2026-06-09,2026-06-30,1360.0,CE,4892000,178000,5567,7.1
2026-06-09,2026-06-30,1360.0,PE,2696500,-14500,111,87.85
2026-06-09,2026-06-30,1370.0,CE,3461000,78500,1451,5.95
2026-06-09,2026-06-30,1370.0,PE,2152000,-9500,70,96.8
2026-06-09,2026-06-30,1380.0,CE,3998000,214000,2885,5.05
2026-06-09,2026-06-30,1380.0,PE,1234500,-8500,48,105.8
2026-06-09,2026-06-30,1390.0,CE,1108000,33500,925,4.25
2026-06-09,2026-06-30,1390.0,PE,373000,0,0,120.35
2026-06-09,2026-06-30,1400.0,CE,11395000,810500,7723,3.7
2026-06-09,2026-06-30,1400.0,PE,2062000,1500,165,123.0
2026-06-09,2026-06-30,1410.0,CE,1032000,138500,1367,3.1
2026-06-09,2026-06-30,1410.0,PE,119000,0,0,114.05
2026-06-09,2026-06-30,1420.0,CE,1257000,-168000,1845,2.65
2026-06-09,2026-06-30,1420.0,PE,431000,-1500,4,140.5
2026-06-09,2026-06-30,1430.0,CE,735000,20500,867,2.25
2026-06-09,2026-06-30,1430.0,PE,102500,0,0,113.5
2026-06-09,2026-06-30,1440.0,CE,1157500,25000,1994,2.0
2026-06-09,2026-06-30,1440.0,PE,185500,0,2,173.1
2026-06-09,2026-06-30,1450.0,CE,3058500,-14000,4617,1.65
2026-06-09,2026-06-30,1450.0,PE,924000,-3000,18,173.0
2026-06-09,2026-06-30,1460.0,CE,632000,-3000,560,1.5
2026-06-09,2026-06-30,1460.0,PE,280000,-500,2,185.05
2026-06-09,2026-06-30,1470.0,CE,845500,-9000,377,1.3
2026-06-09,2026-06-30,1470.0,PE,61000,-500,2,202.3
2026-06-09,2026-06-30,1480.0,CE,822000,-6500,507,1.2
2026-06-09,2026-06-30,1480.0,PE,71500,0,0,120.0
2026-06-09,2026-06-30,1490.0,CE,740000,-7000,247,0.95
2026-06-09,2026-06-30,1490.0,PE,10000,0,0,120.0
2026-06-09,2026-06-30,1500.0,CE,5769500,-167500,5260,0.95
2026-06-09,2026-06-30,1500.0,PE,1587000,8000,188,221.35
2026-06-09,2026-06-30,1510.0,CE,421500,4500,373,0.85
2026-06-09,2026-06-30,1510.0,PE,5000,0,0,146.0
2026-06-09,2026-06-30,1520.0,CE,364500,-6000,118,0.8
2026-06-09,2026-06-30,1520.0,PE,148000,0,0,230.0
2026-06-09,2026-06-30,1530.0,CE,240000,32000,130,0.8
2026-06-09,2026-06-30,1530.0,PE,8000,0,0,163.0
2026-06-09,2026-06-30,1540.0,CE,266000,10500,158,0.7
2026-06-09,2026-06-30,1540.0,PE,45500,-1500,3,260.0
2026-06-09,2026-06-30,1550.0,CE,545500,-6500,199,0.7
2026-06-09,2026-06-30,1550.0,PE,33000,0,0,243.0
2026-06-09,2026-06-30,1560.0,CE,873500,31500,252,0.65
2026-06-09,2026-06-30,1560.0,PE,692500,-1500,7,288.4
2026-06-09,2026-06-30,1570.0,CE,57000,18000,44,0.6
2026-06-09,2026-06-30,1570.0,PE,7000,0,0,197.0
2026-06-09,2026-06-30,1580.0,CE,78500,-6500,24,0.45
2026-06-09,2026-06-30,1580.0,PE,84000,0,0,254.0
2026-06-09,2026-06-30,1600.0,CE,1012500,-67000,380,0.5
2026-06-09,2026-06-30,1600.0,PE,435500,5000,41,331.75
2026-06-09,2026-06-30,1620.0,CE,76000,9500,274,0.5
2026-06-09,2026-06-30,1620.0,PE,36000,0,0,255.0
2026-06-09,2026-06-30,1640.0,CE,90000,-2500,317,0.5
2026-06-09,2026-06-30,1640.0,PE,2500,0,0,271.0
2026-06-09,2026-06-30,1660.0,CE,897000,13000,231,0.45
2026-06-09,2026-06-30,1660.0,PE,1496500,-20000,41,388.0
2026-06-09,2026-07-28,1060.0,CE,0,0,0,345.05
2026-06-09,2026-07-28,1060.0,PE,10000,10000,36,1.95
2026-06-09,2026-07-28,1080.0,CE,0,0,0,325.8
2026-06-09,2026-07-28,1080.0,PE,0,0,0,1.4
2026-06-09,2026-07-28,1100.0,CE,500,0,0,181.0
2026-06-09,2026-07-28,1100.0,PE,47000,20000,138,3.1
2026-06-09,2026-07-28,1120.0,CE,0,0,0,287.8
2026-06-09,2026-07-28,1120.0,PE,69000,-8000,74,3.95
2026-06-09,2026-07-28,1140.0,CE,1000,1000,2,140.4
2026-06-09,2026-07-28,1140.0,PE,6000,3500,15,7.2
2026-06-09,2026-07-28,1150.0,CE,0,0,0,221.5
2026-06-09,2026-07-28,1150.0,PE,0,0,0,3.45
2026-06-09,2026-07-28,1160.0,CE,1500,1500,3,123.6
2026-06-09,2026-07-28,1160.0,PE,213000,7000,173,7.2
2026-06-09,2026-07-28,1170.0,CE,0,0,0,203.2
2026-06-09,2026-07-28,1170.0,PE,0,0,0,4.9
2026-06-09,2026-07-28,1180.0,CE,1500,1500,3,107.75
2026-06-09,2026-07-28,1180.0,PE,83500,39500,175,10.35
2026-06-09,2026-07-28,1190.0,CE,0,0,0,185.35
2026-06-09,2026-07-28,1190.0,PE,17000,500,22,13.85
2026-06-09,2026-07-28,1200.0,CE,65000,12500,55,100.25
2026-06-09,2026-07-28,1200.0,PE,501500,57500,394,14.1
2026-06-09,2026-07-28,1210.0,CE,0,0,0,168.1
2026-06-09,2026-07-28,1210.0,PE,5500,4500,17,16.8
2026-06-09,2026-07-28,1220.0,CE,0,0,0,198.55
2026-06-09,2026-07-28,1220.0,PE,38500,5500,62,19.5
2026-06-09,2026-07-28,1230.0,CE,0,0,0,151.5
2026-06-09,2026-07-28,1230.0,PE,8500,1500,3,22.2
2026-06-09,2026-07-28,1240.0,CE,9500,2500,9,71.2
2026-06-09,2026-07-28,1240.0,PE,45500,1000,41,25.25
2026-06-09,2026-07-28,1250.0,CE,73000,41500,253,65.75
2026-06-09,2026-07-28,1250.0,PE,217000,122500,387,28.95
2026-06-09,2026-07-28,1260.0,CE,17500,16500,49,59.15
2026-06-09,2026-07-28,1260.0,PE,82000,29000,132,33.2
2026-06-09,2026-07-28,1270.0,CE,118500,70500,362,53.7
2026-06-09,2026-07-28,1270.0,PE,358000,347500,903,37.35
2026-06-09,2026-07-28,1280.0,CE,121500,20000,159,49.25
2026-06-09,2026-07-28,1280.0,PE,74000,18000,80,42.5
2026-06-09,2026-07-28,1290.0,CE,15000,1500,16,44.25
2026-06-09,2026-07-28,1290.0,PE,1000,0,1,47.95
2026-06-09,2026-07-28,1300.0,CE,728500,248000,1138,40.6
2026-06-09,2026-07-28,1300.0,PE,707500,104000,785,53.15
2026-06-09,2026-07-28,1310.0,CE,38500,6000,34,36.15
2026-06-09,2026-07-28,1310.0,PE,10000,0,0,67.3
2026-06-09,2026-07-28,1320.0,CE,127500,13000,78,32.5
2026-06-09,2026-07-28,1320.0,PE,29500,2000,7,67.85
2026-06-09,2026-07-28,1330.0,CE,23500,1500,17,28.85
2026-06-09,2026-07-28,1330.0,PE,3000,0,0,80.3
2026-06-09,2026-07-28,1340.0,CE,103000,19000,92,26.35
2026-06-09,2026-07-28,1340.0,PE,85500,20500,55,80.25
2026-06-09,2026-07-28,1350.0,CE,203500,23000,302,23.2
2026-06-09,2026-07-28,1350.0,PE,34000,13500,30,85.0
2026-06-09,2026-07-28,1360.0,CE,69000,-4000,130,20.85
2026-06-09,2026-07-28,1360.0,PE,30500,14500,31,98.1
2026-06-09,2026-07-28,1370.0,CE,45000,0,79,18.65
2026-06-09,2026-07-28,1370.0,PE,4000,0,0,97.3
2026-06-09,2026-07-28,1380.0,CE,44000,6500,135,16.55
2026-06-09,2026-07-28,1380.0,PE,1500,0,0,105.0
2026-06-09,2026-07-28,1390.0,CE,3000,2500,10,14.6
2026-06-09,2026-07-28,1390.0,PE,0,0,0,70.8
2026-06-09,2026-07-28,1400.0,CE,1316500,136000,1156,12.85
2026-06-09,2026-07-28,1400.0,PE,262500,11500,52,122.5
2026-06-09,2026-07-28,1410.0,CE,500,0,0,18.6
2026-06-09,2026-07-28,1410.0,PE,0,0,0,82.65
2026-06-09,2026-07-28,1420.0,CE,59000,5000,72,9.7
2026-06-09,2026-07-28,1420.0,PE,8500,1000,2,142.85
2026-06-09,2026-07-28,1430.0,CE,21000,0,35,9.1
2026-06-09,2026-07-28,1430.0,PE,1000,1000,2,160.75
2026-06-09,2026-07-28,1440.0,CE,98000,17000,122,7.85
2026-06-09,2026-07-28,1440.0,PE,5000,0,0,140.5
2026-06-09,2026-07-28,1450.0,CE,137000,14500,126,7.05
2026-06-09,2026-07-28,1450.0,PE,31000,500,1,173.0
2026-06-09,2026-07-28,1460.0,CE,158000,-5000,46,6.35
2026-06-09,2026-07-28,1460.0,PE,500,0,0,101.0
2026-06-09,2026-07-28,1470.0,CE,0,0,0,25.1
2026-06-09,2026-07-28,1470.0,PE,0,0,0,123.75
2026-06-09,2026-07-28,1480.0,CE,11500,2500,10,4.75
2026-06-09,2026-07-28,1480.0,PE,2000,0,0,185.0
2026-06-09,2026-07-28,1500.0,CE,766500,71000,404,4.4
2026-06-09,2026-07-28,1500.0,PE,28000,1500,3,213.9
2026-06-09,2026-07-28,1520.0,CE,90500,-500,20,3.4
2026-06-09,2026-07-28,1520.0,PE,0,0,0,143.1
2026-06-09,2026-07-28,1540.0,CE,36000,11000,24,2.95
2026-06-09,2026-07-28,1540.0,PE,10000,1500,3,260.0
2026-06-09,2026-07-28,1560.0,CE,0,-3000,6,2.5
2026-06-09,2026-07-28,1560.0,PE,0,0,0,173.45
2026-06-09,2026-07-28,1600.0,CE,364000,31500,234,1.8
2026-06-09,2026-07-28,1600.0,PE,6500,0,0,278.75
2026-06-09,2026-07-28,1680.0,CE,74000,-3000,9,0.55
2026-06-09,2026-07-28,1680.0,PE,79000,4000,20,396.0
2026-06-09,2026-08-25,1080.0,CE,0,0,0,294.5
2026-06-09,2026-08-25,1080.0,PE,0,0,0,2.25
2026-06-09,2026-08-25,1120.0,CE,3000,1500,3,170.0
2026-06-09,2026-08-25,1120.0,PE,17000,1500,4,7.95
2026-06-09,2026-08-25,1140.0,CE,0,0,0,239.1
2026-06-09,2026-08-25,1140.0,PE,0,0,0,5.95
2026-06-09,2026-08-25,1160.0,CE,0,0,0,221.35
2026-06-09,2026-08-25,1160.0,PE,80000,6500,19,12.0
2026-06-09,2026-08-25,1180.0,CE,0,0,0,204.15
2026-06-09,2026-08-25,1180.0,PE,500,0,0,15.0
2026-06-09,2026-08-25,1200.0,CE,500,0,0,164.0
2026-06-09,2026-08-25,1200.0,PE,64000,7500,38,20.0
2026-06-09,2026-08-25,1220.0,CE,0,0,0,171.4
2026-06-09,2026-08-25,1220.0,PE,0,0,0,17.05
2026-06-09,2026-08-25,1240.0,CE,0,0,0,156.0
2026-06-09,2026-08-25,1240.0,PE,2500,0,0,26.0
2026-06-09,2026-08-25,1260.0,CE,0,0,0,141.35
2026-06-09,2026-08-25,1260.0,PE,4000,0,0,39.0
2026-06-09,2026-08-25,1280.0,CE,0,0,0,127.45
2026-06-09,2026-08-25,1280.0,PE,500,0,0,39.0
2026-06-09,2026-08-25,1300.0,CE,150500,50000,166,54.15
2026-06-09,2026-08-25,1300.0,PE,93000,10500,53,58.8
2026-06-09,2026-08-25,1320.0,CE,0,0,0,102.15
2026-06-09,2026-08-25,1320.0,PE,0,0,0,46.35
2026-06-09,2026-08-25,1340.0,CE,0,0,0,90.8
2026-06-09,2026-08-25,1340.0,PE,0,0,0,54.75
2026-06-09,2026-08-25,1360.0,CE,0,0,0,80.35
2026-06-09,2026-08-25,1360.0,PE,0,0,0,63.95
2026-06-09,2026-08-25,1380.0,CE,0,0,0,70.75
2026-06-09,2026-08-25,1380.0,PE,1000,0,0,100.0
2026-06-09,2026-08-25,1400.0,CE,263000,21000,88,23.15
2026-06-09,2026-08-25,1400.0,PE,0,0,0,85.0
2026-06-09,2026-08-25,1420.0,CE,2500,500,3,18.5
2026-06-09,2026-08-25,1420.0,PE,0,0,0,96.75
2026-06-09,2026-08-25,1440.0,CE,0,0,0,46.9
2026-06-09,2026-08-25,1440.0,PE,0,0,0,109.3
2026-06-09,2026-08-25,1460.0,CE,0,0,0,40.5
2026-06-09,2026-08-25,1460.0,PE,0,0,0,122.6
2026-06-09,2026-08-25,1480.0,CE,4000,0,0,14.35
2026-06-09,2026-08-25,1480.0,PE,0,0,0,136.65
2026-06-09,2026-08-25,1520.0,CE,49500,2000,19,7.6
2026-06-09,2026-08-25,1520.0,PE,0,0,0,166.65
2026-06-09,2026-08-25,1560.0,CE,1500,0,0,6.5
2026-06-09,2026-08-25,1560.0,PE,0,0,0,198.85
2026-06-10,2026-06-30,1060.0,CE,0,0,0,304.2
2026-06-10,2026-06-30,1060.0,PE,0,0,0,1.35
2026-06-10,2026-06-30,1080.0,CE,0,0,0,285.2
2026-06-10,2026-06-30,1080.0,PE,10500,10500,35,0.8
2026-06-10,2026-06-30,1100.0,CE,0,0,0,266.4
2026-06-10,2026-06-30,1100.0,PE,301000,86500,833,1.15
2026-06-10,2026-06-30,1120.0,CE,781500,149500,442,143.65
2026-06-10,2026-06-30,1120.0,PE,1031500,101000,1072,1.55
2026-06-10,2026-06-30,1140.0,CE,10500,6500,20,123.15
2026-06-10,2026-06-30,1140.0,PE,440500,42500,1008,2.5
2026-06-10,2026-06-30,1150.0,CE,0,0,0,252.35
2026-06-10,2026-06-30,1150.0,PE,156000,103500,793,3.25
2026-06-10,2026-06-30,1160.0,CE,21000,0,0,204.9
2026-06-10,2026-06-30,1160.0,PE,897000,-5500,1668,4.05
2026-06-10,2026-06-30,1170.0,CE,0,0,0,233.5
2026-06-10,2026-06-30,1170.0,PE,175500,74000,1136,4.9
2026-06-10,2026-06-30,1180.0,CE,103500,2000,25,88.05
2026-06-10,2026-06-30,1180.0,PE,1052500,-55000,3128,6.2
2026-06-10,2026-06-30,1190.0,CE,46000,0,0,92.35
2026-06-10,2026-06-30,1190.0,PE,389000,163500,1340,7.55
2026-06-10,2026-06-30,1200.0,CE,605000,91500,1414,73.4
2026-06-10,2026-06-30,1200.0,PE,3068500,284500,14440,9.45
2026-06-10,2026-06-30,1210.0,CE,159500,-12000,336,65.5
2026-06-10,2026-06-30,1210.0,PE,732000,130500,2793,11.35
2026-06-10,2026-06-30,1220.0,CE,452500,32000,542,58.45
2026-06-10,2026-06-30,1220.0,PE,1363000,168000,8063,13.85
2026-06-10,2026-06-30,1230.0,CE,389000,59000,960,50.85
2026-06-10,2026-06-30,1230.0,PE,1550500,106000,9025,16.8
2026-06-10,2026-06-30,1240.0,CE,571000,176000,1256,44.5
2026-06-10,2026-06-30,1240.0,PE,1289000,99000,10357,20.6
2026-06-10,2026-06-30,1250.0,CE,1471500,332000,4381,38.7
2026-06-10,2026-06-30,1250.0,PE,2111000,173500,13095,24.85
2026-06-10,2026-06-30,1260.0,CE,1347000,503500,9296,33.7
2026-06-10,2026-06-30,1260.0,PE,1788000,178500,13135,29.45
2026-06-10,2026-06-30,1270.0,CE,2219500,957500,15076,28.65
2026-06-10,2026-06-30,1270.0,PE,2414500,962000,13013,34.5
2026-06-10,2026-06-30,1280.0,CE,3617500,1125000,27862,24.05
2026-06-10,2026-06-30,1280.0,PE,2354500,545500,14179,40.15
2026-06-10,2026-06-30,1290.0,CE,1973000,755500,18041,20.45
2026-06-10,2026-06-30,1290.0,PE,1256000,-133500,8393,46.2
2026-06-10,2026-06-30,1300.0,CE,9214000,2407000,50841,17.2
2026-06-10,2026-06-30,1300.0,PE,4325500,-99500,12342,52.95
2026-06-10,2026-06-30,1310.0,CE,2146500,255000,11688,14.35
2026-06-10,2026-06-30,1310.0,PE,847000,-23500,1757,60.1
2026-06-10,2026-06-30,1320.0,CE,4528500,52500,18886,11.8
2026-06-10,2026-06-30,1320.0,PE,1211500,-123500,1771,68.1
2026-06-10,2026-06-30,1330.0,CE,2584000,84500,12351,9.85
2026-06-10,2026-06-30,1330.0,PE,1070500,-65000,652,76.1
2026-06-10,2026-06-30,1340.0,CE,3086000,244500,14037,8.2
2026-06-10,2026-06-30,1340.0,PE,1293500,-84500,487,84.5
2026-06-10,2026-06-30,1350.0,CE,8209000,476000,22036,6.9
2026-06-10,2026-06-30,1350.0,PE,2724000,-76000,747,93.3
2026-06-10,2026-06-30,1360.0,CE,5118500,226500,11828,5.75
2026-06-10,2026-06-30,1360.0,PE,2651500,-45000,207,101.45
2026-06-10,2026-06-30,1370.0,CE,3431500,-29500,5787,4.9
2026-06-10,2026-06-30,1370.0,PE,2139500,-12500,107,110.65
2026-06-10,2026-06-30,1380.0,CE,4061500,63500,6042,4.1
2026-06-10,2026-06-30,1380.0,PE,1204000,-30500,143,120.95
2026-06-10,2026-06-30,1390.0,CE,1192500,84500,2076,3.5
2026-06-10,2026-06-30,1390.0,PE,371500,-1500,15,108.85
2026-06-10,2026-06-30,1400.0,CE,11959500,564500,16775,3.05
2026-06-10,2026-06-30,1400.0,PE,2040500,-21500,370,139.1
2026-06-10,2026-06-30,1410.0,CE,981500,-50500,2348,2.6
2026-06-10,2026-06-30,1410.0,PE,119000,0,0,114.05
2026-06-10,2026-06-30,1420.0,CE,1342500,85500,2355,2.25
2026-06-10,2026-06-30,1420.0,PE,418500,-12500,70,158.45
2026-06-10,2026-06-30,1430.0,CE,768000,33000,1633,1.95
2026-06-10,2026-06-30,1430.0,PE,102000,-500,2,164.3
2026-06-10,2026-06-30,1440.0,CE,1234000,76500,2806,1.7
2026-06-10,2026-06-30,1440.0,PE,185000,-500,3,176.95
2026-06-10,2026-06-30,1450.0,CE,3280000,221500,6776,1.45
2026-06-10,2026-06-30,1450.0,PE,924000,0,24,187.0
2026-06-10,2026-06-30,1460.0,CE,1013000,381000,2794,1.35
2026-06-10,2026-06-30,1460.0,PE,278000,-2000,6,182.0
2026-06-10,2026-06-30,1470.0,CE,852000,6500,1854,1.2
2026-06-10,2026-06-30,1470.0,PE,61000,0,0,202.3
2026-06-10,2026-06-30,1480.0,CE,1049000,227000,1518,1.1
2026-06-10,2026-06-30,1480.0,PE,76500,5000,14,194.0
2026-06-10,2026-06-30,1490.0,CE,797500,57500,1378,0.95
2026-06-10,2026-06-30,1490.0,PE,10000,0,0,120.0
2026-06-10,2026-06-30,1500.0,CE,5656500,-113000,10782,0.9
2026-06-10,2026-06-30,1500.0,PE,1586000,-1000,36,234.75
2026-06-10,2026-06-30,1510.0,CE,541000,119500,979,0.85
2026-06-10,2026-06-30,1510.0,PE,5000,0,0,146.0
2026-06-10,2026-06-30,1520.0,CE,730000,365500,1705,0.9
2026-06-10,2026-06-30,1520.0,PE,148000,0,0,230.0
2026-06-10,2026-06-30,1530.0,CE,383000,143000,752,0.75
2026-06-10,2026-06-30,1530.0,PE,7500,-500,2,233.95
2026-06-10,2026-06-30,1540.0,CE,494000,228000,1070,0.7
2026-06-10,2026-06-30,1540.0,PE,45500,0,0,260.0
2026-06-10,2026-06-30,1550.0,CE,783000,237500,2561,0.6
2026-06-10,2026-06-30,1550.0,PE,33000,0,0,243.0
2026-06-10,2026-06-30,1560.0,CE,867500,-6000,630,0.6
2026-06-10,2026-06-30,1560.0,PE,735000,42500,195,287.75
2026-06-10,2026-06-30,1570.0,CE,60500,3500,139,0.55
2026-06-10,2026-06-30,1570.0,PE,7000,0,0,197.0
2026-06-10,2026-06-30,1580.0,CE,89000,10500,30,0.5
2026-06-10,2026-06-30,1580.0,PE,84000,0,0,254.0
2026-06-10,2026-06-30,1600.0,CE,1021500,9000,1165,0.5
2026-06-10,2026-06-30,1600.0,PE,434500,-1000,18,321.0
2026-06-10,2026-06-30,1620.0,CE,74500,-1500,39,0.4
2026-06-10,2026-06-30,1620.0,PE,35500,-500,1,354.55
2026-06-10,2026-06-30,1640.0,CE,86500,-3500,22,0.4
2026-06-10,2026-06-30,1640.0,PE,2500,0,0,271.0
2026-06-10,2026-06-30,1660.0,CE,893500,-3500,244,0.4
2026-06-10,2026-06-30,1660.0,PE,1452500,-44000,235,394.6
2026-06-10,2026-07-28,1060.0,CE,0,0,0,345.05
2026-06-10,2026-07-28,1060.0,PE,10500,500,1,1.6
2026-06-10,2026-07-28,1080.0,CE,0,0,0,325.8
2026-06-10,2026-07-28,1080.0,PE,0,0,0,1.4
2026-06-10,2026-07-28,1100.0,CE,500,0,0,181.0
2026-06-10,2026-07-28,1100.0,PE,85500,38500,193,4.8
2026-06-10,2026-07-28,1120.0,CE,2500,2500,5,155.45
2026-06-10,2026-07-28,1120.0,PE,84000,15000,228,6.2
2026-06-10,2026-07-28,1140.0,CE,3500,2500,5,137.45
2026-06-10,2026-07-28,1140.0,PE,30500,24500,81,8.25
2026-06-10,2026-07-28,1150.0,CE,0,0,0,221.5
2026-06-10,2026-07-28,1150.0,PE,3500,3500,11,9.7
2026-06-10,2026-07-28,1160.0,CE,1500,0,0,123.6
2026-06-10,2026-07-28,1160.0,PE,214000,1000,263,11.05
2026-06-10,2026-07-28,1170.0,CE,0,0,0,203.2
2026-06-10,2026-07-28,1170.0,PE,0,0,0,4.9
2026-06-10,2026-07-28,1180.0,CE,6000,4500,13,104.8
2026-06-10,2026-07-28,1180.0,PE,113000,29500,174,14.4
2026-06-10,2026-07-28,1190.0,CE,0,0,0,185.35
2026-06-10,2026-07-28,1190.0,PE,14500,-2500,28,17.0
2026-06-10,2026-07-28,1200.0,CE,79000,14000,147,90.2
2026-06-10,2026-07-28,1200.0,PE,591500,90000,944,19.5
2026-06-10,2026-07-28,1210.0,CE,0,0,0,168.1
2026-06-10,2026-07-28,1210.0,PE,10500,5000,29,21.9
2026-06-10,2026-07-28,1220.0,CE,0,0,0,198.55
2026-06-10,2026-07-28,1220.0,PE,68000,29500,207,25.4
2026-06-10,2026-07-28,1230.0,CE,0,0,0,151.5
2026-06-10,2026-07-28,1230.0,PE,35500,27000,72,28.9
2026-06-10,2026-07-28,1240.0,CE,15500,6000,32,65.0
2026-06-10,2026-07-28,1240.0,PE,59500,14000,151,32.8
2026-06-10,2026-07-28,1250.0,CE,94500,21500,147,58.7
2026-06-10,2026-07-28,1250.0,PE,327500,110500,542,36.5
2026-06-10,2026-07-28,1260.0,CE,40000,22500,73,54.0
2026-06-10,2026-07-28,1260.0,PE,85500,3500,93,40.7
2026-06-10,2026-07-28,1270.0,CE,104000,-14500,252,48.35
2026-06-10,2026-07-28,1270.0,PE,517500,159500,482,45.9
2026-06-10,2026-07-28,1280.0,CE,139500,18000,401,44.6
2026-06-10,2026-07-28,1280.0,PE,88500,14500,122,50.6
2026-06-10,2026-07-28,1290.0,CE,16500,1500,35,40.65
2026-06-10,2026-07-28,1290.0,PE,1000,0,1,48.6
2026-06-10,2026-07-28,1300.0,CE,1017500,289000,2106,36.4
2026-06-10,2026-07-28,1300.0,PE,894000,186500,905,63.75
2026-06-10,2026-07-28,1310.0,CE,44500,6000,30,33.15
2026-06-10,2026-07-28,1310.0,PE,10000,0,6,66.1
2026-06-10,2026-07-28,1320.0,CE,167000,39500,248,29.3
2026-06-10,2026-07-28,1320.0,PE,37500,8000,41,67.65
2026-06-10,2026-07-28,1330.0,CE,35500,12000,61,26.25
2026-06-10,2026-07-28,1330.0,PE,3500,500,4,57.95
2026-06-10,2026-07-28,1340.0,CE,118500,15500,199,23.85
2026-06-10,2026-07-28,1340.0,PE,80000,-5500,13,90.25
2026-06-10,2026-07-28,1350.0,CE,293000,89500,517,21.25
2026-06-10,2026-07-28,1350.0,PE,40500,6500,79,98.15
2026-06-10,2026-07-28,1360.0,CE,120500,51500,206,19.1
2026-06-10,2026-07-28,1360.0,PE,44000,13500,73,105.4
2026-06-10,2026-07-28,1370.0,CE,46500,1500,59,17.0
2026-06-10,2026-07-28,1370.0,PE,4500,500,1,100.6
2026-06-10,2026-07-28,1380.0,CE,69500,25500,171,15.1
2026-06-10,2026-07-28,1380.0,PE,1500,0,0,105.0
2026-06-10,2026-07-28,1390.0,CE,6500,3500,16,14.3
2026-06-10,2026-07-28,1390.0,PE,0,0,0,70.8
2026-06-10,2026-07-28,1400.0,CE,1739500,423000,3303,11.95
2026-06-10,2026-07-28,1400.0,PE,275000,12500,79,139.0
2026-06-10,2026-07-28,1410.0,CE,500,0,0,18.6
2026-06-10,2026-07-28,1410.0,PE,0,0,0,82.65
2026-06-10,2026-07-28,1420.0,CE,68000,9000,155,9.5
2026-06-10,2026-07-28,1420.0,PE,10000,1500,9,132.85
2026-06-10,2026-07-28,1430.0,CE,24000,3000,56,8.2
2026-06-10,2026-07-28,1430.0,PE,1000,0,0,160.75
2026-06-10,2026-07-28,1440.0,CE,93500,-4500,252,7.35
2026-06-10,2026-07-28,1440.0,PE,5000,0,0,140.5
2026-06-10,2026-07-28,1450.0,CE,147500,10500,389,6.5
2026-06-10,2026-07-28,1450.0,PE,31000,0,0,173.0
2026-06-10,2026-07-28,1460.0,CE,165500,7500,75,5.8
2026-06-10,2026-07-28,1460.0,PE,500,0,0,101.0
2026-06-10,2026-07-28,1470.0,CE,0,0,0,25.1
2026-06-10,2026-07-28,1470.0,PE,1000,1000,2,172.0
2026-06-10,2026-07-28,1480.0,CE,12500,1000,4,5.05
2026-06-10,2026-07-28,1480.0,PE,2000,0,0,185.0
2026-06-10,2026-07-28,1500.0,CE,798500,32000,574,4.15
2026-06-10,2026-07-28,1500.0,PE,30500,2500,8,214.1
2026-06-10,2026-07-28,1520.0,CE,89500,-1000,42,3.25
2026-06-10,2026-07-28,1520.0,PE,0,0,0,143.1
2026-06-10,2026-07-28,1540.0,CE,35500,-500,32,3.4
2026-06-10,2026-07-28,1540.0,PE,10000,0,0,260.0
2026-06-10,2026-07-28,1560.0,CE,0,0,0,2.5
2026-06-10,2026-07-28,1560.0,PE,0,0,0,173.45
2026-06-10,2026-07-28,1600.0,CE,388500,24500,232,1.75
2026-06-10,2026-07-28,1600.0,PE,6500,0,0,278.75
2026-06-10,2026-07-28,1680.0,CE,75000,1000,3,1.0
2026-06-10,2026-07-28,1680.0,PE,87500,8500,34,402.0
2026-06-10,2026-08-25,1080.0,CE,0,0,0,294.5
2026-06-10,2026-08-25,1080.0,PE,1000,1000,2,4.85
2026-06-10,2026-08-25,1120.0,CE,3000,0,0,170.0
2026-06-10,2026-08-25,1120.0,PE,30000,13000,36,9.1
2026-06-10,2026-08-25,1140.0,CE,0,0,0,239.1
2026-06-10,2026-08-25,1140.0,PE,0,0,0,5.95
2026-06-10,2026-08-25,1160.0,CE,0,0,0,221.35
2026-06-10,2026-08-25,1160.0,PE,80500,500,11,14.2
2026-06-10,2026-08-25,1180.0,CE,0,0,0,204.15
2026-06-10,2026-08-25,1180.0,PE,1000,500,1,16.0
2026-06-10,2026-08-25,1200.0,CE,500,0,0,164.0
2026-06-10,2026-08-25,1200.0,PE,61000,-3000,48,25.0
2026-06-10,2026-08-25,1220.0,CE,0,0,0,171.4
2026-06-10,2026-08-25,1220.0,PE,0,0,0,17.05
2026-06-10,2026-08-25,1240.0,CE,0,0,0,156.0
2026-06-10,2026-08-25,1240.0,PE,2500,0,0,26.0
2026-06-10,2026-08-25,1260.0,CE,0,0,0,141.35
2026-06-10,2026-08-25,1260.0,PE,4000,0,0,39.0
2026-06-10,2026-08-25,1280.0,CE,0,0,0,127.45
2026-06-10,2026-08-25,1280.0,PE,500,0,0,39.0
2026-06-10,2026-08-25,1300.0,CE,161000,10500,139,51.0
2026-06-10,2026-08-25,1300.0,PE,111500,18500,68,69.2
2026-06-10,2026-08-25,1320.0,CE,0,0,0,102.15
2026-06-10,2026-08-25,1320.0,PE,0,0,0,46.35
2026-06-10,2026-08-25,1340.0,CE,0,0,0,90.8
2026-06-10,2026-08-25,1340.0,PE,0,0,0,54.75
2026-06-10,2026-08-25,1360.0,CE,0,0,0,80.35
2026-06-10,2026-08-25,1360.0,PE,0,0,0,63.95
2026-06-10,2026-08-25,1380.0,CE,0,0,0,70.75
2026-06-10,2026-08-25,1380.0,PE,1000,0,0,100.0
2026-06-10,2026-08-25,1400.0,CE,280500,17500,132,21.0
2026-06-10,2026-08-25,1400.0,PE,0,0,0,85.0
2026-06-10,2026-08-25,1420.0,CE,2500,0,0,18.5
2026-06-10,2026-08-25,1420.0,PE,0,0,0,96.75
2026-06-10,2026-08-25,1440.0,CE,0,0,0,46.9
2026-06-10,2026-08-25,1440.0,PE,0,0,0,109.3
2026-06-10,2026-08-25,1460.0,CE,0,0,0,40.5
2026-06-10,2026-08-25,1460.0,PE,0,0,0,122.6
2026-06-10,2026-08-25,1480.0,CE,4000,0,0,14.35
2026-06-10,2026-08-25,1480.0,PE,0,0,0,136.65
2026-06-10,2026-08-25,1520.0,CE,55500,6000,33,7.0
2026-06-10,2026-08-25,1520.0,PE,0,0,0,166.65
2026-06-10,2026-08-25,1560.0,CE,1500,0,0,6.5
2026-06-10,2026-08-25,1560.0,PE,0,0,0,198.85
2026-06-11,2026-06-30,1060.0,CE,0,0,0,304.2
2026-06-11,2026-06-30,1060.0,PE,0,0,0,1.35
2026-06-11,2026-06-30,1080.0,CE,0,0,0,285.2
2026-06-11,2026-06-30,1080.0,PE,22000,11500,62,0.7
2026-06-11,2026-06-30,1100.0,CE,5000,5000,20,170.0
2026-06-11,2026-06-30,1100.0,PE,339000,38000,506,0.95
2026-06-11,2026-06-30,1120.0,CE,777000,-4500,17,146.7
2026-06-11,2026-06-30,1120.0,PE,999500,-32000,475,1.3
2026-06-11,2026-06-30,1140.0,CE,13000,2500,6,129.15
2026-06-11,2026-06-30,1140.0,PE,459500,19000,637,1.95
2026-06-11,2026-06-30,1150.0,CE,0,0,0,252.35
2026-06-11,2026-06-30,1150.0,PE,291000,135000,1040,2.5
2026-06-11,2026-06-30,1160.0,CE,21500,500,2,111.5
2026-06-11,2026-06-30,1160.0,PE,886000,-11000,896,3.15
2026-06-11,2026-06-30,1170.0,CE,0,0,0,233.5
2026-06-11,2026-06-30,1170.0,PE,199000,23500,1223,3.9
2026-06-11,2026-06-30,1180.0,CE,104000,500,18,91.05
2026-06-11,2026-06-30,1180.0,PE,1098000,45500,2342,4.85
2026-06-11,2026-06-30,1190.0,CE,99000,53000,143,83.05
2026-06-11,2026-06-30,1190.0,PE,403000,14000,1477,6.1
2026-06-11,2026-06-30,1200.0,CE,500500,-104500,1017,74.15
2026-06-11,2026-06-30,1200.0,PE,3399500,331000,12543,7.65
2026-06-11,2026-06-30,1210.0,CE,191500,32000,171,67.6
2026-06-11,2026-06-30,1210.0,PE,741000,9000,7766,9.4
2026-06-11,2026-06-30,1220.0,CE,414500,-38000,477,58.15
2026-06-11,2026-06-30,1220.0,PE,1355500,-7500,8578,11.65
2026-06-11,2026-06-30,1230.0,CE,475500,86500,1373,51.6
2026-06-11,2026-06-30,1230.0,PE,1500000,-50500,7023,14.5
2026-06-11,2026-06-30,1240.0,CE,593500,22500,2280,44.75
2026-06-11,2026-06-30,1240.0,PE,1341000,52000,6490,17.8
2026-06-11,2026-06-30,1250.0,CE,1274500,-197000,4662,38.45
2026-06-11,2026-06-30,1250.0,PE,2022500,-88500,8382,21.7
2026-06-11,2026-06-30,1260.0,CE,1833500,486500,15352,32.85
2026-06-11,2026-06-30,1260.0,PE,1955000,167000,7331,26.2
2026-06-11,2026-06-30,1270.0,CE,2174500,-45000,15511,27.85
2026-06-11,2026-06-30,1270.0,PE,2513500,99000,7200,31.25
2026-06-11,2026-06-30,1280.0,CE,3353000,-264500,15158,23.45
2026-06-11,2026-06-30,1280.0,PE,2260500,-94000,4889,36.7
2026-06-11,2026-06-30,1290.0,CE,2078500,105500,9278,19.6
2026-06-11,2026-06-30,1290.0,PE,1234500,-21500,1451,42.6
2026-06-11,2026-06-30,1300.0,CE,9042000,-172000,24259,16.4
2026-06-11,2026-06-30,1300.0,PE,4183000,-142500,2771,49.35
2026-06-11,2026-06-30,1310.0,CE,2093000,-53500,7687,13.6
2026-06-11,2026-06-30,1310.0,PE,833500,-13500,326,56.2
2026-06-11,2026-06-30,1320.0,CE,4616000,87500,12896,11.3
2026-06-11,2026-06-30,1320.0,PE,1176500,-35000,424,64.35
2026-06-11,2026-06-30,1330.0,CE,2697000,113000,9993,9.35
2026-06-11,2026-06-30,1330.0,PE,1051500,-19000,144,72.4
2026-06-11,2026-06-30,1340.0,CE,3209500,123500,7542,7.75
2026-06-11,2026-06-30,1340.0,PE,1268000,-25500,154,80.3
2026-06-11,2026-06-30,1350.0,CE,8329500,120500,9335,6.55
2026-06-11,2026-06-30,1350.0,PE,2669500,-54500,419,90.2
2026-06-11,2026-06-30,1360.0,CE,5089000,-29500,4561,5.4
2026-06-11,2026-06-30,1360.0,PE,2634000,-17500,154,97.15
2026-06-11,2026-06-30,1370.0,CE,3472000,40500,2010,4.55
2026-06-11,2026-06-30,1370.0,PE,2131000,-8500,52,105.55
2026-06-11,2026-06-30,1380.0,CE,4060000,-1500,2104,3.85
2026-06-11,2026-06-30,1380.0,PE,1197500,-6500,23,118.35
2026-06-11,2026-06-30,1390.0,CE,1157500,-35000,935,3.25
2026-06-11,2026-06-30,1390.0,PE,371500,0,0,108.85
2026-06-11,2026-06-30,1400.0,CE,11913500,-46000,8661,2.85
2026-06-11,2026-06-30,1400.0,PE,2038000,-2500,93,135.8
2026-06-11,2026-06-30,1410.0,CE,1005500,24000,1093,2.4
2026-06-11,2026-06-30,1410.0,PE,111000,-8000,38,142.3
2026-06-11,2026-06-30,1420.0,CE,1355000,12500,1127,2.0
2026-06-11,2026-06-30,1420.0,PE,420500,2000,25,148.35
2026-06-11,2026-06-30,1430.0,CE,665500,-102500,854,1.75
2026-06-11,2026-06-30,1430.0,PE,102000,0,0,164.3
2026-06-11,2026-06-30,1440.0,CE,1241000,7000,1585,1.5
2026-06-11,2026-06-30,1440.0,PE,185000,0,7,167.05
2026-06-11,2026-06-30,1450.0,CE,3270500,-9500,2189,1.3
2026-06-11,2026-06-30,1450.0,PE,924000,0,0,187.0
2026-06-11,2026-06-30,1460.0,CE,998500,-14500,578,1.15
2026-06-11,2026-06-30,1460.0,PE,278500,500,6,195.0
2026-06-11,2026-06-30,1470.0,CE,843000,-9000,399,1.05
2026-06-11,2026-06-30,1470.0,PE,61000,0,0,202.3
2026-06-11,2026-06-30,1480.0,CE,1033500,-15500,294,0.95
2026-06-11,2026-06-30,1480.0,PE,76500,0,0,194.0
2026-06-11,2026-06-30,1490.0,CE,791000,-6500,160,0.8
2026-06-11,2026-06-30,1490.0,PE,10000,0,0,120.0
2026-06-11,2026-06-30,1500.0,CE,5455000,-201500,2719,0.75
2026-06-11,2026-06-30,1500.0,PE,1585500,-500,22,233.0
2026-06-11,2026-06-30,1510.0,CE,532000,-9000,64,0.65
2026-06-11,2026-06-30,1510.0,PE,5000,0,0,146.0
2026-06-11,2026-06-30,1520.0,CE,724000,-6000,59,0.7
2026-06-11,2026-06-30,1520.0,PE,148500,500,8,253.35
2026-06-11,2026-06-30,1530.0,CE,385000,2000,87,0.65
2026-06-11,2026-06-30,1530.0,PE,7500,0,0,233.95
2026-06-11,2026-06-30,1540.0,CE,496000,2000,115,0.65
2026-06-11,2026-06-30,1540.0,PE,45500,0,0,260.0
2026-06-11,2026-06-30,1550.0,CE,715000,-68000,1149,0.55
2026-06-11,2026-06-30,1550.0,PE,33000,0,0,243.0
2026-06-11,2026-06-30,1560.0,CE,831000,-36500,822,0.5
2026-06-11,2026-06-30,1560.0,PE,732000,-3000,6,285.25
2026-06-11,2026-06-30,1570.0,CE,54000,-6500,18,0.5
2026-06-11,2026-06-30,1570.0,PE,7000,0,0,197.0
2026-06-11,2026-06-30,1580.0,CE,89000,0,74,0.4
2026-06-11,2026-06-30,1580.0,PE,84000,0,0,254.0
2026-06-11,2026-06-30,1600.0,CE,1042500,21000,446,0.4
2026-06-11,2026-06-30,1600.0,PE,433000,-1500,15,325.8
2026-06-11,2026-06-30,1620.0,CE,74000,-500,2,0.4
2026-06-11,2026-06-30,1620.0,PE,35500,0,0,354.55
2026-06-11,2026-06-30,1640.0,CE,85500,-1000,2,0.4
2026-06-11,2026-06-30,1640.0,PE,2500,0,0,271.0
2026-06-11,2026-06-30,1660.0,CE,909500,16000,34,0.4
2026-06-11,2026-06-30,1660.0,PE,1430500,-22000,44,392.0
2026-06-11,2026-07-28,1060.0,CE,0,0,0,345.05
2026-06-11,2026-07-28,1060.0,PE,10500,0,0,1.6
2026-06-11,2026-07-28,1080.0,CE,0,0,0,325.8
2026-06-11,2026-07-28,1080.0,PE,0,0,0,1.4
2026-06-11,2026-07-28,1100.0,CE,5500,5000,10,178.7
2026-06-11,2026-07-28,1100.0,PE,95000,9500,154,3.95
2026-06-11,2026-07-28,1120.0,CE,4000,1500,3,155.45
2026-06-11,2026-07-28,1120.0,PE,119500,35500,152,5.15
2026-06-11,2026-07-28,1140.0,CE,8000,4500,9,138.25
2026-06-11,2026-07-28,1140.0,PE,29500,-1000,22,6.8
2026-06-11,2026-07-28,1150.0,CE,0,0,0,221.5
2026-06-11,2026-07-28,1150.0,PE,54000,50500,154,8.2
2026-06-11,2026-07-28,1160.0,CE,1500,0,0,123.6
2026-06-11,2026-07-28,1160.0,PE,265000,51000,190,9.5
2026-06-11,2026-07-28,1170.0,CE,0,0,0,203.2
2026-06-11,2026-07-28,1170.0,PE,18000,18000,54,10.3
2026-06-11,2026-07-28,1180.0,CE,7000,1000,2,106.95
2026-06-11,2026-07-28,1180.0,PE,127000,14000,73,12.7
2026-06-11,2026-07-28,1190.0,CE,0,0,0,185.35
2026-06-11,2026-07-28,1190.0,PE,16500,2000,5,14.2
2026-06-11,2026-07-28,1200.0,CE,104500,25500,100,90.2
2026-06-11,2026-07-28,1200.0,PE,633000,41500,487,17.05
2026-06-11,2026-07-28,1210.0,CE,0,0,0,168.1
2026-06-11,2026-07-28,1210.0,PE,11500,1000,17,19.1
2026-06-11,2026-07-28,1220.0,CE,0,0,0,198.55
2026-06-11,2026-07-28,1220.0,PE,78000,10000,71,22.65
2026-06-11,2026-07-28,1230.0,CE,0,0,0,151.5
2026-06-11,2026-07-28,1230.0,PE,73000,37500,117,24.25
2026-06-11,2026-07-28,1240.0,CE,15500,0,21,63.6
2026-06-11,2026-07-28,1240.0,PE,69000,9500,69,29.4
2026-06-11,2026-07-28,1250.0,CE,97000,2500,166,57.85
2026-06-11,2026-07-28,1250.0,PE,269500,-58000,466,33.2
2026-06-11,2026-07-28,1260.0,CE,78000,38000,239,52.2
2026-06-11,2026-07-28,1260.0,PE,198000,112500,307,37.85
2026-06-11,2026-07-28,1270.0,CE,123000,19000,208,47.45
2026-06-11,2026-07-28,1270.0,PE,529500,12000,113,42.55
2026-06-11,2026-07-28,1280.0,CE,160000,20500,130,43.0
2026-06-11,2026-07-28,1280.0,PE,95000,6500,47,46.6
2026-06-11,2026-07-28,1290.0,CE,16500,0,13,41.75
2026-06-11,2026-07-28,1290.0,PE,3500,2500,8,49.05
2026-06-11,2026-07-28,1300.0,CE,1072000,54500,1078,34.65
2026-06-11,2026-07-28,1300.0,PE,900500,6500,126,59.2
2026-06-11,2026-07-28,1310.0,CE,45000,500,26,32.0
2026-06-11,2026-07-28,1310.0,PE,10000,0,0,66.1
2026-06-11,2026-07-28,1320.0,CE,170000,3000,106,28.05
2026-06-11,2026-07-28,1320.0,PE,37500,0,19,72.1
2026-06-11,2026-07-28,1330.0,CE,42000,6500,44,24.75
2026-06-11,2026-07-28,1330.0,PE,3500,0,0,57.95
2026-06-11,2026-07-28,1340.0,CE,138000,19500,108,22.3
2026-06-11,2026-07-28,1340.0,PE,80000,0,0,90.25
2026-06-11,2026-07-28,1350.0,CE,341000,48000,529,20.05
2026-06-11,2026-07-28,1350.0,PE,76000,35500,85,92.0
2026-06-11,2026-07-28,1360.0,CE,142500,22000,176,17.5
2026-06-11,2026-07-28,1360.0,PE,56500,12500,39,99.0
2026-06-11,2026-07-28,1370.0,CE,58500,12000,121,15.7
2026-06-11,2026-07-28,1370.0,PE,4500,0,0,100.6
2026-06-11,2026-07-28,1380.0,CE,108000,38500,281,13.9
2026-06-11,2026-07-28,1380.0,PE,1500,0,0,105.0
2026-06-11,2026-07-28,1390.0,CE,6500,0,0,14.3
2026-06-11,2026-07-28,1390.0,PE,0,0,0,70.8
2026-06-11,2026-07-28,1400.0,CE,1836000,96500,1956,10.7
2026-06-11,2026-07-28,1400.0,PE,282500,7500,20,133.9
2026-06-11,2026-07-28,1410.0,CE,500,0,0,18.6
2026-06-11,2026-07-28,1410.0,PE,500,500,1,139.0
2026-06-11,2026-07-28,1420.0,CE,90000,22000,254,8.4
2026-06-11,2026-07-28,1420.0,PE,10500,500,1,144.0
2026-06-11,2026-07-28,1430.0,CE,35500,11500,36,7.9
2026-06-11,2026-07-28,1430.0,PE,1000,0,0,160.75
2026-06-11,2026-07-28,1440.0,CE,96000,2500,68,6.9
2026-06-11,2026-07-28,1440.0,PE,5000,0,0,140.5
2026-06-11,2026-07-28,1450.0,CE,179000,31500,318,5.85
2026-06-11,2026-07-28,1450.0,PE,31000,0,1,175.25
2026-06-11,2026-07-28,1460.0,CE,179500,14000,75,5.3
2026-06-11,2026-07-28,1460.0,PE,500,0,0,101.0
2026-06-11,2026-07-28,1470.0,CE,0,0,0,25.1
2026-06-11,2026-07-28,1470.0,PE,1000,0,0,172.0
2026-06-11,2026-07-28,1480.0,CE,27000,14500,57,4.7
2026-06-11,2026-07-28,1480.0,PE,2000,0,0,185.0
2026-06-11,2026-07-28,1500.0,CE,985000,186500,763,3.85
2026-06-11,2026-07-28,1500.0,PE,30500,0,0,214.1
2026-06-11,2026-07-28,1520.0,CE,113000,23500,185,2.85
2026-06-11,2026-07-28,1520.0,PE,0,0,0,143.1
2026-06-11,2026-07-28,1540.0,CE,35500,0,0,3.4
2026-06-11,2026-07-28,1540.0,PE,10000,0,0,260.0
2026-06-11,2026-07-28,1560.0,CE,0,0,0,2.5
2026-06-11,2026-07-28,1560.0,PE,0,0,0,173.45
2026-06-11,2026-07-28,1600.0,CE,370000,-18500,186,1.55
2026-06-11,2026-07-28,1600.0,PE,6500,0,0,278.75
2026-06-11,2026-07-28,1680.0,CE,75000,0,0,1.0
2026-06-11,2026-07-28,1680.0,PE,105500,18000,43,400.0
2026-06-11,2026-08-25,1040.0,CE,0,0,0,332.7
2026-06-11,2026-08-25,1040.0,PE,0,0,0,1.05
2026-06-11,2026-08-25,1080.0,CE,0,0,0,294.5
2026-06-11,2026-08-25,1080.0,PE,2000,1000,4,5.0
2026-06-11,2026-08-25,1120.0,CE,3000,0,0,170.0
2026-06-11,2026-08-25,1120.0,PE,30000,0,0,9.1
2026-06-11,2026-08-25,1140.0,CE,0,0,0,239.1
2026-06-11,2026-08-25,1140.0,PE,0,0,0,5.95
2026-06-11,2026-08-25,1160.0,CE,0,0,0,221.35
2026-06-11,2026-08-25,1160.0,PE,84500,4000,9,11.55
2026-06-11,2026-08-25,1180.0,CE,0,0,0,204.15
2026-06-11,2026-08-25,1180.0,PE,1000,0,0,16.0
2026-06-11,2026-08-25,1200.0,CE,500,0,0,164.0
2026-06-11,2026-08-25,1200.0,PE,64500,3500,21,23.0
2026-06-11,2026-08-25,1220.0,CE,0,0,0,171.4
2026-06-11,2026-08-25,1220.0,PE,0,0,0,17.05
2026-06-11,2026-08-25,1240.0,CE,0,0,0,156.0
2026-06-11,2026-08-25,1240.0,PE,2500,0,0,26.0
2026-06-11,2026-08-25,1260.0,CE,0,0,0,141.35
2026-06-11,2026-08-25,1260.0,PE,4000,0,0,39.0
2026-06-11,2026-08-25,1280.0,CE,0,0,0,127.45
2026-06-11,2026-08-25,1280.0,PE,500,0,0,39.0
2026-06-11,2026-08-25,1300.0,CE,200500,39500,129,48.6
2026-06-11,2026-08-25,1300.0,PE,115000,3500,17,65.0
2026-06-11,2026-08-25,1320.0,CE,0,0,0,102.15
2026-06-11,2026-08-25,1320.0,PE,0,0,0,46.35
2026-06-11,2026-08-25,1340.0,CE,0,0,0,90.8
2026-06-11,2026-08-25,1340.0,PE,0,0,0,54.75
2026-06-11,2026-08-25,1360.0,CE,0,0,0,80.35
2026-06-11,2026-08-25,1360.0,PE,0,0,0,63.95
2026-06-11,2026-08-25,1380.0,CE,0,0,0,70.75
2026-06-11,2026-08-25,1380.0,PE,1000,0,0,100.0
2026-06-11,2026-08-25,1400.0,CE,288500,8000,57,19.85
2026-06-11,2026-08-25,1400.0,PE,0,0,0,85.0
2026-06-11,2026-08-25,1420.0,CE,2000,-500,1,17.0
2026-06-11,2026-08-25,1420.0,PE,0,0,0,96.75
2026-06-11,2026-08-25,1440.0,CE,0,0,0,46.9
2026-06-11,2026-08-25,1440.0,PE,0,0,0,109.3
2026-06-11,2026-08-25,1460.0,CE,0,0,0,40.5
2026-06-11,2026-08-25,1460.0,PE,0,0,0,122.6
2026-06-11,2026-08-25,1480.0,CE,4000,0,0,14.35
2026-06-11,2026-08-25,1480.0,PE,0,0,0,136.65
2026-06-11,2026-08-25,1520.0,CE,57000,1500,10,7.15
2026-06-11,2026-08-25,1520.0,PE,0,0,0,166.65
2026-06-11,2026-08-25,1560.0,CE,1500,0,1,5.0
2026-06-11,2026-08-25,1560.0,PE,0,0,0,198.85
2026-06-12,2026-06-30,1060.0,CE,0,0,0,304.2
2026-06-12,2026-06-30,1060.0,PE,0,0,0,1.35
2026-06-12,2026-06-30,1080.0,CE,0,0,0,285.2
2026-06-12,2026-06-30,1080.0,PE,53000,31000,121,0.5
2026-06-12,2026-06-30,1100.0,CE,2500,-2500,9,200.0
2026-06-12,2026-06-30,1100.0,PE,333000,-6000,375,0.6
2026-06-12,2026-06-30,1120.0,CE,805000,28000,76,178.4
2026-06-12,2026-06-30,1120.0,PE,938000,-61500,633,0.95
2026-06-12,2026-06-30,1140.0,CE,13000,0,0,129.15
2026-06-12,2026-06-30,1140.0,PE,495500,36000,795,1.15
2026-06-12,2026-06-30,1150.0,CE,0,0,0,252.35
2026-06-12,2026-06-30,1150.0,PE,238500,-52500,912,1.35
2026-06-12,2026-06-30,1160.0,CE,21000,-500,1,124.65
2026-06-12,2026-06-30,1160.0,PE,862000,-24000,732,1.65
2026-06-12,2026-06-30,1170.0,CE,0,0,0,233.5
2026-06-12,2026-06-30,1170.0,PE,426000,227000,1288,1.95
2026-06-12,2026-06-30,1180.0,CE,156000,52000,114,121.9
2026-06-12,2026-06-30,1180.0,PE,927500,-170500,2338,2.3
2026-06-12,2026-06-30,1190.0,CE,149500,50500,121,114.0
2026-06-12,2026-06-30,1190.0,PE,271500,-131500,1037,2.9
2026-06-12,2026-06-30,1200.0,CE,425000,-75500,1290,103.9
2026-06-12,2026-06-30,1200.0,PE,2972000,-427500,13257,3.55
2026-06-12,2026-06-30,1210.0,CE,195000,3500,191,94.55
2026-06-12,2026-06-30,1210.0,PE,690000,-51000,5628,4.2
2026-06-12,2026-06-30,1220.0,CE,277000,-137500,972,85.2
2026-06-12,2026-06-30,1220.0,PE,1108000,-247500,10057,5.4
2026-06-12,2026-06-30,1230.0,CE,167000,-308500,1177,76.9
2026-06-12,2026-06-30,1230.0,PE,1474500,-25500,9722,6.75
2026-06-12,2026-06-30,1240.0,CE,428500,-165000,1751,68.8
2026-06-12,2026-06-30,1240.0,PE,1344500,3500,10576,8.7
2026-06-12,2026-06-30,1250.0,CE,953000,-321500,5007,60.55
2026-06-12,2026-06-30,1250.0,PE,2159000,136500,11490,10.85
2026-06-12,2026-06-30,1260.0,CE,1326000,-507500,8266,53.5
2026-06-12,2026-06-30,1260.0,PE,1973500,18500,10444,13.55
2026-06-12,2026-06-30,1270.0,CE,1472000,-702500,16041,46.45
2026-06-12,2026-06-30,1270.0,PE,2837500,324000,11264,16.65
2026-06-12,2026-06-30,1280.0,CE,2492000,-861000,21608,39.9
2026-06-12,2026-06-30,1280.0,PE,2485000,224500,9855,20.25
2026-06-12,2026-06-30,1290.0,CE,3193000,1114500,16951,34.55
2026-06-12,2026-06-30,1290.0,PE,1319500,85000,4743,24.6
2026-06-12,2026-06-30,1300.0,CE,8487000,-555000,44956,29.35
2026-06-12,2026-06-30,1300.0,PE,4033000,-150000,6409,29.05
2026-06-12,2026-06-30,1310.0,CE,1695000,-398000,9462,24.7
2026-06-12,2026-06-30,1310.0,PE,846000,12500,1432,34.4
2026-06-12,2026-06-30,1320.0,CE,4213000,-403000,17475,20.6
2026-06-12,2026-06-30,1320.0,PE,1224500,48000,1209,40.2
2026-06-12,2026-06-30,1330.0,CE,2523500,-173500,14862,17.25
2026-06-12,2026-06-30,1330.0,PE,1032500,-19000,467,46.55
2026-06-12,2026-06-30,1340.0,CE,2591000,-618500,14239,14.35
2026-06-12,2026-06-30,1340.0,PE,1236500,-31500,327,54.0
2026-06-12,2026-06-30,1350.0,CE,7577500,-752000,19276,12.0
2026-06-12,2026-06-30,1350.0,PE,2657000,-12500,499,61.35
2026-06-12,2026-06-30,1360.0,CE,4728000,-361000,9304,9.9
2026-06-12,2026-06-30,1360.0,PE,2621500,-12500,221,69.4
2026-06-12,2026-06-30,1370.0,CE,3337500,-134500,3875,8.25
2026-06-12,2026-06-30,1370.0,PE,2127000,-4000,115,77.5
2026-06-12,2026-06-30,1380.0,CE,3936500,-123500,4817,6.9
2026-06-12,2026-06-30,1380.0,PE,1180500,-17000,132,85.6
2026-06-12,2026-06-30,1390.0,CE,1069500,-88000,2381,5.8
2026-06-12,2026-06-30,1390.0,PE,359500,-12000,28,94.45
2026-06-12,2026-06-30,1400.0,CE,10889000,-1024500,16448,4.95
2026-06-12,2026-06-30,1400.0,PE,1978500,-59500,838,103.45
2026-06-12,2026-06-30,1410.0,CE,1123500,118000,1783,4.05
2026-06-12,2026-06-30,1410.0,PE,111000,0,0,142.3
2026-06-12,2026-06-30,1420.0,CE,1449500,94500,1874,3.4
2026-06-12,2026-06-30,1420.0,PE,420500,0,3,133.0
2026-06-12,2026-06-30,1430.0,CE,798500,133000,1502,2.8
2026-06-12,2026-06-30,1430.0,PE,102000,0,0,164.3
2026-06-12,2026-06-30,1440.0,CE,1147000,-94000,2382,2.45
2026-06-12,2026-06-30,1440.0,PE,184500,-500,3,140.2
2026-06-12,2026-06-30,1450.0,CE,3052500,-218000,4803,2.1
2026-06-12,2026-06-30,1450.0,PE,916000,-8000,19,150.0
2026-06-12,2026-06-30,1460.0,CE,938500,-60000,1610,1.85
2026-06-12,2026-06-30,1460.0,PE,279500,1000,9,161.8
2026-06-12,2026-06-30,1470.0,CE,820500,-22500,851,1.5
2026-06-12,2026-06-30,1470.0,PE,61000,0,2,169.0
2026-06-12,2026-06-30,1480.0,CE,1006000,-27500,687,1.35
2026-06-12,2026-06-30,1480.0,PE,76500,0,0,194.0
2026-06-12,2026-06-30,1490.0,CE,775000,-16000,384,1.15
2026-06-12,2026-06-30,1490.0,PE,10000,0,0,120.0
2026-06-12,2026-06-30,1500.0,CE,5330000,-125000,4458,1.0
2026-06-12,2026-06-30,1500.0,PE,1588500,3000,47,198.25
2026-06-12,2026-06-30,1510.0,CE,506000,-26000,187,0.95
2026-06-12,2026-06-30,1510.0,PE,5000,0,0,146.0
2026-06-12,2026-06-30,1520.0,CE,711500,-12500,142,0.8
2026-06-12,2026-06-30,1520.0,PE,149000,500,2,217.0
2026-06-12,2026-06-30,1530.0,CE,385000,0,94,0.75
2026-06-12,2026-06-30,1530.0,PE,7500,0,0,233.95
2026-06-12,2026-06-30,1540.0,CE,479000,-17000,146,0.75
2026-06-12,2026-06-30,1540.0,PE,45500,0,0,260.0
2026-06-12,2026-06-30,1550.0,CE,587000,-128000,706,0.65
2026-06-12,2026-06-30,1550.0,PE,33000,0,0,243.0
2026-06-12,2026-06-30,1560.0,CE,845500,14500,470,0.55
2026-06-12,2026-06-30,1560.0,PE,724500,-7500,16,262.0
2026-06-12,2026-06-30,1570.0,CE,58500,4500,36,0.5
2026-06-12,2026-06-30,1570.0,PE,7000,0,0,197.0
2026-06-12,2026-06-30,1580.0,CE,82500,-6500,40,0.45
2026-06-12,2026-06-30,1580.0,PE,84000,0,0,254.0
2026-06-12,2026-06-30,1600.0,CE,946500,-96000,1153,0.4
2026-06-12,2026-06-30,1600.0,PE,433000,0,7,296.0
2026-06-12,2026-06-30,1620.0,CE,70500,-3500,28,0.3
2026-06-12,2026-06-30,1620.0,PE,35500,0,0,354.55
2026-06-12,2026-06-30,1640.0,CE,85500,0,26,0.3
2026-06-12,2026-06-30,1640.0,PE,2500,0,0,271.0
2026-06-12,2026-06-30,1660.0,CE,906000,-3500,131,0.3
2026-06-12,2026-06-30,1660.0,PE,1420500,-10000,29,362.9
2026-06-12,2026-07-28,1060.0,CE,0,0,0,345.05
2026-06-12,2026-07-28,1060.0,PE,10500,0,14,2.05
2026-06-12,2026-07-28,1080.0,CE,0,0,0,325.8
2026-06-12,2026-07-28,1080.0,PE,26000,26000,55,2.7
2026-06-12,2026-07-28,1100.0,CE,5500,0,0,178.7
2026-06-12,2026-07-28,1100.0,PE,109000,14000,120,2.55
2026-06-12,2026-07-28,1120.0,CE,4000,0,0,155.45
2026-06-12,2026-07-28,1120.0,PE,133000,13500,82,3.1
2026-06-12,2026-07-28,1140.0,CE,8000,0,0,138.25
2026-06-12,2026-07-28,1140.0,PE,31000,1500,36,4.4
2026-06-12,2026-07-28,1150.0,CE,0,0,0,221.5
2026-06-12,2026-07-28,1150.0,PE,61000,7000,129,5.1
2026-06-12,2026-07-28,1160.0,CE,1500,0,0,123.6
2026-06-12,2026-07-28,1160.0,PE,228500,-36500,281,5.65
2026-06-12,2026-07-28,1170.0,CE,0,0,0,203.2
2026-06-12,2026-07-28,1170.0,PE,18000,0,33,6.8
2026-06-12,2026-07-28,1180.0,CE,7000,0,0,106.95
2026-06-12,2026-07-28,1180.0,PE,174000,47000,149,7.8
2026-06-12,2026-07-28,1190.0,CE,0,0,0,185.35
2026-06-12,2026-07-28,1190.0,PE,31500,15000,48,9.15
2026-06-12,2026-07-28,1200.0,CE,91000,-13500,146,118.5
2026-06-12,2026-07-28,1200.0,PE,666000,33000,1012,10.3
2026-06-12,2026-07-28,1210.0,CE,0,0,0,168.1
2026-06-12,2026-07-28,1210.0,PE,38500,27000,84,12.15
2026-06-12,2026-07-28,1220.0,CE,0,0,0,198.55
2026-06-12,2026-07-28,1220.0,PE,111000,33000,205,14.05
2026-06-12,2026-07-28,1230.0,CE,0,0,0,151.5
2026-06-12,2026-07-28,1230.0,PE,81000,8000,64,15.85
2026-06-12,2026-07-28,1240.0,CE,17500,2000,27,85.6
2026-06-12,2026-07-28,1240.0,PE,79000,10000,116,18.5
2026-06-12,2026-07-28,1250.0,CE,101500,4500,123,78.85
2026-06-12,2026-07-28,1250.0,PE,280000,10500,239,21.4
2026-06-12,2026-07-28,1260.0,CE,75500,-2500,232,71.25
2026-06-12,2026-07-28,1260.0,PE,195500,-2500,136,24.4
2026-06-12,2026-07-28,1270.0,CE,115500,-7500,198,65.45
2026-06-12,2026-07-28,1270.0,PE,530000,500,82,28.2
2026-06-12,2026-07-28,1280.0,CE,170000,10000,522,60.0
2026-06-12,2026-07-28,1280.0,PE,126000,31000,134,31.9
2026-06-12,2026-07-28,1290.0,CE,52000,35500,151,54.4
2026-06-12,2026-07-28,1290.0,PE,5500,2000,6,42.5
2026-06-12,2026-07-28,1300.0,CE,1060000,-12000,2270,49.75
2026-06-12,2026-07-28,1300.0,PE,909000,8500,369,40.65
2026-06-12,2026-07-28,1310.0,CE,39000,-6000,55,44.95
2026-06-12,2026-07-28,1310.0,PE,10000,0,0,66.1
2026-06-12,2026-07-28,1320.0,CE,175000,5000,239,40.65
2026-06-12,2026-07-28,1320.0,PE,38000,500,11,52.55
2026-06-12,2026-07-28,1330.0,CE,52000,10000,91,36.6
2026-06-12,2026-07-28,1330.0,PE,6000,2500,8,59.0
2026-06-12,2026-07-28,1340.0,CE,146000,8000,110,33.05
2026-06-12,2026-07-28,1340.0,PE,82500,2500,32,64.15
2026-06-12,2026-07-28,1350.0,CE,423000,82000,717,29.25
2026-06-12,2026-07-28,1350.0,PE,75500,-500,38,70.6
2026-06-12,2026-07-28,1360.0,CE,147500,5000,189,26.0
2026-06-12,2026-07-28,1360.0,PE,59500,3000,6,94.85
2026-06-12,2026-07-28,1370.0,CE,62000,3500,37,23.05
2026-06-12,2026-07-28,1370.0,PE,5500,1000,2,108.0
2026-06-12,2026-07-28,1380.0,CE,120000,12000,61,20.5
2026-06-12,2026-07-28,1380.0,PE,2000,500,5,93.0
2026-06-12,2026-07-28,1390.0,CE,6500,0,7,19.0
2026-06-12,2026-07-28,1390.0,PE,0,0,0,70.8
2026-06-12,2026-07-28,1400.0,CE,1679000,-157000,2266,16.2
2026-06-12,2026-07-28,1400.0,PE,283500,1000,76,106.3
2026-06-12,2026-07-28,1410.0,CE,1000,500,1,14.0
2026-06-12,2026-07-28,1410.0,PE,500,0,0,139.0
2026-06-12,2026-07-28,1420.0,CE,96000,6000,51,12.55
2026-06-12,2026-07-28,1420.0,PE,10500,0,0,144.0
2026-06-12,2026-07-28,1430.0,CE,36000,500,8,10.0
2026-06-12,2026-07-28,1430.0,PE,1000,0,0,160.75
2026-06-12,2026-07-28,1440.0,CE,98000,2000,32,10.5
2026-06-12,2026-07-28,1440.0,PE,5000,0,0,140.5
2026-06-12,2026-07-28,1450.0,CE,175000,-4000,183,9.05
2026-06-12,2026-07-28,1450.0,PE,30500,-500,5,160.0
2026-06-12,2026-07-28,1460.0,CE,182500,3000,60,7.95
2026-06-12,2026-07-28,1460.0,PE,500,0,0,101.0
2026-06-12,2026-07-28,1470.0,CE,500,500,1,5.0
2026-06-12,2026-07-28,1470.0,PE,2000,1000,2,159.0
2026-06-12,2026-07-28,1480.0,CE,12500,-14500,51,6.5
2026-06-12,2026-07-28,1480.0,PE,2000,0,0,185.0
2026-06-12,2026-07-28,1500.0,CE,1037500,52500,358,5.3
2026-06-12,2026-07-28,1500.0,PE,30500,0,1,193.0
2026-06-12,2026-07-28,1520.0,CE,116000,3000,48,4.15
2026-06-12,2026-07-28,1520.0,PE,0,0,0,143.1
2026-06-12,2026-07-28,1540.0,CE,35500,0,0,3.4
2026-06-12,2026-07-28,1540.0,PE,10000,0,0,260.0
2026-06-12,2026-07-28,1560.0,CE,0,0,0,2.5
2026-06-12,2026-07-28,1560.0,PE,7500,7500,15,253.0
2026-06-12,2026-07-28,1600.0,CE,399500,29500,238,2.0
2026-06-12,2026-07-28,1600.0,PE,6500,0,0,278.75
2026-06-12,2026-07-28,1680.0,CE,75000,0,0,1.0
2026-06-12,2026-07-28,1680.0,PE,112000,6500,20,393.0
2026-06-12,2026-08-25,1040.0,CE,0,0,0,332.7
2026-06-12,2026-08-25,1040.0,PE,0,0,0,1.05
2026-06-12,2026-08-25,1080.0,CE,0,0,0,294.5
2026-06-12,2026-08-25,1080.0,PE,2000,0,0,5.0
2026-06-12,2026-08-25,1120.0,CE,3000,0,0,170.0
2026-06-12,2026-08-25,1120.0,PE,27000,-3000,9,5.95
2026-06-12,2026-08-25,1140.0,CE,0,0,0,239.1
2026-06-12,2026-08-25,1140.0,PE,0,0,0,5.95
2026-06-12,2026-08-25,1160.0,CE,0,0,0,221.35
2026-06-12,2026-08-25,1160.0,PE,82500,-2000,25,8.65
2026-06-12,2026-08-25,1180.0,CE,0,0,0,204.15
2026-06-12,2026-08-25,1180.0,PE,1000,0,0,16.0
2026-06-12,2026-08-25,1200.0,CE,500,0,0,164.0
2026-06-12,2026-08-25,1200.0,PE,70500,6000,45,15.35
2026-06-12,2026-08-25,1220.0,CE,0,0,0,171.4
2026-06-12,2026-08-25,1220.0,PE,500,500,1,15.0
2026-06-12,2026-08-25,1240.0,CE,0,0,0,156.0
2026-06-12,2026-08-25,1240.0,PE,3000,500,1,20.0
2026-06-12,2026-08-25,1260.0,CE,0,0,0,141.35
2026-06-12,2026-08-25,1260.0,PE,4000,0,0,39.0
2026-06-12,2026-08-25,1280.0,CE,0,0,0,127.45
2026-06-12,2026-08-25,1280.0,PE,500,0,0,39.0
2026-06-12,2026-08-25,1300.0,CE,212500,12000,153,63.45
2026-06-12,2026-08-25,1300.0,PE,120500,5500,55,46.7
2026-06-12,2026-08-25,1320.0,CE,0,0,0,102.15
2026-06-12,2026-08-25,1320.0,PE,0,0,0,46.35
2026-06-12,2026-08-25,1340.0,CE,0,0,0,90.8
2026-06-12,2026-08-25,1340.0,PE,0,0,0,54.75
2026-06-12,2026-08-25,1360.0,CE,0,0,0,80.35
2026-06-12,2026-08-25,1360.0,PE,0,0,0,63.95
2026-06-12,2026-08-25,1380.0,CE,0,0,0,70.75
2026-06-12,2026-08-25,1380.0,PE,1000,0,0,100.0
2026-06-12,2026-08-25,1400.0,CE,289500,1000,72,26.65
2026-06-12,2026-08-25,1400.0,PE,0,0,0,85.0
2026-06-12,2026-08-25,1420.0,CE,3000,1000,2,19.0
2026-06-12,2026-08-25,1420.0,PE,0,0,0,96.75
2026-06-12,2026-08-25,1440.0,CE,0,0,0,46.9
2026-06-12,2026-08-25,1440.0,PE,0,0,0,109.3
2026-06-12,2026-08-25,1460.0,CE,0,0,0,40.5
2026-06-12,2026-08-25,1460.0,PE,0,0,0,122.6
2026-06-12,2026-08-25,1480.0,CE,4000,0,0,14.35
2026-06-12,2026-08-25,1480.0,PE,0,0,0,136.65
2026-06-12,2026-08-25,1520.0,CE,66000,9000,45,9.4
2026-06-12,2026-08-25,1520.0,PE,0,0,0,166.65
2026-06-12,2026-08-25,1560.0,CE,2000,500,2,7.1
2026-06-12,2026-08-25,1560.0,PE,0,0,0,198.85
2026-06-15,2026-06-30,1060.0,CE,0,0,0,304.2
2026-06-15,2026-06-30,1060.0,PE,0,0,0,1.35
2026-06-15,2026-06-30,1080.0,CE,0,0,0,285.2
2026-06-15,2026-06-30,1080.0,PE,44500,-8500,33,0.4
2026-06-15,2026-06-30,1100.0,CE,2500,0,0,200.0
2026-06-15,2026-06-30,1100.0,PE,262000,-71000,522,0.5
2026-06-15,2026-06-30,1120.0,CE,801000,-4000,15,193.0
2026-06-15,2026-06-30,1120.0,PE,810000,-128000,585,0.65
2026-06-15,2026-06-30,1140.0,CE,13000,0,7,181.9
2026-06-15,2026-06-30,1140.0,PE,422000,-73500,604,0.75
2026-06-15,2026-06-30,1150.0,CE,0,0,0,252.35
2026-06-15,2026-06-30,1150.0,PE,180000,-58500,669,0.85
2026-06-15,2026-06-30,1160.0,CE,21000,0,0,124.65
2026-06-15,2026-06-30,1160.0,PE,734000,-128000,1033,1.05
2026-06-15,2026-06-30,1170.0,CE,0,0,0,233.5
2026-06-15,2026-06-30,1170.0,PE,356000,-70000,534,1.35
2026-06-15,2026-06-30,1180.0,CE,151500,-4500,57,136.0
2026-06-15,2026-06-30,1180.0,PE,747000,-180500,1498,1.6
2026-06-15,2026-06-30,1190.0,CE,149500,0,5,123.05
2026-06-15,2026-06-30,1190.0,PE,319500,48000,898,2.05
2026-06-15,2026-06-30,1200.0,CE,440000,15000,478,114.2
2026-06-15,2026-06-30,1200.0,PE,2808500,-163500,5774,2.5
2026-06-15,2026-06-30,1210.0,CE,207500,12500,68,105.2
2026-06-15,2026-06-30,1210.0,PE,474500,-215500,1473,3.0
2026-06-15,2026-06-30,1220.0,CE,288000,11000,126,95.95
2026-06-15,2026-06-30,1220.0,PE,1065000,-43000,2561,3.7
2026-06-15,2026-06-30,1230.0,CE,167500,500,100,86.75
2026-06-15,2026-06-30,1230.0,PE,1514500,40000,2941,4.65
2026-06-15,2026-06-30,1240.0,CE,400500,-28000,291,77.8
2026-06-15,2026-06-30,1240.0,PE,1230500,-114000,4770,5.95
2026-06-15,2026-06-30,1250.0,CE,920500,-32500,635,69.15
2026-06-15,2026-06-30,1250.0,PE,2142500,-16500,6528,7.55
2026-06-15,2026-06-30,1260.0,CE,1101500,-224500,1694,61.05
2026-06-15,2026-06-30,1260.0,PE,2075500,102000,8485,9.55
2026-06-15,2026-06-30,1270.0,CE,1311000,-161000,2935,54.05
2026-06-15,2026-06-30,1270.0,PE,2718500,-119000,7906,12.05
2026-06-15,2026-06-30,1280.0,CE,2306000,-186000,5081,46.85
2026-06-15,2026-06-30,1280.0,PE,2264000,-221000,9969,15.15
2026-06-15,2026-06-30,1290.0,CE,2888500,-304500,3819,40.7
2026-06-15,2026-06-30,1290.0,PE,1412500,93000,5973,18.7
2026-06-15,2026-06-30,1300.0,CE,7184500,-1302500,22298,34.8
2026-06-15,2026-06-30,1300.0,PE,3912500,-120500,14802,22.9
2026-06-15,2026-06-30,1310.0,CE,1669500,-25500,13748,29.55
2026-06-15,2026-06-30,1310.0,PE,1220000,374000,8878,27.8
2026-06-15,2026-06-30,1320.0,CE,5176000,963000,22852,25.2
2026-06-15,2026-06-30,1320.0,PE,1725500,501000,8348,33.25
2026-06-15,2026-06-30,1330.0,CE,2703000,179500,11324,21.2
2026-06-15,2026-06-30,1330.0,PE,1176500,144000,2757,39.5
2026-06-15,2026-06-30,1340.0,CE,2535500,-55500,10912,17.65
2026-06-15,2026-06-30,1340.0,PE,1219500,-17000,1750,46.0
2026-06-15,2026-06-30,1350.0,CE,10390000,2812500,25528,14.8
2026-06-15,2026-06-30,1350.0,PE,2896500,239500,1709,53.25
2026-06-15,2026-06-30,1360.0,CE,4563000,-165000,10970,12.2
2026-06-15,2026-06-30,1360.0,PE,2633500,12000,422,60.25
2026-06-15,2026-06-30,1370.0,CE,3587500,250000,7903,10.0
2026-06-15,2026-06-30,1370.0,PE,2119000,-8000,229,67.8
2026-06-15,2026-06-30,1380.0,CE,4093500,157000,8951,8.2
2026-06-15,2026-06-30,1380.0,PE,1174000,-6500,228,75.85
2026-06-15,2026-06-30,1390.0,CE,1162500,93000,3716,6.75
2026-06-15,2026-06-30,1390.0,PE,404000,44500,249,84.5
2026-06-15,2026-06-30,1400.0,CE,10688500,-200500,14884,5.6
2026-06-15,2026-06-30,1400.0,PE,2069000,90500,532,92.85
2026-06-15,2026-06-30,1410.0,CE,1107000,-16500,3759,4.4
2026-06-15,2026-06-30,1410.0,PE,111000,0,0,142.3
2026-06-15,2026-06-30,1420.0,CE,1357500,-92000,2985,3.5
2026-06-15,2026-06-30,1420.0,PE,421500,1000,20,109.95
2026-06-15,2026-06-30,1430.0,CE,872000,73500,1213,2.75
2026-06-15,2026-06-30,1430.0,PE,184500,82500,167,119.9
2026-06-15,2026-06-30,1440.0,CE,1314500,167500,2524,2.2
2026-06-15,2026-06-30,1440.0,PE,185000,500,9,129.45
2026-06-15,2026-06-30,1450.0,CE,5301000,2248500,15576,1.65
2026-06-15,2026-06-30,1450.0,PE,924500,8500,24,138.0
2026-06-15,2026-06-30,1460.0,CE,1083500,145000,2289,1.5
2026-06-15,2026-06-30,1460.0,PE,279500,0,1,146.0
2026-06-15,2026-06-30,1470.0,CE,829500,9000,1078,1.3
2026-06-15,2026-06-30,1470.0,PE,61000,0,0,169.0
2026-06-15,2026-06-30,1480.0,CE,935500,-70500,1545,1.15
2026-06-15,2026-06-30,1480.0,PE,75500,-1000,5,165.0
2026-06-15,2026-06-30,1490.0,CE,736000,-39000,736,0.9
2026-06-15,2026-06-30,1490.0,PE,10000,0,0,120.0
2026-06-15,2026-06-30,1500.0,CE,5315000,-15000,6498,0.85
2026-06-15,2026-06-30,1500.0,PE,1593500,5000,46,188.25
2026-06-15,2026-06-30,1510.0,CE,487500,-18500,733,0.7
2026-06-15,2026-06-30,1510.0,PE,5000,0,0,146.0
2026-06-15,2026-06-30,1520.0,CE,687000,-24500,589,0.65
2026-06-15,2026-06-30,1520.0,PE,149000,0,0,217.0
2026-06-15,2026-06-30,1530.0,CE,399000,14000,292,0.6
2026-06-15,2026-06-30,1530.0,PE,7500,0,0,233.95
2026-06-15,2026-06-30,1540.0,CE,429000,-50000,360,0.55
2026-06-15,2026-06-30,1540.0,PE,45000,-500,1,218.0
2026-06-15,2026-06-30,1550.0,CE,546000,-41000,753,0.45
2026-06-15,2026-06-30,1550.0,PE,32500,-500,1,232.0
2026-06-15,2026-06-30,1560.0,CE,757500,-88000,599,0.45
2026-06-15,2026-06-30,1560.0,PE,667500,-57000,173,245.7
2026-06-15,2026-06-30,1570.0,CE,48500,-10000,25,0.45
2026-06-15,2026-06-30,1570.0,PE,7000,0,0,197.0
2026-06-15,2026-06-30,1580.0,CE,67000,-15500,88,0.4
2026-06-15,2026-06-30,1580.0,PE,88500,4500,20,264.8
2026-06-15,2026-06-30,1600.0,CE,936500,-10000,373,0.4
2026-06-15,2026-06-30,1600.0,PE,431500,-1500,8,284.5
2026-06-15,2026-06-30,1620.0,CE,67500,-3000,11,0.4
2026-06-15,2026-06-30,1620.0,PE,35500,0,0,354.55
2026-06-15,2026-06-30,1640.0,CE,85500,0,2,0.4
2026-06-15,2026-06-30,1640.0,PE,2500,0,0,271.0
2026-06-15,2026-06-30,1660.0,CE,904500,-1500,131,0.3
2026-06-15,2026-06-30,1660.0,PE,1412500,-8000,466,346.9
2026-06-15,2026-07-28,1060.0,CE,0,0,0,345.05
2026-06-15,2026-07-28,1060.0,PE,10500,0,0,2.05
2026-06-15,2026-07-28,1080.0,CE,0,0,0,325.8
2026-06-15,2026-07-28,1080.0,PE,26000,0,0,2.7
2026-06-15,2026-07-28,1100.0,CE,5000,-500,4,224.0
2026-06-15,2026-07-28,1100.0,PE,128000,19000,126,1.9
2026-06-15,2026-07-28,1120.0,CE,4000,0,0,155.45
2026-06-15,2026-07-28,1120.0,PE,136500,3500,54,2.3
2026-06-15,2026-07-28,1140.0,CE,8000,0,0,138.25
2026-06-15,2026-07-28,1140.0,PE,27500,-3500,14,2.8
2026-06-15,2026-07-28,1150.0,CE,0,0,0,221.5
2026-06-15,2026-07-28,1150.0,PE,35500,-25500,74,3.45
2026-06-15,2026-07-28,1160.0,CE,1500,0,0,123.6
2026-06-15,2026-07-28,1160.0,PE,161500,-67000,302,3.9
2026-06-15,2026-07-28,1170.0,CE,0,0,0,203.2
2026-06-15,2026-07-28,1170.0,PE,7000,-11000,49,4.55
2026-06-15,2026-07-28,1180.0,CE,7000,0,0,106.95
2026-06-15,2026-07-28,1180.0,PE,175000,1000,171,5.4
2026-06-15,2026-07-28,1190.0,CE,0,0,0,185.35
2026-06-15,2026-07-28,1190.0,PE,39000,7500,53,6.45
2026-06-15,2026-07-28,1200.0,CE,64000,-27000,137,127.0
2026-06-15,2026-07-28,1200.0,PE,649500,-16500,629,7.55
2026-06-15,2026-07-28,1210.0,CE,0,0,0,168.1
2026-06-15,2026-07-28,1210.0,PE,95000,56500,158,8.85
2026-06-15,2026-07-28,1220.0,CE,0,0,0,198.55
2026-06-15,2026-07-28,1220.0,PE,216500,105500,374,10.25
2026-06-15,2026-07-28,1230.0,CE,0,0,0,151.5
2026-06-15,2026-07-28,1230.0,PE,91000,10000,105,12.3
2026-06-15,2026-07-28,1240.0,CE,18500,1000,10,96.0
2026-06-15,2026-07-28,1240.0,PE,157500,78500,347,14.15
2026-06-15,2026-07-28,1250.0,CE,107000,5500,64,87.0
2026-06-15,2026-07-28,1250.0,PE,380000,100000,597,16.6
2026-06-15,2026-07-28,1260.0,CE,87500,12000,99,80.1
2026-06-15,2026-07-28,1260.0,PE,232000,36500,249,19.05
2026-06-15,2026-07-28,1270.0,CE,115500,0,32,72.65
2026-06-15,2026-07-28,1270.0,PE,530500,500,141,22.55
2026-06-15,2026-07-28,1280.0,CE,148000,-22000,219,66.95
2026-06-15,2026-07-28,1280.0,PE,153500,27500,229,25.95
2026-06-15,2026-07-28,1290.0,CE,23500,-28500,101,59.55
2026-06-15,2026-07-28,1290.0,PE,10000,4500,15,30.4
2026-06-15,2026-07-28,1300.0,CE,1064500,4500,1804,55.1
2026-06-15,2026-07-28,1300.0,PE,990500,81500,687,34.45
2026-06-15,2026-07-28,1310.0,CE,62000,23000,142,50.0
2026-06-15,2026-07-28,1310.0,PE,16000,6000,26,39.6
2026-06-15,2026-07-28,1320.0,CE,234500,59500,427,45.0
2026-06-15,2026-07-28,1320.0,PE,74000,36000,145,44.65
2026-06-15,2026-07-28,1330.0,CE,60500,8500,79,40.8
2026-06-15,2026-07-28,1330.0,PE,7000,1000,5,50.0
2026-06-15,2026-07-28,1340.0,CE,182500,36500,232,36.15
2026-06-15,2026-07-28,1340.0,PE,56000,-26500,75,54.0
2026-06-15,2026-07-28,1350.0,CE,554000,131000,819,33.35
2026-06-15,2026-07-28,1350.0,PE,84500,9000,103,64.0
2026-06-15,2026-07-28,1360.0,CE,153500,6000,179,29.25
2026-06-15,2026-07-28,1360.0,PE,59500,0,13,67.85
2026-06-15,2026-07-28,1370.0,CE,59500,-2500,49,26.65
2026-06-15,2026-07-28,1370.0,PE,5500,0,1,74.25
2026-06-15,2026-07-28,1380.0,CE,141000,21000,232,23.4
2026-06-15,2026-07-28,1380.0,PE,12000,10000,20,79.95
2026-06-15,2026-07-28,1390.0,CE,11500,5000,31,20.75
2026-06-15,2026-07-28,1390.0,PE,0,0,0,70.8
2026-06-15,2026-07-28,1400.0,CE,1984000,305000,4011,18.45
2026-06-15,2026-07-28,1400.0,PE,291500,8000,110,96.85
2026-06-15,2026-07-28,1410.0,CE,2000,1000,3,17.3
2026-06-15,2026-07-28,1410.0,PE,500,0,0,139.0
2026-06-15,2026-07-28,1420.0,CE,127000,31000,266,14.5
2026-06-15,2026-07-28,1420.0,PE,10500,0,5,106.65
2026-06-15,2026-07-28,1430.0,CE,71500,35500,258,12.9
2026-06-15,2026-07-28,1430.0,PE,1000,0,1,120.0
2026-06-15,2026-07-28,1440.0,CE,108500,10500,80,11.3
2026-06-15,2026-07-28,1440.0,PE,5000,0,0,140.5
2026-06-15,2026-07-28,1450.0,CE,297000,122000,597,10.0
2026-06-15,2026-07-28,1450.0,PE,30500,0,0,160.0
2026-06-15,2026-07-28,1460.0,CE,191500,9000,79,8.6
2026-06-15,2026-07-28,1460.0,PE,1000,500,1,142.0
2026-06-15,2026-07-28,1470.0,CE,10500,10000,79,8.0
2026-06-15,2026-07-28,1470.0,PE,2500,500,1,150.0
2026-06-15,2026-07-28,1480.0,CE,17000,4500,35,7.15
2026-06-15,2026-07-28,1480.0,PE,2000,0,2,160.0
2026-06-15,2026-07-28,1500.0,CE,1206000,168500,1356,5.8
2026-06-15,2026-07-28,1500.0,PE,43500,13000,52,184.0
2026-06-15,2026-07-28,1520.0,CE,116000,0,74,4.65
2026-06-15,2026-07-28,1520.0,PE,0,0,0,143.1
2026-06-15,2026-07-28,1540.0,CE,36500,1000,33,3.8
2026-06-15,2026-07-28,1540.0,PE,10000,0,1,220.0
2026-06-15,2026-07-28,1560.0,CE,0,0,0,2.5
2026-06-15,2026-07-28,1560.0,PE,24000,16500,35,238.0
2026-06-15,2026-07-28,1600.0,CE,486500,87000,282,2.15
2026-06-15,2026-07-28,1600.0,PE,27500,21000,46,277.0
2026-06-15,2026-07-28,1680.0,CE,75500,500,8,0.95
2026-06-15,2026-07-28,1680.0,PE,122000,10000,20,345.0
2026-06-15,2026-08-25,1040.0,CE,0,0,0,332.7
2026-06-15,2026-08-25,1040.0,PE,0,0,0,1.05
2026-06-15,2026-08-25,1080.0,CE,0,0,0,294.5
2026-06-15,2026-08-25,1080.0,PE,2000,0,0,5.0
2026-06-15,2026-08-25,1120.0,CE,3000,0,0,170.0
2026-06-15,2026-08-25,1120.0,PE,29500,2500,6,4.5
2026-06-15,2026-08-25,1140.0,CE,0,0,0,239.1
2026-06-15,2026-08-25,1140.0,PE,0,0,0,5.95
2026-06-15,2026-08-25,1160.0,CE,0,0,0,221.35
2026-06-15,2026-08-25,1160.0,PE,58000,-24500,72,6.5
2026-06-15,2026-08-25,1180.0,CE,0,0,0,204.15
2026-06-15,2026-08-25,1180.0,PE,1000,0,0,16.0
2026-06-15,2026-08-25,1200.0,CE,500,0,0,164.0
2026-06-15,2026-08-25,1200.0,PE,72500,2000,44,11.8
2026-06-15,2026-08-25,1220.0,CE,0,0,0,171.4
2026-06-15,2026-08-25,1220.0,PE,1000,500,1,13.0
2026-06-15,2026-08-25,1240.0,CE,0,0,0,156.0
2026-06-15,2026-08-25,1240.0,PE,3000,0,1,20.0
2026-06-15,2026-08-25,1260.0,CE,0,0,0,141.35
2026-06-15,2026-08-25,1260.0,PE,5000,1000,2,23.0
2026-06-15,2026-08-25,1280.0,CE,0,0,0,127.45
2026-06-15,2026-08-25,1280.0,PE,1000,500,1,39.0
2026-06-15,2026-08-25,1300.0,CE,227500,15000,204,68.2
2026-06-15,2026-08-25,1300.0,PE,130000,9500,109,40.3
2026-06-15,2026-08-25,1320.0,CE,0,0,0,102.15
2026-06-15,2026-08-25,1320.0,PE,0,0,0,46.35
2026-06-15,2026-08-25,1340.0,CE,0,0,0,90.8
2026-06-15,2026-08-25,1340.0,PE,0,0,0,54.75
2026-06-15,2026-08-25,1360.0,CE,0,0,0,80.35
2026-06-15,2026-08-25,1360.0,PE,500,500,1,63.95
2026-06-15,2026-08-25,1380.0,CE,0,0,0,70.75
2026-06-15,2026-08-25,1380.0,PE,1000,0,0,100.0
2026-06-15,2026-08-25,1400.0,CE,300000,10500,150,29.5
2026-06-15,2026-08-25,1400.0,PE,0,0,0,85.0
2026-06-15,2026-08-25,1420.0,CE,3000,0,0,19.0
2026-06-15,2026-08-25,1420.0,PE,0,0,0,96.75
2026-06-15,2026-08-25,1440.0,CE,0,0,0,46.9
2026-06-15,2026-08-25,1440.0,PE,0,0,0,109.3
2026-06-15,2026-08-25,1460.0,CE,0,0,0,40.5
2026-06-15,2026-08-25,1460.0,PE,0,0,0,122.6
2026-06-15,2026-08-25,1480.0,CE,4000,0,0,14.35
2026-06-15,2026-08-25,1480.0,PE,0,0,0,136.65
2026-06-15,2026-08-25,1520.0,CE,71000,5000,15,8.6
2026-06-15,2026-08-25,1520.0,PE,0,0,0,166.65
2026-06-15,2026-08-25,1560.0,CE,9000,7000,14,6.25
2026-06-15,2026-08-25,1560.0,PE,0,0,0,198.85
2026-06-16,2026-06-30,1060.0,CE,0,0,0,304.2
2026-06-16,2026-06-30,1060.0,PE,0,0,0,1.35
2026-06-16,2026-06-30,1080.0,CE,0,0,0,285.2
2026-06-16,2026-06-30,1080.0,PE,29000,-15500,65,0.25
2026-06-16,2026-06-30,1100.0,CE,2500,0,0,200.0
2026-06-16,2026-06-30,1100.0,PE,358500,96500,568,0.45
2026-06-16,2026-06-30,1120.0,CE,801500,500,1,193.0
2026-06-16,2026-06-30,1120.0,PE,863000,53000,596,0.55
2026-06-16,2026-06-30,1140.0,CE,13000,0,0,181.9
2026-06-16,2026-06-30,1140.0,PE,380500,-41500,635,0.7
2026-06-16,2026-06-30,1150.0,CE,0,0,0,252.35
2026-06-16,2026-06-30,1150.0,PE,207000,27000,410,0.75
2026-06-16,2026-06-30,1160.0,CE,21000,0,0,124.65
2026-06-16,2026-06-30,1160.0,PE,698500,-35500,931,0.85
2026-06-16,2026-06-30,1170.0,CE,0,0,0,233.5
2026-06-16,2026-06-30,1170.0,PE,431000,75000,601,0.85
2026-06-16,2026-06-30,1180.0,CE,150000,-1500,5,155.35
2026-06-16,2026-06-30,1180.0,PE,696000,-51000,939,0.9
2026-06-16,2026-06-30,1190.0,CE,149500,0,0,123.05
2026-06-16,2026-06-30,1190.0,PE,259000,-60500,317,1.1
2026-06-16,2026-06-30,1200.0,CE,431500,-8500,287,130.2
2026-06-16,2026-06-30,1200.0,PE,2256500,-552000,4374,1.2
2026-06-16,2026-06-30,1210.0,CE,205500,-2000,90,119.85
2026-06-16,2026-06-30,1210.0,PE,353000,-121500,651,1.45
2026-06-16,2026-06-30,1220.0,CE,331000,43000,200,113.9
2026-06-16,2026-06-30,1220.0,PE,862500,-202500,1864,1.7
2026-06-16,2026-06-30,1230.0,CE,185500,18000,89,101.95
2026-06-16,2026-06-30,1230.0,PE,1407500,-107000,2231,2.1
2026-06-16,2026-06-30,1240.0,CE,170000,-230500,887,93.35
2026-06-16,2026-06-30,1240.0,PE,1101000,-129500,3335,2.75
2026-06-16,2026-06-30,1250.0,CE,777000,-143500,1373,82.75
2026-06-16,2026-06-30,1250.0,PE,2131500,-11000,6864,3.5
2026-06-16,2026-06-30,1260.0,CE,938000,-163500,1531,74.2
2026-06-16,2026-06-30,1260.0,PE,2200000,124500,6142,4.55
2026-06-16,2026-06-30,1270.0,CE,1050500,-260500,1866,66.35
2026-06-16,2026-06-30,1270.0,PE,2747000,28500,6136,5.95
2026-06-16,2026-06-30,1280.0,CE,2286500,-19500,2519,59.0
2026-06-16,2026-06-30,1280.0,PE,2540000,276000,7714,7.75
2026-06-16,2026-06-30,1290.0,CE,1186500,-1702000,6588,50.0
2026-06-16,2026-06-30,1290.0,PE,1395000,-17500,7153,10.0
2026-06-16,2026-06-30,1300.0,CE,5614500,-1570000,14786,43.2
2026-06-16,2026-06-30,1300.0,PE,3937000,24500,14287,13.15
2026-06-16,2026-06-30,1310.0,CE,1210500,-459000,8246,37.3
2026-06-16,2026-06-30,1310.0,PE,1486000,266000,6933,16.8
2026-06-16,2026-06-30,1320.0,CE,4659000,-517000,21125,31.35
2026-06-16,2026-06-30,1320.0,PE,2583000,857500,11396,21.2
2026-06-16,2026-06-30,1330.0,CE,3953500,1250500,23386,26.85
2026-06-16,2026-06-30,1330.0,PE,1861000,684500,9591,26.15
2026-06-16,2026-06-30,1340.0,CE,3239500,704000,15849,22.55
2026-06-16,2026-06-30,1340.0,PE,1525500,306000,4313,31.8
2026-06-16,2026-06-30,1350.0,CE,11111500,721500,22076,18.65
2026-06-16,2026-06-30,1350.0,PE,3107000,210500,2537,38.6
2026-06-16,2026-06-30,1360.0,CE,4304500,-258500,14307,15.3
2026-06-16,2026-06-30,1360.0,PE,2309500,-324000,2363,45.1
2026-06-16,2026-06-30,1370.0,CE,3189000,-398500,10448,12.4
2026-06-16,2026-06-30,1370.0,PE,1847000,-272000,1042,52.7
2026-06-16,2026-06-30,1380.0,CE,4069000,-24500,11864,10.2
2026-06-16,2026-06-30,1380.0,PE,1060000,-114000,558,59.65
2026-06-16,2026-06-30,1390.0,CE,1173500,11000,8029,8.35
2026-06-16,2026-06-30,1390.0,PE,409500,5500,103,66.4
2026-06-16,2026-06-30,1400.0,CE,10354000,-334500,18234,6.5
2026-06-16,2026-06-30,1400.0,PE,2128000,59000,553,76.45
2026-06-16,2026-06-30,1410.0,CE,1218500,111500,2510,5.0
2026-06-16,2026-06-30,1410.0,PE,110000,-1000,8,83.85
2026-06-16,2026-06-30,1420.0,CE,1261500,-96000,3638,3.9
2026-06-16,2026-06-30,1420.0,PE,413500,-8000,201,91.85
2026-06-16,2026-06-30,1430.0,CE,902500,30500,1696,3.0
2026-06-16,2026-06-30,1430.0,PE,197000,12500,38,100.65
2026-06-16,2026-06-30,1440.0,CE,1451500,137000,2625,2.25
2026-06-16,2026-06-30,1440.0,PE,192500,7500,82,109.0
2026-06-16,2026-06-30,1450.0,CE,5619000,318000,6622,1.75
2026-06-16,2026-06-30,1450.0,PE,924500,0,21,124.0
2026-06-16,2026-06-30,1460.0,CE,1254500,171000,1488,1.5
2026-06-16,2026-06-30,1460.0,PE,282500,3000,10,127.0
2026-06-16,2026-06-30,1470.0,CE,815500,-14000,726,1.25
2026-06-16,2026-06-30,1470.0,PE,60500,-500,1,138.5
2026-06-16,2026-06-30,1480.0,CE,1028000,92500,1016,1.1
2026-06-16,2026-06-30,1480.0,PE,75500,0,14,149.05
2026-06-16,2026-06-30,1490.0,CE,731000,-5000,347,0.8
2026-06-16,2026-06-30,1490.0,PE,10000,0,0,120.0
2026-06-16,2026-06-30,1500.0,CE,5132000,-183000,3360,0.8
2026-06-16,2026-06-30,1500.0,PE,1578000,-15500,76,167.0
2026-06-16,2026-06-30,1510.0,CE,475500,-12000,257,0.7
2026-06-16,2026-06-30,1510.0,PE,5000,0,2,176.0
2026-06-16,2026-06-30,1520.0,CE,677500,-9500,268,0.65
2026-06-16,2026-06-30,1520.0,PE,149500,500,6,185.0
2026-06-16,2026-06-30,1530.0,CE,386000,-13000,173,0.6
2026-06-16,2026-06-30,1530.0,PE,7500,0,0,233.95
2026-06-16,2026-06-30,1540.0,CE,422500,-6500,98,0.6
2026-06-16,2026-06-30,1540.0,PE,43500,-1500,3,205.8
2026-06-16,2026-06-30,1550.0,CE,520000,-26000,502,0.5
2026-06-16,2026-06-30,1550.0,PE,32000,-500,1,218.0
2026-06-16,2026-06-30,1560.0,CE,644000,-113500,494,0.45
2026-06-16,2026-06-30,1560.0,PE,667500,0,0,245.7
2026-06-16,2026-06-30,1570.0,CE,50000,1500,9,0.4
2026-06-16,2026-06-30,1570.0,PE,7000,0,0,197.0
2026-06-16,2026-06-30,1580.0,CE,65500,-1500,8,0.45
2026-06-16,2026-06-30,1580.0,PE,93500,5000,10,245.0
2026-06-16,2026-06-30,1600.0,CE,923000,-13500,327,0.35
2026-06-16,2026-06-30,1600.0,PE,424000,-7500,42,268.0
2026-06-16,2026-06-30,1620.0,CE,67000,-500,3,0.35
2026-06-16,2026-06-30,1620.0,PE,35500,0,0,354.55
2026-06-16,2026-06-30,1640.0,CE,85000,-500,2,0.25
2026-06-16,2026-06-30,1640.0,PE,2500,0,0,271.0
2026-06-16,2026-06-30,1660.0,CE,910500,6000,43,0.3
2026-06-16,2026-06-30,1660.0,PE,1392000,-20500,43,324.0
2026-06-16,2026-07-28,1060.0,CE,0,0,0,345.05
2026-06-16,2026-07-28,1060.0,PE,12000,1500,38,1.05
2026-06-16,2026-07-28,1080.0,CE,0,0,0,325.8
2026-06-16,2026-07-28,1080.0,PE,25500,-500,3,1.2
2026-06-16,2026-07-28,1100.0,CE,5000,0,0,224.0
2026-06-16,2026-07-28,1100.0,PE,107500,-20500,77,1.2
2026-06-16,2026-07-28,1120.0,CE,4000,0,0,155.45
2026-06-16,2026-07-28,1120.0,PE,120500,-16000,59,1.4
2026-06-16,2026-07-28,1140.0,CE,8000,0,0,138.25
2026-06-16,2026-07-28,1140.0,PE,27500,0,0,2.8
2026-06-16,2026-07-28,1150.0,CE,0,0,0,221.5
2026-06-16,2026-07-28,1150.0,PE,32000,-3500,35,2.2
2026-06-16,2026-07-28,1160.0,CE,1500,0,0,123.6
2026-06-16,2026-07-28,1160.0,PE,121000,-40500,160,2.55
2026-06-16,2026-07-28,1170.0,CE,0,0,0,203.2
2026-06-16,2026-07-28,1170.0,PE,5000,-2000,7,3.0
2026-06-16,2026-07-28,1180.0,CE,7000,0,0,106.95
2026-06-16,2026-07-28,1180.0,PE,121000,-54000,235,3.3
2026-06-16,2026-07-28,1190.0,CE,0,0,0,185.35
2026-06-16,2026-07-28,1190.0,PE,24000,-15000,64,3.9
2026-06-16,2026-07-28,1200.0,CE,53500,-10500,52,142.35
2026-06-16,2026-07-28,1200.0,PE,548000,-101500,1327,4.65
2026-06-16,2026-07-28,1210.0,CE,0,0,0,168.1
2026-06-16,2026-07-28,1210.0,PE,96000,1000,95,5.45
2026-06-16,2026-07-28,1220.0,CE,0,0,0,198.55
2026-06-16,2026-07-28,1220.0,PE,240000,23500,221,6.35
2026-06-16,2026-07-28,1230.0,CE,0,0,0,151.5
2026-06-16,2026-07-28,1230.0,PE,106000,15000,125,7.75
2026-06-16,2026-07-28,1240.0,CE,18500,0,4,111.0
2026-06-16,2026-07-28,1240.0,PE,154500,-3000,212,9.15
2026-06-16,2026-07-28,1250.0,CE,123500,16500,114,99.35
2026-06-16,2026-07-28,1250.0,PE,449000,69000,468,10.7
2026-06-16,2026-07-28,1260.0,CE,91000,3500,36,90.0
2026-06-16,2026-07-28,1260.0,PE,269000,37000,208,12.6
2026-06-16,2026-07-28,1270.0,CE,111000,-4500,30,82.0
2026-06-16,2026-07-28,1270.0,PE,532000,1500,116,14.95
2026-06-16,2026-07-28,1280.0,CE,146500,-1500,49,75.4
2026-06-16,2026-07-28,1280.0,PE,188000,34500,232,17.95
2026-06-16,2026-07-28,1290.0,CE,23000,-500,6,70.95
2026-06-16,2026-07-28,1290.0,PE,32000,22000,58,21.2
2026-06-16,2026-07-28,1300.0,CE,910000,-154500,1503,62.8
2026-06-16,2026-07-28,1300.0,PE,1056500,66000,741,24.5
2026-06-16,2026-07-28,1310.0,CE,47500,-14500,130,57.0
2026-06-16,2026-07-28,1310.0,PE,25500,9500,61,28.25
2026-06-16,2026-07-28,1320.0,CE,209500,-25000,445,51.5
2026-06-16,2026-07-28,1320.0,PE,92500,18500,150,32.65
2026-06-16,2026-07-28,1330.0,CE,90500,30000,224,46.35
2026-06-16,2026-07-28,1330.0,PE,44000,37000,113,37.05
2026-06-16,2026-07-28,1340.0,CE,207500,25000,327,42.05
2026-06-16,2026-07-28,1340.0,PE,68000,12000,94,43.4
2026-06-16,2026-07-28,1350.0,CE,440000,-114000,932,37.45
2026-06-16,2026-07-28,1350.0,PE,91500,7000,119,48.95
2026-06-16,2026-07-28,1360.0,CE,160000,6500,198,34.1
2026-06-16,2026-07-28,1360.0,PE,63000,3500,104,54.7
2026-06-16,2026-07-28,1370.0,CE,76000,16500,148,30.35
2026-06-16,2026-07-28,1370.0,PE,5500,0,0,74.25
2026-06-16,2026-07-28,1380.0,CE,156000,15000,240,26.95
2026-06-16,2026-07-28,1380.0,PE,14500,2500,8,66.0
2026-06-16,2026-07-28,1390.0,CE,22000,10500,45,24.35
2026-06-16,2026-07-28,1390.0,PE,1000,1000,3,71.4
2026-06-16,2026-07-28,1400.0,CE,2010000,26000,2901,21.15
2026-06-16,2026-07-28,1400.0,PE,287000,-4500,130,81.9
2026-06-16,2026-07-28,1410.0,CE,2000,0,0,17.3
2026-06-16,2026-07-28,1410.0,PE,500,0,0,139.0
2026-06-16,2026-07-28,1420.0,CE,124000,-3000,194,16.45
2026-06-16,2026-07-28,1420.0,PE,8500,-2000,12,93.25
2026-06-16,2026-07-28,1430.0,CE,72000,500,73,14.35
2026-06-16,2026-07-28,1430.0,PE,1000,0,1,102.0
2026-06-16,2026-07-28,1440.0,CE,102500,-6000,108,13.4
2026-06-16,2026-07-28,1440.0,PE,4000,-1000,3,111.2
2026-06-16,2026-07-28,1450.0,CE,287000,-10000,738,11.45
2026-06-16,2026-07-28,1450.0,PE,30000,-500,6,123.3
2026-06-16,2026-07-28,1460.0,CE,259500,68000,243,10.15
2026-06-16,2026-07-28,1460.0,PE,1500,500,1,135.0
2026-06-16,2026-07-28,1470.0,CE,13500,3000,38,9.15
2026-06-16,2026-07-28,1470.0,PE,2500,0,0,150.0
2026-06-16,2026-07-28,1480.0,CE,27500,10500,62,7.9
2026-06-16,2026-07-28,1480.0,PE,2000,0,0,160.0
2026-06-16,2026-07-28,1500.0,CE,1257000,51000,1003,6.5
2026-06-16,2026-07-28,1500.0,PE,62500,19000,57,164.5
2026-06-16,2026-07-28,1520.0,CE,114000,-2000,125,5.1
2026-06-16,2026-07-28,1520.0,PE,0,0,0,143.1
2026-06-16,2026-07-28,1540.0,CE,35500,-1000,100,4.0
2026-06-16,2026-07-28,1540.0,PE,10500,500,6,203.0
2026-06-16,2026-07-28,1560.0,CE,3500,3500,8,3.35
2026-06-16,2026-07-28,1560.0,PE,24000,0,0,238.0
2026-06-16,2026-07-28,1600.0,CE,537000,50500,534,2.15
2026-06-16,2026-07-28,1600.0,PE,31000,3500,7,261.05
2026-06-16,2026-07-28,1680.0,CE,75500,0,4,0.95
2026-06-16,2026-07-28,1680.0,PE,141500,19500,39,332.0
2026-06-16,2026-08-25,1040.0,CE,0,0,0,332.7
2026-06-16,2026-08-25,1040.0,PE,0,0,0,1.05
2026-06-16,2026-08-25,1080.0,CE,0,0,0,294.5
2026-06-16,2026-08-25,1080.0,PE,2000,0,0,5.0
2026-06-16,2026-08-25,1120.0,CE,3000,0,0,170.0
2026-06-16,2026-08-25,1120.0,PE,27500,-2000,4,3.5
2026-06-16,2026-08-25,1140.0,CE,0,0,0,239.1
2026-06-16,2026-08-25,1140.0,PE,0,0,0,5.95
2026-06-16,2026-08-25,1160.0,CE,0,0,0,221.35
2026-06-16,2026-08-25,1160.0,PE,54500,-3500,30,4.6
2026-06-16,2026-08-25,1180.0,CE,0,0,0,204.15
2026-06-16,2026-08-25,1180.0,PE,500,-500,2,9.0
2026-06-16,2026-08-25,1200.0,CE,500,0,0,164.0
2026-06-16,2026-08-25,1200.0,PE,58000,-14500,66,8.9
2026-06-16,2026-08-25,1220.0,CE,0,0,0,171.4
2026-06-16,2026-08-25,1220.0,PE,1000,0,0,13.0
2026-06-16,2026-08-25,1240.0,CE,0,0,0,156.0
2026-06-16,2026-08-25,1240.0,PE,3000,0,0,20.0
2026-06-16,2026-08-25,1260.0,CE,0,0,0,141.35
2026-06-16,2026-08-25,1260.0,PE,5000,0,0,23.0
2026-06-16,2026-08-25,1280.0,CE,0,0,0,127.45
2026-06-16,2026-08-25,1280.0,PE,1000,0,0,39.0
2026-06-16,2026-08-25,1300.0,CE,227500,0,150,76.9
2026-06-16,2026-08-25,1300.0,PE,132500,2500,119,30.45
2026-06-16,2026-08-25,1320.0,CE,0,0,0,102.15
2026-06-16,2026-08-25,1320.0,PE,0,0,0,46.35
2026-06-16,2026-08-25,1340.0,CE,0,0,0,90.8
2026-06-16,2026-08-25,1340.0,PE,0,0,0,54.75
2026-06-16,2026-08-25,1360.0,CE,0,0,0,80.35
2026-06-16,2026-08-25,1360.0,PE,500,0,0,63.95
2026-06-16,2026-08-25,1380.0,CE,0,0,0,70.75
2026-06-16,2026-08-25,1380.0,PE,1000,0,0,100.0
2026-06-16,2026-08-25,1400.0,CE,323500,23500,181,32.95
2026-06-16,2026-08-25,1400.0,PE,0,0,0,85.0
2026-06-16,2026-08-25,1420.0,CE,3000,0,0,19.0
2026-06-16,2026-08-25,1420.0,PE,0,0,0,96.75
2026-06-16,2026-08-25,1440.0,CE,0,0,0,46.9
2026-06-16,2026-08-25,1440.0,PE,0,0,0,109.3
2026-06-16,2026-08-25,1460.0,CE,500,500,2,15.0
2026-06-16,2026-08-25,1460.0,PE,0,0,0,122.6
2026-06-16,2026-08-25,1480.0,CE,5000,1000,3,14.0
2026-06-16,2026-08-25,1480.0,PE,0,0,0,136.65
2026-06-16,2026-08-25,1520.0,CE,70000,-1000,15,11.7
2026-06-16,2026-08-25,1520.0,PE,0,0,0,166.65
2026-06-16,2026-08-25,1560.0,CE,13000,4000,15,6.95
2026-06-16,2026-08-25,1560.0,PE,0,0,0,198.85
2026-06-17,2026-06-30,1060.0,CE,0,0,0,304.2
2026-06-17,2026-06-30,1060.0,PE,0,0,0,1.35
2026-06-17,2026-06-30,1080.0,CE,0,0,0,285.2
2026-06-17,2026-06-30,1080.0,PE,29500,500,1,0.4
2026-06-17,2026-06-30,1100.0,CE,2500,0,0,200.0
2026-06-17,2026-06-30,1100.0,PE,362000,3500,228,0.5
2026-06-17,2026-06-30,1120.0,CE,801500,0,0,193.0
2026-06-17,2026-06-30,1120.0,PE,882500,19500,195,0.6
2026-06-17,2026-06-30,1140.0,CE,13000,0,0,181.9
2026-06-17,2026-06-30,1140.0,PE,369500,-11000,316,0.7
2026-06-17,2026-06-30,1150.0,CE,0,0,0,252.35
2026-06-17,2026-06-30,1150.0,PE,226000,19000,108,0.8
2026-06-17,2026-06-30,1160.0,CE,21000,0,0,124.65
2026-06-17,2026-06-30,1160.0,PE,706500,8000,260,0.8
2026-06-17,2026-06-30,1170.0,CE,0,0,0,233.5
2026-06-17,2026-06-30,1170.0,PE,431000,0,35,0.9
2026-06-17,2026-06-30,1180.0,CE,150000,0,0,155.35
2026-06-17,2026-06-30,1180.0,PE,676000,-20000,440,0.85
2026-06-17,2026-06-30,1190.0,CE,149500,0,0,123.05
2026-06-17,2026-06-30,1190.0,PE,259500,500,188,1.1
2026-06-17,2026-06-30,1200.0,CE,431000,-500,73,135.25
2026-06-17,2026-06-30,1200.0,PE,2114000,-142500,1439,1.2
2026-06-17,2026-06-30,1210.0,CE,227500,22000,56,121.95
2026-06-17,2026-06-30,1210.0,PE,338000,-15000,295,1.4
2026-06-17,2026-06-30,1220.0,CE,331000,0,4,114.65
2026-06-17,2026-06-30,1220.0,PE,843500,-19000,695,1.7
2026-06-17,2026-06-30,1230.0,CE,185500,0,24,105.85
2026-06-17,2026-06-30,1230.0,PE,1354000,-53500,813,2.05
2026-06-17,2026-06-30,1240.0,CE,157500,-12500,56,96.65
2026-06-17,2026-06-30,1240.0,PE,1097000,-4000,1208,2.6
2026-06-17,2026-06-30,1250.0,CE,761000,-16000,182,87.3
2026-06-17,2026-06-30,1250.0,PE,2129000,-2500,1910,3.4
2026-06-17,2026-06-30,1260.0,CE,904500,-33500,564,78.1
2026-06-17,2026-06-30,1260.0,PE,2013500,-186500,2997,4.3
2026-06-17,2026-06-30,1270.0,CE,1023500,-27000,836,69.4
2026-06-17,2026-06-30,1270.0,PE,2675000,-72000,3469,5.5
2026-06-17,2026-06-30,1280.0,CE,2259000,-27500,1069,60.95
2026-06-17,2026-06-30,1280.0,PE,2557000,17000,3738,7.1
2026-06-17,2026-06-30,1290.0,CE,1044500,-142000,1347,52.9
2026-06-17,2026-06-30,1290.0,PE,1171000,-224000,2725,9.0
2026-06-17,2026-06-30,1300.0,CE,5165500,-449000,6350,45.75
2026-06-17,2026-06-30,1300.0,PE,3816500,-120500,7703,11.75
2026-06-17,2026-06-30,1310.0,CE,1175000,-35500,2263,39.2
2026-06-17,2026-06-30,1310.0,PE,1493000,7000,3744,14.95
2026-06-17,2026-06-30,1320.0,CE,4522500,-136500,7898,33.15
2026-06-17,2026-06-30,1320.0,PE,2633500,50500,7273,18.95
2026-06-17,2026-06-30,1330.0,CE,4340500,387000,13623,28.1
2026-06-17,2026-06-30,1330.0,PE,2118000,257000,6159,23.6
2026-06-17,2026-06-30,1340.0,CE,3391000,151500,8270,23.5
2026-06-17,2026-06-30,1340.0,PE,1635500,110000,3101,29.1
2026-06-17,2026-06-30,1350.0,CE,11113500,2000,10681,19.65
2026-06-17,2026-06-30,1350.0,PE,3092000,-15000,1752,35.1
2026-06-17,2026-06-30,1360.0,CE,4290000,-14500,6245,16.05
2026-06-17,2026-06-30,1360.0,PE,2247000,-62500,1045,41.5
2026-06-17,2026-06-30,1370.0,CE,3109000,-80000,4372,13.1
2026-06-17,2026-06-30,1370.0,PE,1795000,-52000,382,48.45
2026-06-17,2026-06-30,1380.0,CE,4009500,-59500,5763,10.5
2026-06-17,2026-06-30,1380.0,PE,1043500,-16500,193,55.9
2026-06-17,2026-06-30,1390.0,CE,1100500,-73000,3093,8.4
2026-06-17,2026-06-30,1390.0,PE,409500,0,0,66.4
2026-06-17,2026-06-30,1400.0,CE,10067000,-287000,10079,6.65
2026-06-17,2026-06-30,1400.0,PE,2050000,-78000,564,71.95
2026-06-17,2026-06-30,1410.0,CE,1217500,-1000,1350,5.25
2026-06-17,2026-06-30,1410.0,PE,116500,6500,86,81.25
2026-06-17,2026-06-30,1420.0,CE,1307000,45500,1174,4.1
2026-06-17,2026-06-30,1420.0,PE,408000,-5500,164,89.3
2026-06-17,2026-06-30,1430.0,CE,934500,32000,1038,3.15
2026-06-17,2026-06-30,1430.0,PE,197000,0,0,100.65
2026-06-17,2026-06-30,1440.0,CE,1386000,-65500,1411,2.45
2026-06-17,2026-06-30,1440.0,PE,192500,0,0,109.0
2026-06-17,2026-06-30,1450.0,CE,5512500,-106500,3237,1.85
2026-06-17,2026-06-30,1450.0,PE,917500,-7000,33,118.05
2026-06-17,2026-06-30,1460.0,CE,1180000,-74500,771,1.65
2026-06-17,2026-06-30,1460.0,PE,282500,0,1,130.0
2026-06-17,2026-06-30,1470.0,CE,745500,-70000,460,1.35
2026-06-17,2026-06-30,1470.0,PE,60000,-500,1,139.0
2026-06-17,2026-06-30,1480.0,CE,1049500,21500,540,1.15
2026-06-17,2026-06-30,1480.0,PE,63500,-12000,24,146.2
2026-06-17,2026-06-30,1490.0,CE,714500,-16500,235,0.9
2026-06-17,2026-06-30,1490.0,PE,10000,0,0,120.0
2026-06-17,2026-06-30,1500.0,CE,5124000,-8000,1656,0.85
2026-06-17,2026-06-30,1500.0,PE,1564500,-13500,65,165.55
2026-06-17,2026-06-30,1510.0,CE,451500,-24000,85,0.75
2026-06-17,2026-06-30,1510.0,PE,5000,0,0,176.0
2026-06-17,2026-06-30,1520.0,CE,698000,20500,133,0.65
2026-06-17,2026-06-30,1520.0,PE,149000,-500,1,190.75
2026-06-17,2026-06-30,1530.0,CE,369000,-17000,116,0.6
2026-06-17,2026-06-30,1530.0,PE,7500,0,0,233.95
2026-06-17,2026-06-30,1540.0,CE,427000,4500,133,0.55
2026-06-17,2026-06-30,1540.0,PE,43500,0,0,205.8
2026-06-17,2026-06-30,1550.0,CE,493000,-27000,359,0.5
2026-06-17,2026-06-30,1550.0,PE,32000,0,0,218.0
2026-06-17,2026-06-30,1560.0,CE,445000,-199000,762,0.4
2026-06-17,2026-06-30,1560.0,PE,665500,-2000,4,226.0
2026-06-17,2026-06-30,1570.0,CE,33000,-17000,38,0.35
2026-06-17,2026-06-30,1570.0,PE,7000,0,0,197.0
2026-06-17,2026-06-30,1580.0,CE,64500,-1000,6,0.35
2026-06-17,2026-06-30,1580.0,PE,95500,2000,4,244.0
2026-06-17,2026-06-30,1600.0,CE,916000,-7000,57,0.35
2026-06-17,2026-06-30,1600.0,PE,422500,-1500,24,264.75
2026-06-17,2026-06-30,1620.0,CE,67000,0,22,0.25
2026-06-17,2026-06-30,1620.0,PE,35500,0,0,354.55
2026-06-17,2026-06-30,1640.0,CE,82500,-2500,43,0.3
2026-06-17,2026-06-30,1640.0,PE,2500,0,0,271.0
2026-06-17,2026-06-30,1660.0,CE,902500,-8000,28,0.25
2026-06-17,2026-06-30,1660.0,PE,1392000,0,0,324.0
2026-06-17,2026-07-28,1060.0,CE,0,0,0,345.05
2026-06-17,2026-07-28,1060.0,PE,12000,0,0,1.05
2026-06-17,2026-07-28,1080.0,CE,0,0,0,325.8
2026-06-17,2026-07-28,1080.0,PE,25500,0,0,1.2
2026-06-17,2026-07-28,1100.0,CE,5000,0,0,224.0
2026-06-17,2026-07-28,1100.0,PE,136500,29000,88,1.35
2026-06-17,2026-07-28,1120.0,CE,4000,0,0,155.45
2026-06-17,2026-07-28,1120.0,PE,120500,0,0,1.4
2026-06-17,2026-07-28,1140.0,CE,8000,0,0,138.25
2026-06-17,2026-07-28,1140.0,PE,26500,-1000,2,1.75
2026-06-17,2026-07-28,1150.0,CE,0,0,0,221.5
2026-06-17,2026-07-28,1150.0,PE,31000,-1000,31,2.05
2026-06-17,2026-07-28,1160.0,CE,1500,0,0,123.6
2026-06-17,2026-07-28,1160.0,PE,109500,-11500,66,2.5
2026-06-17,2026-07-28,1170.0,CE,0,0,0,203.2
2026-06-17,2026-07-28,1170.0,PE,8500,3500,10,2.75
2026-06-17,2026-07-28,1180.0,CE,7000,0,0,106.95
2026-06-17,2026-07-28,1180.0,PE,133500,12500,158,3.0
2026-06-17,2026-07-28,1190.0,CE,0,0,0,185.35
2026-06-17,2026-07-28,1190.0,PE,24000,0,3,3.9
2026-06-17,2026-07-28,1200.0,CE,63000,9500,30,146.25
2026-06-17,2026-07-28,1200.0,PE,579000,31000,591,4.45
2026-06-17,2026-07-28,1210.0,CE,0,0,0,168.1
2026-06-17,2026-07-28,1210.0,PE,101500,5500,17,5.45
2026-06-17,2026-07-28,1220.0,CE,0,0,0,198.55
2026-06-17,2026-07-28,1220.0,PE,250500,10500,151,6.2
2026-06-17,2026-07-28,1230.0,CE,0,0,0,151.5
2026-06-17,2026-07-28,1230.0,PE,137000,31000,100,7.3
2026-06-17,2026-07-28,1240.0,CE,20500,2000,7,109.0
2026-06-17,2026-07-28,1240.0,PE,189500,35000,214,8.65
2026-06-17,2026-07-28,1250.0,CE,135500,12000,107,102.5
2026-06-17,2026-07-28,1250.0,PE,449000,0,456,10.35
2026-06-17,2026-07-28,1260.0,CE,89000,-2000,38,95.5
2026-06-17,2026-07-28,1260.0,PE,277000,8000,198,12.15
2026-06-17,2026-07-28,1270.0,CE,111000,0,4,84.4
2026-06-17,2026-07-28,1270.0,PE,575000,43000,180,14.45
2026-06-17,2026-07-28,1280.0,CE,151000,4500,69,79.65
2026-06-17,2026-07-28,1280.0,PE,200000,12000,84,17.1
2026-06-17,2026-07-28,1290.0,CE,23000,0,7,70.8
2026-06-17,2026-07-28,1290.0,PE,59500,27500,87,20.15
2026-06-17,2026-07-28,1300.0,CE,944000,34000,674,66.25
2026-06-17,2026-07-28,1300.0,PE,1119500,63000,669,23.4
2026-06-17,2026-07-28,1310.0,CE,52500,5000,39,60.15
2026-06-17,2026-07-28,1310.0,PE,37500,12000,45,27.1
2026-06-17,2026-07-28,1320.0,CE,230500,21000,306,53.8
2026-06-17,2026-07-28,1320.0,PE,121000,28500,147,31.4
2026-06-17,2026-07-28,1330.0,CE,132000,41500,358,49.15
2026-06-17,2026-07-28,1330.0,PE,125000,81000,279,35.95
2026-06-17,2026-07-28,1340.0,CE,248500,41000,622,44.45
2026-06-17,2026-07-28,1340.0,PE,111000,43000,147,40.8
2026-06-17,2026-07-28,1350.0,CE,750000,310000,1297,39.5
2026-06-17,2026-07-28,1350.0,PE,130500,39000,157,46.25
2026-06-17,2026-07-28,1360.0,CE,204500,44500,180,35.45
2026-06-17,2026-07-28,1360.0,PE,70500,7500,60,52.35
2026-06-17,2026-07-28,1370.0,CE,75500,-500,43,31.65
2026-06-17,2026-07-28,1370.0,PE,5500,0,0,74.25
2026-06-17,2026-07-28,1380.0,CE,164000,8000,88,28.1
2026-06-17,2026-07-28,1380.0,PE,14500,0,0,66.0
2026-06-17,2026-07-28,1390.0,CE,44500,22500,93,24.95
2026-06-17,2026-07-28,1390.0,PE,1000,0,0,71.4
2026-06-17,2026-07-28,1400.0,CE,2207500,197500,2243,22.1
2026-06-17,2026-07-28,1400.0,PE,308500,21500,98,78.2
2026-06-17,2026-07-28,1410.0,CE,39000,37000,109,19.65
2026-06-17,2026-07-28,1410.0,PE,13500,13000,28,90.3
2026-06-17,2026-07-28,1420.0,CE,202500,78500,418,17.3
2026-06-17,2026-07-28,1420.0,PE,8500,0,0,93.25
2026-06-17,2026-07-28,1430.0,CE,70000,-2000,31,15.25
2026-06-17,2026-07-28,1430.0,PE,1000,0,0,102.0
2026-06-17,2026-07-28,1440.0,CE,110500,8000,59,13.5
2026-06-17,2026-07-28,1440.0,PE,4000,0,0,111.2
2026-06-17,2026-07-28,1450.0,CE,376000,89000,576,11.95
2026-06-17,2026-07-28,1450.0,PE,58000,28000,74,117.0
2026-06-17,2026-07-28,1460.0,CE,280000,20500,185,10.5
2026-06-17,2026-07-28,1460.0,PE,2000,500,3,128.0
2026-06-17,2026-07-28,1470.0,CE,38500,25000,73,8.9
2026-06-17,2026-07-28,1470.0,PE,3500,1000,2,137.0
2026-06-17,2026-07-28,1480.0,CE,28000,500,24,8.2
2026-06-17,2026-07-28,1480.0,PE,2000,0,0,160.0
2026-06-17,2026-07-28,1500.0,CE,1369500,112500,773,6.5
2026-06-17,2026-07-28,1500.0,PE,84500,22000,58,161.95
2026-06-17,2026-07-28,1520.0,CE,124000,10000,146,4.95
2026-06-17,2026-07-28,1520.0,PE,6500,6500,13,185.5
2026-06-17,2026-07-28,1540.0,CE,37500,2000,10,3.9
2026-06-17,2026-07-28,1540.0,PE,14000,3500,8,203.5
2026-06-17,2026-07-28,1560.0,CE,12000,8500,45,3.2
2026-06-17,2026-07-28,1560.0,PE,24500,500,1,222.0
2026-06-17,2026-07-28,1600.0,CE,564000,27000,266,2.0
2026-06-17,2026-07-28,1600.0,PE,33500,2500,5,261.05
2026-06-17,2026-07-28,1680.0,CE,75500,0,23,0.8
2026-06-17,2026-07-28,1680.0,PE,144500,3000,6,336.0
2026-06-17,2026-08-25,1040.0,CE,0,0,0,332.7
2026-06-17,2026-08-25,1040.0,PE,0,0,0,1.05
2026-06-17,2026-08-25,1080.0,CE,0,0,0,294.5
2026-06-17,2026-08-25,1080.0,PE,2000,0,0,5.0
2026-06-17,2026-08-25,1120.0,CE,3000,0,0,170.0
2026-06-17,2026-08-25,1120.0,PE,27500,0,0,3.5
2026-06-17,2026-08-25,1140.0,CE,0,0,0,239.1
2026-06-17,2026-08-25,1140.0,PE,0,0,0,5.95
2026-06-17,2026-08-25,1160.0,CE,0,0,0,221.35
2026-06-17,2026-08-25,1160.0,PE,53500,-1000,7,4.2
2026-06-17,2026-08-25,1180.0,CE,0,0,0,204.15
2026-06-17,2026-08-25,1180.0,PE,500,0,0,9.0
2026-06-17,2026-08-25,1200.0,CE,500,0,0,164.0
2026-06-17,2026-08-25,1200.0,PE,59000,1000,26,7.9
2026-06-17,2026-08-25,1220.0,CE,0,0,0,171.4
2026-06-17,2026-08-25,1220.0,PE,1500,500,1,10.0
2026-06-17,2026-08-25,1240.0,CE,0,0,0,156.0
2026-06-17,2026-08-25,1240.0,PE,2500,-500,1,13.5
2026-06-17,2026-08-25,1260.0,CE,0,0,0,141.35
2026-06-17,2026-08-25,1260.0,PE,4500,-500,1,20.0
2026-06-17,2026-08-25,1280.0,CE,0,0,0,127.45
2026-06-17,2026-08-25,1280.0,PE,1000,0,0,39.0
2026-06-17,2026-08-25,1300.0,CE,226000,-1500,43,79.55
2026-06-17,2026-08-25,1300.0,PE,149000,16500,81,30.2
2026-06-17,2026-08-25,1320.0,CE,0,0,0,102.15
2026-06-17,2026-08-25,1320.0,PE,0,0,0,46.35
2026-06-17,2026-08-25,1340.0,CE,0,0,0,90.8
2026-06-17,2026-08-25,1340.0,PE,0,0,0,54.75
2026-06-17,2026-08-25,1360.0,CE,0,0,0,80.35
2026-06-17,2026-08-25,1360.0,PE,500,0,0,63.95
2026-06-17,2026-08-25,1380.0,CE,0,0,0,70.75
2026-06-17,2026-08-25,1380.0,PE,1000,0,0,100.0
2026-06-17,2026-08-25,1400.0,CE,346000,22500,250,34.55
2026-06-17,2026-08-25,1400.0,PE,1000,1000,2,85.0
2026-06-17,2026-08-25,1420.0,CE,3000,0,0,19.0
2026-06-17,2026-08-25,1420.0,PE,0,0,0,96.75
2026-06-17,2026-08-25,1440.0,CE,0,0,0,46.9
2026-06-17,2026-08-25,1440.0,PE,0,0,0,109.3
2026-06-17,2026-08-25,1460.0,CE,500,0,0,15.0
2026-06-17,2026-08-25,1460.0,PE,0,0,0,122.6
2026-06-17,2026-08-25,1480.0,CE,5500,500,1,14.0
2026-06-17,2026-08-25,1480.0,PE,0,0,0,136.65
2026-06-17,2026-08-25,1520.0,CE,72000,2000,11,9.1
2026-06-17,2026-08-25,1520.0,PE,0,0,0,166.65
2026-06-17,2026-08-25,1560.0,CE,13000,0,4,7.95
2026-06-17,2026-08-25,1560.0,PE,0,0,0,198.85
2026-06-18,2026-06-30,1060.0,CE,0,0,0,304.2
2026-06-18,2026-06-30,1060.0,PE,0,0,0,1.35
2026-06-18,2026-06-30,1080.0,CE,0,0,0,285.2
2026-06-18,2026-06-30,1080.0,PE,29500,0,4,0.3
2026-06-18,2026-06-30,1100.0,CE,2500,0,0,200.0
2026-06-18,2026-06-30,1100.0,PE,372500,10500,282,0.4
2026-06-18,2026-06-30,1120.0,CE,793500,-8000,16,209.5
2026-06-18,2026-06-30,1120.0,PE,877000,-5500,100,0.55
2026-06-18,2026-06-30,1140.0,CE,13000,0,0,181.9
2026-06-18,2026-06-30,1140.0,PE,341000,-28500,190,0.7
2026-06-18,2026-06-30,1150.0,CE,0,0,0,252.35
2026-06-18,2026-06-30,1150.0,PE,226000,0,48,0.7
2026-06-18,2026-06-30,1160.0,CE,21000,0,0,124.65
2026-06-18,2026-06-30,1160.0,PE,686500,-20000,242,0.75
2026-06-18,2026-06-30,1170.0,CE,0,0,0,233.5
2026-06-18,2026-06-30,1170.0,PE,428000,-3000,100,0.8
2026-06-18,2026-06-30,1180.0,CE,150000,0,0,155.35
2026-06-18,2026-06-30,1180.0,PE,673000,-3000,373,0.85
2026-06-18,2026-06-30,1190.0,CE,149500,0,0,123.05
2026-06-18,2026-06-30,1190.0,PE,258500,-1000,207,0.95
2026-06-18,2026-06-30,1200.0,CE,416500,-14500,173,133.2
2026-06-18,2026-06-30,1200.0,PE,2050500,-63500,1357,1.05
2026-06-18,2026-06-30,1210.0,CE,227500,0,0,121.95
2026-06-18,2026-06-30,1210.0,PE,358500,20500,610,1.25
2026-06-18,2026-06-30,1220.0,CE,328000,-3000,22,110.65
2026-06-18,2026-06-30,1220.0,PE,756500,-87000,973,1.5
2026-06-18,2026-06-30,1230.0,CE,183500,-2000,60,96.5
2026-06-18,2026-06-30,1230.0,PE,1319500,-34500,784,1.75
2026-06-18,2026-06-30,1240.0,CE,138500,-19000,200,92.2
2026-06-18,2026-06-30,1240.0,PE,959500,-137500,1458,2.35
2026-06-18,2026-06-30,1250.0,CE,750500,-10500,166,84.35
2026-06-18,2026-06-30,1250.0,PE,2000500,-128500,2840,3.05
2026-06-18,2026-06-30,1260.0,CE,886500,-18000,634,75.25
2026-06-18,2026-06-30,1260.0,PE,1887000,-126500,2147,4.0
2026-06-18,2026-06-30,1270.0,CE,1163500,140000,1070,65.55
2026-06-18,2026-06-30,1270.0,PE,2631500,-43500,2532,5.25
2026-06-18,2026-06-30,1280.0,CE,2238000,-21000,1979,57.1
2026-06-18,2026-06-30,1280.0,PE,2584500,27500,5789,6.95
2026-06-18,2026-06-30,1290.0,CE,1041500,-3000,734,49.5
2026-06-18,2026-06-30,1290.0,PE,1085500,-85500,3657,9.1
2026-06-18,2026-06-30,1300.0,CE,3742500,-1423000,10297,42.35
2026-06-18,2026-06-30,1300.0,PE,3799500,-17000,9857,11.85
2026-06-18,2026-06-30,1310.0,CE,1164500,-10500,2307,35.4
2026-06-18,2026-06-30,1310.0,PE,1538500,45500,4403,15.55
2026-06-18,2026-06-30,1320.0,CE,4405500,-117000,9312,30.1
2026-06-18,2026-06-30,1320.0,PE,2637000,3500,8782,19.6
2026-06-18,2026-06-30,1330.0,CE,4049000,-291500,22363,25.5
2026-06-18,2026-06-30,1330.0,PE,2127500,9500,7652,24.6
2026-06-18,2026-06-30,1340.0,CE,4120500,729500,13127,21.5
2026-06-18,2026-06-30,1340.0,PE,1717500,82000,3674,30.65
2026-06-18,2026-06-30,1350.0,CE,13339500,2226000,17776,18.3
2026-06-18,2026-06-30,1350.0,PE,3029500,-62500,2244,37.35
2026-06-18,2026-06-30,1360.0,CE,4870500,580500,12103,14.55
2026-06-18,2026-06-30,1360.0,PE,2276000,29000,864,43.5
2026-06-18,2026-06-30,1370.0,CE,3219500,110500,8437,11.75
2026-06-18,2026-06-30,1370.0,PE,1797500,2500,364,51.15
2026-06-18,2026-06-30,1380.0,CE,4068500,59000,12111,9.55
2026-06-18,2026-06-30,1380.0,PE,1064500,21000,241,58.6
2026-06-18,2026-06-30,1390.0,CE,1303500,203000,8209,7.85
2026-06-18,2026-06-30,1390.0,PE,386000,-23500,104,66.9
2026-06-18,2026-06-30,1400.0,CE,10369000,302000,10363,6.65
2026-06-18,2026-06-30,1400.0,PE,2039000,-11000,528,74.65
2026-06-18,2026-06-30,1410.0,CE,1258000,40500,2035,5.2
2026-06-18,2026-06-30,1410.0,PE,116500,0,0,81.25
2026-06-18,2026-06-30,1420.0,CE,1358000,51000,1842,4.25
2026-06-18,2026-06-30,1420.0,PE,400000,-8000,108,92.35
2026-06-18,2026-06-30,1430.0,CE,957000,22500,1523,3.4
2026-06-18,2026-06-30,1430.0,PE,197000,0,0,100.65
2026-06-18,2026-06-30,1440.0,CE,1216500,-169500,2592,2.75
2026-06-18,2026-06-30,1440.0,PE,192000,-500,4,113.6
2026-06-18,2026-06-30,1450.0,CE,5513000,500,3293,2.0
2026-06-18,2026-06-30,1450.0,PE,915500,-2000,56,126.0
2026-06-18,2026-06-30,1460.0,CE,1099500,-80500,1229,1.8
2026-06-18,2026-06-30,1460.0,PE,286000,3500,16,131.35
2026-06-18,2026-06-30,1470.0,CE,760500,15000,168,1.5
2026-06-18,2026-06-30,1470.0,PE,60000,0,0,139.0
2026-06-18,2026-06-30,1480.0,CE,1033000,-16500,546,1.25
2026-06-18,2026-06-30,1480.0,PE,63000,-500,1,151.9
2026-06-18,2026-06-30,1490.0,CE,726500,12000,248,1.0
2026-06-18,2026-06-30,1490.0,PE,10000,0,0,120.0
2026-06-18,2026-06-30,1500.0,CE,5039500,-84500,1651,0.85
2026-06-18,2026-06-30,1500.0,PE,1551500,-13000,69,166.75
2026-06-18,2026-06-30,1510.0,CE,442500,-9000,168,0.8
2026-06-18,2026-06-30,1510.0,PE,5000,0,0,176.0
2026-06-18,2026-06-30,1520.0,CE,689000,-9000,607,0.75
2026-06-18,2026-06-30,1520.0,PE,149000,0,0,190.75
2026-06-18,2026-06-30,1530.0,CE,339000,-30000,136,0.65
2026-06-18,2026-06-30,1530.0,PE,4500,-3000,6,198.0
2026-06-18,2026-06-30,1540.0,CE,412000,-15000,97,0.55
2026-06-18,2026-06-30,1540.0,PE,39000,-4500,9,208.0
2026-06-18,2026-06-30,1550.0,CE,473000,-20000,244,0.5
2026-06-18,2026-06-30,1550.0,PE,31000,-1000,2,222.0
2026-06-18,2026-06-30,1560.0,CE,367000,-78000,563,0.4
2026-06-18,2026-06-30,1560.0,PE,664500,-1000,3,233.75
2026-06-18,2026-06-30,1570.0,CE,33000,0,0,0.35
2026-06-18,2026-06-30,1570.0,PE,7000,0,0,197.0
2026-06-18,2026-06-30,1580.0,CE,63500,-1000,4,0.35
2026-06-18,2026-06-30,1580.0,PE,97000,1500,3,246.95
2026-06-18,2026-06-30,1600.0,CE,852500,-63500,353,0.3
2026-06-18,2026-06-30,1600.0,PE,422000,-500,1,265.9
2026-06-18,2026-06-30,1620.0,CE,61000,-6000,13,0.25
2026-06-18,2026-06-30,1620.0,PE,35500,0,0,354.55
2026-06-18,2026-06-30,1640.0,CE,81000,-1500,7,0.25
2026-06-18,2026-06-30,1640.0,PE,2500,0,0,271.0
2026-06-18,2026-06-30,1660.0,CE,894000,-8500,29,0.25
2026-06-18,2026-06-30,1660.0,PE,1381500,-10500,22,329.35
2026-06-18,2026-07-28,1060.0,CE,0,0,0,345.05
2026-06-18,2026-07-28,1060.0,PE,12000,0,0,1.05
2026-06-18,2026-07-28,1080.0,CE,0,0,0,325.8
2026-06-18,2026-07-28,1080.0,PE,25500,0,0,1.2
2026-06-18,2026-07-28,1100.0,CE,5000,0,0,224.0
2026-06-18,2026-07-28,1100.0,PE,103500,-33000,87,1.1
2026-06-18,2026-07-28,1120.0,CE,6000,2000,4,217.0
2026-06-18,2026-07-28,1120.0,PE,117500,-3000,11,1.35
2026-06-18,2026-07-28,1140.0,CE,8000,0,0,138.25
2026-06-18,2026-07-28,1140.0,PE,26500,0,0,1.75
2026-06-18,2026-07-28,1150.0,CE,0,0,0,221.5
2026-06-18,2026-07-28,1150.0,PE,31000,0,1,2.6
2026-06-18,2026-07-28,1160.0,CE,1500,0,0,123.6
2026-06-18,2026-07-28,1160.0,PE,112500,3000,41,2.55
2026-06-18,2026-07-28,1170.0,CE,0,0,0,203.2
2026-06-18,2026-07-28,1170.0,PE,8500,0,7,2.85
2026-06-18,2026-07-28,1180.0,CE,7000,0,0,106.95
2026-06-18,2026-07-28,1180.0,PE,133000,-500,139,3.45
2026-06-18,2026-07-28,1190.0,CE,0,0,0,185.35
2026-06-18,2026-07-28,1190.0,PE,25000,1000,11,3.95
2026-06-18,2026-07-28,1200.0,CE,62000,-1000,26,144.5
2026-06-18,2026-07-28,1200.0,PE,614000,35000,410,4.95
2026-06-18,2026-07-28,1210.0,CE,0,0,0,168.1
2026-06-18,2026-07-28,1210.0,PE,98500,-3000,61,5.75
2026-06-18,2026-07-28,1220.0,CE,0,0,0,198.55
2026-06-18,2026-07-28,1220.0,PE,243500,-7000,137,6.9
2026-06-18,2026-07-28,1230.0,CE,0,0,0,151.5
2026-06-18,2026-07-28,1230.0,PE,154500,17500,141,8.3
2026-06-18,2026-07-28,1240.0,CE,26500,6000,17,105.55
2026-06-18,2026-07-28,1240.0,PE,213000,23500,165,9.85
2026-06-18,2026-07-28,1250.0,CE,193500,58000,272,101.05
2026-06-18,2026-07-28,1250.0,PE,469500,20500,483,11.55
2026-06-18,2026-07-28,1260.0,CE,96000,7000,39,92.9
2026-06-18,2026-07-28,1260.0,PE,316500,39500,392,13.55
2026-06-18,2026-07-28,1270.0,CE,111000,0,0,84.4
2026-06-18,2026-07-28,1270.0,PE,592000,17000,229,15.85
2026-06-18,2026-07-28,1280.0,CE,128500,-22500,81,78.1
2026-06-18,2026-07-28,1280.0,PE,244500,44500,365,18.75
2026-06-18,2026-07-28,1290.0,CE,23000,0,0,70.8
2026-06-18,2026-07-28,1290.0,PE,89000,29500,107,22.0
2026-06-18,2026-07-28,1300.0,CE,931000,-13000,591,64.95
2026-06-18,2026-07-28,1300.0,PE,1232500,113000,1362,25.4
2026-06-18,2026-07-28,1310.0,CE,57500,5000,64,56.95
2026-06-18,2026-07-28,1310.0,PE,50500,13000,49,29.3
2026-06-18,2026-07-28,1320.0,CE,247500,17000,306,53.15
2026-06-18,2026-07-28,1320.0,PE,131000,10000,150,33.45
2026-06-18,2026-07-28,1330.0,CE,221500,89500,622,48.0
2026-06-18,2026-07-28,1330.0,PE,195500,70500,273,38.9
2026-06-18,2026-07-28,1340.0,CE,474500,226000,1235,42.55
2026-06-18,2026-07-28,1340.0,PE,301000,190000,656,44.1
2026-06-18,2026-07-28,1350.0,CE,894500,144500,1158,38.5
2026-06-18,2026-07-28,1350.0,PE,345500,215000,549,49.9
2026-06-18,2026-07-28,1360.0,CE,251500,47000,314,34.9
2026-06-18,2026-07-28,1360.0,PE,70500,0,4,56.0
2026-06-18,2026-07-28,1370.0,CE,74000,-1500,70,31.0
2026-06-18,2026-07-28,1370.0,PE,6000,500,1,61.75
2026-06-18,2026-07-28,1380.0,CE,190000,26000,194,27.95
2026-06-18,2026-07-28,1380.0,PE,16000,1500,5,68.15
2026-06-18,2026-07-28,1390.0,CE,52000,7500,64,24.8
2026-06-18,2026-07-28,1390.0,PE,1500,500,1,74.95
2026-06-18,2026-07-28,1400.0,CE,2580500,373000,2886,22.0
2026-06-18,2026-07-28,1400.0,PE,329000,20500,143,82.05
2026-06-18,2026-07-28,1410.0,CE,52500,13500,120,19.6
2026-06-18,2026-07-28,1410.0,PE,13500,0,1,89.6
2026-06-18,2026-07-28,1420.0,CE,337500,135000,485,17.0
2026-06-18,2026-07-28,1420.0,PE,9500,1000,4,97.0
2026-06-18,2026-07-28,1430.0,CE,93000,23000,93,15.55
2026-06-18,2026-07-28,1430.0,PE,1000,0,0,102.0
2026-06-18,2026-07-28,1440.0,CE,142000,31500,93,13.25
2026-06-18,2026-07-28,1440.0,PE,4000,0,0,111.2
2026-06-18,2026-07-28,1450.0,CE,486500,110500,826,12.0
2026-06-18,2026-07-28,1450.0,PE,66000,8000,40,125.6
2026-06-18,2026-07-28,1460.0,CE,294500,14500,94,10.45
2026-06-18,2026-07-28,1460.0,PE,2000,0,0,128.0
2026-06-18,2026-07-28,1470.0,CE,51000,12500,41,9.05
2026-06-18,2026-07-28,1470.0,PE,5000,1500,3,138.0
2026-06-18,2026-07-28,1480.0,CE,37000,9000,69,8.15
2026-06-18,2026-07-28,1480.0,PE,2000,0,0,160.0
2026-06-18,2026-07-28,1500.0,CE,1525000,155500,840,6.75
2026-06-18,2026-07-28,1500.0,PE,96000,11500,25,168.0
2026-06-18,2026-07-28,1520.0,CE,133000,9000,69,5.2
2026-06-18,2026-07-28,1520.0,PE,15000,8500,19,190.5
2026-06-18,2026-07-28,1540.0,CE,35000,-2500,29,4.25
2026-06-18,2026-07-28,1540.0,PE,16000,2000,7,202.0
2026-06-18,2026-07-28,1560.0,CE,17500,5500,23,3.2
2026-06-18,2026-07-28,1560.0,PE,26500,2000,4,228.0
2026-06-18,2026-07-28,1600.0,CE,591000,27000,143,2.0
2026-06-18,2026-07-28,1600.0,PE,37000,3500,7,266.75
2026-06-18,2026-07-28,1680.0,CE,75500,0,3,0.8
2026-06-18,2026-07-28,1680.0,PE,155500,11000,22,338.0
2026-06-18,2026-08-25,1040.0,CE,0,0,0,332.7
2026-06-18,2026-08-25,1040.0,PE,0,0,0,1.05
2026-06-18,2026-08-25,1080.0,CE,0,0,0,294.5
2026-06-18,2026-08-25,1080.0,PE,2000,0,0,5.0
2026-06-18,2026-08-25,1120.0,CE,3000,0,0,170.0
2026-06-18,2026-08-25,1120.0,PE,27500,0,1,3.25
2026-06-18,2026-08-25,1140.0,CE,0,0,0,239.1
2026-06-18,2026-08-25,1140.0,PE,0,0,0,5.95
2026-06-18,2026-08-25,1160.0,CE,0,0,0,221.35
2026-06-18,2026-08-25,1160.0,PE,52000,-1500,3,4.6
2026-06-18,2026-08-25,1180.0,CE,0,0,0,204.15
2026-06-18,2026-08-25,1180.0,PE,500,0,0,9.0
2026-06-18,2026-08-25,1200.0,CE,500,0,0,164.0
2026-06-18,2026-08-25,1200.0,PE,59500,500,13,8.85
2026-06-18,2026-08-25,1220.0,CE,0,0,0,171.4
2026-06-18,2026-08-25,1220.0,PE,1500,0,0,10.0
2026-06-18,2026-08-25,1240.0,CE,0,0,0,156.0
2026-06-18,2026-08-25,1240.0,PE,2500,0,0,13.5
2026-06-18,2026-08-25,1260.0,CE,0,0,0,141.35
2026-06-18,2026-08-25,1260.0,PE,8000,3500,8,19.9
2026-06-18,2026-08-25,1280.0,CE,0,0,0,127.45
2026-06-18,2026-08-25,1280.0,PE,1000,0,0,39.0
2026-06-18,2026-08-25,1300.0,CE,228000,2000,49,76.8
2026-06-18,2026-08-25,1300.0,PE,168000,19000,104,31.9
2026-06-18,2026-08-25,1320.0,CE,0,0,0,102.15
2026-06-18,2026-08-25,1320.0,PE,0,0,0,46.35
2026-06-18,2026-08-25,1340.0,CE,0,0,0,90.8
2026-06-18,2026-08-25,1340.0,PE,0,0,0,54.75
2026-06-18,2026-08-25,1360.0,CE,0,0,0,80.35
2026-06-18,2026-08-25,1360.0,PE,500,0,0,63.95
2026-06-18,2026-08-25,1380.0,CE,0,0,0,70.75
2026-06-18,2026-08-25,1380.0,PE,1000,0,0,100.0
2026-06-18,2026-08-25,1400.0,CE,365500,19500,107,34.5
2026-06-18,2026-08-25,1400.0,PE,1000,0,0,85.0
2026-06-18,2026-08-25,1420.0,CE,3000,0,0,19.0
2026-06-18,2026-08-25,1420.0,PE,0,0,0,96.75
2026-06-18,2026-08-25,1440.0,CE,0,0,0,46.9
2026-06-18,2026-08-25,1440.0,PE,0,0,0,109.3
2026-06-18,2026-08-25,1460.0,CE,500,0,0,15.0
2026-06-18,2026-08-25,1460.0,PE,0,0,0,122.6
2026-06-18,2026-08-25,1480.0,CE,5500,0,0,14.0
2026-06-18,2026-08-25,1480.0,PE,0,0,0,136.65
2026-06-18,2026-08-25,1520.0,CE,73500,1500,12,10.6
2026-06-18,2026-08-25,1520.0,PE,0,0,0,166.65
2026-06-18,2026-08-25,1560.0,CE,21000,8000,22,6.85
2026-06-18,2026-08-25,1560.0,PE,0,0,0,198.85
2026-06-19,2026-06-30,1060.0,CE,0,0,0,304.2
2026-06-19,2026-06-30,1060.0,PE,1000,1000,4,0.15
2026-06-19,2026-06-30,1080.0,CE,0,0,0,285.2
2026-06-19,2026-06-30,1080.0,PE,70500,41000,144,0.35
2026-06-19,2026-06-30,1100.0,CE,6000,3500,22,217.0
2026-06-19,2026-06-30,1100.0,PE,319500,-53000,931,0.45
2026-06-19,2026-06-30,1120.0,CE,787500,-6000,12,197.95
2026-06-19,2026-06-30,1120.0,PE,872000,-5000,371,0.5
2026-06-19,2026-06-30,1140.0,CE,13000,0,0,181.9
2026-06-19,2026-06-30,1140.0,PE,314500,-26500,458,0.65
2026-06-19,2026-06-30,1150.0,CE,0,0,0,252.35
2026-06-19,2026-06-30,1150.0,PE,259500,33500,562,0.7
2026-06-19,2026-06-30,1160.0,CE,20500,-500,26,155.8
2026-06-19,2026-06-30,1160.0,PE,664000,-22500,785,0.8
2026-06-19,2026-06-30,1170.0,CE,0,0,0,233.5
2026-06-19,2026-06-30,1170.0,PE,413500,-14500,269,0.95
2026-06-19,2026-06-30,1180.0,CE,150000,0,0,155.35
2026-06-19,2026-06-30,1180.0,PE,664500,-8500,1086,1.05
2026-06-19,2026-06-30,1190.0,CE,149500,0,18,124.95
2026-06-19,2026-06-30,1190.0,PE,275500,17000,395,1.35
2026-06-19,2026-06-30,1200.0,CE,420000,3500,178,115.45
2026-06-19,2026-06-30,1200.0,PE,2402000,351500,5875,1.4
2026-06-19,2026-06-30,1210.0,CE,226500,-1000,6,107.4
2026-06-19,2026-06-30,1210.0,PE,428500,70000,1043,1.8
2026-06-19,2026-06-30,1220.0,CE,313000,-15000,64,96.45
2026-06-19,2026-06-30,1220.0,PE,783500,27000,2005,2.2
2026-06-19,2026-06-30,1230.0,CE,185000,1500,37,90.0
2026-06-19,2026-06-30,1230.0,PE,1428000,108500,3148,2.65
2026-06-19,2026-06-30,1240.0,CE,141500,3000,77,77.9
2026-06-19,2026-06-30,1240.0,PE,1057000,97500,3330,3.4
2026-06-19,2026-06-30,1250.0,CE,763000,12500,382,68.8
2026-06-19,2026-06-30,1250.0,PE,2688000,687500,13138,4.55
2026-06-19,2026-06-30,1260.0,CE,908500,22000,590,58.8
2026-06-19,2026-06-30,1260.0,PE,1869500,-17500,10254,5.85
2026-06-19,2026-06-30,1270.0,CE,1146500,-17000,471,51.15
2026-06-19,2026-06-30,1270.0,PE,2867500,236000,10777,7.6
2026-06-19,2026-06-30,1280.0,CE,2216000,-22000,2034,43.3
2026-06-19,2026-06-30,1280.0,PE,2557500,-27000,18314,9.75
2026-06-19,2026-06-30,1290.0,CE,1030500,-11000,2067,36.65
2026-06-19,2026-06-30,1290.0,PE,1020000,-65500,10675,12.65
2026-06-19,2026-06-30,1300.0,CE,5439000,1696500,23643,30.3
2026-06-19,2026-06-30,1300.0,PE,4633000,833500,38860,16.25
2026-06-19,2026-06-30,1310.0,CE,1855000,690500,14654,24.65
2026-06-19,2026-06-30,1310.0,PE,1845500,307000,16581,20.75
2026-06-19,2026-06-30,1320.0,CE,5465500,1060000,44336,19.85
2026-06-19,2026-06-30,1320.0,PE,2655000,18000,23827,26.0
2026-06-19,2026-06-30,1330.0,CE,6141000,2092000,62121,16.25
2026-06-19,2026-06-30,1330.0,PE,2374500,247000,19468,32.0
2026-06-19,2026-06-30,1340.0,CE,5817000,1696500,48818,13.3
2026-06-19,2026-06-30,1340.0,PE,1807500,90000,9165,39.0
2026-06-19,2026-06-30,1350.0,CE,14414500,1075000,58883,10.85
2026-06-19,2026-06-30,1350.0,PE,2897500,-132000,6252,46.8
2026-06-19,2026-06-30,1360.0,CE,5496500,626000,32502,8.65
2026-06-19,2026-06-30,1360.0,PE,2224500,-51500,1866,54.9
2026-06-19,2026-06-30,1370.0,CE,3813000,593500,25718,6.9
2026-06-19,2026-06-30,1370.0,PE,1758500,-39000,714,62.75
2026-06-19,2026-06-30,1380.0,CE,4943000,874500,33566,5.6
2026-06-19,2026-06-30,1380.0,PE,1098000,33500,485,70.6
2026-06-19,2026-06-30,1390.0,CE,1390500,87000,19390,4.6
2026-06-19,2026-06-30,1390.0,PE,385000,-1000,48,80.5
2026-06-19,2026-06-30,1400.0,CE,11457000,1088000,45726,3.85
2026-06-19,2026-06-30,1400.0,PE,2026500,-12500,614,89.75
2026-06-19,2026-06-30,1410.0,CE,1258000,0,7373,3.1
2026-06-19,2026-06-30,1410.0,PE,124500,8000,62,97.95
2026-06-19,2026-06-30,1420.0,CE,1685000,327000,7727,2.6
2026-06-19,2026-06-30,1420.0,PE,398500,-1500,72,109.1
2026-06-19,2026-06-30,1430.0,CE,1126000,169000,5387,2.1
2026-06-19,2026-06-30,1430.0,PE,197000,0,0,100.65
2026-06-19,2026-06-30,1440.0,CE,1419000,202500,4179,1.7
2026-06-19,2026-06-30,1440.0,PE,190000,-2000,17,126.95
2026-06-19,2026-06-30,1450.0,CE,5791000,278000,12195,1.35
2026-06-19,2026-06-30,1450.0,PE,912500,-3000,39,136.3
2026-06-19,2026-06-30,1460.0,CE,1192000,92500,3040,1.2
2026-06-19,2026-06-30,1460.0,PE,286000,0,23,140.0
2026-06-19,2026-06-30,1470.0,CE,810000,49500,1369,1.05
2026-06-19,2026-06-30,1470.0,PE,59500,-500,11,157.35
2026-06-19,2026-06-30,1480.0,CE,1444500,411500,1942,0.9
2026-06-19,2026-06-30,1480.0,PE,63000,0,0,151.9
2026-06-19,2026-06-30,1490.0,CE,765000,38500,655,0.75
2026-06-19,2026-06-30,1490.0,PE,10000,0,0,120.0
2026-06-19,2026-06-30,1500.0,CE,4987000,-52500,6727,0.7
2026-06-19,2026-06-30,1500.0,PE,1477500,-74000,193,186.35
2026-06-19,2026-06-30,1510.0,CE,434500,-8000,299,0.65
2026-06-19,2026-06-30,1510.0,PE,5000,0,0,176.0
2026-06-19,2026-06-30,1520.0,CE,695000,6000,226,0.6
2026-06-19,2026-06-30,1520.0,PE,149500,500,18,207.65
2026-06-19,2026-06-30,1530.0,CE,341500,2500,168,0.55
2026-06-19,2026-06-30,1530.0,PE,4500,0,0,198.0
2026-06-19,2026-06-30,1540.0,CE,411500,-500,289,0.55
2026-06-19,2026-06-30,1540.0,PE,39000,0,0,208.0
2026-06-19,2026-06-30,1550.0,CE,531500,58500,693,0.5
2026-06-19,2026-06-30,1550.0,PE,31000,0,0,222.0
2026-06-19,2026-06-30,1560.0,CE,264500,-102500,474,0.35
2026-06-19,2026-06-30,1560.0,PE,663500,-1000,9,245.65
2026-06-19,2026-06-30,1570.0,CE,32000,-1000,60,0.35
2026-06-19,2026-06-30,1570.0,PE,7000,0,0,197.0
2026-06-19,2026-06-30,1580.0,CE,65500,2000,70,0.4
2026-06-19,2026-06-30,1580.0,PE,97000,0,0,246.95
2026-06-19,2026-06-30,1600.0,CE,873500,21000,339,0.35
2026-06-19,2026-06-30,1600.0,PE,409000,-13000,59,285.0
2026-06-19,2026-06-30,1620.0,CE,58500,-2500,17,0.3
2026-06-19,2026-06-30,1620.0,PE,35500,0,0,354.55
2026-06-19,2026-06-30,1640.0,CE,82500,1500,32,0.25
2026-06-19,2026-06-30,1640.0,PE,2500,0,0,271.0
2026-06-19,2026-06-30,1660.0,CE,907000,13000,193,0.35
2026-06-19,2026-06-30,1660.0,PE,1380000,-1500,37,322.0
2026-06-19,2026-07-28,1060.0,CE,0,0,0,345.05
2026-06-19,2026-07-28,1060.0,PE,12000,0,4,0.9
2026-06-19,2026-07-28,1080.0,CE,0,0,0,325.8
2026-06-19,2026-07-28,1080.0,PE,25500,0,0,1.2
2026-06-19,2026-07-28,1100.0,CE,5000,0,0,224.0
2026-06-19,2026-07-28,1100.0,PE,140000,36500,259,1.45
2026-06-19,2026-07-28,1120.0,CE,9000,3000,6,200.0
2026-06-19,2026-07-28,1120.0,PE,116000,-1500,8,1.95
2026-06-19,2026-07-28,1140.0,CE,8000,0,0,138.25
2026-06-19,2026-07-28,1140.0,PE,27000,500,14,2.65
2026-06-19,2026-07-28,1150.0,CE,0,0,0,221.5
2026-06-19,2026-07-28,1150.0,PE,33000,2000,106,3.15
2026-06-19,2026-07-28,1160.0,CE,1500,0,0,123.6
2026-06-19,2026-07-28,1160.0,PE,139500,27000,175,3.3
2026-06-19,2026-07-28,1170.0,CE,0,0,0,203.2
2026-06-19,2026-07-28,1170.0,PE,9000,500,1,2.85
2026-06-19,2026-07-28,1180.0,CE,47500,40500,90,148.1
2026-06-19,2026-07-28,1180.0,PE,150000,17000,433,4.9
2026-06-19,2026-07-28,1190.0,CE,0,0,0,185.35
2026-06-19,2026-07-28,1190.0,PE,43000,18000,69,5.6
2026-06-19,2026-07-28,1200.0,CE,71500,9500,85,127.9
2026-06-19,2026-07-28,1200.0,PE,733000,119000,2001,6.75
2026-06-19,2026-07-28,1210.0,CE,0,0,0,168.1
2026-06-19,2026-07-28,1210.0,PE,120000,21500,224,7.95
2026-06-19,2026-07-28,1220.0,CE,0,0,0,198.55
2026-06-19,2026-07-28,1220.0,PE,332000,88500,555,9.35
2026-06-19,2026-07-28,1230.0,CE,0,0,0,151.5
2026-06-19,2026-07-28,1230.0,PE,220000,65500,340,11.05
2026-06-19,2026-07-28,1240.0,CE,30000,3500,47,95.0
2026-06-19,2026-07-28,1240.0,PE,261000,48000,495,12.9
2026-06-19,2026-07-28,1250.0,CE,221000,27500,283,88.2
2026-06-19,2026-07-28,1250.0,PE,540500,71000,957,15.2
2026-06-19,2026-07-28,1260.0,CE,86000,-10000,45,79.05
2026-06-19,2026-07-28,1260.0,PE,354000,37500,375,18.0
2026-06-19,2026-07-28,1270.0,CE,109000,-2000,50,73.0
2026-06-19,2026-07-28,1270.0,PE,614000,22000,545,20.65
2026-06-19,2026-07-28,1280.0,CE,141000,12500,98,66.8
2026-06-19,2026-07-28,1280.0,PE,340500,96000,644,23.5
2026-06-19,2026-07-28,1290.0,CE,128000,105000,250,60.8
2026-06-19,2026-07-28,1290.0,PE,126000,37000,197,27.75
2026-06-19,2026-07-28,1300.0,CE,1315000,384000,2890,54.6
2026-06-19,2026-07-28,1300.0,PE,1584500,352000,3028,32.35
2026-06-19,2026-07-28,1310.0,CE,144500,87000,420,49.15
2026-06-19,2026-07-28,1310.0,PE,69000,18500,107,37.0
2026-06-19,2026-07-28,1320.0,CE,475500,228000,1640,44.05
2026-06-19,2026-07-28,1320.0,PE,225500,94500,682,41.6
2026-06-19,2026-07-28,1330.0,CE,586500,365000,2580,39.2
2026-06-19,2026-07-28,1330.0,PE,314000,118500,1000,46.95
2026-06-19,2026-07-28,1340.0,CE,675500,201000,1854,35.1
2026-06-19,2026-07-28,1340.0,PE,312000,11000,187,52.8
2026-06-19,2026-07-28,1350.0,CE,1183500,289000,4510,31.55
2026-06-19,2026-07-28,1350.0,PE,620500,275000,996,58.1
2026-06-19,2026-07-28,1360.0,CE,378000,126500,828,27.9
2026-06-19,2026-07-28,1360.0,PE,157500,87000,214,64.65
2026-06-19,2026-07-28,1370.0,CE,120000,46000,380,24.6
2026-06-19,2026-07-28,1370.0,PE,21000,15000,35,68.3
2026-06-19,2026-07-28,1380.0,CE,335500,145500,1046,21.65
2026-06-19,2026-07-28,1380.0,PE,20000,4000,13,76.5
2026-06-19,2026-07-28,1390.0,CE,91000,39000,218,19.15
2026-06-19,2026-07-28,1390.0,PE,2000,500,2,87.75
2026-06-19,2026-07-28,1400.0,CE,3403000,822500,9500,16.95
2026-06-19,2026-07-28,1400.0,PE,348500,19500,159,93.4
2026-06-19,2026-07-28,1410.0,CE,77500,25000,172,14.9
2026-06-19,2026-07-28,1410.0,PE,13500,0,0,89.6
2026-06-19,2026-07-28,1420.0,CE,520500,183000,1134,12.95
2026-06-19,2026-07-28,1420.0,PE,11500,2000,9,110.8
2026-06-19,2026-07-28,1430.0,CE,154500,61500,347,11.4
2026-06-19,2026-07-28,1430.0,PE,1000,0,0,102.0
2026-06-19,2026-07-28,1440.0,CE,238500,96500,582,10.1
2026-06-19,2026-07-28,1440.0,PE,4000,0,0,111.2
2026-06-19,2026-07-28,1450.0,CE,983500,497000,2703,8.85
2026-06-19,2026-07-28,1450.0,PE,68500,2500,7,121.45
2026-06-19,2026-07-28,1460.0,CE,294500,0,804,7.85
2026-06-19,2026-07-28,1460.0,PE,6500,4500,9,132.0
2026-06-19,2026-07-28,1470.0,CE,67000,16000,120,7.05
2026-06-19,2026-07-28,1470.0,PE,5500,500,1,143.5
2026-06-19,2026-07-28,1480.0,CE,90000,53000,318,6.25
2026-06-19,2026-07-28,1480.0,PE,2000,0,0,160.0
2026-06-19,2026-07-28,1500.0,CE,1618000,93000,2977,5.05
2026-06-19,2026-07-28,1500.0,PE,112500,16500,64,182.7
2026-06-19,2026-07-28,1520.0,CE,160500,27500,189,3.95
2026-06-19,2026-07-28,1520.0,PE,21000,6000,12,183.9
2026-06-19,2026-07-28,1540.0,CE,45500,10500,183,3.1
2026-06-19,2026-07-28,1540.0,PE,16500,500,2,204.0
2026-06-19,2026-07-28,1560.0,CE,47000,29500,160,2.55
2026-06-19,2026-07-28,1560.0,PE,31500,5000,12,243.0
2026-06-19,2026-07-28,1600.0,CE,608500,17500,1072,1.7
2026-06-19,2026-07-28,1600.0,PE,66500,29500,59,276.25
2026-06-19,2026-07-28,1680.0,CE,69500,-6000,53,0.75
2026-06-19,2026-07-28,1680.0,PE,167000,11500,23,355.0
2026-06-19,2026-08-25,1040.0,CE,0,0,0,332.7
2026-06-19,2026-08-25,1040.0,PE,0,0,0,1.05
2026-06-19,2026-08-25,1080.0,CE,0,0,0,294.5
2026-06-19,2026-08-25,1080.0,PE,2000,0,0,5.0
2026-06-19,2026-08-25,1120.0,CE,3000,0,0,170.0
2026-06-19,2026-08-25,1120.0,PE,27500,0,3,4.1
2026-06-19,2026-08-25,1140.0,CE,0,0,0,239.1
2026-06-19,2026-08-25,1140.0,PE,0,0,0,5.95
2026-06-19,2026-08-25,1160.0,CE,0,0,0,221.35
2026-06-19,2026-08-25,1160.0,PE,52000,0,15,6.05
2026-06-19,2026-08-25,1180.0,CE,0,0,0,204.15
2026-06-19,2026-08-25,1180.0,PE,500,0,0,9.0
2026-06-19,2026-08-25,1200.0,CE,500,0,0,164.0
2026-06-19,2026-08-25,1200.0,PE,68500,9000,73,11.35
2026-06-19,2026-08-25,1220.0,CE,0,0,0,171.4
2026-06-19,2026-08-25,1220.0,PE,1500,0,0,10.0
2026-06-19,2026-08-25,1240.0,CE,0,0,0,156.0
2026-06-19,2026-08-25,1240.0,PE,2500,0,0,13.5
2026-06-19,2026-08-25,1260.0,CE,0,0,0,141.35
2026-06-19,2026-08-25,1260.0,PE,10000,2000,8,23.1
2026-06-19,2026-08-25,1280.0,CE,0,0,0,127.45
2026-06-19,2026-08-25,1280.0,PE,1000,0,0,39.0
2026-06-19,2026-08-25,1300.0,CE,242500,14500,113,69.85
2026-06-19,2026-08-25,1300.0,PE,184500,16500,115,38.65
2026-06-19,2026-08-25,1320.0,CE,0,0,0,102.15
2026-06-19,2026-08-25,1320.0,PE,0,0,0,46.35
2026-06-19,2026-08-25,1340.0,CE,0,0,0,90.8
2026-06-19,2026-08-25,1340.0,PE,0,0,0,54.75
2026-06-19,2026-08-25,1360.0,CE,0,0,0,80.35
2026-06-19,2026-08-25,1360.0,PE,500,0,0,63.95
2026-06-19,2026-08-25,1380.0,CE,0,0,0,70.75
2026-06-19,2026-08-25,1380.0,PE,1000,0,0,100.0
2026-06-19,2026-08-25,1400.0,CE,435500,70000,378,29.9
2026-06-19,2026-08-25,1400.0,PE,1000,0,0,85.0
2026-06-19,2026-08-25,1420.0,CE,3000,0,0,19.0
2026-06-19,2026-08-25,1420.0,PE,0,0,0,96.75
2026-06-19,2026-08-25,1440.0,CE,0,0,0,46.9
2026-06-19,2026-08-25,1440.0,PE,0,0,0,109.3
2026-06-19,2026-08-25,1460.0,CE,500,0,0,15.0
2026-06-19,2026-08-25,1460.0,PE,0,0,0,122.6
2026-06-19,2026-08-25,1480.0,CE,5500,0,0,14.0
2026-06-19,2026-08-25,1480.0,PE,0,0,0,136.65
2026-06-19,2026-08-25,1520.0,CE,75500,2000,22,9.95
2026-06-19,2026-08-25,1520.0,PE,0,0,0,166.65
2026-06-19,2026-08-25,1560.0,CE,24500,3500,17,6.05
2026-06-19,2026-08-25,1560.0,PE,0,0,0,198.85
2026-06-22,2026-06-30,1060.0,CE,0,0,0,304.2
2026-06-22,2026-06-30,1060.0,PE,1500,500,4,0.35
2026-06-22,2026-06-30,1080.0,CE,0,0,0,285.2
2026-06-22,2026-06-30,1080.0,PE,57000,-13500,50,0.15
2026-06-22,2026-06-30,1100.0,CE,6000,0,0,217.0
2026-06-22,2026-06-30,1100.0,PE,291500,-28000,149,0.25
2026-06-22,2026-06-30,1120.0,CE,785500,-2000,5,207.5
2026-06-22,2026-06-30,1120.0,PE,841000,-31000,231,0.3
2026-06-22,2026-06-30,1140.0,CE,13000,0,0,181.9
2026-06-22,2026-06-30,1140.0,PE,309500,-5000,156,0.35
2026-06-22,2026-06-30,1150.0,CE,0,0,0,252.35
2026-06-22,2026-06-30,1150.0,PE,202000,-57500,290,0.4
2026-06-22,2026-06-30,1160.0,CE,20500,0,0,155.8
2026-06-22,2026-06-30,1160.0,PE,609500,-54500,406,0.4
2026-06-22,2026-06-30,1170.0,CE,0,0,0,233.5
2026-06-22,2026-06-30,1170.0,PE,243500,-170000,578,0.4
2026-06-22,2026-06-30,1180.0,CE,149500,-500,2,157.05
2026-06-22,2026-06-30,1180.0,PE,493500,-171000,867,0.45
2026-06-22,2026-06-30,1190.0,CE,149500,0,83,141.85
2026-06-22,2026-06-30,1190.0,PE,244000,-31500,216,0.55
2026-06-22,2026-06-30,1200.0,CE,404000,-16000,178,124.5
2026-06-22,2026-06-30,1200.0,PE,2140500,-261500,2868,0.65
2026-06-22,2026-06-30,1210.0,CE,226500,0,0,107.4
2026-06-22,2026-06-30,1210.0,PE,349000,-79500,639,0.8
2026-06-22,2026-06-30,1220.0,CE,302000,-11000,27,109.85
2026-06-22,2026-06-30,1220.0,PE,650000,-133500,1270,0.95
2026-06-22,2026-06-30,1230.0,CE,175000,-10000,51,99.5
2026-06-22,2026-06-30,1230.0,PE,1153500,-274500,2205,1.0
2026-06-22,2026-06-30,1240.0,CE,157000,15500,132,94.4
2026-06-22,2026-06-30,1240.0,PE,1072000,15000,3494,1.4
2026-06-22,2026-06-30,1250.0,CE,738000,-25000,381,78.55
2026-06-22,2026-06-30,1250.0,PE,2404500,-283500,8275,1.85
2026-06-22,2026-06-30,1260.0,CE,831000,-77500,559,68.8
2026-06-22,2026-06-30,1260.0,PE,1981000,111500,5389,2.35
2026-06-22,2026-06-30,1270.0,CE,1034500,-112000,485,58.3
2026-06-22,2026-06-30,1270.0,PE,3088000,220500,7563,3.05
2026-06-22,2026-06-30,1280.0,CE,2127500,-88500,1215,49.6
2026-06-22,2026-06-30,1280.0,PE,2550500,-7000,14850,4.0
2026-06-22,2026-06-30,1290.0,CE,953000,-77500,1376,41.5
2026-06-22,2026-06-30,1290.0,PE,973500,-46500,12562,5.4
2026-06-22,2026-06-30,1300.0,CE,3863500,-1575500,15552,33.25
2026-06-22,2026-06-30,1300.0,PE,4144500,-488500,34991,7.6
2026-06-22,2026-06-30,1310.0,CE,1161000,-694000,7911,26.8
2026-06-22,2026-06-30,1310.0,PE,1786000,-59500,15743,10.65
2026-06-22,2026-06-30,1320.0,CE,5245500,-220000,27369,20.75
2026-06-22,2026-06-30,1320.0,PE,2763500,108500,22666,14.45
2026-06-22,2026-06-30,1330.0,CE,6698500,557500,47623,16.15
2026-06-22,2026-06-30,1330.0,PE,2717000,342500,28125,19.5
2026-06-22,2026-06-30,1340.0,CE,6836000,1019000,57115,12.5
2026-06-22,2026-06-30,1340.0,PE,2834500,1027000,24909,25.9
2026-06-22,2026-06-30,1350.0,CE,15596500,1182000,63827,9.8
2026-06-22,2026-06-30,1350.0,PE,3233500,336000,8966,33.6
2026-06-22,2026-06-30,1360.0,CE,6166000,669500,46170,7.4
2026-06-22,2026-06-30,1360.0,PE,2217500,-7000,4555,41.0
2026-06-22,2026-06-30,1370.0,CE,3873500,60500,31379,5.6
2026-06-22,2026-06-30,1370.0,PE,1631500,-127000,3893,49.2
2026-06-22,2026-06-30,1380.0,CE,5113500,170500,40867,4.3
2026-06-22,2026-06-30,1380.0,PE,1008000,-90000,679,59.4
2026-06-22,2026-06-30,1390.0,CE,1269000,-121500,21319,3.45
2026-06-22,2026-06-30,1390.0,PE,344500,-40500,388,65.25
2026-06-22,2026-06-30,1400.0,CE,12148500,691500,39888,2.85
2026-06-22,2026-06-30,1400.0,PE,2013000,-13500,1160,76.9
2026-06-22,2026-06-30,1410.0,CE,1419000,161000,5114,2.1
2026-06-22,2026-06-30,1410.0,PE,125000,500,45,74.45
2026-06-22,2026-06-30,1420.0,CE,1720000,35000,5886,1.6
2026-06-22,2026-06-30,1420.0,PE,390000,-8500,45,93.55
2026-06-22,2026-06-30,1430.0,CE,1172500,46500,4039,1.25
2026-06-22,2026-06-30,1430.0,PE,198000,1000,60,90.1
2026-06-22,2026-06-30,1440.0,CE,1440000,21000,3521,1.05
2026-06-22,2026-06-30,1440.0,PE,191500,1500,50,110.6
2026-06-22,2026-06-30,1450.0,CE,5570000,-221000,8237,0.8
2026-06-22,2026-06-30,1450.0,PE,908000,-4500,53,122.0
2026-06-22,2026-06-30,1460.0,CE,1179000,-13000,3013,0.7
2026-06-22,2026-06-30,1460.0,PE,286000,0,7,135.5
2026-06-22,2026-06-30,1470.0,CE,724500,-85500,1751,0.55
2026-06-22,2026-06-30,1470.0,PE,59000,-500,2,126.3
2026-06-22,2026-06-30,1480.0,CE,1278000,-166500,1713,0.5
2026-06-22,2026-06-30,1480.0,PE,61500,-1500,3,142.0
2026-06-22,2026-06-30,1490.0,CE,784000,19000,799,0.4
2026-06-22,2026-06-30,1490.0,PE,10000,0,0,120.0
2026-06-22,2026-06-30,1500.0,CE,4699500,-287500,8959,0.4
2026-06-22,2026-06-30,1500.0,PE,1446000,-31500,103,174.3
2026-06-22,2026-06-30,1510.0,CE,397500,-37000,318,0.35
2026-06-22,2026-06-30,1510.0,PE,5000,0,0,176.0
2026-06-22,2026-06-30,1520.0,CE,682500,-12500,280,0.3
2026-06-22,2026-06-30,1520.0,PE,149500,0,0,207.65
2026-06-22,2026-06-30,1530.0,CE,346500,5000,176,0.3
2026-06-22,2026-06-30,1530.0,PE,4500,0,0,198.0
2026-06-22,2026-06-30,1540.0,CE,400500,-11000,458,0.25
2026-06-22,2026-06-30,1540.0,PE,36000,-3000,7,198.0
2026-06-22,2026-06-30,1550.0,CE,479000,-52500,758,0.25
2026-06-22,2026-06-30,1550.0,PE,31500,500,14,209.3
2026-06-22,2026-06-30,1560.0,CE,233000,-31500,176,0.2
2026-06-22,2026-06-30,1560.0,PE,569000,-94500,199,234.85
2026-06-22,2026-06-30,1570.0,CE,33500,1500,22,0.25
2026-06-22,2026-06-30,1570.0,PE,7000,0,0,197.0
2026-06-22,2026-06-30,1580.0,CE,66500,1000,19,0.2
2026-06-22,2026-06-30,1580.0,PE,94500,-2500,6,248.25
2026-06-22,2026-06-30,1600.0,CE,689500,-184000,817,0.15
2026-06-22,2026-06-30,1600.0,PE,377500,-31500,174,273.9
2026-06-22,2026-06-30,1620.0,CE,57500,-1000,104,0.1
2026-06-22,2026-06-30,1620.0,PE,35500,0,0,354.55
2026-06-22,2026-06-30,1640.0,CE,82500,0,6,0.15
2026-06-22,2026-06-30,1640.0,PE,2500,0,0,271.0
2026-06-22,2026-06-30,1660.0,CE,913500,6500,391,0.15
2026-06-22,2026-06-30,1660.0,PE,1362000,-18000,43,332.85
2026-06-22,2026-07-28,1060.0,CE,0,0,0,345.05
2026-06-22,2026-07-28,1060.0,PE,17000,5000,11,0.8
2026-06-22,2026-07-28,1080.0,CE,0,0,0,325.8
2026-06-22,2026-07-28,1080.0,PE,25500,0,0,1.2
2026-06-22,2026-07-28,1100.0,CE,7500,2500,6,235.0
2026-06-22,2026-07-28,1100.0,PE,151500,11500,86,0.95
2026-06-22,2026-07-28,1120.0,CE,9000,0,5,230.0
2026-06-22,2026-07-28,1120.0,PE,129000,13000,105,1.0
2026-06-22,2026-07-28,1140.0,CE,8000,0,0,138.25
2026-06-22,2026-07-28,1140.0,PE,35500,8500,93,1.75
2026-06-22,2026-07-28,1150.0,CE,0,0,0,221.5
2026-06-22,2026-07-28,1150.0,PE,60500,27500,180,1.8
2026-06-22,2026-07-28,1160.0,CE,1500,0,0,123.6
2026-06-22,2026-07-28,1160.0,PE,109500,-30000,203,2.2
2026-06-22,2026-07-28,1170.0,CE,0,0,0,203.2
2026-06-22,2026-07-28,1170.0,PE,9500,500,1,2.5
2026-06-22,2026-07-28,1180.0,CE,46000,-1500,7,170.2
2026-06-22,2026-07-28,1180.0,PE,91500,-58500,381,2.8
2026-06-22,2026-07-28,1190.0,CE,0,0,0,185.35
2026-06-22,2026-07-28,1190.0,PE,52500,9500,148,3.3
2026-06-22,2026-07-28,1200.0,CE,67500,-4000,86,136.0
2026-06-22,2026-07-28,1200.0,PE,650500,-82500,1573,4.0
2026-06-22,2026-07-28,1210.0,CE,0,0,0,168.1
2026-06-22,2026-07-28,1210.0,PE,54500,-65500,323,4.55
2026-06-22,2026-07-28,1220.0,CE,0,0,0,198.55
2026-06-22,2026-07-28,1220.0,PE,292000,-40000,997,5.4
2026-06-22,2026-07-28,1230.0,CE,0,0,0,151.5
2026-06-22,2026-07-28,1230.0,PE,179500,-40500,590,6.7
2026-06-22,2026-07-28,1240.0,CE,31000,1000,5,104.0
2026-06-22,2026-07-28,1240.0,PE,339500,78500,749,7.9
2026-06-22,2026-07-28,1250.0,CE,208500,-12500,75,92.85
2026-06-22,2026-07-28,1250.0,PE,874000,333500,1958,9.55
2026-06-22,2026-07-28,1260.0,CE,92000,6000,19,90.0
2026-06-22,2026-07-28,1260.0,PE,604000,250000,1112,11.0
2026-06-22,2026-07-28,1270.0,CE,108500,-500,21,77.5
2026-06-22,2026-07-28,1270.0,PE,651000,37000,923,13.15
2026-06-22,2026-07-28,1280.0,CE,159500,18500,163,71.4
2026-06-22,2026-07-28,1280.0,PE,469000,128500,1396,16.3
2026-06-22,2026-07-28,1290.0,CE,118000,-10000,471,63.6
2026-06-22,2026-07-28,1290.0,PE,171500,45500,422,19.4
2026-06-22,2026-07-28,1300.0,CE,1325500,10500,2379,58.15
2026-06-22,2026-07-28,1300.0,PE,1679000,94500,4314,23.05
2026-06-22,2026-07-28,1310.0,CE,115500,-29000,350,51.75
2026-06-22,2026-07-28,1310.0,PE,124000,55000,335,26.2
2026-06-22,2026-07-28,1320.0,CE,527000,51500,1279,46.5
2026-06-22,2026-07-28,1320.0,PE,329500,104000,997,31.0
2026-06-22,2026-07-28,1330.0,CE,706000,119500,1674,41.4
2026-06-22,2026-07-28,1330.0,PE,418500,104500,982,35.85
2026-06-22,2026-07-28,1340.0,CE,948000,272500,2320,36.75
2026-06-22,2026-07-28,1340.0,PE,590500,278500,1426,41.05
2026-06-22,2026-07-28,1350.0,CE,1540500,357000,4402,32.5
2026-06-22,2026-07-28,1350.0,PE,938000,317500,1539,47.2
2026-06-22,2026-07-28,1360.0,CE,505000,127000,1144,28.7
2026-06-22,2026-07-28,1360.0,PE,127500,-30000,372,53.0
2026-06-22,2026-07-28,1370.0,CE,168000,48000,494,25.2
2026-06-22,2026-07-28,1370.0,PE,20000,-1000,65,59.25
2026-06-22,2026-07-28,1380.0,CE,354000,18500,1132,22.1
2026-06-22,2026-07-28,1380.0,PE,31000,11000,44,64.0
2026-06-22,2026-07-28,1390.0,CE,126000,35000,272,19.3
2026-06-22,2026-07-28,1390.0,PE,6000,4000,11,74.75
2026-06-22,2026-07-28,1400.0,CE,3988500,585500,8553,16.8
2026-06-22,2026-07-28,1400.0,PE,467500,119000,611,80.65
2026-06-22,2026-07-28,1410.0,CE,99500,22000,299,14.55
2026-06-22,2026-07-28,1410.0,PE,13500,0,0,89.6
2026-06-22,2026-07-28,1420.0,CE,598500,78000,1410,12.5
2026-06-22,2026-07-28,1420.0,PE,14000,2500,11,95.0
2026-06-22,2026-07-28,1430.0,CE,191000,36500,458,10.8
2026-06-22,2026-07-28,1430.0,PE,1500,500,1,94.0
2026-06-22,2026-07-28,1440.0,CE,332500,94000,657,9.25
2026-06-22,2026-07-28,1440.0,PE,9500,5500,15,104.0
2026-06-22,2026-07-28,1450.0,CE,1014500,31000,1839,8.05
2026-06-22,2026-07-28,1450.0,PE,78000,9500,36,121.2
2026-06-22,2026-07-28,1460.0,CE,332000,37500,585,7.0
2026-06-22,2026-07-28,1460.0,PE,7500,1000,3,132.0
2026-06-22,2026-07-28,1470.0,CE,73000,6000,179,6.05
2026-06-22,2026-07-28,1470.0,PE,5500,0,2,127.0
2026-06-22,2026-07-28,1480.0,CE,106500,16500,344,5.35
2026-06-22,2026-07-28,1480.0,PE,3000,1000,2,145.0
2026-06-22,2026-07-28,1500.0,CE,1833000,215000,3639,4.1
2026-06-22,2026-07-28,1500.0,PE,160000,47500,120,164.85
2026-06-22,2026-07-28,1520.0,CE,146500,-14000,410,3.1
2026-06-22,2026-07-28,1520.0,PE,24500,3500,7,175.0
2026-06-22,2026-07-28,1540.0,CE,100000,54500,300,2.6
2026-06-22,2026-07-28,1540.0,PE,20500,4000,10,204.0
2026-06-22,2026-07-28,1560.0,CE,57000,10000,198,2.15
2026-06-22,2026-07-28,1560.0,PE,87000,55500,115,222.9
2026-06-22,2026-07-28,1600.0,CE,854000,245500,1236,1.5
2026-06-22,2026-07-28,1600.0,PE,181000,114500,231,260.0
2026-06-22,2026-07-28,1680.0,CE,77000,7500,59,0.7
2026-06-22,2026-07-28,1680.0,PE,184500,17500,42,338.35
2026-06-22,2026-08-25,1040.0,CE,0,0,0,332.7
2026-06-22,2026-08-25,1040.0,PE,0,0,0,1.05
2026-06-22,2026-08-25,1080.0,CE,0,0,0,294.5
2026-06-22,2026-08-25,1080.0,PE,2000,0,0,5.0
2026-06-22,2026-08-25,1120.0,CE,3000,0,0,170.0
2026-06-22,2026-08-25,1120.0,PE,26500,-1000,3,2.85
2026-06-22,2026-08-25,1140.0,CE,0,0,0,239.1
2026-06-22,2026-08-25,1140.0,PE,0,0,0,5.95
2026-06-22,2026-08-25,1160.0,CE,0,0,0,221.35
2026-06-22,2026-08-25,1160.0,PE,51500,-500,10,4.0
2026-06-22,2026-08-25,1180.0,CE,0,0,0,204.15
2026-06-22,2026-08-25,1180.0,PE,500,0,0,9.0
2026-06-22,2026-08-25,1200.0,CE,500,0,0,164.0
2026-06-22,2026-08-25,1200.0,PE,69000,500,60,7.85
2026-06-22,2026-08-25,1220.0,CE,0,0,0,171.4
2026-06-22,2026-08-25,1220.0,PE,1500,0,0,10.0
2026-06-22,2026-08-25,1240.0,CE,0,0,0,156.0
2026-06-22,2026-08-25,1240.0,PE,2500,0,0,13.5
2026-06-22,2026-08-25,1260.0,CE,0,0,0,141.35
2026-06-22,2026-08-25,1260.0,PE,16500,6500,18,17.5
2026-06-22,2026-08-25,1280.0,CE,0,0,0,127.45
2026-06-22,2026-08-25,1280.0,PE,7000,6000,12,24.0
2026-06-22,2026-08-25,1300.0,CE,260000,17500,129,75.05
2026-06-22,2026-08-25,1300.0,PE,203500,19000,280,30.8
2026-06-22,2026-08-25,1320.0,CE,0,0,0,102.15
2026-06-22,2026-08-25,1320.0,PE,0,0,0,46.35
2026-06-22,2026-08-25,1340.0,CE,0,0,0,90.8
2026-06-22,2026-08-25,1340.0,PE,0,0,0,54.75
2026-06-22,2026-08-25,1360.0,CE,0,0,0,80.35
2026-06-22,2026-08-25,1360.0,PE,500,0,0,63.95
2026-06-22,2026-08-25,1380.0,CE,0,0,0,70.75
2026-06-22,2026-08-25,1380.0,PE,1000,0,0,100.0
2026-06-22,2026-08-25,1400.0,CE,474000,38500,347,31.0
2026-06-22,2026-08-25,1400.0,PE,1000,0,0,85.0
2026-06-22,2026-08-25,1420.0,CE,3000,0,0,19.0
2026-06-22,2026-08-25,1420.0,PE,0,0,0,96.75
2026-06-22,2026-08-25,1440.0,CE,0,0,0,46.9
2026-06-22,2026-08-25,1440.0,PE,0,0,0,109.3
2026-06-22,2026-08-25,1460.0,CE,500,0,0,15.0
2026-06-22,2026-08-25,1460.0,PE,0,0,0,122.6
2026-06-22,2026-08-25,1480.0,CE,20500,15000,30,12.8
2026-06-22,2026-08-25,1480.0,PE,0,0,0,136.65
2026-06-22,2026-08-25,1520.0,CE,76500,1000,42,8.8
2026-06-22,2026-08-25,1520.0,PE,0,0,0,166.65
2026-06-22,2026-08-25,1560.0,CE,29500,5000,13,6.0
2026-06-22,2026-08-25,1560.0,PE,0,0,0,198.85
2026-06-23,2026-06-30,1060.0,CE,0,0,0,304.2
2026-06-23,2026-06-30,1060.0,PE,1500,0,0,0.35
2026-06-23,2026-06-30,1080.0,CE,0,0,0,285.2
2026-06-23,2026-06-30,1080.0,PE,52000,-5000,15,0.15
2026-06-23,2026-06-30,1100.0,CE,4500,-1500,13,215.0
2026-06-23,2026-06-30,1100.0,PE,271500,-20000,136,0.2
2026-06-23,2026-06-30,1120.0,CE,675500,-110000,232,195.95
2026-06-23,2026-06-30,1120.0,PE,829000,-12000,96,0.3
2026-06-23,2026-06-30,1140.0,CE,11000,-2000,8,179.5
2026-06-23,2026-06-30,1140.0,PE,309000,-500,155,0.4
2026-06-23,2026-06-30,1150.0,CE,0,0,0,252.35
2026-06-23,2026-06-30,1150.0,PE,194500,-7500,81,0.4
2026-06-23,2026-06-30,1160.0,CE,20500,0,0,155.8
2026-06-23,2026-06-30,1160.0,PE,588500,-21000,161,0.4
2026-06-23,2026-06-30,1170.0,CE,0,0,0,233.5
2026-06-23,2026-06-30,1170.0,PE,193000,-50500,134,0.45
2026-06-23,2026-06-30,1180.0,CE,150000,500,1,140.85
2026-06-23,2026-06-30,1180.0,PE,447500,-46000,289,0.45
2026-06-23,2026-06-30,1190.0,CE,150000,500,1,124.0
2026-06-23,2026-06-30,1190.0,PE,231000,-13000,369,0.5
2026-06-23,2026-06-30,1200.0,CE,399000,-5000,74,105.15
2026-06-23,2026-06-30,1200.0,PE,1713500,-427000,2119,0.5
2026-06-23,2026-06-30,1210.0,CE,226500,0,0,107.4
2026-06-23,2026-06-30,1210.0,PE,322000,-27000,211,0.65
2026-06-23,2026-06-30,1220.0,CE,301000,-1000,6,96.25
2026-06-23,2026-06-30,1220.0,PE,479000,-171000,806,0.7
2026-06-23,2026-06-30,1230.0,CE,174000,-1000,4,93.0
2026-06-23,2026-06-30,1230.0,PE,1028000,-125500,952,0.75
2026-06-23,2026-06-30,1240.0,CE,156000,-1000,9,67.1
2026-06-23,2026-06-30,1240.0,PE,941500,-130500,2070,1.1
2026-06-23,2026-06-30,1250.0,CE,692500,-45500,194,59.1
2026-06-23,2026-06-30,1250.0,PE,1869000,-535500,4071,1.5
2026-06-23,2026-06-30,1260.0,CE,808000,-23000,239,48.85
2026-06-23,2026-06-30,1260.0,PE,1637500,-343500,3569,2.2
2026-06-23,2026-06-30,1270.0,CE,925500,-109000,981,39.6
2026-06-23,2026-06-30,1270.0,PE,2802500,-285500,3529,3.5
2026-06-23,2026-06-30,1280.0,CE,2012000,-115500,2099,33.15
2026-06-23,2026-06-30,1280.0,PE,2400500,-150000,5688,4.8
2026-06-23,2026-06-30,1290.0,CE,848500,-104500,1845,25.0
2026-06-23,2026-06-30,1290.0,PE,859500,-114000,4549,7.1
2026-06-23,2026-06-30,1300.0,CE,3095500,-768000,10302,18.6
2026-06-23,2026-06-30,1300.0,PE,3515500,-629000,16473,10.85
2026-06-23,2026-06-30,1310.0,CE,1741500,580500,6733,13.6
2026-06-23,2026-06-30,1310.0,PE,1531500,-254500,9047,15.05
2026-06-23,2026-06-30,1320.0,CE,4962000,-283500,18850,10.1
2026-06-23,2026-06-30,1320.0,PE,1957000,-806500,13021,21.1
2026-06-23,2026-06-30,1330.0,CE,6061500,-637000,29033,7.25
2026-06-23,2026-06-30,1330.0,PE,2471000,-246000,9075,29.25
2026-06-23,2026-06-30,1340.0,CE,6583000,-253000,20483,5.65
2026-06-23,2026-06-30,1340.0,PE,2559000,-275500,4010,36.5
2026-06-23,2026-06-30,1350.0,CE,14203500,-1393000,30857,4.35
2026-06-23,2026-06-30,1350.0,PE,2822000,-411500,2894,45.9
2026-06-23,2026-06-30,1360.0,CE,5776000,-390000,19205,3.25
2026-06-23,2026-06-30,1360.0,PE,1980000,-237500,1141,52.85
2026-06-23,2026-06-30,1370.0,CE,3410500,-463000,11886,2.3
2026-06-23,2026-06-30,1370.0,PE,1600500,-31000,741,65.8
2026-06-23,2026-06-30,1380.0,CE,4522000,-591500,11282,1.75
2026-06-23,2026-06-30,1380.0,PE,963500,-44500,145,73.7
2026-06-23,2026-06-30,1390.0,CE,1061500,-207500,3657,1.35
2026-06-23,2026-06-30,1390.0,PE,344500,0,0,65.25
2026-06-23,2026-06-30,1400.0,CE,9994000,-2154500,22380,1.1
2026-06-23,2026-06-30,1400.0,PE,1935500,-77500,282,90.75
2026-06-23,2026-06-30,1410.0,CE,1101500,-317500,3023,0.85
2026-06-23,2026-06-30,1410.0,PE,125000,0,3,91.5
2026-06-23,2026-06-30,1420.0,CE,1385500,-334500,3255,0.7
2026-06-23,2026-06-30,1420.0,PE,389500,-500,1,117.1
2026-06-23,2026-06-30,1430.0,CE,934000,-238500,2453,0.6
2026-06-23,2026-06-30,1430.0,PE,198000,0,0,90.1
2026-06-23,2026-06-30,1440.0,CE,1177500,-262500,2294,0.5
2026-06-23,2026-06-30,1440.0,PE,188000,-3500,11,132.75
2026-06-23,2026-06-30,1450.0,CE,5277500,-292500,4396,0.4
2026-06-23,2026-06-30,1450.0,PE,896000,-12000,48,142.15
2026-06-23,2026-06-30,1460.0,CE,966000,-213000,1514,0.35
2026-06-23,2026-06-30,1460.0,PE,286000,0,0,135.5
2026-06-23,2026-06-30,1470.0,CE,708500,-16000,720,0.3
2026-06-23,2026-06-30,1470.0,PE,59000,0,0,126.3
2026-06-23,2026-06-30,1480.0,CE,1242000,-36000,967,0.3
2026-06-23,2026-06-30,1480.0,PE,61000,-500,1,164.0
2026-06-23,2026-06-30,1490.0,CE,766500,-17500,763,0.25
2026-06-23,2026-06-30,1490.0,PE,9500,-500,1,176.0
2026-06-23,2026-06-30,1500.0,CE,3923000,-776500,4161,0.25
2026-06-23,2026-06-30,1500.0,PE,1398000,-48000,140,190.8
2026-06-23,2026-06-30,1510.0,CE,351500,-46000,299,0.25
2026-06-23,2026-06-30,1510.0,PE,5000,0,0,176.0
2026-06-23,2026-06-30,1520.0,CE,691500,9000,235,0.25
2026-06-23,2026-06-30,1520.0,PE,149500,0,0,207.65
2026-06-23,2026-06-30,1530.0,CE,323000,-23500,98,0.2
2026-06-23,2026-06-30,1530.0,PE,4500,0,0,198.0
2026-06-23,2026-06-30,1540.0,CE,395000,-5500,263,0.2
2026-06-23,2026-06-30,1540.0,PE,34500,-1500,3,226.0
2026-06-23,2026-06-30,1550.0,CE,453500,-25500,104,0.2
2026-06-23,2026-06-30,1550.0,PE,30500,-1000,5,230.1
2026-06-23,2026-06-30,1560.0,CE,206500,-26500,139,0.1
2026-06-23,2026-06-30,1560.0,PE,530500,-38500,117,251.25
2026-06-23,2026-06-30,1570.0,CE,31000,-2500,12,0.15
2026-06-23,2026-06-30,1570.0,PE,7000,0,0,197.0
2026-06-23,2026-06-30,1580.0,CE,65000,-1500,9,0.15
2026-06-23,2026-06-30,1580.0,PE,75500,-19000,39,267.0
2026-06-23,2026-06-30,1600.0,CE,611500,-78000,603,0.1
2026-06-23,2026-06-30,1600.0,PE,346500,-31000,82,291.0
2026-06-23,2026-06-30,1620.0,CE,47500,-10000,23,0.1
2026-06-23,2026-06-30,1620.0,PE,28500,-7000,14,305.65
2026-06-23,2026-06-30,1640.0,CE,82000,-500,17,0.1
2026-06-23,2026-06-30,1640.0,PE,2500,0,0,271.0
2026-06-23,2026-06-30,1660.0,CE,911000,-2500,372,0.1
2026-06-23,2026-06-30,1660.0,PE,1191500,-170500,351,345.4
2026-06-23,2026-07-28,1060.0,CE,0,0,0,345.05
2026-06-23,2026-07-28,1060.0,PE,18000,1000,2,0.75
2026-06-23,2026-07-28,1080.0,CE,0,0,0,325.8
2026-06-23,2026-07-28,1080.0,PE,26000,500,10,0.7
2026-06-23,2026-07-28,1100.0,CE,11000,3500,10,223.0
2026-06-23,2026-07-28,1100.0,PE,219500,68000,240,0.9
2026-06-23,2026-07-28,1120.0,CE,9000,0,0,230.0
2026-06-23,2026-07-28,1120.0,PE,116000,-13000,84,1.2
2026-06-23,2026-07-28,1140.0,CE,85500,77500,155,183.6
2026-06-23,2026-07-28,1140.0,PE,36000,500,10,1.7
2026-06-23,2026-07-28,1150.0,CE,0,0,0,221.5
2026-06-23,2026-07-28,1150.0,PE,55000,-5500,141,2.3
2026-06-23,2026-07-28,1160.0,CE,1500,0,0,123.6
2026-06-23,2026-07-28,1160.0,PE,117000,7500,121,2.5
2026-06-23,2026-07-28,1170.0,CE,0,0,0,203.2
2026-06-23,2026-07-28,1170.0,PE,55000,45500,111,3.1
2026-06-23,2026-07-28,1180.0,CE,46000,0,0,170.2
2026-06-23,2026-07-28,1180.0,PE,122500,31000,268,3.6
2026-06-23,2026-07-28,1190.0,CE,0,0,0,185.35
2026-06-23,2026-07-28,1190.0,PE,140500,88000,366,4.0
2026-06-23,2026-07-28,1200.0,CE,111500,44000,107,122.3
2026-06-23,2026-07-28,1200.0,PE,831500,181000,1518,5.35
2026-06-23,2026-07-28,1210.0,CE,0,0,0,168.1
2026-06-23,2026-07-28,1210.0,PE,68000,13500,380,6.35
2026-06-23,2026-07-28,1220.0,CE,0,0,0,198.55
2026-06-23,2026-07-28,1220.0,PE,382500,90500,595,7.45
2026-06-23,2026-07-28,1230.0,CE,0,0,0,151.5
2026-06-23,2026-07-28,1230.0,PE,220000,40500,146,9.6
2026-06-23,2026-07-28,1240.0,CE,32500,1500,5,85.0
2026-06-23,2026-07-28,1240.0,PE,370000,30500,257,10.75
2026-06-23,2026-07-28,1250.0,CE,256500,48000,172,81.6
2026-06-23,2026-07-28,1250.0,PE,912000,38000,973,13.2
2026-06-23,2026-07-28,1260.0,CE,90500,-1500,32,71.95
2026-06-23,2026-07-28,1260.0,PE,616000,12000,423,15.65
2026-06-23,2026-07-28,1270.0,CE,117500,9000,29,64.25
2026-06-23,2026-07-28,1270.0,PE,671000,20000,641,19.0
2026-06-23,2026-07-28,1280.0,CE,195500,36000,213,59.9
2026-06-23,2026-07-28,1280.0,PE,494000,25000,1017,22.15
2026-06-23,2026-07-28,1290.0,CE,112500,-5500,32,52.55
2026-06-23,2026-07-28,1290.0,PE,182500,11000,262,27.15
2026-06-23,2026-07-28,1300.0,CE,1821000,495500,2226,48.15
2026-06-23,2026-07-28,1300.0,PE,1832000,153000,2845,30.55
2026-06-23,2026-07-28,1310.0,CE,179000,63500,276,42.4
2026-06-23,2026-07-28,1310.0,PE,153000,29000,296,35.5
2026-06-23,2026-07-28,1320.0,CE,827000,300000,1484,38.2
2026-06-23,2026-07-28,1320.0,PE,568000,238500,1138,40.3
2026-06-23,2026-07-28,1330.0,CE,1018000,312000,1517,33.4
2026-06-23,2026-07-28,1330.0,PE,656500,238000,881,46.7
2026-06-23,2026-07-28,1340.0,CE,1082500,134500,1247,29.4
2026-06-23,2026-07-28,1340.0,PE,702000,111500,490,51.4
2026-06-23,2026-07-28,1350.0,CE,1716000,175500,2235,25.8
2026-06-23,2026-07-28,1350.0,PE,1024000,86000,501,57.3
2026-06-23,2026-07-28,1360.0,CE,607500,102500,1033,22.45
2026-06-23,2026-07-28,1360.0,PE,134500,7000,59,66.7
2026-06-23,2026-07-28,1370.0,CE,160000,-8000,348,19.6
2026-06-23,2026-07-28,1370.0,PE,23000,3000,14,75.0
2026-06-23,2026-07-28,1380.0,CE,385500,31500,892,17.0
2026-06-23,2026-07-28,1380.0,PE,43500,12500,32,79.8
2026-06-23,2026-07-28,1390.0,CE,138500,12500,232,14.65
2026-06-23,2026-07-28,1390.0,PE,6000,0,0,74.75
2026-06-23,2026-07-28,1400.0,CE,4734000,745500,6330,12.9
2026-06-23,2026-07-28,1400.0,PE,528500,61000,269,93.2
2026-06-23,2026-07-28,1410.0,CE,141500,42000,213,11.1
2026-06-23,2026-07-28,1410.0,PE,13500,0,4,92.0
2026-06-23,2026-07-28,1420.0,CE,591500,-7000,762,9.55
2026-06-23,2026-07-28,1420.0,PE,14000,0,0,95.0
2026-06-23,2026-07-28,1430.0,CE,179000,-12000,356,8.3
2026-06-23,2026-07-28,1430.0,PE,1500,0,0,94.0
2026-06-23,2026-07-28,1440.0,CE,335000,2500,384,7.2
2026-06-23,2026-07-28,1440.0,PE,11000,1500,4,132.0
2026-06-23,2026-07-28,1450.0,CE,917000,-97500,1718,6.3
2026-06-23,2026-07-28,1450.0,PE,92500,14500,39,133.0
2026-06-23,2026-07-28,1460.0,CE,322000,-10000,490,5.5
2026-06-23,2026-07-28,1460.0,PE,7500,0,0,132.0
2026-06-23,2026-07-28,1470.0,CE,84000,11000,263,4.85
2026-06-23,2026-07-28,1470.0,PE,5500,0,0,127.0
2026-06-23,2026-07-28,1480.0,CE,150500,44000,359,4.2
2026-06-23,2026-07-28,1480.0,PE,3000,0,0,145.0
2026-06-23,2026-07-28,1500.0,CE,1890500,57500,2159,3.45
2026-06-23,2026-07-28,1500.0,PE,220000,60000,156,182.2
2026-06-23,2026-07-28,1520.0,CE,153000,6500,213,2.65
2026-06-23,2026-07-28,1520.0,PE,24500,0,0,175.0
2026-06-23,2026-07-28,1540.0,CE,99000,-1000,109,2.15
2026-06-23,2026-07-28,1540.0,PE,20500,0,0,204.0
2026-06-23,2026-07-28,1560.0,CE,52000,-5000,51,1.7
2026-06-23,2026-07-28,1560.0,PE,117000,30000,60,237.6
2026-06-23,2026-07-28,1600.0,CE,869500,15500,579,1.3
2026-06-23,2026-07-28,1600.0,PE,235500,54500,109,277.5
2026-06-23,2026-07-28,1680.0,CE,77500,500,13,0.75
2026-06-23,2026-07-28,1680.0,PE,355500,171000,342,355.3
2026-06-23,2026-08-25,1040.0,CE,0,0,0,332.7
2026-06-23,2026-08-25,1040.0,PE,0,0,0,1.05
2026-06-23,2026-08-25,1080.0,CE,0,0,0,294.5
2026-06-23,2026-08-25,1080.0,PE,2000,0,0,5.0
2026-06-23,2026-08-25,1120.0,CE,3000,0,0,170.0
2026-06-23,2026-08-25,1120.0,PE,27500,1000,4,3.1
2026-06-23,2026-08-25,1140.0,CE,0,0,0,239.1
2026-06-23,2026-08-25,1140.0,PE,0,0,0,5.95
2026-06-23,2026-08-25,1160.0,CE,0,0,0,221.35
2026-06-23,2026-08-25,1160.0,PE,53000,1500,11,5.15
2026-06-23,2026-08-25,1180.0,CE,0,0,0,204.15
2026-06-23,2026-08-25,1180.0,PE,500,0,0,9.0
2026-06-23,2026-08-25,1200.0,CE,500,0,0,164.0
2026-06-23,2026-08-25,1200.0,PE,90500,21500,100,10.6
2026-06-23,2026-08-25,1220.0,CE,0,0,0,171.4
2026-06-23,2026-08-25,1220.0,PE,1500,0,0,10.0
2026-06-23,2026-08-25,1240.0,CE,0,0,0,156.0
2026-06-23,2026-08-25,1240.0,PE,2500,0,0,13.5
2026-06-23,2026-08-25,1260.0,CE,0,0,0,141.35
2026-06-23,2026-08-25,1260.0,PE,21500,5000,12,24.0
2026-06-23,2026-08-25,1280.0,CE,0,0,0,127.45
2026-06-23,2026-08-25,1280.0,PE,7000,0,0,24.0
2026-06-23,2026-08-25,1300.0,CE,262000,2000,125,64.45
2026-06-23,2026-08-25,1300.0,PE,224500,21000,175,40.25
2026-06-23,2026-08-25,1320.0,CE,0,0,0,102.15
2026-06-23,2026-08-25,1320.0,PE,0,0,0,46.35
2026-06-23,2026-08-25,1340.0,CE,0,0,0,90.8
2026-06-23,2026-08-25,1340.0,PE,0,0,0,54.75
2026-06-23,2026-08-25,1360.0,CE,0,0,0,80.35
2026-06-23,2026-08-25,1360.0,PE,0,-500,1,63.95
2026-06-23,2026-08-25,1380.0,CE,500,500,1,25.0
2026-06-23,2026-08-25,1380.0,PE,1000,0,0,100.0
2026-06-23,2026-08-25,1400.0,CE,458000,-16000,327,26.05
2026-06-23,2026-08-25,1400.0,PE,1000,0,0,85.0
2026-06-23,2026-08-25,1420.0,CE,3000,0,0,19.0
2026-06-23,2026-08-25,1420.0,PE,0,0,0,96.75
2026-06-23,2026-08-25,1440.0,CE,0,0,0,46.9
2026-06-23,2026-08-25,1440.0,PE,0,0,0,109.3
2026-06-23,2026-08-25,1460.0,CE,1000,500,1,14.9
2026-06-23,2026-08-25,1460.0,PE,0,0,0,122.6
2026-06-23,2026-08-25,1480.0,CE,20500,0,0,12.8
2026-06-23,2026-08-25,1480.0,PE,0,0,0,136.65
2026-06-23,2026-08-25,1520.0,CE,90500,14000,98,7.85
2026-06-23,2026-08-25,1520.0,PE,0,0,0,166.65
2026-06-23,2026-08-25,1560.0,CE,32500,3000,12,5.0
2026-06-23,2026-08-25,1560.0,PE,0,0,0,198.85
2026-06-24,2026-06-30,1060.0,CE,0,0,0,304.2
2026-06-24,2026-06-30,1060.0,PE,1500,0,2,0.1
2026-06-24,2026-06-30,1080.0,CE,0,0,0,285.2
2026-06-24,2026-06-30,1080.0,PE,50000,-2000,7,0.1
2026-06-24,2026-06-30,1100.0,CE,4500,0,0,215.0
2026-06-24,2026-06-30,1100.0,PE,269500,-2000,112,0.15
2026-06-24,2026-06-30,1120.0,CE,426000,-249500,1213,193.4
2026-06-24,2026-06-30,1120.0,PE,657500,-171500,482,0.15
2026-06-24,2026-06-30,1140.0,CE,11000,0,0,179.5
2026-06-24,2026-06-30,1140.0,PE,321000,12000,117,0.2
2026-06-24,2026-06-30,1150.0,CE,0,0,0,252.35
2026-06-24,2026-06-30,1150.0,PE,181000,-13500,201,0.3
2026-06-24,2026-06-30,1160.0,CE,20500,0,0,155.8
2026-06-24,2026-06-30,1160.0,PE,581000,-7500,109,0.35
2026-06-24,2026-06-30,1170.0,CE,0,0,0,233.5
2026-06-24,2026-06-30,1170.0,PE,193000,0,40,0.45
2026-06-24,2026-06-30,1180.0,CE,150000,0,0,140.85
2026-06-24,2026-06-30,1180.0,PE,431000,-16500,305,0.4
2026-06-24,2026-06-30,1190.0,CE,150000,0,0,124.0
2026-06-24,2026-06-30,1190.0,PE,233000,2000,139,0.45
2026-06-24,2026-06-30,1200.0,CE,402500,3500,193,113.95
2026-06-24,2026-06-30,1200.0,PE,1614500,-99000,1077,0.5
2026-06-24,2026-06-30,1210.0,CE,226500,0,0,107.4
2026-06-24,2026-06-30,1210.0,PE,300000,-22000,257,0.55
2026-06-24,2026-06-30,1220.0,CE,300500,-500,4,94.0
2026-06-24,2026-06-30,1220.0,PE,492000,13000,596,0.6
2026-06-24,2026-06-30,1230.0,CE,167000,-7000,40,84.3
2026-06-24,2026-06-30,1230.0,PE,957000,-71000,906,0.7
2026-06-24,2026-06-30,1240.0,CE,154500,-1500,9,71.2
2026-06-24,2026-06-30,1240.0,PE,849500,-92000,1167,0.85
2026-06-24,2026-06-30,1250.0,CE,656500,-36000,635,64.6
2026-06-24,2026-06-30,1250.0,PE,1618500,-250500,4872,1.1
2026-06-24,2026-06-30,1260.0,CE,735500,-72500,862,55.1
2026-06-24,2026-06-30,1260.0,PE,1523500,-114000,3678,1.4
2026-06-24,2026-06-30,1270.0,CE,918500,-7000,1909,43.4
2026-06-24,2026-06-30,1270.0,PE,2666500,-136000,5198,2.0
2026-06-24,2026-06-30,1280.0,CE,1981500,-30500,2400,36.0
2026-06-24,2026-06-30,1280.0,PE,2333500,-67000,8635,2.75
2026-06-24,2026-06-30,1290.0,CE,877500,29000,2541,27.5
2026-06-24,2026-06-30,1290.0,PE,868000,8500,9974,4.3
2026-06-24,2026-06-30,1300.0,CE,3083500,-12000,15153,20.35
2026-06-24,2026-06-30,1300.0,PE,3617000,101500,20528,6.85
2026-06-24,2026-06-30,1310.0,CE,1614500,-127000,23053,14.15
2026-06-24,2026-06-30,1310.0,PE,1428000,-103500,13734,10.6
2026-06-24,2026-06-30,1320.0,CE,4921500,-40500,37048,9.65
2026-06-24,2026-06-30,1320.0,PE,2004000,47000,8516,16.0
2026-06-24,2026-06-30,1330.0,CE,5106500,-955000,29153,6.95
2026-06-24,2026-06-30,1330.0,PE,2076500,-394500,3753,23.25
2026-06-24,2026-06-30,1340.0,CE,6163500,-419500,25014,5.0
2026-06-24,2026-06-30,1340.0,PE,2445000,-114000,1960,31.25
2026-06-24,2026-06-30,1350.0,CE,12736500,-1467000,31808,3.65
2026-06-24,2026-06-30,1350.0,PE,2599500,-222500,1666,39.8
2026-06-24,2026-06-30,1360.0,CE,4675000,-1101000,21891,2.5
2026-06-24,2026-06-30,1360.0,PE,1880000,-100000,551,48.6
2026-06-24,2026-06-30,1370.0,CE,3101500,-309000,8067,1.7
2026-06-24,2026-06-30,1370.0,PE,1566500,-34000,168,57.7
2026-06-24,2026-06-30,1380.0,CE,4072500,-449500,7880,1.3
2026-06-24,2026-06-30,1380.0,PE,806500,-157000,417,67.55
2026-06-24,2026-06-30,1390.0,CE,1091000,29500,3801,1.0
2026-06-24,2026-06-30,1390.0,PE,321500,-23000,130,74.4
2026-06-24,2026-06-30,1400.0,CE,9475500,-518500,12526,0.85
2026-06-24,2026-06-30,1400.0,PE,1882000,-53500,491,87.2
2026-06-24,2026-06-30,1410.0,CE,1045000,-56500,1412,0.7
2026-06-24,2026-06-30,1410.0,PE,125000,0,2,98.5
2026-06-24,2026-06-30,1420.0,CE,1360000,-25500,1855,0.6
2026-06-24,2026-06-30,1420.0,PE,371000,-18500,62,105.5
2026-06-24,2026-06-30,1430.0,CE,785000,-149000,1458,0.45
2026-06-24,2026-06-30,1430.0,PE,193500,-4500,11,119.0
2026-06-24,2026-06-30,1440.0,CE,842500,-335000,1690,0.35
2026-06-24,2026-06-30,1440.0,PE,185500,-2500,17,127.0
2026-06-24,2026-06-30,1450.0,CE,5035000,-242500,1898,0.3
2026-06-24,2026-06-30,1450.0,PE,865000,-31000,143,137.35
2026-06-24,2026-06-30,1460.0,CE,867000,-99000,547,0.3
2026-06-24,2026-06-30,1460.0,PE,282500,-3500,14,144.5
2026-06-24,2026-06-30,1470.0,CE,657000,-51500,230,0.25
2026-06-24,2026-06-30,1470.0,PE,57500,-1500,5,161.0
2026-06-24,2026-06-30,1480.0,CE,1169500,-72500,561,0.25
2026-06-24,2026-06-30,1480.0,PE,49000,-12000,25,160.6
2026-06-24,2026-06-30,1490.0,CE,730500,-36000,159,0.2
2026-06-24,2026-06-30,1490.0,PE,9000,-500,1,171.0
2026-06-24,2026-06-30,1500.0,CE,3689500,-233500,1423,0.2
2026-06-24,2026-06-30,1500.0,PE,1291000,-107000,405,186.4
2026-06-24,2026-06-30,1510.0,CE,344000,-7500,93,0.25
2026-06-24,2026-06-30,1510.0,PE,5000,0,0,176.0
2026-06-24,2026-06-30,1520.0,CE,601000,-90500,380,0.2
2026-06-24,2026-06-30,1520.0,PE,149000,-500,14,207.75
2026-06-24,2026-06-30,1530.0,CE,283500,-39500,144,0.15
2026-06-24,2026-06-30,1530.0,PE,4500,0,1,222.7
2026-06-24,2026-06-30,1540.0,CE,366500,-28500,90,0.15
2026-06-24,2026-06-30,1540.0,PE,34500,0,6,222.0
2026-06-24,2026-06-30,1550.0,CE,417500,-36000,126,0.15
2026-06-24,2026-06-30,1550.0,PE,29500,-1000,2,238.0
2026-06-24,2026-06-30,1560.0,CE,200500,-6000,65,0.15
2026-06-24,2026-06-30,1560.0,PE,430500,-100000,335,247.45
2026-06-24,2026-06-30,1570.0,CE,30000,-1000,20,0.15
2026-06-24,2026-06-30,1570.0,PE,7000,0,0,197.0
2026-06-24,2026-06-30,1580.0,CE,60000,-5000,10,0.1
2026-06-24,2026-06-30,1580.0,PE,71500,-4000,8,265.0
2026-06-24,2026-06-30,1600.0,CE,533500,-78000,334,0.1
2026-06-24,2026-06-30,1600.0,PE,345000,-1500,12,283.0
2026-06-24,2026-06-30,1620.0,CE,46000,-1500,23,0.1
2026-06-24,2026-06-30,1620.0,PE,28500,0,0,305.65
2026-06-24,2026-06-30,1640.0,CE,64000,-18000,41,0.05
2026-06-24,2026-06-30,1640.0,PE,2500,0,0,271.0
2026-06-24,2026-06-30,1660.0,CE,711500,-199500,504,0.1
2026-06-24,2026-06-30,1660.0,PE,851500,-340000,1681,346.55
2026-06-24,2026-07-28,1060.0,CE,2000,2000,6,267.0
2026-06-24,2026-07-28,1060.0,PE,14500,-3500,14,0.45
2026-06-24,2026-07-28,1080.0,CE,0,0,0,325.8
2026-06-24,2026-07-28,1080.0,PE,59500,33500,114,0.85
2026-06-24,2026-07-28,1100.0,CE,524000,513000,1090,221.7
2026-06-24,2026-07-28,1100.0,PE,710000,490500,1739,1.1
2026-06-24,2026-07-28,1120.0,CE,9000,0,1,195.0
2026-06-24,2026-07-28,1120.0,PE,120500,4500,195,1.15
2026-06-24,2026-07-28,1140.0,CE,100000,14500,126,185.65
2026-06-24,2026-07-28,1140.0,PE,34500,-1500,55,1.5
2026-06-24,2026-07-28,1150.0,CE,0,0,0,221.5
2026-06-24,2026-07-28,1150.0,PE,89500,34500,201,1.75
2026-06-24,2026-07-28,1160.0,CE,1500,0,0,123.6
2026-06-24,2026-07-28,1160.0,PE,168500,51500,313,2.05
2026-06-24,2026-07-28,1170.0,CE,0,0,0,203.2
2026-06-24,2026-07-28,1170.0,PE,16500,-38500,133,2.5
2026-06-24,2026-07-28,1180.0,CE,46000,0,0,170.2
2026-06-24,2026-07-28,1180.0,PE,89000,-33500,241,3.0
2026-06-24,2026-07-28,1190.0,CE,0,0,0,185.35
2026-06-24,2026-07-28,1190.0,PE,161000,20500,164,3.6
2026-06-24,2026-07-28,1200.0,CE,189500,78000,217,126.9
2026-06-24,2026-07-28,1200.0,PE,995500,164000,1988,4.55
2026-06-24,2026-07-28,1210.0,CE,0,0,0,168.1
2026-06-24,2026-07-28,1210.0,PE,103500,35500,250,5.45
2026-06-24,2026-07-28,1220.0,CE,0,0,0,198.55
2026-06-24,2026-07-28,1220.0,PE,382000,-500,416,6.75
2026-06-24,2026-07-28,1230.0,CE,0,0,0,151.5
2026-06-24,2026-07-28,1230.0,PE,240000,20000,253,8.15
2026-06-24,2026-07-28,1240.0,CE,36000,3500,10,91.35
2026-06-24,2026-07-28,1240.0,PE,382500,12500,388,9.7
2026-06-24,2026-07-28,1250.0,CE,313000,56500,363,85.7
2026-06-24,2026-07-28,1250.0,PE,1002000,90000,1186,11.65
2026-06-24,2026-07-28,1260.0,CE,136500,46000,138,77.5
2026-06-24,2026-07-28,1260.0,PE,691500,75500,596,13.95
2026-06-24,2026-07-28,1270.0,CE,116500,-1000,18,69.2
2026-06-24,2026-07-28,1270.0,PE,699500,28500,723,16.55
2026-06-24,2026-07-28,1280.0,CE,263500,68000,383,63.15
2026-06-24,2026-07-28,1280.0,PE,584000,90000,1015,19.65
2026-06-24,2026-07-28,1290.0,CE,123000,10500,94,56.6
2026-06-24,2026-07-28,1290.0,PE,270000,87500,530,22.95
2026-06-24,2026-07-28,1300.0,CE,2596500,775500,5263,50.2
2026-06-24,2026-07-28,1300.0,PE,2387000,555000,3716,27.25
2026-06-24,2026-07-28,1310.0,CE,394000,215000,2276,44.8
2026-06-24,2026-07-28,1310.0,PE,285500,132500,867,31.8
2026-06-24,2026-07-28,1320.0,CE,1124500,297500,2932,39.5
2026-06-24,2026-07-28,1320.0,PE,833500,265500,1624,36.55
2026-06-24,2026-07-28,1330.0,CE,1103500,85500,1866,34.75
2026-06-24,2026-07-28,1330.0,PE,688000,31500,361,41.65
2026-06-24,2026-07-28,1340.0,CE,1174500,92000,1564,30.65
2026-06-24,2026-07-28,1340.0,PE,708500,6500,249,47.25
2026-06-24,2026-07-28,1350.0,CE,3025500,1309500,7662,26.85
2026-06-24,2026-07-28,1350.0,PE,1221000,197000,840,53.6
2026-06-24,2026-07-28,1360.0,CE,746500,139000,1133,23.45
2026-06-24,2026-07-28,1360.0,PE,165000,30500,141,60.05
2026-06-24,2026-07-28,1370.0,CE,246500,86500,633,20.05
2026-06-24,2026-07-28,1370.0,PE,39500,16500,58,66.0
2026-06-24,2026-07-28,1380.0,CE,518000,132500,1133,17.55
2026-06-24,2026-07-28,1380.0,PE,48500,5000,25,74.3
2026-06-24,2026-07-28,1390.0,CE,170000,31500,381,15.1
2026-06-24,2026-07-28,1390.0,PE,12000,6000,15,80.0
2026-06-24,2026-07-28,1400.0,CE,5361500,627500,8455,13.05
2026-06-24,2026-07-28,1400.0,PE,696500,168000,960,89.1
2026-06-24,2026-07-28,1410.0,CE,163000,21500,277,11.25
2026-06-24,2026-07-28,1410.0,PE,17500,4000,29,94.75
2026-06-24,2026-07-28,1420.0,CE,620500,29000,827,9.6
2026-06-24,2026-07-28,1420.0,PE,34500,20500,47,103.5
2026-06-24,2026-07-28,1430.0,CE,193500,14500,313,8.3
2026-06-24,2026-07-28,1430.0,PE,1500,0,0,94.0
2026-06-24,2026-07-28,1440.0,CE,279500,-55500,540,7.15
2026-06-24,2026-07-28,1440.0,PE,11500,500,1,118.0
2026-06-24,2026-07-28,1450.0,CE,972000,55000,1368,6.2
2026-06-24,2026-07-28,1450.0,PE,126500,34000,135,131.9
2026-06-24,2026-07-28,1460.0,CE,394500,72500,604,5.35
2026-06-24,2026-07-28,1460.0,PE,11500,4000,8,135.0
2026-06-24,2026-07-28,1470.0,CE,89000,5000,225,4.8
2026-06-24,2026-07-28,1470.0,PE,9500,4000,8,144.8
2026-06-24,2026-07-28,1480.0,CE,182500,32000,602,3.95
2026-06-24,2026-07-28,1480.0,PE,9500,6500,13,154.0
2026-06-24,2026-07-28,1500.0,CE,2084000,193500,2285,3.25
2026-06-24,2026-07-28,1500.0,PE,435000,215000,471,177.55
2026-06-24,2026-07-28,1520.0,CE,173000,20000,389,2.5
2026-06-24,2026-07-28,1520.0,PE,25500,1000,2,191.1
2026-06-24,2026-07-28,1540.0,CE,130000,31000,154,2.0
2026-06-24,2026-07-28,1540.0,PE,23000,2500,10,216.55
2026-06-24,2026-07-28,1560.0,CE,110000,58000,208,1.6
2026-06-24,2026-07-28,1560.0,PE,184500,67500,144,234.4
2026-06-24,2026-07-28,1600.0,CE,918000,48500,251,1.2
2026-06-24,2026-07-28,1600.0,PE,295000,59500,133,274.55
2026-06-24,2026-07-28,1680.0,CE,612500,535000,1593,0.8
2026-06-24,2026-07-28,1680.0,PE,907500,552000,1528,351.3
2026-06-24,2026-08-25,1040.0,CE,0,0,0,332.7
2026-06-24,2026-08-25,1040.0,PE,0,0,0,1.05
2026-06-24,2026-08-25,1080.0,CE,0,0,0,294.5
2026-06-24,2026-08-25,1080.0,PE,2000,0,0,5.0
2026-06-24,2026-08-25,1120.0,CE,3000,0,0,170.0
2026-06-24,2026-08-25,1120.0,PE,27500,0,1,3.1
2026-06-24,2026-08-25,1140.0,CE,0,0,0,239.1
2026-06-24,2026-08-25,1140.0,PE,0,0,0,5.95
2026-06-24,2026-08-25,1160.0,CE,0,0,0,221.35
2026-06-24,2026-08-25,1160.0,PE,51000,-2000,4,6.85
2026-06-24,2026-08-25,1180.0,CE,0,0,0,204.15
2026-06-24,2026-08-25,1180.0,PE,500,0,0,9.0
2026-06-24,2026-08-25,1200.0,CE,500,0,0,164.0
2026-06-24,2026-08-25,1200.0,PE,83000,-7500,110,9.65
2026-06-24,2026-08-25,1220.0,CE,0,0,0,171.4
2026-06-24,2026-08-25,1220.0,PE,1500,0,0,10.0
2026-06-24,2026-08-25,1240.0,CE,0,0,0,156.0
2026-06-24,2026-08-25,1240.0,PE,2500,0,0,13.5
2026-06-24,2026-08-25,1260.0,CE,0,0,0,141.35
2026-06-24,2026-08-25,1260.0,PE,25000,3500,19,23.55
2026-06-24,2026-08-25,1280.0,CE,0,0,0,127.45
2026-06-24,2026-08-25,1280.0,PE,7000,0,0,24.0
2026-06-24,2026-08-25,1300.0,CE,280000,18000,150,67.3
2026-06-24,2026-08-25,1300.0,PE,237000,12500,173,37.2
2026-06-24,2026-08-25,1320.0,CE,0,0,0,102.15
2026-06-24,2026-08-25,1320.0,PE,0,0,0,46.35
2026-06-24,2026-08-25,1340.0,CE,0,0,0,90.8
2026-06-24,2026-08-25,1340.0,PE,0,0,0,54.75
2026-06-24,2026-08-25,1360.0,CE,0,0,0,80.35
2026-06-24,2026-08-25,1360.0,PE,0,0,0,63.95
2026-06-24,2026-08-25,1380.0,CE,500,0,0,25.0
2026-06-24,2026-08-25,1380.0,PE,1000,0,0,100.0
2026-06-24,2026-08-25,1400.0,CE,480500,22500,198,27.15
2026-06-24,2026-08-25,1400.0,PE,1500,500,1,85.0
2026-06-24,2026-08-25,1420.0,CE,3000,0,0,19.0
2026-06-24,2026-08-25,1420.0,PE,0,0,0,96.75
2026-06-24,2026-08-25,1440.0,CE,0,0,0,46.9
2026-06-24,2026-08-25,1440.0,PE,0,0,0,109.3
2026-06-24,2026-08-25,1460.0,CE,1000,0,0,14.9
2026-06-24,2026-08-25,1460.0,PE,0,0,0,122.6
2026-06-24,2026-08-25,1480.0,CE,20500,0,2,12.0
2026-06-24,2026-08-25,1480.0,PE,0,0,0,136.65
2026-06-24,2026-08-25,1520.0,CE,84500,-6000,118,7.25
2026-06-24,2026-08-25,1520.0,PE,0,0,0,166.65
2026-06-24,2026-08-25,1560.0,CE,34000,1500,15,4.4
2026-06-24,2026-08-25,1560.0,PE,0,0,0,198.85
2026-06-25,2026-06-30,1060.0,CE,0,0,0,304.2
2026-06-25,2026-06-30,1060.0,PE,1500,0,1,0.05
2026-06-25,2026-06-30,1080.0,CE,0,0,0,285.2
2026-06-25,2026-06-30,1080.0,PE,26500,-23500,50,0.1
2026-06-25,2026-06-30,1100.0,CE,78000,73500,156,218.45
2026-06-25,2026-06-30,1100.0,PE,275500,6000,43,0.15
2026-06-25,2026-06-30,1120.0,CE,359500,-66500,139,195.0
2026-06-25,2026-06-30,1120.0,PE,660000,2500,109,0.2
2026-06-25,2026-06-30,1140.0,CE,11000,0,0,179.5
2026-06-25,2026-06-30,1140.0,PE,311000,-10000,80,0.25
2026-06-25,2026-06-30,1150.0,CE,0,0,0,252.35
2026-06-25,2026-06-30,1150.0,PE,176000,-5000,34,0.3
2026-06-25,2026-06-30,1160.0,CE,4500,-16000,32,164.5
2026-06-25,2026-06-30,1160.0,PE,574000,-7000,151,0.3
2026-06-25,2026-06-30,1170.0,CE,0,0,0,233.5
2026-06-25,2026-06-30,1170.0,PE,190000,-3000,157,0.35
2026-06-25,2026-06-30,1180.0,CE,150000,0,0,140.85
2026-06-25,2026-06-30,1180.0,PE,418500,-12500,110,0.3
2026-06-25,2026-06-30,1190.0,CE,150000,0,0,124.0
2026-06-25,2026-06-30,1190.0,PE,233500,500,85,0.4
2026-06-25,2026-06-30,1200.0,CE,398000,-4500,88,117.1
2026-06-25,2026-06-30,1200.0,PE,1533500,-81000,614,0.4
2026-06-25,2026-06-30,1210.0,CE,226000,-500,1,108.0
2026-06-25,2026-06-30,1210.0,PE,299500,-500,137,0.4
2026-06-25,2026-06-30,1220.0,CE,298000,-2500,6,97.6
2026-06-25,2026-06-30,1220.0,PE,460500,-31500,241,0.4
2026-06-25,2026-06-30,1230.0,CE,163000,-4000,10,86.75
2026-06-25,2026-06-30,1230.0,PE,965000,8000,539,0.4
2026-06-25,2026-06-30,1240.0,CE,149500,-5000,12,77.0
2026-06-25,2026-06-30,1240.0,PE,800500,-49000,838,0.5
2026-06-25,2026-06-30,1250.0,CE,612500,-44000,512,65.95
2026-06-25,2026-06-30,1250.0,PE,1418000,-200500,1877,0.65
2026-06-25,2026-06-30,1260.0,CE,677500,-58000,272,55.6
2026-06-25,2026-06-30,1260.0,PE,1406000,-117500,2079,0.85
2026-06-25,2026-06-30,1270.0,CE,897500,-21000,155,46.85
2026-06-25,2026-06-30,1270.0,PE,2647500,-19000,2149,1.15
2026-06-25,2026-06-30,1280.0,CE,1996500,15000,1392,36.1
2026-06-25,2026-06-30,1280.0,PE,2105500,-228000,4242,1.6
2026-06-25,2026-06-30,1290.0,CE,919500,42000,1056,27.2
2026-06-25,2026-06-30,1290.0,PE,779000,-89000,4388,2.4
2026-06-25,2026-06-30,1300.0,CE,2626000,-457500,5890,19.8
2026-06-25,2026-06-30,1300.0,PE,3175500,-441500,13540,4.15
2026-06-25,2026-06-30,1310.0,CE,1362500,-252000,6309,12.8
2026-06-25,2026-06-30,1310.0,PE,1347500,-80500,10206,7.1
2026-06-25,2026-06-30,1320.0,CE,4347500,-574000,21384,7.65
2026-06-25,2026-06-30,1320.0,PE,1945000,-59000,13434,11.95
2026-06-25,2026-06-30,1330.0,CE,4622500,-484000,30418,4.8
2026-06-25,2026-06-30,1330.0,PE,1567500,-509000,6257,18.75
2026-06-25,2026-06-30,1340.0,CE,5216500,-947000,23515,2.95
2026-06-25,2026-06-30,1340.0,PE,2076500,-368500,3256,27.6
2026-06-25,2026-06-30,1350.0,CE,9143000,-3593500,35226,1.85
2026-06-25,2026-06-30,1350.0,PE,2359000,-240500,1463,36.7
2026-06-25,2026-06-30,1360.0,CE,3582500,-1092500,16714,1.25
2026-06-25,2026-06-30,1360.0,PE,1516500,-363500,1542,47.15
2026-06-25,2026-06-30,1370.0,CE,2825000,-276500,7078,0.95
2026-06-25,2026-06-30,1370.0,PE,1417500,-149000,509,56.3
2026-06-25,2026-06-30,1380.0,CE,3723000,-349500,6050,0.8
2026-06-25,2026-06-30,1380.0,PE,724500,-82000,247,64.45
2026-06-25,2026-06-30,1390.0,CE,1018000,-73000,2434,0.7
2026-06-25,2026-06-30,1390.0,PE,317500,-4000,18,74.8
2026-06-25,2026-06-30,1400.0,CE,7660500,-1815000,17736,0.55
2026-06-25,2026-06-30,1400.0,PE,1751000,-131000,554,85.35
2026-06-25,2026-06-30,1410.0,CE,1076000,31000,1600,0.5
2026-06-25,2026-06-30,1410.0,PE,124500,-500,4,95.0
2026-06-25,2026-06-30,1420.0,CE,1317000,-43000,1610,0.45
2026-06-25,2026-06-30,1420.0,PE,364000,-7000,27,107.25
2026-06-25,2026-06-30,1430.0,CE,769500,-15500,598,0.4
2026-06-25,2026-06-30,1430.0,PE,189000,-4500,21,114.5
2026-06-25,2026-06-30,1440.0,CE,820000,-22500,1629,0.35
2026-06-25,2026-06-30,1440.0,PE,181500,-4000,10,125.0
2026-06-25,2026-06-30,1450.0,CE,3880500,-1154500,10872,0.4
2026-06-25,2026-06-30,1450.0,PE,788000,-77000,187,134.1
2026-06-25,2026-06-30,1460.0,CE,985000,118000,1042,0.35
2026-06-25,2026-06-30,1460.0,PE,277500,-5000,20,145.3
2026-06-25,2026-06-30,1470.0,CE,638000,-19000,303,0.3
2026-06-25,2026-06-30,1470.0,PE,56500,-1000,2,150.0
2026-06-25,2026-06-30,1480.0,CE,1106000,-63500,595,0.3
2026-06-25,2026-06-30,1480.0,PE,38500,-10500,24,160.0
2026-06-25,2026-06-30,1490.0,CE,722000,-8500,171,0.25
2026-06-25,2026-06-30,1490.0,PE,8000,-1000,11,170.0
2026-06-25,2026-06-30,1500.0,CE,3300000,-389500,2664,0.25
2026-06-25,2026-06-30,1500.0,PE,1086000,-205000,699,184.15
2026-06-25,2026-06-30,1510.0,CE,340000,-4000,41,0.25
2026-06-25,2026-06-30,1510.0,PE,3000,-2000,4,191.0
2026-06-25,2026-06-30,1520.0,CE,590000,-11000,101,0.25
2026-06-25,2026-06-30,1520.0,PE,133000,-16000,54,205.95
2026-06-25,2026-06-30,1530.0,CE,283000,-500,341,0.25
2026-06-25,2026-06-30,1530.0,PE,4500,0,0,222.7
2026-06-25,2026-06-30,1540.0,CE,362000,-4500,21,0.25
2026-06-25,2026-06-30,1540.0,PE,31000,-3500,8,223.2
2026-06-25,2026-06-30,1550.0,CE,412000,-5500,28,0.2
2026-06-25,2026-06-30,1550.0,PE,27500,-2000,5,233.0
2026-06-25,2026-06-30,1560.0,CE,178500,-22000,83,0.2
2026-06-25,2026-06-30,1560.0,PE,381000,-49500,370,244.7
2026-06-25,2026-06-30,1570.0,CE,24500,-5500,38,0.15
2026-06-25,2026-06-30,1570.0,PE,2500,-4500,9,246.0
2026-06-25,2026-06-30,1580.0,CE,49000,-11000,57,0.25
2026-06-25,2026-06-30,1580.0,PE,55500,-16000,33,261.5
2026-06-25,2026-06-30,1600.0,CE,451000,-82500,200,0.05
2026-06-25,2026-06-30,1600.0,PE,304500,-40500,129,284.65
2026-06-25,2026-06-30,1620.0,CE,44000,-2000,7,0.1
2026-06-25,2026-06-30,1620.0,PE,28500,0,0,305.65
2026-06-25,2026-06-30,1640.0,CE,61500,-2500,79,0.05
2026-06-25,2026-06-30,1640.0,PE,2000,-500,1,322.2
2026-06-25,2026-06-30,1660.0,CE,700000,-11500,41,0.1
2026-06-25,2026-06-30,1660.0,PE,778500,-73000,266,344.45
2026-06-25,2026-07-28,1060.0,CE,4000,2000,5,260.5
2026-06-25,2026-07-28,1060.0,PE,14500,0,3,0.35
2026-06-25,2026-07-28,1080.0,CE,0,0,0,325.8
2026-06-25,2026-07-28,1080.0,PE,67500,8000,17,0.9
2026-06-25,2026-07-28,1100.0,CE,532000,8000,41,223.65
2026-06-25,2026-07-28,1100.0,PE,745000,35000,257,1.05
2026-06-25,2026-07-28,1120.0,CE,9000,0,0,195.0
2026-06-25,2026-07-28,1120.0,PE,119000,-1500,45,1.25
2026-06-25,2026-07-28,1140.0,CE,100500,500,2,186.0
2026-06-25,2026-07-28,1140.0,PE,40500,6000,36,1.55
2026-06-25,2026-07-28,1150.0,CE,0,0,0,221.5
2026-06-25,2026-07-28,1150.0,PE,104000,14500,67,1.95
2026-06-25,2026-07-28,1160.0,CE,1500,0,0,123.6
2026-06-25,2026-07-28,1160.0,PE,167000,-1500,115,1.95
2026-06-25,2026-07-28,1170.0,CE,0,0,0,203.2
2026-06-25,2026-07-28,1170.0,PE,20000,3500,38,2.35
2026-06-25,2026-07-28,1180.0,CE,46000,0,0,170.2
2026-06-25,2026-07-28,1180.0,PE,121000,32000,177,2.85
2026-06-25,2026-07-28,1190.0,CE,10500,10500,21,135.75
2026-06-25,2026-07-28,1190.0,PE,186500,25500,131,3.55
2026-06-25,2026-07-28,1200.0,CE,222500,33000,160,129.4
2026-06-25,2026-07-28,1200.0,PE,1143500,148000,1491,4.2
2026-06-25,2026-07-28,1210.0,CE,5000,5000,10,119.0
2026-06-25,2026-07-28,1210.0,PE,113500,10000,163,5.25
2026-06-25,2026-07-28,1220.0,CE,11000,11000,22,116.35
2026-06-25,2026-07-28,1220.0,PE,594000,212000,891,6.1
2026-06-25,2026-07-28,1230.0,CE,0,0,0,151.5
2026-06-25,2026-07-28,1230.0,PE,297500,57500,408,7.6
2026-06-25,2026-07-28,1240.0,CE,42000,6000,21,92.5
2026-06-25,2026-07-28,1240.0,PE,469000,86500,448,8.9
2026-06-25,2026-07-28,1250.0,CE,311000,-2000,147,85.0
2026-06-25,2026-07-28,1250.0,PE,1141500,139500,1239,10.35
2026-06-25,2026-07-28,1260.0,CE,137000,500,28,75.4
2026-06-25,2026-07-28,1260.0,PE,766500,75000,830,13.15
2026-06-25,2026-07-28,1270.0,CE,123000,6500,35,68.1
2026-06-25,2026-07-28,1270.0,PE,713500,14000,552,15.0
2026-06-25,2026-07-28,1280.0,CE,243000,-20500,183,63.4
2026-06-25,2026-07-28,1280.0,PE,648500,64500,795,17.75
2026-06-25,2026-07-28,1290.0,CE,141500,18500,59,56.5
2026-06-25,2026-07-28,1290.0,PE,290000,20000,426,21.5
2026-06-25,2026-07-28,1300.0,CE,2680500,84000,2549,49.9
2026-06-25,2026-07-28,1300.0,PE,2559000,172000,2629,25.8
2026-06-25,2026-07-28,1310.0,CE,436500,42500,821,44.3
2026-06-25,2026-07-28,1310.0,PE,341500,56000,846,29.8
2026-06-25,2026-07-28,1320.0,CE,1577000,452500,3670,39.1
2026-06-25,2026-07-28,1320.0,PE,1155000,321500,2457,34.6
2026-06-25,2026-07-28,1330.0,CE,1611500,508000,3579,34.55
2026-06-25,2026-07-28,1330.0,PE,1290500,602500,2638,39.15
2026-06-25,2026-07-28,1340.0,CE,1372000,197500,2749,30.25
2026-06-25,2026-07-28,1340.0,PE,907500,199000,1544,45.55
2026-06-25,2026-07-28,1350.0,CE,3323000,297500,4080,26.3
2026-06-25,2026-07-28,1350.0,PE,1460000,239000,1172,51.65
2026-06-25,2026-07-28,1360.0,CE,862500,116000,1523,22.85
2026-06-25,2026-07-28,1360.0,PE,303000,138000,506,58.3
2026-06-25,2026-07-28,1370.0,CE,310000,63500,647,19.75
2026-06-25,2026-07-28,1370.0,PE,50500,11000,72,64.45
2026-06-25,2026-07-28,1380.0,CE,727000,209000,1479,17.25
2026-06-25,2026-07-28,1380.0,PE,67000,18500,137,71.3
2026-06-25,2026-07-28,1390.0,CE,278000,108000,524,15.1
2026-06-25,2026-07-28,1390.0,PE,13500,1500,4,79.45
2026-06-25,2026-07-28,1400.0,CE,7265000,1903500,11780,13.1
2026-06-25,2026-07-28,1400.0,PE,884000,187500,898,87.35
2026-06-25,2026-07-28,1410.0,CE,248500,85500,495,11.3
2026-06-25,2026-07-28,1410.0,PE,18000,500,1,89.15
2026-06-25,2026-07-28,1420.0,CE,747500,127000,1357,9.5
2026-06-25,2026-07-28,1420.0,PE,53500,19000,73,104.5
2026-06-25,2026-07-28,1430.0,CE,268500,75000,634,8.3
2026-06-25,2026-07-28,1430.0,PE,6000,4500,9,109.25
2026-06-25,2026-07-28,1440.0,CE,285500,6000,491,7.1
2026-06-25,2026-07-28,1440.0,PE,18500,7000,15,119.15
2026-06-25,2026-07-28,1450.0,CE,1096500,124500,1245,6.1
2026-06-25,2026-07-28,1450.0,PE,201500,75000,163,129.25
2026-06-25,2026-07-28,1460.0,CE,411000,16500,515,5.15
2026-06-25,2026-07-28,1460.0,PE,19000,7500,18,139.05
2026-06-25,2026-07-28,1470.0,CE,118000,29000,239,4.45
2026-06-25,2026-07-28,1470.0,PE,10500,1000,2,144.0
2026-06-25,2026-07-28,1480.0,CE,206000,23500,549,3.85
2026-06-25,2026-07-28,1480.0,PE,17000,7500,15,160.0
2026-06-25,2026-07-28,1500.0,CE,2174500,90500,1087,3.05
2026-06-25,2026-07-28,1500.0,PE,727000,292000,932,175.3
2026-06-25,2026-07-28,1520.0,CE,210000,37000,436,2.2
2026-06-25,2026-07-28,1520.0,PE,42000,16500,33,196.4
2026-06-25,2026-07-28,1540.0,CE,110500,-19500,174,1.65
2026-06-25,2026-07-28,1540.0,PE,25500,2500,9,206.2
2026-06-25,2026-07-28,1560.0,CE,102500,-7500,60,1.35
2026-06-25,2026-07-28,1560.0,PE,305000,120500,489,234.6
2026-06-25,2026-07-28,1600.0,CE,923500,5500,759,1.0
2026-06-25,2026-07-28,1600.0,PE,428500,133500,337,271.95
2026-06-25,2026-07-28,1680.0,CE,600500,-12000,118,0.6
2026-06-25,2026-07-28,1680.0,PE,1020000,112500,240,350.8
2026-06-25,2026-08-25,1040.0,CE,0,0,0,332.7
2026-06-25,2026-08-25,1040.0,PE,0,0,0,1.05
2026-06-25,2026-08-25,1080.0,CE,0,0,0,294.5
2026-06-25,2026-08-25,1080.0,PE,2500,500,5,2.7
2026-06-25,2026-08-25,1120.0,CE,3000,0,0,170.0
2026-06-25,2026-08-25,1120.0,PE,27000,-500,2,3.0
2026-06-25,2026-08-25,1140.0,CE,0,0,0,239.1
2026-06-25,2026-08-25,1140.0,PE,0,0,0,5.95
2026-06-25,2026-08-25,1160.0,CE,0,0,0,221.35
2026-06-25,2026-08-25,1160.0,PE,50000,-1000,4,5.5
2026-06-25,2026-08-25,1180.0,CE,0,0,0,204.15
2026-06-25,2026-08-25,1180.0,PE,500,0,0,9.0
2026-06-25,2026-08-25,1200.0,CE,500,0,0,164.0
2026-06-25,2026-08-25,1200.0,PE,86000,3000,49,9.35
2026-06-25,2026-08-25,1220.0,CE,0,0,0,171.4
2026-06-25,2026-08-25,1220.0,PE,1500,0,0,10.0
2026-06-25,2026-08-25,1240.0,CE,0,0,0,156.0
2026-06-25,2026-08-25,1240.0,PE,6000,3500,10,17.75
2026-06-25,2026-08-25,1260.0,CE,0,0,0,141.35
2026-06-25,2026-08-25,1260.0,PE,31000,6000,21,23.15
2026-06-25,2026-08-25,1280.0,CE,0,0,0,127.45
2026-06-25,2026-08-25,1280.0,PE,7000,0,0,24.0
2026-06-25,2026-08-25,1300.0,CE,349000,69000,221,68.25
2026-06-25,2026-08-25,1300.0,PE,257000,20000,281,36.4
2026-06-25,2026-08-25,1320.0,CE,0,0,0,102.15
2026-06-25,2026-08-25,1320.0,PE,0,0,0,46.35
2026-06-25,2026-08-25,1340.0,CE,0,0,0,90.8
2026-06-25,2026-08-25,1340.0,PE,0,0,0,54.75
2026-06-25,2026-08-25,1360.0,CE,0,0,0,80.35
2026-06-25,2026-08-25,1360.0,PE,0,0,0,63.95
2026-06-25,2026-08-25,1380.0,CE,500,0,0,25.0
2026-06-25,2026-08-25,1380.0,PE,1000,0,0,100.0
2026-06-25,2026-08-25,1400.0,CE,546500,66000,425,28.05
2026-06-25,2026-08-25,1400.0,PE,1500,0,0,85.0
2026-06-25,2026-08-25,1420.0,CE,3000,0,0,19.0
2026-06-25,2026-08-25,1420.0,PE,0,0,0,96.75
2026-06-25,2026-08-25,1440.0,CE,0,0,0,46.9
2026-06-25,2026-08-25,1440.0,PE,0,0,0,109.3
2026-06-25,2026-08-25,1460.0,CE,1000,0,0,14.9
2026-06-25,2026-08-25,1460.0,PE,0,0,0,122.6
2026-06-25,2026-08-25,1480.0,CE,25000,4500,9,12.0
2026-06-25,2026-08-25,1480.0,PE,0,0,0,136.65
2026-06-25,2026-08-25,1520.0,CE,92500,8000,43,7.75
2026-06-25,2026-08-25,1520.0,PE,0,0,0,166.65
2026-06-25,2026-08-25,1560.0,CE,52000,18000,36,4.65
2026-06-25,2026-08-25,1560.0,PE,0,0,0,198.85
2026-06-29,2026-06-30,1060.0,CE,0,0,0,304.2
2026-06-29,2026-06-30,1060.0,PE,1500,0,0,0.05
2026-06-29,2026-06-30,1080.0,CE,0,0,0,285.2
2026-06-29,2026-06-30,1080.0,PE,42500,16000,41,0.1
2026-06-29,2026-06-30,1100.0,CE,78000,0,0,218.45
2026-06-29,2026-06-30,1100.0,PE,256500,-19000,59,0.05
2026-06-29,2026-06-30,1120.0,CE,358500,-1000,7,180.85
2026-06-29,2026-06-30,1120.0,PE,657500,-2500,144,0.1
2026-06-29,2026-06-30,1140.0,CE,11000,0,0,179.5
2026-06-29,2026-06-30,1140.0,PE,299500,-11500,136,0.15
2026-06-29,2026-06-30,1150.0,CE,0,0,0,252.35
2026-06-29,2026-06-30,1150.0,PE,165500,-10500,87,0.1
2026-06-29,2026-06-30,1160.0,CE,4500,0,1,156.15
2026-06-29,2026-06-30,1160.0,PE,547000,-27000,285,0.15
2026-06-29,2026-06-30,1170.0,CE,0,0,0,233.5
2026-06-29,2026-06-30,1170.0,PE,178500,-11500,58,0.1
2026-06-29,2026-06-30,1180.0,CE,150000,0,0,140.85
2026-06-29,2026-06-30,1180.0,PE,367500,-51000,330,0.15
2026-06-29,2026-06-30,1190.0,CE,150000,0,0,124.0
2026-06-29,2026-06-30,1190.0,PE,174000,-59500,221,0.15
2026-06-29,2026-06-30,1200.0,CE,369000,-29000,102,99.9
2026-06-29,2026-06-30,1200.0,PE,1085500,-448000,2219,0.1
2026-06-29,2026-06-30,1210.0,CE,219000,-7000,14,88.1
2026-06-29,2026-06-30,1210.0,PE,237500,-62000,286,0.15
2026-06-29,2026-06-30,1220.0,CE,292500,-5500,24,79.35
2026-06-29,2026-06-30,1220.0,PE,302500,-158000,469,0.15
2026-06-29,2026-06-30,1230.0,CE,159000,-4000,24,68.55
2026-06-29,2026-06-30,1230.0,PE,822500,-142500,721,0.2
2026-06-29,2026-06-30,1240.0,CE,135000,-14500,40,60.7
2026-06-29,2026-06-30,1240.0,PE,736000,-64500,1097,0.4
2026-06-29,2026-06-30,1250.0,CE,514500,-98000,253,48.85
2026-06-29,2026-06-30,1250.0,PE,1377500,-40500,3170,0.55
2026-06-29,2026-06-30,1260.0,CE,568000,-109500,410,41.1
2026-06-29,2026-06-30,1260.0,PE,1117000,-289000,2175,0.6
2026-06-29,2026-06-30,1270.0,CE,611000,-286500,1416,30.65
2026-06-29,2026-06-30,1270.0,PE,2324000,-323500,4039,1.1
2026-06-29,2026-06-30,1280.0,CE,1131500,-865000,6428,20.95
2026-06-29,2026-06-30,1280.0,PE,1803000,-302500,12884,1.85
2026-06-29,2026-06-30,1290.0,CE,779500,-140000,7020,13.05
2026-06-29,2026-06-30,1290.0,PE,778000,-1000,15378,3.45
2026-06-29,2026-06-30,1300.0,CE,2193000,-433000,16863,7.1
2026-06-29,2026-06-30,1300.0,PE,1924500,-1251000,25739,7.4
2026-06-29,2026-06-30,1310.0,CE,1581000,218500,28805,3.45
2026-06-29,2026-06-30,1310.0,PE,752500,-595000,10475,13.75
2026-06-29,2026-06-30,1320.0,CE,3367000,-980500,35455,1.5
2026-06-29,2026-06-30,1320.0,PE,1107500,-837500,7118,21.65
2026-06-29,2026-06-30,1330.0,CE,3652500,-970000,29573,0.85
2026-06-29,2026-06-30,1330.0,PE,908500,-659000,3342,31.25
2026-06-29,2026-06-30,1340.0,CE,3614000,-1602500,20187,0.55
2026-06-29,2026-06-30,1340.0,PE,1452500,-624000,2287,40.35
2026-06-29,2026-06-30,1350.0,CE,6210000,-2933000,24090,0.4
2026-06-29,2026-06-30,1350.0,PE,1686500,-672500,1985,50.95
2026-06-29,2026-06-30,1360.0,CE,2630500,-952000,7253,0.3
2026-06-29,2026-06-30,1360.0,PE,1267500,-249000,809,60.55
2026-06-29,2026-06-30,1370.0,CE,2194000,-631000,5587,0.25
2026-06-29,2026-06-30,1370.0,PE,1145500,-272000,628,71.45
2026-06-29,2026-06-30,1380.0,CE,2979500,-743500,5381,0.2
2026-06-29,2026-06-30,1380.0,PE,563500,-161000,641,80.95
2026-06-29,2026-06-30,1390.0,CE,773000,-245000,2029,0.15
2026-06-29,2026-06-30,1390.0,PE,286000,-31500,94,88.35
2026-06-29,2026-06-30,1400.0,CE,6023500,-1637000,10357,0.2
2026-06-29,2026-06-30,1400.0,PE,1088500,-662500,1614,101.5
2026-06-29,2026-06-30,1410.0,CE,643500,-432500,2102,0.15
2026-06-29,2026-06-30,1410.0,PE,117500,-7000,18,109.85
2026-06-29,2026-06-30,1420.0,CE,937500,-379500,1309,0.15
2026-06-29,2026-06-30,1420.0,PE,338000,-26000,137,120.7
2026-06-29,2026-06-30,1430.0,CE,597000,-172500,822,0.15
2026-06-29,2026-06-30,1430.0,PE,185000,-4000,18,136.05
2026-06-29,2026-06-30,1440.0,CE,678500,-141500,427,0.15
2026-06-29,2026-06-30,1440.0,PE,166500,-15000,38,140.4
2026-06-29,2026-06-30,1450.0,CE,2837000,-1043500,7646,0.15
2026-06-29,2026-06-30,1450.0,PE,660000,-128000,707,151.7
2026-06-29,2026-06-30,1460.0,CE,908500,-76500,313,0.15
2026-06-29,2026-06-30,1460.0,PE,237000,-40500,93,161.4
2026-06-29,2026-06-30,1470.0,CE,611000,-27000,130,0.1
2026-06-29,2026-06-30,1470.0,PE,48000,-8500,19,171.95
2026-06-29,2026-06-30,1480.0,CE,1031500,-74500,205,0.15
2026-06-29,2026-06-30,1480.0,PE,28000,-10500,23,180.45
2026-06-29,2026-06-30,1490.0,CE,676500,-45500,259,0.1
2026-06-29,2026-06-30,1490.0,PE,6500,-1500,4,189.9
2026-06-29,2026-06-30,1500.0,CE,2977000,-323000,2298,0.1
2026-06-29,2026-06-30,1500.0,PE,727500,-358500,1069,200.7
2026-06-29,2026-06-30,1510.0,CE,335500,-4500,24,0.1
2026-06-29,2026-06-30,1510.0,PE,3000,0,0,191.0
2026-06-29,2026-06-30,1520.0,CE,547500,-42500,419,0.1
2026-06-29,2026-06-30,1520.0,PE,118500,-14500,64,221.0
2026-06-29,2026-06-30,1530.0,CE,284500,1500,230,0.1
2026-06-29,2026-06-30,1530.0,PE,2500,-2000,4,230.0
2026-06-29,2026-06-30,1540.0,CE,353500,-8500,242,0.1
2026-06-29,2026-06-30,1540.0,PE,13000,-18000,44,241.0
2026-06-29,2026-06-30,1550.0,CE,343000,-69000,213,0.1
2026-06-29,2026-06-30,1550.0,PE,25500,-2000,21,255.5
2026-06-29,2026-06-30,1560.0,CE,162000,-16500,35,0.1
2026-06-29,2026-06-30,1560.0,PE,257500,-123500,395,260.65
2026-06-29,2026-06-30,1570.0,CE,25000,500,4,0.1
2026-06-29,2026-06-30,1570.0,PE,2500,0,0,246.0
2026-06-29,2026-06-30,1580.0,CE,46000,-3000,37,0.1
2026-06-29,2026-06-30,1580.0,PE,33500,-22000,57,282.35
2026-06-29,2026-06-30,1600.0,CE,413000,-38000,137,0.1
2026-06-29,2026-06-30,1600.0,PE,210000,-94500,295,300.85
2026-06-29,2026-06-30,1620.0,CE,44000,0,0,0.1
2026-06-29,2026-06-30,1620.0,PE,12500,-16000,36,320.25
2026-06-29,2026-06-30,1640.0,CE,60500,-1000,3,0.05
2026-06-29,2026-06-30,1640.0,PE,1500,-500,4,333.0
2026-06-29,2026-06-30,1660.0,CE,701500,1500,132,0.05
2026-06-29,2026-06-30,1660.0,PE,628500,-150000,472,361.8
2026-06-29,2026-07-28,1060.0,CE,4000,0,0,260.5
2026-06-29,2026-07-28,1060.0,PE,28000,13500,54,0.9
2026-06-29,2026-07-28,1080.0,CE,0,0,0,325.8
2026-06-29,2026-07-28,1080.0,PE,47500,-20000,75,1.05
2026-06-29,2026-07-28,1100.0,CE,542500,10500,415,208.05
2026-06-29,2026-07-28,1100.0,PE,804000,59000,590,1.2
2026-06-29,2026-07-28,1120.0,CE,11000,2000,5,192.9
2026-06-29,2026-07-28,1120.0,PE,118000,-1000,128,1.45
2026-06-29,2026-07-28,1140.0,CE,103000,2500,11,166.0
2026-06-29,2026-07-28,1140.0,PE,46500,6000,20,1.95
2026-06-29,2026-07-28,1150.0,CE,0,0,0,221.5
2026-06-29,2026-07-28,1150.0,PE,176500,72500,543,2.25
2026-06-29,2026-07-28,1160.0,CE,1500,0,0,123.6
2026-06-29,2026-07-28,1160.0,PE,196500,29500,288,2.65
2026-06-29,2026-07-28,1170.0,CE,0,0,0,203.2
2026-06-29,2026-07-28,1170.0,PE,65500,45500,154,3.1
2026-06-29,2026-07-28,1180.0,CE,46000,0,0,170.2
2026-06-29,2026-07-28,1180.0,PE,268500,147500,481,3.8
2026-06-29,2026-07-28,1190.0,CE,107500,97000,212,121.65
2026-06-29,2026-07-28,1190.0,PE,379500,193000,592,4.45
2026-06-29,2026-07-28,1200.0,CE,297000,74500,259,114.05
2026-06-29,2026-07-28,1200.0,PE,1735000,591500,3253,5.6
2026-06-29,2026-07-28,1210.0,CE,40500,35500,71,100.6
2026-06-29,2026-07-28,1210.0,PE,205500,92000,379,6.55
2026-06-29,2026-07-28,1220.0,CE,40000,29000,58,92.25
2026-06-29,2026-07-28,1220.0,PE,744500,150500,1230,8.15
2026-06-29,2026-07-28,1230.0,CE,0,0,0,151.5
2026-06-29,2026-07-28,1230.0,PE,471500,174000,757,9.7
2026-06-29,2026-07-28,1240.0,CE,81000,39000,86,80.05
2026-06-29,2026-07-28,1240.0,PE,684500,215500,1053,11.55
2026-06-29,2026-07-28,1250.0,CE,414000,103000,635,71.75
2026-06-29,2026-07-28,1250.0,PE,1500500,359000,2252,13.65
2026-06-29,2026-07-28,1260.0,CE,175000,38000,185,65.0
2026-06-29,2026-07-28,1260.0,PE,926500,160000,1103,16.2
2026-06-29,2026-07-28,1270.0,CE,169000,46000,141,57.65
2026-06-29,2026-07-28,1270.0,PE,801000,87500,679,19.2
2026-06-29,2026-07-28,1280.0,CE,401500,158500,1034,51.65
2026-06-29,2026-07-28,1280.0,PE,791000,142500,1544,22.75
2026-06-29,2026-07-28,1290.0,CE,214000,72500,582,45.65
2026-06-29,2026-07-28,1290.0,PE,333500,43500,963,26.65
2026-06-29,2026-07-28,1300.0,CE,3755500,1075000,6924,40.05
2026-06-29,2026-07-28,1300.0,PE,3824000,1265000,6377,31.25
2026-06-29,2026-07-28,1310.0,CE,1492500,1056000,4753,35.0
2026-06-29,2026-07-28,1310.0,PE,1240000,898500,3719,36.05
2026-06-29,2026-07-28,1320.0,CE,2567000,990000,5383,30.5
2026-06-29,2026-07-28,1320.0,PE,1899500,744500,3240,41.45
2026-06-29,2026-07-28,1330.0,CE,1920500,309000,2803,26.25
2026-06-29,2026-07-28,1330.0,PE,1359000,68500,827,47.25
2026-06-29,2026-07-28,1340.0,CE,1559000,187000,2443,22.85
2026-06-29,2026-07-28,1340.0,PE,957500,50000,418,53.55
2026-06-29,2026-07-28,1350.0,CE,3685000,362000,5892,19.4
2026-06-29,2026-07-28,1350.0,PE,1537500,77500,871,60.4
2026-06-29,2026-07-28,1360.0,CE,988000,125500,1856,16.7
2026-06-29,2026-07-28,1360.0,PE,299000,-4000,178,67.25
2026-06-29,2026-07-28,1370.0,CE,435500,125500,1152,14.2
2026-06-29,2026-07-28,1370.0,PE,96500,46000,133,74.8
2026-06-29,2026-07-28,1380.0,CE,909000,182000,2320,12.2
2026-06-29,2026-07-28,1380.0,PE,178500,111500,269,82.8
2026-06-29,2026-07-28,1390.0,CE,343500,65500,643,10.55
2026-06-29,2026-07-28,1390.0,PE,17000,3500,24,91.8
2026-06-29,2026-07-28,1400.0,CE,9560500,2295500,12549,9.15
2026-06-29,2026-07-28,1400.0,PE,1805000,921000,2321,98.9
2026-06-29,2026-07-28,1410.0,CE,316500,68000,749,7.8
2026-06-29,2026-07-28,1410.0,PE,19500,1500,13,108.1
2026-06-29,2026-07-28,1420.0,CE,874000,126500,1401,6.55
2026-06-29,2026-07-28,1420.0,PE,79500,26000,132,116.35
2026-06-29,2026-07-28,1430.0,CE,389500,121000,931,5.55
2026-06-29,2026-07-28,1430.0,PE,7000,1000,4,125.75
2026-06-29,2026-07-28,1440.0,CE,431000,145500,976,4.75
2026-06-29,2026-07-28,1440.0,PE,24500,6000,12,135.0
2026-06-29,2026-07-28,1450.0,CE,1197500,101000,1938,4.0
2026-06-29,2026-07-28,1450.0,PE,258500,57000,184,144.3
2026-06-29,2026-07-28,1460.0,CE,359500,-51500,1037,3.45
2026-06-29,2026-07-28,1460.0,PE,31500,12500,28,152.9
2026-06-29,2026-07-28,1470.0,CE,109000,-9000,666,3.05
2026-06-29,2026-07-28,1470.0,PE,22500,12000,24,161.15
2026-06-29,2026-07-28,1480.0,CE,233000,27000,553,2.65
2026-06-29,2026-07-28,1480.0,PE,35000,18000,38,167.5
2026-06-29,2026-07-28,1500.0,CE,2639000,464500,2205,2.2
2026-06-29,2026-07-28,1500.0,PE,1084500,357500,756,190.25
2026-06-29,2026-07-28,1520.0,CE,243500,33500,496,1.65
2026-06-29,2026-07-28,1520.0,PE,101000,59000,121,209.95
2026-06-29,2026-07-28,1540.0,CE,161500,51000,288,1.35
2026-06-29,2026-07-28,1540.0,PE,45500,20000,47,229.05
2026-06-29,2026-07-28,1560.0,CE,75000,-27500,252,1.15
2026-06-29,2026-07-28,1560.0,PE,513500,208500,831,249.25
2026-06-29,2026-07-28,1600.0,CE,863000,-60500,564,0.9
2026-06-29,2026-07-28,1600.0,PE,772000,343500,1229,288.1
2026-06-29,2026-07-28,1680.0,CE,595500,-5000,138,0.65
2026-06-29,2026-07-28,1680.0,PE,1193000,173000,425,366.05
2026-06-29,2026-08-25,1040.0,CE,0,0,0,332.7
2026-06-29,2026-08-25,1040.0,PE,0,0,0,1.05
2026-06-29,2026-08-25,1080.0,CE,0,0,0,294.5
2026-06-29,2026-08-25,1080.0,PE,2000,-500,3,1.65
2026-06-29,2026-08-25,1120.0,CE,3000,0,0,170.0
2026-06-29,2026-08-25,1120.0,PE,26500,-500,1,2.8
2026-06-29,2026-08-25,1140.0,CE,0,0,0,239.1
2026-06-29,2026-08-25,1140.0,PE,0,0,0,5.95
2026-06-29,2026-08-25,1160.0,CE,0,0,0,221.35
2026-06-29,2026-08-25,1160.0,PE,56000,6000,18,7.5
2026-06-29,2026-08-25,1180.0,CE,0,0,0,204.15
2026-06-29,2026-08-25,1180.0,PE,1000,500,2,8.25
2026-06-29,2026-08-25,1200.0,CE,500,0,0,164.0
2026-06-29,2026-08-25,1200.0,PE,108000,22000,68,11.0
2026-06-29,2026-08-25,1220.0,CE,0,0,0,171.4
2026-06-29,2026-08-25,1220.0,PE,1500,0,0,10.0
2026-06-29,2026-08-25,1240.0,CE,0,0,0,156.0
2026-06-29,2026-08-25,1240.0,PE,8000,2000,8,20.0
2026-06-29,2026-08-25,1260.0,CE,0,0,0,141.35
2026-06-29,2026-08-25,1260.0,PE,42000,11000,37,25.45
2026-06-29,2026-08-25,1280.0,CE,0,0,0,127.45
2026-06-29,2026-08-25,1280.0,PE,8000,1000,3,33.0
2026-06-29,2026-08-25,1300.0,CE,397500,48500,166,59.65
2026-06-29,2026-08-25,1300.0,PE,278000,21000,144,41.7
2026-06-29,2026-08-25,1320.0,CE,0,0,0,102.15
2026-06-29,2026-08-25,1320.0,PE,0,0,0,46.35
2026-06-29,2026-08-25,1340.0,CE,0,0,0,90.8
2026-06-29,2026-08-25,1340.0,PE,0,0,0,54.75
2026-06-29,2026-08-25,1360.0,CE,0,0,0,80.35
2026-06-29,2026-08-25,1360.0,PE,0,0,0,63.95
2026-06-29,2026-08-25,1380.0,CE,1000,500,1,25.0
2026-06-29,2026-08-25,1380.0,PE,1000,0,0,100.0
2026-06-29,2026-08-25,1400.0,CE,558000,11500,262,23.0
2026-06-29,2026-08-25,1400.0,PE,1500,0,0,85.0
2026-06-29,2026-08-25,1420.0,CE,12000,9000,18,16.15
2026-06-29,2026-08-25,1420.0,PE,0,0,0,96.75
2026-06-29,2026-08-25,1440.0,CE,0,0,0,46.9
2026-06-29,2026-08-25,1440.0,PE,0,0,0,109.3
2026-06-29,2026-08-25,1460.0,CE,2500,1500,3,12.0
2026-06-29,2026-08-25,1460.0,PE,0,0,0,122.6
2026-06-29,2026-08-25,1480.0,CE,25000,0,0,12.0
2026-06-29,2026-08-25,1480.0,PE,0,0,0,136.65
2026-06-29,2026-08-25,1520.0,CE,82500,-10000,100,6.1
2026-06-29,2026-08-25,1520.0,PE,0,0,0,166.65
2026-06-29,2026-08-25,1560.0,CE,68500,16500,68,4.05
2026-06-29,2026-08-25,1560.0,PE,500,500,1,236.0
2026-06-30,2026-06-30,1060.0,CE,0,0,0,304.2
2026-06-30,2026-06-30,1060.0,PE,1500,0,1,0.05
2026-06-30,2026-06-30,1080.0,CE,0,0,0,285.2
2026-06-30,2026-06-30,1080.0,PE,37500,-5000,48,0.05
2026-06-30,2026-06-30,1100.0,CE,98000,20000,43,192.95
2026-06-30,2026-06-30,1100.0,PE,265500,9000,258,0.05
2026-06-30,2026-06-30,1120.0,CE,261000,-97500,226,170.05
2026-06-30,2026-06-30,1120.0,PE,628000,-29500,189,0.05
2026-06-30,2026-06-30,1140.0,CE,11000,0,0,179.5
2026-06-30,2026-06-30,1140.0,PE,296000,-3500,174,0.05
2026-06-30,2026-06-30,1150.0,CE,0,0,0,252.35
2026-06-30,2026-06-30,1150.0,PE,148000,-17500,144,0.05
2026-06-30,2026-06-30,1160.0,CE,500,-4000,8,131.5
2026-06-30,2026-06-30,1160.0,PE,516000,-31000,417,0.1
2026-06-30,2026-06-30,1170.0,CE,0,0,0,233.5
2026-06-30,2026-06-30,1170.0,PE,168500,-10000,95,0.05
2026-06-30,2026-06-30,1180.0,CE,149000,-1000,3,111.45
2026-06-30,2026-06-30,1180.0,PE,314000,-53500,144,0.05
2026-06-30,2026-06-30,1190.0,CE,149500,-500,4,101.25
2026-06-30,2026-06-30,1190.0,PE,171000,-3000,73,0.05
2026-06-30,2026-06-30,1200.0,CE,343500,-25500,72,88.2
2026-06-30,2026-06-30,1200.0,PE,890000,-195500,428,0.05
2026-06-30,2026-06-30,1210.0,CE,219000,0,1,79.65
2026-06-30,2026-06-30,1210.0,PE,179000,-58500,237,0.05
2026-06-30,2026-06-30,1220.0,CE,291000,-1500,6,69.5
2026-06-30,2026-06-30,1220.0,PE,222000,-80500,262,0.05
2026-06-30,2026-06-30,1230.0,CE,153000,-6000,32,58.45
2026-06-30,2026-06-30,1230.0,PE,732000,-90500,249,0.05
2026-06-30,2026-06-30,1240.0,CE,131000,-4000,14,51.8
2026-06-30,2026-06-30,1240.0,PE,441500,-294500,1029,0.05
2026-06-30,2026-06-30,1250.0,CE,467000,-47500,247,39.4
2026-06-30,2026-06-30,1250.0,PE,720500,-657000,2841,0.05
2026-06-30,2026-06-30,1260.0,CE,419500,-148500,680,27.05
2026-06-30,2026-06-30,1260.0,PE,800500,-316500,1831,0.05
2026-06-30,2026-06-30,1270.0,CE,597000,-14000,550,19.1
2026-06-30,2026-06-30,1270.0,PE,1652000,-672000,5412,0.05
2026-06-30,2026-06-30,1280.0,CE,760000,-371500,1823,9.6
2026-06-30,2026-06-30,1280.0,PE,1452000,-351000,4809,0.1
2026-06-30,2026-06-30,1290.0,CE,335000,-444500,4073,0.15
2026-06-30,2026-06-30,1290.0,PE,382000,-396000,8115,0.25
2026-06-30,2026-06-30,1300.0,CE,2008500,-184500,15610,0.15
2026-06-30,2026-06-30,1300.0,PE,1359000,-565500,6673,11.1
2026-06-30,2026-06-30,1310.0,CE,1050500,-530500,6540,0.05
2026-06-30,2026-06-30,1310.0,PE,628000,-124500,1116,21.45
2026-06-30,2026-06-30,1320.0,CE,2791500,-575500,7840,0.05
2026-06-30,2026-06-30,1320.0,PE,957500,-150000,1583,31.3
2026-06-30,2026-06-30,1330.0,CE,2331500,-1321000,7213,0.05
2026-06-30,2026-06-30,1330.0,PE,768500,-140000,1156,41.25
2026-06-30,2026-06-30,1340.0,CE,2580000,-1034000,4742,0.05
2026-06-30,2026-06-30,1340.0,PE,1388000,-64500,684,51.7
2026-06-30,2026-06-30,1350.0,CE,4091000,-2119000,7171,0.05
2026-06-30,2026-06-30,1350.0,PE,1192000,-494500,1350,60.95
2026-06-30,2026-06-30,1360.0,CE,2176500,-454000,2202,0.05
2026-06-30,2026-06-30,1360.0,PE,1132500,-135000,413,71.4
2026-06-30,2026-06-30,1370.0,CE,1872500,-321500,1649,0.05
2026-06-30,2026-06-30,1370.0,PE,1082000,-63500,168,81.2
2026-06-30,2026-06-30,1380.0,CE,2474000,-505500,1470,0.05
2026-06-30,2026-06-30,1380.0,PE,485000,-78500,172,90.15
2026-06-30,2026-06-30,1390.0,CE,636500,-136500,435,0.05
2026-06-30,2026-06-30,1390.0,PE,260500,-25500,56,101.55
2026-06-30,2026-06-30,1400.0,CE,3930000,-2093500,8892,0.05
2026-06-30,2026-06-30,1400.0,PE,748000,-340500,1579,111.35
2026-06-30,2026-06-30,1410.0,CE,508000,-135500,678,0.05
2026-06-30,2026-06-30,1410.0,PE,118500,1000,27,120.85
2026-06-30,2026-06-30,1420.0,CE,735500,-202000,722,0.1
2026-06-30,2026-06-30,1420.0,PE,290500,-47500,116,130.8
2026-06-30,2026-06-30,1430.0,CE,434500,-162500,667,0.05
2026-06-30,2026-06-30,1430.0,PE,178500,-6500,43,140.85
2026-06-30,2026-06-30,1440.0,CE,586500,-92000,415,0.05
2026-06-30,2026-06-30,1440.0,PE,147500,-19000,103,151.8
2026-06-30,2026-06-30,1450.0,CE,2236500,-600500,2251,0.05
2026-06-30,2026-06-30,1450.0,PE,640500,-19500,361,161.1
2026-06-30,2026-06-30,1460.0,CE,489500,-419000,1047,0.1
2026-06-30,2026-06-30,1460.0,PE,198000,-39000,174,172.0
2026-06-30,2026-06-30,1470.0,CE,555000,-56000,176,0.05
2026-06-30,2026-06-30,1470.0,PE,30000,-18000,68,180.95
2026-06-30,2026-06-30,1480.0,CE,706500,-325000,950,0.1
2026-06-30,2026-06-30,1480.0,PE,25500,-2500,29,192.75
2026-06-30,2026-06-30,1490.0,CE,666500,-10000,113,0.05
2026-06-30,2026-06-30,1490.0,PE,5500,-1000,3,199.5
2026-06-30,2026-06-30,1500.0,CE,2604500,-372500,1798,0.05
2026-06-30,2026-06-30,1500.0,PE,690500,-37000,676,211.6
2026-06-30,2026-06-30,1510.0,CE,265500,-70000,267,0.05
2026-06-30,2026-06-30,1510.0,PE,3000,0,5,220.95
2026-06-30,2026-06-30,1520.0,CE,469000,-78500,330,0.05
2026-06-30,2026-06-30,1520.0,PE,116500,-2000,50,232.0
2026-06-30,2026-06-30,1530.0,CE,293500,9000,92,0.05
2026-06-30,2026-06-30,1530.0,PE,2000,-500,4,229.0
2026-06-30,2026-06-30,1540.0,CE,385500,32000,162,0.05
2026-06-30,2026-06-30,1540.0,PE,9500,-3500,27,249.0
2026-06-30,2026-06-30,1550.0,CE,311500,-31500,256,0.1
2026-06-30,2026-06-30,1550.0,PE,25000,-500,28,260.75
2026-06-30,2026-06-30,1560.0,CE,198500,36500,206,0.05
2026-06-30,2026-06-30,1560.0,PE,223000,-34500,114,271.35
2026-06-30,2026-06-30,1570.0,CE,30000,5000,29,0.15
2026-06-30,2026-06-30,1570.0,PE,2000,-500,5,284.0
2026-06-30,2026-06-30,1580.0,CE,68000,22000,123,0.05
2026-06-30,2026-06-30,1580.0,PE,32500,-1000,52,289.0
2026-06-30,2026-06-30,1600.0,CE,382000,-31000,328,0.05
2026-06-30,2026-06-30,1600.0,PE,126000,-84000,199,310.0
2026-06-30,2026-06-30,1620.0,CE,57500,13500,54,0.05
2026-06-30,2026-06-30,1620.0,PE,4500,-8000,34,332.5
2026-06-30,2026-06-30,1640.0,CE,60500,0,9,0.05
2026-06-30,2026-06-30,1640.0,PE,1500,0,0,333.0
2026-06-30,2026-06-30,1660.0,CE,813000,111500,344,0.1
2026-06-30,2026-06-30,1660.0,PE,456500,-172000,676,372.2
2026-06-30,2026-07-28,1060.0,CE,4000,0,0,260.5
2026-06-30,2026-07-28,1060.0,PE,31500,3500,38,0.8
2026-06-30,2026-07-28,1080.0,CE,0,0,0,325.8
2026-06-30,2026-07-28,1080.0,PE,51000,3500,82,1.0
2026-06-30,2026-07-28,1100.0,CE,550000,7500,312,201.0
2026-06-30,2026-07-28,1100.0,PE,842500,38500,762,1.2
2026-06-30,2026-07-28,1120.0,CE,32500,21500,52,181.2
2026-06-30,2026-07-28,1120.0,PE,144500,26500,239,1.45
2026-06-30,2026-07-28,1140.0,CE,105000,2000,5,162.05
2026-06-30,2026-07-28,1140.0,PE,63000,16500,158,1.9
2026-06-30,2026-07-28,1150.0,CE,0,0,0,221.5
2026-06-30,2026-07-28,1150.0,PE,220500,44000,374,2.15
2026-06-30,2026-07-28,1160.0,CE,1500,0,0,123.6
2026-06-30,2026-07-28,1160.0,PE,267500,71000,644,2.7
2026-06-30,2026-07-28,1170.0,CE,0,0,0,203.2
2026-06-30,2026-07-28,1170.0,PE,169500,104000,384,3.15
2026-06-30,2026-07-28,1180.0,CE,46500,500,1,125.0
2026-06-30,2026-07-28,1180.0,PE,376000,107500,499,3.9
2026-06-30,2026-07-28,1190.0,CE,128500,21000,47,119.15
2026-06-30,2026-07-28,1190.0,PE,485000,105500,754,4.8
2026-06-30,2026-07-28,1200.0,CE,376500,79500,387,106.6
2026-06-30,2026-07-28,1200.0,PE,2037000,302000,3128,5.9
2026-06-30,2026-07-28,1210.0,CE,47000,6500,19,98.9
2026-06-30,2026-07-28,1210.0,PE,287000,81500,448,7.2
2026-06-30,2026-07-28,1220.0,CE,53500,13500,36,89.5
2026-06-30,2026-07-28,1220.0,PE,785500,41000,1267,8.75
2026-06-30,2026-07-28,1230.0,CE,66500,66500,142,81.9
2026-06-30,2026-07-28,1230.0,PE,583000,111500,1162,10.55
2026-06-30,2026-07-28,1240.0,CE,102500,21500,90,73.6
2026-06-30,2026-07-28,1240.0,PE,1127500,443000,3649,12.65
2026-06-30,2026-07-28,1250.0,CE,663000,249000,927,66.55
2026-06-30,2026-07-28,1250.0,PE,1741500,241000,3433,14.9
2026-06-30,2026-07-28,1260.0,CE,225500,50500,313,59.05
2026-06-30,2026-07-28,1260.0,PE,1135000,208500,2759,17.8
2026-06-30,2026-07-28,1270.0,CE,228500,59500,605,52.4
2026-06-30,2026-07-28,1270.0,PE,946500,145500,1544,21.1
2026-06-30,2026-07-28,1280.0,CE,811000,409500,3506,46.2
2026-06-30,2026-07-28,1280.0,PE,1396500,605500,3709,24.9
2026-06-30,2026-07-28,1290.0,CE,813000,599000,4405,40.6
2026-06-30,2026-07-28,1290.0,PE,976000,642500,4497,29.05
2026-06-30,2026-07-28,1300.0,CE,5161000,1405500,12512,35.45
2026-06-30,2026-07-28,1300.0,PE,4786500,962500,9872,33.8
2026-06-30,2026-07-28,1310.0,CE,2031000,538500,4817,30.65
2026-06-30,2026-07-28,1310.0,PE,1508500,268500,3201,38.8
2026-06-30,2026-07-28,1320.0,CE,2869500,302500,5704,26.5
2026-06-30,2026-07-28,1320.0,PE,2107000,207500,2829,44.5
2026-06-30,2026-07-28,1330.0,CE,2148000,227500,3869,22.6
2026-06-30,2026-07-28,1330.0,PE,1453500,94500,1643,50.6
2026-06-30,2026-07-28,1340.0,CE,1895000,336000,4762,19.45
2026-06-30,2026-07-28,1340.0,PE,1016000,58500,769,57.8
2026-06-30,2026-07-28,1350.0,CE,5657500,1972500,12670,16.6
2026-06-30,2026-07-28,1350.0,PE,1600500,63000,1080,64.3
2026-06-30,2026-07-28,1360.0,CE,1298000,310000,5300,14.0
2026-06-30,2026-07-28,1360.0,PE,339500,40500,303,71.45
2026-06-30,2026-07-28,1370.0,CE,1403000,967500,4585,11.65
2026-06-30,2026-07-28,1370.0,PE,103500,7000,101,78.6
2026-06-30,2026-07-28,1380.0,CE,967500,58500,4129,9.85
2026-06-30,2026-07-28,1380.0,PE,211000,32500,279,87.35
2026-06-30,2026-07-28,1390.0,CE,301000,-42500,1747,8.35
2026-06-30,2026-07-28,1390.0,PE,24500,7500,42,96.1
2026-06-30,2026-07-28,1400.0,CE,8925000,-635500,16169,7.15
2026-06-30,2026-07-28,1400.0,PE,2237500,432500,1327,104.35
2026-06-30,2026-07-28,1410.0,CE,483500,167000,1614,5.95
2026-06-30,2026-07-28,1410.0,PE,21000,1500,22,113.15
2026-06-30,2026-07-28,1420.0,CE,895500,21500,2904,4.95
2026-06-30,2026-07-28,1420.0,PE,105000,25500,60,121.2
2026-06-30,2026-07-28,1430.0,CE,391500,2000,1259,4.1
2026-06-30,2026-07-28,1430.0,PE,14000,7000,17,129.0
2026-06-30,2026-07-28,1440.0,CE,439000,8000,1331,3.5
2026-06-30,2026-07-28,1440.0,PE,49500,25000,53,139.6
2026-06-30,2026-07-28,1450.0,CE,1131500,-66000,2557,2.95
2026-06-30,2026-07-28,1450.0,PE,334500,76000,189,148.8
2026-06-30,2026-07-28,1460.0,CE,369000,9500,682,2.45
2026-06-30,2026-07-28,1460.0,PE,54500,23000,70,159.35
2026-06-30,2026-07-28,1470.0,CE,109000,0,338,2.15
2026-06-30,2026-07-28,1470.0,PE,25000,2500,7,170.0
2026-06-30,2026-07-28,1480.0,CE,302500,69500,714,1.85
2026-06-30,2026-07-28,1480.0,PE,45500,10500,22,177.25
2026-06-30,2026-07-28,1500.0,CE,2842000,203000,2793,1.45
2026-06-30,2026-07-28,1500.0,PE,1314000,229500,549,196.95
2026-06-30,2026-07-28,1520.0,CE,271500,28000,375,1.15
2026-06-30,2026-07-28,1520.0,PE,126000,25000,54,211.5
2026-06-30,2026-07-28,1540.0,CE,150000,-11500,296,0.9
2026-06-30,2026-07-28,1540.0,PE,64500,19000,38,235.0
2026-06-30,2026-07-28,1560.0,CE,97000,22000,150,0.75
2026-06-30,2026-07-28,1560.0,PE,656500,143000,368,255.6
2026-06-30,2026-07-28,1600.0,CE,892000,29000,458,0.75
2026-06-30,2026-07-28,1600.0,PE,949000,177000,539,295.35
2026-06-30,2026-07-28,1680.0,CE,599500,4000,198,0.55
2026-06-30,2026-07-28,1680.0,PE,1423500,230500,487,372.1
2026-06-30,2026-08-25,1040.0,CE,0,0,0,332.7
2026-06-30,2026-08-25,1040.0,PE,0,0,0,1.05
2026-06-30,2026-08-25,1080.0,CE,0,0,0,294.5
2026-06-30,2026-08-25,1080.0,PE,3000,1000,2,1.65
2026-06-30,2026-08-25,1120.0,CE,500,-2500,7,188.0
2026-06-30,2026-08-25,1120.0,PE,31000,4500,27,4.45
2026-06-30,2026-08-25,1140.0,CE,0,0,0,239.1
2026-06-30,2026-08-25,1140.0,PE,0,0,0,5.95
2026-06-30,2026-08-25,1160.0,CE,0,0,0,221.35
2026-06-30,2026-08-25,1160.0,PE,56500,500,4,6.5
2026-06-30,2026-08-25,1180.0,CE,0,0,0,204.15
2026-06-30,2026-08-25,1180.0,PE,1000,0,0,8.25
2026-06-30,2026-08-25,1200.0,CE,500,0,0,164.0
2026-06-30,2026-08-25,1200.0,PE,157500,49500,133,11.95
2026-06-30,2026-08-25,1220.0,CE,0,0,0,171.4
2026-06-30,2026-08-25,1220.0,PE,1500,0,0,10.0
2026-06-30,2026-08-25,1240.0,CE,0,0,0,156.0
2026-06-30,2026-08-25,1240.0,PE,8500,500,7,18.0
2026-06-30,2026-08-25,1260.0,CE,0,0,0,141.35
2026-06-30,2026-08-25,1260.0,PE,48000,6000,25,27.3
2026-06-30,2026-08-25,1280.0,CE,0,0,0,127.45
2026-06-30,2026-08-25,1280.0,PE,8000,0,0,33.0
2026-06-30,2026-08-25,1300.0,CE,438000,40500,275,54.4
2026-06-30,2026-08-25,1300.0,PE,283500,5500,77,44.5
2026-06-30,2026-08-25,1320.0,CE,0,0,0,102.15
2026-06-30,2026-08-25,1320.0,PE,0,0,0,46.35
2026-06-30,2026-08-25,1340.0,CE,0,0,0,90.8
2026-06-30,2026-08-25,1340.0,PE,0,0,0,54.75
2026-06-30,2026-08-25,1360.0,CE,3000,3000,6,31.0
2026-06-30,2026-08-25,1360.0,PE,0,0,0,63.95
2026-06-30,2026-08-25,1380.0,CE,1000,0,0,25.0
2026-06-30,2026-08-25,1380.0,PE,1000,0,0,100.0
2026-06-30,2026-08-25,1400.0,CE,584500,26500,427,21.0
2026-06-30,2026-08-25,1400.0,PE,2500,1000,2,109.0
2026-06-30,2026-08-25,1420.0,CE,15500,3500,32,17.1
2026-06-30,2026-08-25,1420.0,PE,0,0,0,96.75
2026-06-30,2026-08-25,1440.0,CE,2500,2500,5,14.0
2026-06-30,2026-08-25,1440.0,PE,0,0,0,109.3
2026-06-30,2026-08-25,1460.0,CE,2500,0,0,12.0
2026-06-30,2026-08-25,1460.0,PE,0,0,0,122.6
2026-06-30,2026-08-25,1480.0,CE,28000,3000,7,8.55
2026-06-30,2026-08-25,1480.0,PE,0,0,0,136.65
2026-06-30,2026-08-25,1520.0,CE,86000,3500,40,5.4
2026-06-30,2026-08-25,1520.0,PE,0,0,0,166.65
2026-06-30,2026-08-25,1560.0,CE,73000,4500,30,3.6
2026-06-30,2026-08-25,1560.0,PE,500,0,0,236.0
2026-07-01,2026-07-28,1060.0,CE,4000,0,0,260.5
2026-07-01,2026-07-28,1060.0,PE,57500,26000,66,0.5
2026-07-01,2026-07-28,1080.0,CE,0,0,0,325.8
2026-07-01,2026-07-28,1080.0,PE,73000,22000,67,0.6
2026-07-01,2026-07-28,1100.0,CE,550000,0,0,201.0
2026-07-01,2026-07-28,1100.0,PE,867000,24500,788,0.8
2026-07-01,2026-07-28,1120.0,CE,32500,0,0,181.2
2026-07-01,2026-07-28,1120.0,PE,154500,10000,248,0.85
2026-07-01,2026-07-28,1140.0,CE,105000,0,0,162.05
2026-07-01,2026-07-28,1140.0,PE,121500,58500,356,1.05
2026-07-01,2026-07-28,1150.0,CE,0,0,0,221.5
2026-07-01,2026-07-28,1150.0,PE,277500,57000,468,1.4
2026-07-01,2026-07-28,1160.0,CE,1500,0,0,123.6
2026-07-01,2026-07-28,1160.0,PE,265500,-2000,258,1.55
2026-07-01,2026-07-28,1170.0,CE,0,0,0,203.2
2026-07-01,2026-07-28,1170.0,PE,188500,19000,397,1.95
2026-07-01,2026-07-28,1180.0,CE,46500,0,0,125.0
2026-07-01,2026-07-28,1180.0,PE,751000,375000,2096,2.35
2026-07-01,2026-07-28,1190.0,CE,128500,0,0,119.15
2026-07-01,2026-07-28,1190.0,PE,431500,-53500,593,3.15
2026-07-01,2026-07-28,1200.0,CE,385000,8500,261,115.5
2026-07-01,2026-07-28,1200.0,PE,2021500,-15500,2188,3.75
2026-07-01,2026-07-28,1210.0,CE,52500,5500,14,106.85
2026-07-01,2026-07-28,1210.0,PE,331500,44500,806,4.75
2026-07-01,2026-07-28,1220.0,CE,54000,500,10,99.0
2026-07-01,2026-07-28,1220.0,PE,829500,44000,1078,5.95
2026-07-01,2026-07-28,1230.0,CE,163000,96500,223,89.35
2026-07-01,2026-07-28,1230.0,PE,613000,30000,1124,7.35
2026-07-01,2026-07-28,1240.0,CE,111500,9000,111,81.25
2026-07-01,2026-07-28,1240.0,PE,1138500,11000,1420,8.95
2026-07-01,2026-07-28,1250.0,CE,459000,-204000,837,73.2
2026-07-01,2026-07-28,1250.0,PE,1696500,-45000,3230,10.95
2026-07-01,2026-07-28,1260.0,CE,298500,73000,437,65.25
2026-07-01,2026-07-28,1260.0,PE,1237500,102500,3386,13.45
2026-07-01,2026-07-28,1270.0,CE,216000,-12500,307,58.15
2026-07-01,2026-07-28,1270.0,PE,984500,38000,2109,16.15
2026-07-01,2026-07-28,1280.0,CE,747000,-64000,1617,51.45
2026-07-01,2026-07-28,1280.0,PE,1437000,40500,2496,19.3
2026-07-01,2026-07-28,1290.0,CE,764500,-48500,2100,45.25
2026-07-01,2026-07-28,1290.0,PE,1026500,50500,2080,22.9
2026-07-01,2026-07-28,1300.0,CE,4786000,-375000,11916,39.4
2026-07-01,2026-07-28,1300.0,PE,5011500,225000,8197,26.95
2026-07-01,2026-07-28,1310.0,CE,2177500,146500,7041,34.15
2026-07-01,2026-07-28,1310.0,PE,1742000,233500,4881,31.55
2026-07-01,2026-07-28,1320.0,CE,3018000,148500,7937,29.4
2026-07-01,2026-07-28,1320.0,PE,2156500,49500,3407,36.7
2026-07-01,2026-07-28,1330.0,CE,3286500,1138500,7021,25.1
2026-07-01,2026-07-28,1330.0,PE,1414000,-39500,1078,42.3
2026-07-01,2026-07-28,1340.0,CE,2033000,138000,4106,21.55
2026-07-01,2026-07-28,1340.0,PE,1087000,71000,711,48.6
2026-07-01,2026-07-28,1350.0,CE,6650000,992500,9274,18.3
2026-07-01,2026-07-28,1350.0,PE,1622500,22000,471,55.3
2026-07-01,2026-07-28,1360.0,CE,1321000,23000,3831,15.3
2026-07-01,2026-07-28,1360.0,PE,380000,40500,270,61.85
2026-07-01,2026-07-28,1370.0,CE,1424000,21000,2810,12.85
2026-07-01,2026-07-28,1370.0,PE,102500,-1000,11,69.75
2026-07-01,2026-07-28,1380.0,CE,1027000,59500,3190,10.75
2026-07-01,2026-07-28,1380.0,PE,217500,6500,95,77.35
2026-07-01,2026-07-28,1390.0,CE,414000,113000,1110,9.0
2026-07-01,2026-07-28,1390.0,PE,30500,6000,24,85.5
2026-07-01,2026-07-28,1400.0,CE,8901000,-24000,8794,7.55
2026-07-01,2026-07-28,1400.0,PE,2199500,-38000,506,93.8
2026-07-01,2026-07-28,1410.0,CE,560000,76500,894,6.15
2026-07-01,2026-07-28,1410.0,PE,22500,1500,17,100.05
2026-07-01,2026-07-28,1420.0,CE,987500,92000,1344,5.0
2026-07-01,2026-07-28,1420.0,PE,104500,-500,3,111.0
2026-07-01,2026-07-28,1430.0,CE,460000,68500,1175,4.1
2026-07-01,2026-07-28,1430.0,PE,14000,0,0,129.0
2026-07-01,2026-07-28,1440.0,CE,781000,342000,1698,3.4
2026-07-01,2026-07-28,1440.0,PE,49000,-500,9,127.45
2026-07-01,2026-07-28,1450.0,CE,1326500,195000,2343,2.85
2026-07-01,2026-07-28,1450.0,PE,335000,500,216,139.3
2026-07-01,2026-07-28,1460.0,CE,475500,106500,496,2.3
2026-07-01,2026-07-28,1460.0,PE,54000,-500,2,144.95
2026-07-01,2026-07-28,1470.0,CE,148000,39000,250,2.0
2026-07-01,2026-07-28,1470.0,PE,25000,0,0,170.0
2026-07-01,2026-07-28,1480.0,CE,374000,71500,778,1.7
2026-07-01,2026-07-28,1480.0,PE,46500,1000,2,165.0
2026-07-01,2026-07-28,1500.0,CE,3292500,450500,3000,1.4
2026-07-01,2026-07-28,1500.0,PE,1328500,14500,393,186.15
2026-07-01,2026-07-28,1520.0,CE,342000,70500,409,1.05
2026-07-01,2026-07-28,1520.0,PE,127500,1500,3,208.7
2026-07-01,2026-07-28,1540.0,CE,151000,1000,204,0.8
2026-07-01,2026-07-28,1540.0,PE,68500,4000,8,224.0
2026-07-01,2026-07-28,1560.0,CE,98000,1000,52,0.7
2026-07-01,2026-07-28,1560.0,PE,663500,7000,14,244.0
2026-07-01,2026-07-28,1600.0,CE,936500,44500,458,0.65
2026-07-01,2026-07-28,1600.0,PE,949000,0,10,292.0
2026-07-01,2026-07-28,1680.0,CE,610500,11000,114,0.45
2026-07-01,2026-07-28,1680.0,PE,1418000,-5500,133,363.0
2026-07-01,2026-08-25,1040.0,CE,0,0,0,332.7
2026-07-01,2026-08-25,1040.0,PE,0,0,0,1.05
2026-07-01,2026-08-25,1080.0,CE,0,0,0,294.5
2026-07-01,2026-08-25,1080.0,PE,3000,0,0,1.65
2026-07-01,2026-08-25,1100.0,CE,0,0,0,275.7
2026-07-01,2026-08-25,1100.0,PE,0,0,0,3.15
2026-07-01,2026-08-25,1120.0,CE,500,0,0,188.0
2026-07-01,2026-08-25,1120.0,PE,31000,0,0,4.45
2026-07-01,2026-08-25,1140.0,CE,0,0,0,239.1
2026-07-01,2026-08-25,1140.0,PE,0,0,0,5.95
2026-07-01,2026-08-25,1160.0,CE,0,0,0,221.35
2026-07-01,2026-08-25,1160.0,PE,49500,-7000,39,4.65
2026-07-01,2026-08-25,1170.0,CE,0,0,0,144.1
2026-07-01,2026-08-25,1170.0,PE,0,0,0,9.1
2026-07-01,2026-08-25,1180.0,CE,0,0,0,204.15
2026-07-01,2026-08-25,1180.0,PE,1000,0,0,8.25
2026-07-01,2026-08-25,1190.0,CE,0,0,0,127.75
2026-07-01,2026-08-25,1190.0,PE,0,0,0,12.55
2026-07-01,2026-08-25,1200.0,CE,7000,6500,15,126.75
2026-07-01,2026-08-25,1200.0,PE,163000,5500,148,8.85
2026-07-01,2026-08-25,1210.0,CE,0,0,0,112.25
2026-07-01,2026-08-25,1210.0,PE,0,0,0,16.9
2026-07-01,2026-08-25,1220.0,CE,0,0,0,171.4
2026-07-01,2026-08-25,1220.0,PE,1500,0,0,10.0
2026-07-01,2026-08-25,1230.0,CE,0,0,0,97.8
2026-07-01,2026-08-25,1230.0,PE,0,0,0,22.25
2026-07-01,2026-08-25,1240.0,CE,0,0,0,156.0
2026-07-01,2026-08-25,1240.0,PE,9500,1000,2,16.0
2026-07-01,2026-08-25,1250.0,CE,0,0,0,84.4
2026-07-01,2026-08-25,1250.0,PE,0,0,0,28.65
2026-07-01,2026-08-25,1260.0,CE,0,0,0,141.35
2026-07-01,2026-08-25,1260.0,PE,56000,8000,31,22.05
2026-07-01,2026-08-25,1270.0,CE,0,0,0,72.15
2026-07-01,2026-08-25,1270.0,PE,0,0,0,36.25
2026-07-01,2026-08-25,1280.0,CE,11000,11000,22,62.0
2026-07-01,2026-08-25,1280.0,PE,8500,500,5,28.1
2026-07-01,2026-08-25,1290.0,CE,0,0,0,61.1
2026-07-01,2026-08-25,1290.0,PE,0,0,0,45.0
2026-07-01,2026-08-25,1300.0,CE,441500,3500,242,57.45
2026-07-01,2026-08-25,1300.0,PE,297500,14000,124,36.7
2026-07-01,2026-08-25,1310.0,CE,0,0,0,51.2
2026-07-01,2026-08-25,1310.0,PE,0,0,0,54.9
2026-07-01,2026-08-25,1320.0,CE,3000,3000,9,48.7
2026-07-01,2026-08-25,1320.0,PE,0,0,0,46.35
2026-07-01,2026-08-25,1330.0,CE,0,0,0,42.5
2026-07-01,2026-08-25,1330.0,PE,0,0,0,66.0
2026-07-01,2026-08-25,1340.0,CE,0,0,0,90.8
2026-07-01,2026-08-25,1340.0,PE,1000,1000,2,59.5
2026-07-01,2026-08-25,1350.0,CE,2000,2000,4,35.95
2026-07-01,2026-08-25,1350.0,PE,0,0,0,78.25
2026-07-01,2026-08-25,1360.0,CE,9500,6500,20,31.5
2026-07-01,2026-08-25,1360.0,PE,0,0,0,63.95
2026-07-01,2026-08-25,1370.0,CE,0,0,0,28.45
2026-07-01,2026-08-25,1370.0,PE,0,0,0,91.55
2026-07-01,2026-08-25,1380.0,CE,3000,2000,6,25.35
2026-07-01,2026-08-25,1380.0,PE,1000,0,0,100.0
2026-07-01,2026-08-25,1390.0,CE,0,0,0,22.9
2026-07-01,2026-08-25,1390.0,PE,0,0,0,105.85
2026-07-01,2026-08-25,1400.0,CE,621000,36500,463,20.5
2026-07-01,2026-08-25,1400.0,PE,11000,8500,18,97.7
2026-07-01,2026-08-25,1410.0,CE,0,0,0,18.3
2026-07-01,2026-08-25,1410.0,PE,0,0,0,121.05
2026-07-01,2026-08-25,1420.0,CE,31500,16000,58,16.65
2026-07-01,2026-08-25,1420.0,PE,0,0,0,96.75
2026-07-01,2026-08-25,1440.0,CE,20500,18000,41,12.4
2026-07-01,2026-08-25,1440.0,PE,0,0,0,109.3
2026-07-01,2026-08-25,1460.0,CE,15500,13000,35,9.35
2026-07-01,2026-08-25,1460.0,PE,0,0,0,122.6
2026-07-01,2026-08-25,1480.0,CE,27500,-500,3,5.5
2026-07-01,2026-08-25,1480.0,PE,0,0,0,136.65
2026-07-01,2026-08-25,1500.0,CE,0,0,0,29.85
2026-07-01,2026-08-25,1500.0,PE,0,0,0,151.4
2026-07-01,2026-08-25,1520.0,CE,147500,61500,193,4.35
2026-07-01,2026-08-25,1520.0,PE,0,0,0,166.65
2026-07-01,2026-08-25,1560.0,CE,91500,18500,110,2.45
2026-07-01,2026-08-25,1560.0,PE,500,0,0,236.0
2026-07-01,2026-09-29,1080.0,CE,0,0,0,235.0
2026-07-01,2026-09-29,1080.0,PE,0,0,0,4.55
2026-07-01,2026-09-29,1120.0,CE,0,0,0,199.5
2026-07-01,2026-09-29,1120.0,PE,0,0,0,8.45
2026-07-01,2026-09-29,1160.0,CE,0,0,0,166.2
2026-07-01,2026-09-29,1160.0,PE,0,0,0,14.5
2026-07-01,2026-09-29,1180.0,CE,0,0,0,150.55
2026-07-01,2026-09-29,1180.0,PE,0,0,0,18.55
2026-07-01,2026-09-29,1200.0,CE,0,0,0,135.7
2026-07-01,2026-09-29,1200.0,PE,0,0,0,23.4
2026-07-01,2026-09-29,1220.0,CE,0,0,0,121.6
2026-07-01,2026-09-29,1220.0,PE,0,0,0,28.95
2026-07-01,2026-09-29,1240.0,CE,0,0,0,108.4
2026-07-01,2026-09-29,1240.0,PE,0,0,0,35.5
2026-07-01,2026-09-29,1260.0,CE,0,0,0,96.1
2026-07-01,2026-09-29,1260.0,PE,0,0,0,42.9
2026-07-01,2026-09-29,1280.0,CE,0,0,0,84.75
2026-07-01,2026-09-29,1280.0,PE,0,0,0,51.2
2026-07-01,2026-09-29,1300.0,CE,0,0,0,74.3
2026-07-01,2026-09-29,1300.0,PE,0,0,0,60.45
2026-07-01,2026-09-29,1320.0,CE,0,0,0,64.75
2026-07-01,2026-09-29,1320.0,PE,0,0,0,70.6
2026-07-01,2026-09-29,1340.0,CE,0,0,0,56.15
2026-07-01,2026-09-29,1340.0,PE,0,0,0,81.7
2026-07-01,2026-09-29,1360.0,CE,0,0,0,48.4
2026-07-01,2026-09-29,1360.0,PE,0,0,0,93.65
2026-07-01,2026-09-29,1380.0,CE,0,0,0,41.5
2026-07-01,2026-09-29,1380.0,PE,0,0,0,106.45
2026-07-01,2026-09-29,1400.0,CE,6500,6500,15,32.1
2026-07-01,2026-09-29,1400.0,PE,0,0,0,120.0
2026-07-01,2026-09-29,1420.0,CE,0,0,0,30.0
2026-07-01,2026-09-29,1420.0,PE,0,0,0,134.35
2026-07-01,2026-09-29,1440.0,CE,0,0,0,25.4
2026-07-01,2026-09-29,1440.0,PE,0,0,0,149.4
2026-07-01,2026-09-29,1480.0,CE,6000,6000,12,13.65
2026-07-01,2026-09-29,1480.0,PE,0,0,0,181.2
2026-07-02,2026-07-28,1060.0,CE,4500,500,1,248.0
2026-07-02,2026-07-28,1060.0,PE,65000,7500,23,0.5
2026-07-02,2026-07-28,1080.0,PE,76000,3000,11,0.7
2026-07-02,2026-07-28,1100.0,CE,550500,500,4,206.0
2026-07-02,2026-07-28,1100.0,PE,884000,17000,288,0.75
2026-07-02,2026-07-28,1120.0,CE,32500,0,0,181.2
2026-07-02,2026-07-28,1120.0,PE,158500,4000,32,0.75
2026-07-02,2026-07-28,1140.0,CE,105000,0,0,162.05
2026-07-02,2026-07-28,1140.0,PE,107000,-14500,81,0.95
2026-07-02,2026-07-28,1150.0,PE,300500,23000,301,1.1
2026-07-02,2026-07-28,1160.0,CE,1500,0,0,123.6
2026-07-02,2026-07-28,1160.0,PE,272000,6500,114,1.35
2026-07-02,2026-07-28,1170.0,PE,218000,29500,206,1.6
2026-07-02,2026-07-28,1180.0,CE,46500,0,0,125.0
2026-07-02,2026-07-28,1180.0,PE,839500,88500,815,2.0
2026-07-02,2026-07-28,1190.0,CE,128500,0,0,119.15
2026-07-02,2026-07-28,1190.0,PE,441000,9500,468,2.6
2026-07-02,2026-07-28,1200.0,CE,411500,26500,156,112.4
2026-07-02,2026-07-28,1200.0,PE,2226000,204500,2202,3.4
2026-07-02,2026-07-28,1210.0,CE,77500,25000,91,102.55
2026-07-02,2026-07-28,1210.0,PE,377500,46000,469,4.3
2026-07-02,2026-07-28,1220.0,CE,54000,0,17,92.9
2026-07-02,2026-07-28,1220.0,PE,929500,100000,1219,5.45
2026-07-02,2026-07-28,1230.0,CE,211500,48500,124,84.95
2026-07-02,2026-07-28,1230.0,PE,705000,92000,1043,6.8
2026-07-02,2026-07-28,1240.0,CE,107000,-4500,56,76.35
2026-07-02,2026-07-28,1240.0,PE,1249000,110500,1049,8.5
2026-07-02,2026-07-28,1250.0,CE,463000,4000,323,69.9
2026-07-02,2026-07-28,1250.0,PE,1691000,-5500,1954,10.5
2026-07-02,2026-07-28,1260.0,CE,244500,-54000,545,61.8
2026-07-02,2026-07-28,1260.0,PE,1232500,-5000,1463,12.8
2026-07-02,2026-07-28,1270.0,CE,298500,82500,587,54.9
2026-07-02,2026-07-28,1270.0,PE,1064500,80000,1922,15.7
2026-07-02,2026-07-28,1280.0,CE,735500,-11500,981,48.25
2026-07-02,2026-07-28,1280.0,PE,1521000,84000,1822,19.15
2026-07-02,2026-07-28,1290.0,CE,771000,6500,1110,42.15
2026-07-02,2026-07-28,1290.0,PE,1036500,10000,1525,22.95
2026-07-02,2026-07-28,1300.0,CE,5346000,560000,9185,36.75
2026-07-02,2026-07-28,1300.0,PE,5026500,15000,7328,27.35
2026-07-02,2026-07-28,1310.0,CE,2476500,299000,12837,31.15
2026-07-02,2026-07-28,1310.0,PE,1770500,28500,4969,32.1
2026-07-02,2026-07-28,1320.0,CE,4000000,982000,8465,26.95
2026-07-02,2026-07-28,1320.0,PE,2283500,127000,2676,37.4
2026-07-02,2026-07-28,1330.0,CE,3538000,251500,4413,22.85
2026-07-02,2026-07-28,1330.0,PE,1494500,80500,759,43.4
2026-07-02,2026-07-28,1340.0,CE,2213500,180500,3789,19.6
2026-07-02,2026-07-28,1340.0,PE,1156500,69500,573,49.7
2026-07-02,2026-07-28,1350.0,CE,7226000,576000,5628,16.6
2026-07-02,2026-07-28,1350.0,PE,1646500,24000,348,56.65
2026-07-02,2026-07-28,1360.0,CE,1529000,208000,3333,13.65
2026-07-02,2026-07-28,1360.0,PE,480500,100500,507,63.75
2026-07-02,2026-07-28,1370.0,CE,1600000,176000,2456,11.35
2026-07-02,2026-07-28,1370.0,PE,128500,26000,177,70.35
2026-07-02,2026-07-28,1380.0,CE,1294000,267000,3057,9.45
2026-07-02,2026-07-28,1380.0,PE,220500,3000,34,79.55
2026-07-02,2026-07-28,1390.0,CE,497500,83500,1229,7.85
2026-07-02,2026-07-28,1390.0,PE,32000,1500,31,87.9
2026-07-02,2026-07-28,1400.0,CE,10296000,1395000,8856,6.65
2026-07-02,2026-07-28,1400.0,PE,2198500,-1000,294,95.75
2026-07-02,2026-07-28,1410.0,CE,742000,182000,1211,5.3
2026-07-02,2026-07-28,1410.0,PE,23500,1000,2,103.0
2026-07-02,2026-07-28,1420.0,CE,983000,-4500,1175,4.25
2026-07-02,2026-07-28,1420.0,PE,105000,500,4,113.55
2026-07-02,2026-07-28,1430.0,CE,500500,40500,635,3.4
2026-07-02,2026-07-28,1430.0,PE,14000,0,0,129.0
2026-07-02,2026-07-28,1440.0,CE,1079500,298500,1787,2.75
2026-07-02,2026-07-28,1440.0,PE,49000,0,0,127.45
2026-07-02,2026-07-28,1450.0,CE,1391500,65000,1818,2.4
2026-07-02,2026-07-28,1450.0,PE,412000,77000,310,140.45
2026-07-02,2026-07-28,1460.0,CE,509000,33500,443,1.9
2026-07-02,2026-07-28,1460.0,PE,55000,1000,2,149.6
2026-07-02,2026-07-28,1470.0,CE,154000,6000,184,1.7
2026-07-02,2026-07-28,1470.0,PE,24500,-500,1,158.0
2026-07-02,2026-07-28,1480.0,CE,375500,1500,198,1.45
2026-07-02,2026-07-28,1480.0,PE,47000,500,1,166.0
2026-07-02,2026-07-28,1500.0,CE,3418000,125500,2104,1.15
2026-07-02,2026-07-28,1500.0,PE,1333500,5000,98,188.05
2026-07-02,2026-07-28,1520.0,CE,344500,2500,255,0.85
2026-07-02,2026-07-28,1520.0,PE,128000,500,1,210.0
2026-07-02,2026-07-28,1540.0,CE,160500,9500,81,0.65
2026-07-02,2026-07-28,1540.0,PE,68500,0,0,224.0
2026-07-02,2026-07-28,1560.0,CE,86500,-11500,54,0.65
2026-07-02,2026-07-28,1560.0,PE,663500,0,0,244.0
2026-07-02,2026-07-28,1600.0,CE,936000,-500,363,0.6
2026-07-02,2026-07-28,1600.0,PE,987000,38000,79,288.85
2026-07-02,2026-07-28,1680.0,CE,595500,-15000,68,0.35
2026-07-02,2026-07-28,1680.0,PE,1418500,500,1,365.0
2026-07-02,2026-08-25,1080.0,PE,3000,0,0,1.65
2026-07-02,2026-08-25,1100.0,CE,0,0,0,275.7
2026-07-02,2026-08-25,1100.0,PE,0,0,0,3.15
2026-07-02,2026-08-25,1120.0,CE,500,0,0,188.0
2026-07-02,2026-08-25,1120.0,PE,31000,0,0,4.45
2026-07-02,2026-08-25,1140.0,CE,0,0,0,239.1
2026-07-02,2026-08-25,1140.0,PE,0,0,0,5.95
2026-07-02,2026-08-25,1160.0,CE,0,0,0,221.35
2026-07-02,2026-08-25,1160.0,PE,61000,11500,46,4.45
2026-07-02,2026-08-25,1180.0,CE,0,0,0,204.15
2026-07-02,2026-08-25,1180.0,PE,1000,0,0,8.25
2026-07-02,2026-08-25,1190.0,CE,0,0,0,127.75
2026-07-02,2026-08-25,1190.0,PE,0,0,0,12.55
2026-07-02,2026-08-25,1200.0,CE,8000,1000,2,125.0
2026-07-02,2026-08-25,1200.0,PE,198000,35000,219,8.5
2026-07-02,2026-08-25,1210.0,CE,0,0,0,112.25
2026-07-02,2026-08-25,1210.0,PE,0,0,0,16.9
2026-07-02,2026-08-25,1220.0,CE,0,0,0,171.4
2026-07-02,2026-08-25,1220.0,PE,4000,2500,6,11.8
2026-07-02,2026-08-25,1230.0,CE,0,0,0,97.8
2026-07-02,2026-08-25,1230.0,PE,0,0,0,22.25
2026-07-02,2026-08-25,1240.0,CE,0,0,0,156.0
2026-07-02,2026-08-25,1240.0,PE,10500,1000,5,19.2
2026-07-02,2026-08-25,1250.0,CE,0,0,0,84.4
2026-07-02,2026-08-25,1250.0,PE,0,0,0,28.65
2026-07-02,2026-08-25,1260.0,CE,0,0,0,141.35
2026-07-02,2026-08-25,1260.0,PE,68500,12500,54,21.8
2026-07-02,2026-08-25,1270.0,CE,0,0,0,72.15
2026-07-02,2026-08-25,1270.0,PE,0,0,0,36.25
2026-07-02,2026-08-25,1280.0,CE,11500,500,5,66.5
2026-07-02,2026-08-25,1280.0,PE,11000,2500,6,29.0
2026-07-02,2026-08-25,1290.0,CE,0,0,0,61.1
2026-07-02,2026-08-25,1290.0,PE,0,0,0,45.0
2026-07-02,2026-08-25,1300.0,CE,482000,40500,338,55.3
2026-07-02,2026-08-25,1300.0,PE,335000,37500,241,37.8
2026-07-02,2026-08-25,1310.0,CE,0,0,0,51.2
2026-07-02,2026-08-25,1310.0,PE,0,0,0,54.9
2026-07-02,2026-08-25,1320.0,CE,10500,7500,20,45.9
2026-07-02,2026-08-25,1320.0,PE,0,0,0,46.35
2026-07-02,2026-08-25,1330.0,CE,0,0,0,42.5
2026-07-02,2026-08-25,1330.0,PE,0,0,0,66.0
2026-07-02,2026-08-25,1340.0,CE,0,0,0,90.8
2026-07-02,2026-08-25,1340.0,PE,1000,0,0,59.5
2026-07-02,2026-08-25,1350.0,CE,13000,11000,38,34.3
2026-07-02,2026-08-25,1350.0,PE,0,0,0,78.25
2026-07-02,2026-08-25,1360.0,CE,18000,8500,36,29.1
2026-07-02,2026-08-25,1360.0,PE,0,0,0,63.95
2026-07-02,2026-08-25,1370.0,CE,0,0,0,28.45
2026-07-02,2026-08-25,1370.0,PE,0,0,0,91.55
2026-07-02,2026-08-25,1380.0,CE,3000,0,3,27.35
2026-07-02,2026-08-25,1380.0,PE,1000,0,0,100.0
2026-07-02,2026-08-25,1390.0,CE,0,0,0,22.9
2026-07-02,2026-08-25,1390.0,PE,0,0,0,105.85
2026-07-02,2026-08-25,1400.0,CE,679000,58000,528,19.05
2026-07-02,2026-08-25,1400.0,PE,16500,5500,32,100.1
2026-07-02,2026-08-25,1410.0,CE,0,0,0,18.3
2026-07-02,2026-08-25,1410.0,PE,0,0,0,121.05
2026-07-02,2026-08-25,1420.0,CE,34500,3000,13,14.95
2026-07-02,2026-08-25,1420.0,PE,500,500,1,112.0
2026-07-02,2026-08-25,1430.0,CE,0,0,0,14.45
2026-07-02,2026-08-25,1430.0,PE,0,0,0,137.0
2026-07-02,2026-08-25,1440.0,CE,24500,4000,10,11.05
2026-07-02,2026-08-25,1440.0,PE,1500,1500,3,130.0
2026-07-02,2026-08-25,1460.0,CE,16500,1000,12,9.05
2026-07-02,2026-08-25,1460.0,PE,0,0,0,122.6
2026-07-02,2026-08-25,1480.0,CE,35000,7500,20,6.6
2026-07-02,2026-08-25,1480.0,PE,0,0,0,136.65
2026-07-02,2026-08-25,1500.0,CE,500,500,1,5.0
2026-07-02,2026-08-25,1500.0,PE,0,0,0,151.4
2026-07-02,2026-08-25,1520.0,CE,143000,-4500,41,3.9
2026-07-02,2026-08-25,1560.0,CE,98500,7000,42,1.9
2026-07-02,2026-08-25,1560.0,PE,500,0,0,236.0
2026-07-02,2026-09-29,1120.0,CE,0,0,0,199.5
2026-07-02,2026-09-29,1120.0,PE,1000,1000,2,3.5
2026-07-02,2026-09-29,1160.0,CE,0,0,0,166.2
2026-07-02,2026-09-29,1160.0,PE,1500,1500,4,7.0
2026-07-02,2026-09-29,1180.0,CE,0,0,0,150.55
2026-07-02,2026-09-29,1180.0,PE,0,0,0,18.55
2026-07-02,2026-09-29,1200.0,CE,0,0,0,135.7
2026-07-02,2026-09-29,1200.0,PE,1500,1500,7,14.0
2026-07-02,2026-09-29,1220.0,CE,0,0,0,121.6
2026-07-02,2026-09-29,1220.0,PE,0,0,0,28.95
2026-07-02,2026-09-29,1240.0,CE,0,0,0,108.4
2026-07-02,2026-09-29,1240.0,PE,0,0,0,35.5
2026-07-02,2026-09-29,1260.0,CE,0,0,0,96.1
2026-07-02,2026-09-29,1260.0,PE,7500,7500,17,29.05
2026-07-02,2026-09-29,1280.0,CE,0,0,0,84.75
2026-07-02,2026-09-29,1280.0,PE,0,0,0,51.2
2026-07-02,2026-09-29,1300.0,CE,0,0,0,74.3
2026-07-02,2026-09-29,1300.0,PE,12500,12500,29,44.65
2026-07-02,2026-09-29,1320.0,CE,0,0,0,64.75
2026-07-02,2026-09-29,1320.0,PE,0,0,0,70.6
2026-07-02,2026-09-29,1340.0,CE,0,0,0,56.15
2026-07-02,2026-09-29,1340.0,PE,0,0,0,81.7
2026-07-02,2026-09-29,1360.0,CE,0,0,0,48.4
2026-07-02,2026-09-29,1360.0,PE,0,0,0,93.65
2026-07-02,2026-09-29,1380.0,CE,0,0,0,41.5
2026-07-02,2026-09-29,1380.0,PE,0,0,0,106.45
2026-07-02,2026-09-29,1400.0,CE,19500,13000,27,30.35
2026-07-02,2026-09-29,1400.0,PE,0,0,0,120.0
2026-07-02,2026-09-29,1420.0,CE,0,0,0,30.0
2026-07-02,2026-09-29,1420.0,PE,0,0,0,134.35
2026-07-02,2026-09-29,1440.0,CE,0,0,0,25.4
2026-07-02,2026-09-29,1440.0,PE,0,0,0,149.4
2026-07-02,2026-09-29,1480.0,CE,8000,2000,4,14.0
2026-07-02,2026-09-29,1480.0,PE,0,0,0,181.2
2026-07-02,2026-09-29,1520.0,CE,0,0,0,12.2
2026-07-02,2026-09-29,1520.0,PE,0,0,0,215.0
2026-07-03,2026-07-28,1060.0,CE,4500,0,0,248.0
2026-07-03,2026-07-28,1060.0,PE,65500,500,6,0.45
2026-07-03,2026-07-28,1080.0,PE,76500,500,1,0.7
2026-07-03,2026-07-28,1100.0,CE,551500,1000,3,206.8
2026-07-03,2026-07-28,1100.0,PE,891500,7500,184,0.7
2026-07-03,2026-07-28,1120.0,CE,32500,0,0,181.2
2026-07-03,2026-07-28,1120.0,PE,176500,18000,192,0.75
2026-07-03,2026-07-28,1140.0,CE,105000,0,0,162.05
2026-07-03,2026-07-28,1140.0,PE,119500,12500,122,1.0
2026-07-03,2026-07-28,1150.0,PE,317000,16500,227,1.1
2026-07-03,2026-07-28,1160.0,CE,1500,0,0,123.6
2026-07-03,2026-07-28,1160.0,PE,283000,11000,101,1.25
2026-07-03,2026-07-28,1170.0,PE,255000,37000,161,1.45
2026-07-03,2026-07-28,1180.0,CE,46500,0,0,125.0
2026-07-03,2026-07-28,1180.0,PE,1123500,284000,1177,1.8
2026-07-03,2026-07-28,1190.0,CE,128500,0,0,119.15
2026-07-03,2026-07-28,1190.0,PE,359500,-81500,459,2.45
2026-07-03,2026-07-28,1200.0,CE,471000,59500,190,112.55
2026-07-03,2026-07-28,1200.0,PE,2379000,153000,2107,3.15
2026-07-03,2026-07-28,1210.0,CE,78000,500,13,102.6
2026-07-03,2026-07-28,1210.0,PE,415000,37500,482,4.05
2026-07-03,2026-07-28,1220.0,CE,44500,-9500,55,94.15
2026-07-03,2026-07-28,1220.0,PE,983000,53500,1016,5.1
2026-07-03,2026-07-28,1230.0,CE,217500,6000,18,85.5
2026-07-03,2026-07-28,1230.0,PE,787500,82500,857,6.35
2026-07-03,2026-07-28,1240.0,CE,127000,20000,316,77.45
2026-07-03,2026-07-28,1240.0,PE,1275500,26500,778,7.9
2026-07-03,2026-07-28,1250.0,CE,532500,69500,537,69.3
2026-07-03,2026-07-28,1250.0,PE,1950500,259500,2599,9.75
2026-07-03,2026-07-28,1260.0,CE,226500,-18000,416,61.75
2026-07-03,2026-07-28,1260.0,PE,1322000,89500,1305,12.0
2026-07-03,2026-07-28,1270.0,CE,322500,24000,300,54.45
2026-07-03,2026-07-28,1270.0,PE,1266500,202000,1740,14.65
2026-07-03,2026-07-28,1280.0,CE,717500,-18000,813,47.6
2026-07-03,2026-07-28,1280.0,PE,1540500,19500,1900,17.95
2026-07-03,2026-07-28,1290.0,CE,812000,41000,1375,41.35
2026-07-03,2026-07-28,1290.0,PE,1065500,29000,1652,21.75
2026-07-03,2026-07-28,1300.0,CE,6424000,1078000,11391,35.8
2026-07-03,2026-07-28,1300.0,PE,4962000,-64500,6385,26.0
2026-07-03,2026-07-28,1310.0,CE,2524500,48000,9974,30.5
2026-07-03,2026-07-28,1310.0,PE,1815500,45000,4902,30.95
2026-07-03,2026-07-28,1320.0,CE,4150000,150000,8123,25.9
2026-07-03,2026-07-28,1320.0,PE,2291500,8000,2118,36.15
2026-07-03,2026-07-28,1330.0,CE,3703000,165000,3548,21.85
2026-07-03,2026-07-28,1330.0,PE,1519000,24500,661,42.15
2026-07-03,2026-07-28,1340.0,CE,2358500,145000,4304,18.5
2026-07-03,2026-07-28,1340.0,PE,1295500,139000,771,48.4
2026-07-03,2026-07-28,1350.0,CE,6637000,-589000,6751,15.5
2026-07-03,2026-07-28,1350.0,PE,1644000,-2500,279,55.75
2026-07-03,2026-07-28,1360.0,CE,1563000,34000,3132,12.85
2026-07-03,2026-07-28,1360.0,PE,488000,7500,144,62.45
2026-07-03,2026-07-28,1370.0,CE,1916000,316000,2046,10.6
2026-07-03,2026-07-28,1370.0,PE,127500,-1000,80,70.15
2026-07-03,2026-07-28,1380.0,CE,1397000,103000,2340,8.8
2026-07-03,2026-07-28,1380.0,PE,231000,10500,170,78.1
2026-07-03,2026-07-28,1390.0,CE,606500,109000,1311,7.35
2026-07-03,2026-07-28,1390.0,PE,43500,11500,81,86.9
2026-07-03,2026-07-28,1400.0,CE,10860500,564500,9048,6.25
2026-07-03,2026-07-28,1400.0,PE,2245500,47000,899,95.5
2026-07-03,2026-07-28,1410.0,CE,774500,32500,866,5.0
2026-07-03,2026-07-28,1410.0,PE,25500,2000,7,104.35
2026-07-03,2026-07-28,1420.0,CE,1082500,99500,1094,4.0
2026-07-03,2026-07-28,1420.0,PE,108000,3000,14,113.5
2026-07-03,2026-07-28,1430.0,CE,560000,59500,818,3.15
2026-07-03,2026-07-28,1430.0,PE,14000,0,0,129.0
2026-07-03,2026-07-28,1440.0,CE,1096000,16500,1075,2.55
2026-07-03,2026-07-28,1440.0,PE,49500,500,5,129.8
2026-07-03,2026-07-28,1450.0,CE,1541000,149500,1993,2.1
2026-07-03,2026-07-28,1450.0,PE,470000,58000,132,140.25
2026-07-03,2026-07-28,1460.0,CE,560000,51000,363,1.7
2026-07-03,2026-07-28,1460.0,PE,54500,-500,51,150.9
2026-07-03,2026-07-28,1470.0,CE,195500,41500,188,1.4
2026-07-03,2026-07-28,1470.0,PE,35000,10500,38,158.1
2026-07-03,2026-07-28,1480.0,CE,431000,55500,284,1.2
2026-07-03,2026-07-28,1480.0,PE,47000,0,0,166.0
2026-07-03,2026-07-28,1500.0,CE,3291000,-127000,2556,1.0
2026-07-03,2026-07-28,1500.0,PE,1355500,22000,158,183.6
2026-07-03,2026-07-28,1520.0,CE,330000,-14500,239,0.8
2026-07-03,2026-07-28,1520.0,PE,128000,0,0,210.0
2026-07-03,2026-07-28,1540.0,CE,141500,-19000,84,0.7
2026-07-03,2026-07-28,1540.0,PE,69000,500,2,226.75
2026-07-03,2026-07-28,1560.0,CE,90500,4000,31,0.5
2026-07-03,2026-07-28,1560.0,PE,670000,6500,16,248.65
2026-07-03,2026-07-28,1600.0,CE,928000,-8000,260,0.5
2026-07-03,2026-07-28,1600.0,PE,988500,1500,8,289.9
2026-07-03,2026-07-28,1680.0,CE,604000,8500,52,0.35
2026-07-03,2026-07-28,1680.0,PE,1418500,0,396,367.9
2026-07-03,2026-08-25,1080.0,PE,3000,0,0,1.65
2026-07-03,2026-08-25,1100.0,CE,0,0,0,275.7
2026-07-03,2026-08-25,1100.0,PE,0,0,0,3.15
2026-07-03,2026-08-25,1120.0,CE,500,0,0,188.0
2026-07-03,2026-08-25,1120.0,PE,34500,3500,35,3.0
2026-07-03,2026-08-25,1140.0,CE,0,0,0,239.1
2026-07-03,2026-08-25,1140.0,PE,12000,12000,28,3.8
2026-07-03,2026-08-25,1160.0,CE,0,0,0,221.35
2026-07-03,2026-08-25,1160.0,PE,82500,21500,114,4.95
2026-07-03,2026-08-25,1180.0,CE,0,0,0,204.15
2026-07-03,2026-08-25,1180.0,PE,21000,20000,49,6.75
2026-07-03,2026-08-25,1190.0,CE,0,0,0,127.75
2026-07-03,2026-08-25,1190.0,PE,0,0,0,12.55
2026-07-03,2026-08-25,1200.0,CE,8500,500,1,125.0
2026-07-03,2026-08-25,1200.0,PE,186000,-12000,339,9.0
2026-07-03,2026-08-25,1210.0,CE,0,0,0,112.25
2026-07-03,2026-08-25,1210.0,PE,0,0,0,16.9
2026-07-03,2026-08-25,1220.0,CE,0,0,0,171.4
2026-07-03,2026-08-25,1220.0,PE,15500,11500,51,12.05
2026-07-03,2026-08-25,1230.0,CE,0,0,0,97.8
2026-07-03,2026-08-25,1230.0,PE,0,0,0,22.25
2026-07-03,2026-08-25,1240.0,CE,0,0,0,156.0
2026-07-03,2026-08-25,1240.0,PE,29500,19000,51,16.2
2026-07-03,2026-08-25,1250.0,CE,2000,2000,4,86.5
2026-07-03,2026-08-25,1250.0,PE,4000,4000,11,19.0
2026-07-03,2026-08-25,1260.0,CE,0,0,0,141.35
2026-07-03,2026-08-25,1260.0,PE,75500,7000,74,21.05
2026-07-03,2026-08-25,1270.0,CE,0,0,0,72.15
2026-07-03,2026-08-25,1270.0,PE,1500,1500,3,24.1
2026-07-03,2026-08-25,1280.0,CE,15500,4000,31,65.65
2026-07-03,2026-08-25,1280.0,PE,15000,4000,22,28.65
2026-07-03,2026-08-25,1290.0,CE,0,0,0,61.1
2026-07-03,2026-08-25,1290.0,PE,0,0,0,45.0
2026-07-03,2026-08-25,1300.0,CE,482500,500,466,54.25
2026-07-03,2026-08-25,1300.0,PE,332500,-2500,205,36.95
2026-07-03,2026-08-25,1310.0,CE,0,0,0,51.2
2026-07-03,2026-08-25,1310.0,PE,0,0,0,54.9
2026-07-03,2026-08-25,1320.0,CE,19000,8500,32,44.35
2026-07-03,2026-08-25,1320.0,PE,0,0,0,46.35
2026-07-03,2026-08-25,1330.0,CE,0,0,0,42.5
2026-07-03,2026-08-25,1330.0,PE,0,0,0,66.0
2026-07-03,2026-08-25,1340.0,CE,1000,1000,3,37.7
2026-07-03,2026-08-25,1340.0,PE,1000,0,0,59.5
2026-07-03,2026-08-25,1350.0,CE,59500,46500,139,31.65
2026-07-03,2026-08-25,1350.0,PE,0,0,0,78.25
2026-07-03,2026-08-25,1360.0,CE,32500,14500,46,27.95
2026-07-03,2026-08-25,1360.0,PE,0,0,0,63.95
2026-07-03,2026-08-25,1370.0,CE,0,0,0,28.45
2026-07-03,2026-08-25,1370.0,PE,0,0,0,91.55
2026-07-03,2026-08-25,1380.0,CE,9500,6500,25,22.7
2026-07-03,2026-08-25,1380.0,PE,1000,0,2,83.3
2026-07-03,2026-08-25,1390.0,CE,0,0,0,22.9
2026-07-03,2026-08-25,1390.0,PE,0,0,0,105.85
2026-07-03,2026-08-25,1400.0,CE,951500,272500,1262,17.8
2026-07-03,2026-08-25,1400.0,PE,26500,10000,24,97.95
2026-07-03,2026-08-25,1410.0,CE,0,0,0,18.3
2026-07-03,2026-08-25,1410.0,PE,0,0,0,121.05
2026-07-03,2026-08-25,1420.0,CE,49500,15000,82,13.4
2026-07-03,2026-08-25,1420.0,PE,500,0,0,112.0
2026-07-03,2026-08-25,1430.0,CE,0,0,0,14.45
2026-07-03,2026-08-25,1430.0,PE,0,0,0,137.0
2026-07-03,2026-08-25,1440.0,CE,26500,2000,14,10.3
2026-07-03,2026-08-25,1440.0,PE,1500,0,0,130.0
2026-07-03,2026-08-25,1460.0,CE,24000,7500,45,7.95
2026-07-03,2026-08-25,1460.0,PE,0,0,0,122.6
2026-07-03,2026-08-25,1480.0,CE,45500,10500,80,6.2
2026-07-03,2026-08-25,1480.0,PE,0,0,0,136.65
2026-07-03,2026-08-25,1500.0,CE,27500,27000,92,4.55
2026-07-03,2026-08-25,1500.0,PE,0,0,0,151.4
2026-07-03,2026-08-25,1520.0,CE,211500,68500,281,3.45
2026-07-03,2026-08-25,1560.0,CE,104500,6000,34,2.0
2026-07-03,2026-08-25,1560.0,PE,500,0,0,236.0
2026-07-03,2026-09-29,1120.0,CE,0,0,0,199.5
2026-07-03,2026-09-29,1120.0,PE,1000,0,0,3.5
2026-07-03,2026-09-29,1160.0,CE,0,0,0,166.2
2026-07-03,2026-09-29,1160.0,PE,2500,1000,2,7.0
2026-07-03,2026-09-29,1180.0,CE,0,0,0,150.55
2026-07-03,2026-09-29,1180.0,PE,0,0,0,18.55
2026-07-03,2026-09-29,1200.0,CE,0,0,0,135.7
2026-07-03,2026-09-29,1200.0,PE,4000,2500,6,13.5
2026-07-03,2026-09-29,1220.0,CE,0,0,0,121.6
2026-07-03,2026-09-29,1220.0,PE,0,0,0,28.95
2026-07-03,2026-09-29,1240.0,CE,0,0,0,108.4
2026-07-03,2026-09-29,1240.0,PE,0,0,0,35.5
2026-07-03,2026-09-29,1260.0,CE,0,0,0,96.1
2026-07-03,2026-09-29,1260.0,PE,9000,1500,7,27.5
2026-07-03,2026-09-29,1280.0,CE,0,0,0,84.75
2026-07-03,2026-09-29,1280.0,PE,0,0,0,51.2
2026-07-03,2026-09-29,1300.0,CE,0,0,0,74.3
2026-07-03,2026-09-29,1300.0,PE,27000,14500,33,43.15
2026-07-03,2026-09-29,1320.0,CE,0,0,0,64.75
2026-07-03,2026-09-29,1320.0,PE,0,0,0,70.6
2026-07-03,2026-09-29,1340.0,CE,0,0,0,56.15
2026-07-03,2026-09-29,1340.0,PE,0,0,0,81.7
2026-07-03,2026-09-29,1360.0,CE,500,500,3,42.5
2026-07-03,2026-09-29,1360.0,PE,0,0,0,93.65
2026-07-03,2026-09-29,1380.0,CE,0,0,0,41.5
2026-07-03,2026-09-29,1380.0,PE,0,0,0,106.45
2026-07-03,2026-09-29,1400.0,CE,48500,29000,95,29.0
2026-07-03,2026-09-29,1400.0,PE,0,0,0,120.0
2026-07-03,2026-09-29,1420.0,CE,0,0,0,30.0
2026-07-03,2026-09-29,1420.0,PE,0,0,0,134.35
2026-07-03,2026-09-29,1440.0,CE,0,0,0,25.4
2026-07-03,2026-09-29,1440.0,PE,0,0,0,149.4
2026-07-03,2026-09-29,1480.0,CE,24000,16000,47,11.95
2026-07-03,2026-09-29,1480.0,PE,0,0,0,181.2
2026-07-03,2026-09-29,1520.0,CE,0,0,0,12.2
2026-07-03,2026-09-29,1520.0,PE,0,0,0,215.0
